{
  "type": "FeatureCollection",
  "name": "Pune office POIs from Overpass",
  "features": [
    {
      "type": "Feature",
      "properties": {
        "building": "yes",
        "check_date": "2026-03-12",
        "name": "Geological Survey of India",
        "office": "government",
        "osm_type": "node",
        "osm_id": 511977257,
        "workforce_capacity": null
      },
      "geometry": {
        "type": "Point",
        "coordinates": [
          73.8808062,
          18.5562756
        ]
      }
    },
    {
      "type": "Feature",
      "properties": {
        "check_date": "2026-03-10",
        "name": "Road Transport Authority",
        "office": "government",
        "osm_type": "node",
        "osm_id": 511977258,
        "workforce_capacity": null
      },
      "geometry": {
        "type": "Point",
        "coordinates": [
          73.876775,
          18.5573294
        ]
      }
    },
    {
      "type": "Feature",
      "properties": {
        "landuse": "commercial",
        "name": "Birlasoft, SDB 1",
        "office": "company",
        "website": "https://www.birlasoft.com",
        "osm_type": "node",
        "osm_id": 861529684,
        "workforce_capacity": null
      },
      "geometry": {
        "type": "Point",
        "coordinates": [
          73.734301,
          18.5934565
        ]
      }
    },
    {
      "type": "Feature",
      "properties": {
        "check_date": "2026-03-12",
        "name": "Symbiosis School and College",
        "office": "educational_institution",
        "osm_type": "node",
        "osm_id": 865805123,
        "workforce_capacity": null
      },
      "geometry": {
        "type": "Point",
        "coordinates": [
          73.8299466,
          18.5221551
        ]
      }
    },
    {
      "type": "Feature",
      "properties": {
        "check_date": "2026-03-10",
        "name": "Nutty Nattu's Venkateshwara Classes",
        "office": "educational_institution",
        "osm_type": "node",
        "osm_id": 865857831,
        "workforce_capacity": null
      },
      "geometry": {
        "type": "Point",
        "coordinates": [
          73.8057227,
          18.5576024
        ]
      }
    },
    {
      "type": "Feature",
      "properties": {
        "name": "Aztecsoft",
        "office": "company",
        "osm_type": "node",
        "osm_id": 1429721470,
        "workforce_capacity": null
      },
      "geometry": {
        "type": "Point",
        "coordinates": [
          73.7329463,
          18.5933986
        ]
      }
    },
    {
      "type": "Feature",
      "properties": {
        "addr:housename": "Sphatik",
        "addr:housenumber": "A1/B, Abhimanashree Society",
        "addr:postcode": "411007",
        "addr:street": "Pashan Road",
        "designation": "Software company",
        "name": "Screen-Magic Mobile Media Pvt Ltd.",
        "office": "it",
        "osm_type": "node",
        "osm_id": 1827284985,
        "workforce_capacity": null
      },
      "geometry": {
        "type": "Point",
        "coordinates": [
          73.8191862,
          18.5405299
        ]
      }
    },
    {
      "type": "Feature",
      "properties": {
        "designation": "Nadaf Hospitality & Services, Housekeeping Services in Pune",
        "name": "Nadaf Hospitality & Services",
        "note": "reduced to a node as it was previously a random triangle marked as landuse commercial",
        "office": "yes",
        "osm_type": "node",
        "osm_id": 2043524529,
        "workforce_capacity": null
      },
      "geometry": {
        "type": "Point",
        "coordinates": [
          73.873642,
          18.5057127
        ]
      }
    },
    {
      "type": "Feature",
      "properties": {
        "addr:housenumber": "020-24496474",
        "addr:street": "Gadgil Street",
        "check_date": "2026-03-12",
        "name": "Akash Tours and Travels",
        "office": "travel_agent",
        "osm_type": "node",
        "osm_id": 2131939811,
        "workforce_capacity": null
      },
      "geometry": {
        "type": "Point",
        "coordinates": [
          73.8497574,
          18.5128409
        ]
      }
    },
    {
      "type": "Feature",
      "properties": {
        "addr:city": "Pune",
        "addr:housenumber": "1",
        "addr:postcode": "411057",
        "addr:street": "Hinjewadi Road",
        "building": "office",
        "name": "Birlasoft, SDB2",
        "office": "company",
        "phone": "+912066525000",
        "smoking": "no",
        "osm_type": "node",
        "osm_id": 2146309471,
        "workforce_capacity": null
      },
      "geometry": {
        "type": "Point",
        "coordinates": [
          73.7357842,
          18.5927078
        ]
      }
    },
    {
      "type": "Feature",
      "properties": {
        "addr:housename": "Innovarium",
        "addr:postcode": "411057",
        "addr:street": "Hinjewadi Road",
        "building": "office",
        "name": "Birlasoft, Innovarium",
        "office": "company",
        "osm_type": "node",
        "osm_id": 2146310586,
        "workforce_capacity": null
      },
      "geometry": {
        "type": "Point",
        "coordinates": [
          73.7351731,
          18.5933164
        ]
      }
    },
    {
      "type": "Feature",
      "properties": {
        "addr:street": "Hinjewadi Phase 1",
        "name": "LTIMindtree Ltd.",
        "office": "company",
        "osm_type": "node",
        "osm_id": 2146318004,
        "workforce_capacity": null
      },
      "geometry": {
        "type": "Point",
        "coordinates": [
          73.7331513,
          18.59358
        ]
      }
    },
    {
      "type": "Feature",
      "properties": {
        "name": "Chrysalis",
        "office": "educational_institution",
        "osm_type": "node",
        "osm_id": 2645928068,
        "workforce_capacity": null
      },
      "geometry": {
        "type": "Point",
        "coordinates": [
          73.8298351,
          18.5251797
        ]
      }
    },
    {
      "type": "Feature",
      "properties": {
        "name": "Nityaa Technosys Pvt Ltd",
        "name:mr": "nityaa technosys private limited",
        "note": "Its a excellent startup to work with.",
        "office": "it",
        "website": "http://nityaalabs.com/",
        "osm_type": "node",
        "osm_id": 2716630534,
        "workforce_capacity": null
      },
      "geometry": {
        "type": "Point",
        "coordinates": [
          73.8547865,
          18.5162199
        ]
      }
    },
    {
      "type": "Feature",
      "properties": {
        "name": "h cross",
        "office": "research",
        "wheelchair": "yes",
        "wikidata": "Q12443996",
        "wikimedia_commons": "Category:Indian Institute of Science Education and Research, Pune",
        "wikipedia": "en:IISER Pune",
        "osm_type": "node",
        "osm_id": 2739397822,
        "workforce_capacity": null
      },
      "geometry": {
        "type": "Point",
        "coordinates": [
          73.805337,
          18.5468582
        ]
      }
    },
    {
      "type": "Feature",
      "properties": {
        "addr:city": "Pune",
        "addr:housenumber": "Butte Patil Chambers, Off. No. 1, 2 nd Floor, Near Shivsagar Hotel",
        "addr:postcode": "411004",
        "addr:street": "Jangli Maharaj Path",
        "name": "Welworth Realty",
        "office": "estate_agent",
        "phone": "020 - 25530544",
        "website": "http://welworthrealty.com/",
        "osm_type": "node",
        "osm_id": 2815529435,
        "workforce_capacity": null
      },
      "geometry": {
        "type": "Point",
        "coordinates": [
          73.8458154,
          18.5204008
        ]
      }
    },
    {
      "type": "Feature",
      "properties": {
        "addr:city": "Pune",
        "addr:housenumber": "F-55",
        "name": "SRK Dreamz Real Estate",
        "office": "estate_agent",
        "phone": "+919049514049",
        "osm_type": "node",
        "osm_id": 2827466756,
        "workforce_capacity": null
      },
      "geometry": {
        "type": "Point",
        "coordinates": [
          73.9281794,
          18.5096816
        ]
      }
    },
    {
      "type": "Feature",
      "properties": {
        "addr:housenumber": "F-2",
        "name": "OM Properties",
        "office": "estate_agent",
        "phone": "+919604048412",
        "osm_type": "node",
        "osm_id": 2827467013,
        "workforce_capacity": null
      },
      "geometry": {
        "type": "Point",
        "coordinates": [
          73.9281637,
          18.5100229
        ]
      }
    },
    {
      "type": "Feature",
      "properties": {
        "name": "Kubar Properties",
        "office": "estate_agent",
        "osm_type": "node",
        "osm_id": 2827467015,
        "workforce_capacity": null
      },
      "geometry": {
        "type": "Point",
        "coordinates": [
          73.9281851,
          18.509462
        ]
      }
    },
    {
      "type": "Feature",
      "properties": {
        "name": "Shree Properties",
        "office": "estate_agent",
        "osm_type": "node",
        "osm_id": 2827467016,
        "workforce_capacity": null
      },
      "geometry": {
        "type": "Point",
        "coordinates": [
          73.9282803,
          18.5094595
        ]
      }
    },
    {
      "type": "Feature",
      "properties": {
        "addr:city": "Pune",
        "addr:housenumber": "14",
        "addr:postcode": "411004",
        "addr:street": "Dhananjay Gadgil Path",
        "name": "SEED Tutorials",
        "office": "educational_institution",
        "opening_hours": "09:30-18:30",
        "phone": "073 50 530123",
        "website": "https://seedinfotech.com/",
        "osm_type": "node",
        "osm_id": 2928754507,
        "workforce_capacity": null
      },
      "geometry": {
        "type": "Point",
        "coordinates": [
          73.8324898,
          18.5097587
        ]
      }
    },
    {
      "type": "Feature",
      "properties": {
        "addr:city": "Pune",
        "addr:postcode": "411004",
        "addr:street": "Gopal Ganesh Agarkar Path",
        "name": "Agharkar Research Institute",
        "office": "educational_institution",
        "opening_hours": "09:00-05:30",
        "website": "https://www.aripune.org/",
        "osm_type": "node",
        "osm_id": 2994167437,
        "workforce_capacity": null
      },
      "geometry": {
        "type": "Point",
        "coordinates": [
          73.8315555,
          18.5206165
        ]
      }
    },
    {
      "type": "Feature",
      "properties": {
        "name": "Nitor Infotech",
        "office": "yes",
        "osm_type": "node",
        "osm_id": 3090360564,
        "workforce_capacity": null
      },
      "geometry": {
        "type": "Point",
        "coordinates": [
          73.8289767,
          18.539534
        ]
      }
    },
    {
      "type": "Feature",
      "properties": {
        "name": "AimOne Automation",
        "office": "company",
        "phone": "+91 9850636639",
        "website": "http://www.aimoneautomation.com",
        "osm_type": "node",
        "osm_id": 3094492329,
        "workforce_capacity": null
      },
      "geometry": {
        "type": "Point",
        "coordinates": [
          73.8338027,
          18.6434802
        ]
      }
    },
    {
      "type": "Feature",
      "properties": {
        "addr:city": "Pune",
        "addr:housenumber": "Zero One, S.No.79/1,Ghorpadi - Mundhwa Road,Pingle Wasti, Opp. Ganga Orchid",
        "addr:postcode": "411036",
        "addr:street": "Mundhwa Road",
        "alt_name": "Passport office",
        "check_date": "2026-03-10",
        "name": "Passport Seva Kendra",
        "office": "government",
        "osm_type": "node",
        "osm_id": 3342624403,
        "workforce_capacity": null
      },
      "geometry": {
        "type": "Point",
        "coordinates": [
          73.9137275,
          18.5308181
        ]
      }
    },
    {
      "type": "Feature",
      "properties": {
        "name": "Om Properties",
        "office": "architect",
        "osm_type": "node",
        "osm_id": 3376012884,
        "workforce_capacity": null
      },
      "geometry": {
        "type": "Point",
        "coordinates": [
          73.8306383,
          18.5159336
        ]
      }
    },
    {
      "type": "Feature",
      "properties": {
        "addr:city": "Pune",
        "addr:housename": "Pinewood Apartments",
        "addr:housenumber": "1",
        "addr:locality": "Baner",
        "addr:neighbourhood": "Vidhate Colony",
        "addr:postcode": "411045",
        "name": "Centre for Environment Education (CEE) Pune",
        "note": "Centre for Environment Education (CEE) Flat No 1, Pinewood Apartment, S No 233/1/2, Vidhate Colony, Baner, Pune 411045 Landmark: Near Aloma County (Ahead of Medipoint Hospital) Mobile No: +91-9028532347, Phone No: +020-27298860 /61 /62",
        "office": "educational_institution",
        "phone": "+020-27298860 /61 /62",
        "website": "https://www.ceeindia.org/",
        "osm_type": "node",
        "osm_id": 3471053348,
        "workforce_capacity": null
      },
      "geometry": {
        "type": "Point",
        "coordinates": [
          73.8000296,
          18.5639521
        ]
      }
    },
    {
      "type": "Feature",
      "properties": {
        "addr:city": "Pune",
        "addr:housenumber": "Tower 5, Cybercity",
        "addr:postcode": "411013",
        "addr:street": "Magarpatta Inner Circle",
        "name": "Sas R&D India Pvt Ltd",
        "office": "it",
        "opening_hours": "09:00-17:00",
        "smoking": "isolated",
        "osm_type": "node",
        "osm_id": 3529997982,
        "workforce_capacity": null
      },
      "geometry": {
        "type": "Point",
        "coordinates": [
          73.9242281,
          18.5131194
        ]
      }
    },
    {
      "type": "Feature",
      "properties": {
        "email": "sales@dskdl.com",
        "fax": "02025535772",
        "name": "D.S. Kulkarni Developers Ltd. (DSK House)",
        "office": "estate_agent",
        "phone": "02066047100",
        "website": "http://www.dskdl.com",
        "osm_type": "node",
        "osm_id": 3533166441,
        "workforce_capacity": null
      },
      "geometry": {
        "type": "Point",
        "coordinates": [
          73.8485283,
          18.523818
        ]
      }
    },
    {
      "type": "Feature",
      "properties": {
        "name": "IETP Manufacturing",
        "office": "yes",
        "osm_type": "node",
        "osm_id": 3642376499,
        "workforce_capacity": null
      },
      "geometry": {
        "type": "Point",
        "coordinates": [
          73.765112,
          18.5679072
        ]
      }
    },
    {
      "type": "Feature",
      "properties": {
        "addr:city": "Hadapsar, Pune",
        "addr:housenumber": "238/239",
        "addr:postcode": "411028",
        "addr:street": "Quadra II, Opposite Magarpatta City",
        "check_date": "2025-02-27",
        "name": "Tata Consultancy Servives",
        "office": "company",
        "website": "https://www.tcs.com",
        "wheelchair": "yes",
        "osm_type": "node",
        "osm_id": 3645569769,
        "workforce_capacity": null
      },
      "geometry": {
        "type": "Point",
        "coordinates": [
          73.9332453,
          18.5129817
        ]
      }
    },
    {
      "type": "Feature",
      "properties": {
        "description": "Codekul-Java|Android|Angular|iOS MEAN/Full Stack UI Web Game Python Data Science Classes & Jobs Pune",
        "name": "Codekul.com-Java|Android|Angular|iOS MEAN/Full Stack UI Web Game Python Data Science Classes & Jobs Pune",
        "office": "it",
        "website": "https://www.codekul.com/",
        "osm_type": "node",
        "osm_id": 3650472781,
        "workforce_capacity": null
      },
      "geometry": {
        "type": "Point",
        "coordinates": [
          73.7949951,
          18.5076641
        ]
      }
    },
    {
      "type": "Feature",
      "properties": {
        "name": "TATA Motors",
        "office": "company",
        "osm_type": "node",
        "osm_id": 3681849105,
        "workforce_capacity": null
      },
      "geometry": {
        "type": "Point",
        "coordinates": [
          73.7838691,
          18.638208
        ]
      }
    },
    {
      "type": "Feature",
      "properties": {
        "addr:housename": "Nandadeep",
        "addr:housenumber": "101",
        "addr:place": "Shivaji Nagar",
        "addr:postcode": "411005",
        "addr:street": "F C Road",
        "contact:mobile": "+91 932 153 1777;+91 907 567 7458;+91 788 788 1666",
        "level": "2",
        "name": "IIT-ian's Pace",
        "office": "educational_institution",
        "phone": "+91 20 3242 3377",
        "website": "https://iitianspace.com/",
        "osm_type": "node",
        "osm_id": 3740997841,
        "workforce_capacity": null
      },
      "geometry": {
        "type": "Point",
        "coordinates": [
          73.8418526,
          18.5255039
        ]
      }
    },
    {
      "type": "Feature",
      "properties": {
        "addr:housename": "Vega Centre",
        "addr:housenumber": "3rd Floor A-Wing",
        "addr:postcode": "411037",
        "addr:street": "Shankarsheth Road",
        "check_date": "2026-03-12",
        "name": "FIITJEE",
        "office": "educational_institution",
        "opening_hours": "Mo off;Tu-Sa 09:00-18:30;Su 08:00-16:30",
        "phone": "02041418686",
        "website": "https://fiitjeepune.com/",
        "osm_type": "node",
        "osm_id": 3816609181,
        "workforce_capacity": null
      },
      "geometry": {
        "type": "Point",
        "coordinates": [
          73.862735,
          18.4997827
        ]
      }
    },
    {
      "type": "Feature",
      "properties": {
        "name": "Bakliwal Tutorials - IIT",
        "office": "educational_institution",
        "osm_type": "node",
        "osm_id": 3844082159,
        "workforce_capacity": null
      },
      "geometry": {
        "type": "Point",
        "coordinates": [
          73.8419262,
          18.5155321
        ]
      }
    },
    {
      "type": "Feature",
      "properties": {
        "name": "Bal Kalyan Sanstha",
        "office": "yes",
        "osm_type": "node",
        "osm_id": 3935271249,
        "workforce_capacity": null
      },
      "geometry": {
        "type": "Point",
        "coordinates": [
          73.8233468,
          18.5487141
        ]
      }
    },
    {
      "type": "Feature",
      "properties": {
        "name": "Allana Institute of Management Sciences",
        "office": "educational_institution",
        "osm_type": "node",
        "osm_id": 3991591283,
        "workforce_capacity": null
      },
      "geometry": {
        "type": "Point",
        "coordinates": [
          73.8752854,
          18.5051836
        ]
      }
    },
    {
      "type": "Feature",
      "properties": {
        "addr:city": "Pune",
        "addr:housenumber": "#2",
        "addr:postcode": "411045",
        "addr:street": "Niranjav Madhav Marg",
        "check_date": "2026-03-12",
        "description": "New Law firm corplexalliance.in ",
        "name": "Sai Consulting",
        "office": "lawyer",
        "opening_hours": "10 to 8",
        "website": "https://corplexallinace.in",
        "osm_type": "node",
        "osm_id": 4096665537,
        "workforce_capacity": null
      },
      "geometry": {
        "type": "Point",
        "coordinates": [
          73.8542894,
          18.5204962
        ]
      }
    },
    {
      "type": "Feature",
      "properties": {
        "addr:city": "Pune",
        "addr:housenumber": "11, 12",
        "addr:postcode": "411043",
        "addr:street": "Pushkaraj No. 1 Co-Operative Housing Society, Behind Bharati Vidyapeeth, Dhanakwadi",
        "check_date": "2026-03-15",
        "description": "CADCAMGURU Solutions Pvt Ltd. (CSPL) is the implementing partner for the training program of Pune University. We are a leading organization in the field of CAD, CAE, CATIA & SOLIDWORKS training. CSPL has a memorandum of understanding with the University o",
        "name": "CADCAMGURU Solutions Pvt. Ltd.",
        "office": "educational_institution",
        "opening_hours": "09:30-18:00",
        "osm_type": "node",
        "osm_id": 4175356670,
        "workforce_capacity": null
      },
      "geometry": {
        "type": "Point",
        "coordinates": [
          73.8505579,
          18.4590342
        ]
      }
    },
    {
      "type": "Feature",
      "properties": {
        "name": "Cholamandalam Investment & Finance Company Private LTD",
        "office": "financial_advisor",
        "osm_type": "node",
        "osm_id": 4194017589,
        "workforce_capacity": null
      },
      "geometry": {
        "type": "Point",
        "coordinates": [
          73.8430266,
          18.5253578
        ]
      }
    },
    {
      "type": "Feature",
      "properties": {
        "addr:street": "Sinhagad Road",
        "name": "Ishika Logistic",
        "office": "logistics",
        "opening_hours": "Mo-Sa 10:00-19:30",
        "phone": "+919822518303",
        "osm_type": "node",
        "osm_id": 4204725089,
        "workforce_capacity": null
      },
      "geometry": {
        "type": "Point",
        "coordinates": [
          73.8147836,
          18.463376
        ]
      }
    },
    {
      "type": "Feature",
      "properties": {
        "check_date": "2026-03-12",
        "name": "IGR Office, Pune",
        "office": "government",
        "osm_type": "node",
        "osm_id": 4229663491,
        "workforce_capacity": null
      },
      "geometry": {
        "type": "Point",
        "coordinates": [
          73.8784761,
          18.5252286
        ]
      }
    },
    {
      "type": "Feature",
      "properties": {
        "name": "Bitcode Technologies",
        "office": "company",
        "osm_type": "node",
        "osm_id": 4271156522,
        "workforce_capacity": null
      },
      "geometry": {
        "type": "Point",
        "coordinates": [
          73.812152,
          18.5091609
        ]
      }
    },
    {
      "type": "Feature",
      "properties": {
        "name": "central water and power research center",
        "office": "government",
        "osm_type": "node",
        "osm_id": 4322755190,
        "workforce_capacity": null
      },
      "geometry": {
        "type": "Point",
        "coordinates": [
          73.7852669,
          18.445006
        ]
      }
    },
    {
      "type": "Feature",
      "properties": {
        "name": "Suma Soft",
        "office": "yes",
        "osm_type": "node",
        "osm_id": 4452491917,
        "workforce_capacity": null
      },
      "geometry": {
        "type": "Point",
        "coordinates": [
          73.8319712,
          18.5035988
        ]
      }
    },
    {
      "type": "Feature",
      "properties": {
        "addr:city": "pune",
        "addr:housenumber": "C2, Sungrace Apartments",
        "addr:postcode": "411007",
        "addr:street": "Chintamani nagar",
        "name": "black swan journeys.",
        "office": "yes",
        "opening_hours": "10:30-18:00",
        "smoking": "separated",
        "osm_type": "node",
        "osm_id": 4483674789,
        "workforce_capacity": null
      },
      "geometry": {
        "type": "Point",
        "coordinates": [
          73.8053262,
          18.5552686
        ]
      }
    },
    {
      "type": "Feature",
      "properties": {
        "addr:city": "Pune",
        "addr:housenumber": "Tower X, Level-1, Magarpatta Inner Circle, Magarpatta city, Hadapsar, Cybercity, Magarpatta City",
        "addr:postcode": "411013",
        "addr:street": "Magarpatta Inner Circle",
        "level": "0",
        "name": "Red Hat India Pvt. Ltd.",
        "office": "company",
        "opening_hours": "24/7",
        "phone": "+912030467000",
        "smoking": "outside",
        "website": "redhat.com",
        "wheelchair": "yes",
        "osm_type": "node",
        "osm_id": 4616746053,
        "workforce_capacity": null
      },
      "geometry": {
        "type": "Point",
        "coordinates": [
          73.9270239,
          18.5170134
        ]
      }
    },
    {
      "type": "Feature",
      "properties": {
        "check_date": "2026-03-09",
        "name": "Birlamedisoft",
        "note": "Location to be checked for precisiion",
        "office": "it",
        "osm_type": "node",
        "osm_id": 4624928645,
        "workforce_capacity": null
      },
      "geometry": {
        "type": "Point",
        "coordinates": [
          73.9190716,
          18.5602769
        ]
      }
    },
    {
      "type": "Feature",
      "properties": {
        "addr:city": "Pune",
        "addr:housenumber": "plot no 12",
        "addr:postcode": "411052",
        "addr:street": "Kshipra Sahanivas Galli 1",
        "description": "Plot no. 12, Purvakarta Bungalow, Kshipra Society, Near Idea Showroom, Lane Number 1, Chintamani Society, Kshipra Sahaniwas, Karve Nagar, Kshipra Society, Karve Nagar, Pune, Maharashtra 411052",
        "name": "Beelogical Software Solutions",
        "office": "it",
        "opening_hours": "10:00-18:00",
        "phone": "+91 96658 62273",
        "website": "https://bee-logical.com/",
        "osm_type": "node",
        "osm_id": 4646616232,
        "workforce_capacity": null
      },
      "geometry": {
        "type": "Point",
        "coordinates": [
          73.8206499,
          18.4925793
        ]
      }
    },
    {
      "type": "Feature",
      "properties": {
        "addr:city": "Pune",
        "addr:housenumber": "Belleza House, Kranti Park",
        "addr:postcode": "411014",
        "addr:street": "Kharadi Bypass",
        "email": "info@radon-media.com",
        "name": "Radon Media",
        "office": "company",
        "phone": "+919011285959",
        "osm_type": "node",
        "osm_id": 4780500125,
        "workforce_capacity": null
      },
      "geometry": {
        "type": "Point",
        "coordinates": [
          73.9352454,
          18.540507
        ]
      }
    },
    {
      "type": "Feature",
      "properties": {
        "addr:city": "Pune",
        "addr:full": "Vasukamal Building, Lalit Mahal, Baner Road, Pune, 411045",
        "addr:postcode": "411045",
        "addr:street": "Baner Road",
        "email": "info@exaltech.co.in",
        "name": "Exaltech Solutions",
        "office": "it",
        "opening_hours": "Mo-Fr 09:00-18:00",
        "phone": "+917888037987",
        "website": "https://www.exaltechsolutions.com/",
        "osm_type": "node",
        "osm_id": 4841646047,
        "workforce_capacity": null
      },
      "geometry": {
        "type": "Point",
        "coordinates": [
          73.7772605,
          18.5638599
        ]
      }
    },
    {
      "type": "Feature",
      "properties": {
        "addr:city": "Pune",
        "addr:place": "Godrej Millennium",
        "addr:postcode": "411001",
        "addr:street": "Koregaon Road",
        "addr:unit": "104",
        "check_date": "2026-03-09",
        "name": "Bonzai Digital Pvt. Ltd",
        "office": "company",
        "osm_type": "node",
        "osm_id": 5150213352,
        "workforce_capacity": null
      },
      "geometry": {
        "type": "Point",
        "coordinates": [
          73.8858484,
          18.5371085
        ]
      }
    },
    {
      "type": "Feature",
      "properties": {
        "description": "IT education",
        "name": "SEED Infotech Nalanda centre",
        "office": "educational_institution",
        "opening_hours": "Mo-Su 09:30-18:00",
        "website": "https://seedinfotech.com/",
        "osm_type": "node",
        "osm_id": 5253715090,
        "workforce_capacity": null
      },
      "geometry": {
        "type": "Point",
        "coordinates": [
          73.8253956,
          18.501148
        ]
      }
    },
    {
      "type": "Feature",
      "properties": {
        "name": "airtel store",
        "office": "telecommunication",
        "website": "https://www.airtel.in",
        "osm_type": "node",
        "osm_id": 5518833564,
        "workforce_capacity": null
      },
      "geometry": {
        "type": "Point",
        "coordinates": [
          73.7838341,
          18.5876892
        ]
      }
    },
    {
      "type": "Feature",
      "properties": {
        "addr:city": "Pune",
        "addr:floor": "3",
        "addr:postcode": "411038",
        "addr:street": "Karve Road",
        "check_date": "2026-03-15",
        "description": "India's largest student workforce.",
        "name": "GigIndia",
        "office": "company",
        "official_name": "Explorium Innovative Technologies Pvt. Ltd.",
        "opening_hours": "Mo-Fr 09:00-18:00",
        "smoking": "no",
        "website": "https://gigindia.in",
        "osm_type": "node",
        "osm_id": 5570717629,
        "workforce_capacity": null
      },
      "geometry": {
        "type": "Point",
        "coordinates": [
          73.8152824,
          18.5024368
        ]
      }
    },
    {
      "type": "Feature",
      "properties": {
        "addr:street": "Near Durga Restaurant, Vishal Nagar",
        "name": "Baba Travels",
        "office": "travel_agent",
        "osm_type": "node",
        "osm_id": 5589968295,
        "workforce_capacity": null
      },
      "geometry": {
        "type": "Point",
        "coordinates": [
          73.7841397,
          18.5881447
        ]
      }
    },
    {
      "type": "Feature",
      "properties": {
        "addr:housenumber": "Silver Space",
        "name": "Airtel Express",
        "name:hi": "एयरटेल",
        "office": "telecommunication",
        "opening_hours": "Mo-Su 09:00-20:00",
        "phone": "8087569759",
        "osm_type": "node",
        "osm_id": 5589987179,
        "workforce_capacity": null
      },
      "geometry": {
        "type": "Point",
        "coordinates": [
          73.7838568,
          18.5877052
        ]
      }
    },
    {
      "type": "Feature",
      "properties": {
        "name": "Lokmat press",
        "office": "newspaper",
        "osm_type": "node",
        "osm_id": 5695616774,
        "workforce_capacity": null
      },
      "geometry": {
        "type": "Point",
        "coordinates": [
          73.806283,
          18.4582034
        ]
      }
    },
    {
      "type": "Feature",
      "properties": {
        "name": "Harmony Institute of Music",
        "office": "educational_institution",
        "osm_type": "node",
        "osm_id": 5696339270,
        "workforce_capacity": null
      },
      "geometry": {
        "type": "Point",
        "coordinates": [
          73.7899759,
          18.5464511
        ]
      }
    },
    {
      "type": "Feature",
      "properties": {
        "addr:city": "Pune",
        "addr:street": "Baner Road",
        "name": "GS LAB",
        "office": "it",
        "opening_hours": "Mo-Fr 09:00-18:00",
        "osm_type": "node",
        "osm_id": 5788782066,
        "workforce_capacity": null
      },
      "geometry": {
        "type": "Point",
        "coordinates": [
          73.7939139,
          18.5566892
        ]
      }
    },
    {
      "type": "Feature",
      "properties": {
        "addr:housenumber": "Shop No. 13",
        "addr:place": "Ganga Vishnu Sankul Society",
        "addr:postcode": "411052",
        "name": "Samartha Enterprises",
        "office": "estate_agent",
        "phone": "09373352827",
        "osm_type": "node",
        "osm_id": 5796441175,
        "workforce_capacity": null
      },
      "geometry": {
        "type": "Point",
        "coordinates": [
          73.8246897,
          18.4924831
        ]
      }
    },
    {
      "type": "Feature",
      "properties": {
        "addr:city": "Pune",
        "addr:housenumber": "6th floor, Parakh House",
        "addr:postcode": "411001",
        "addr:street": "Boat Club Road",
        "check_date": "2026-03-09",
        "description": "Samrat India, a leading flour brand of the country, is an amalgamation of nourishment and taste for every household in India. With flour products ranging from whole wheat atta, besan, maida to rava, Samrat products are accepted as the benchmark of quality",
        "name": "Samrat India",
        "office": "company",
        "opening_hours": "Mo-Sa 10:00-18:00",
        "phone": "+912066296100",
        "smoking": "no",
        "website": "https://www.samratindia.in/",
        "osm_type": "node",
        "osm_id": 5815360521,
        "workforce_capacity": null
      },
      "geometry": {
        "type": "Point",
        "coordinates": [
          73.8826899,
          18.5402773
        ]
      }
    },
    {
      "type": "Feature",
      "properties": {
        "name": "ICICI Bank Retail Asset Division Pune Branch",
        "office": "company",
        "osm_type": "node",
        "osm_id": 5832438804,
        "workforce_capacity": null
      },
      "geometry": {
        "type": "Point",
        "coordinates": [
          73.8365243,
          18.5182663
        ]
      }
    },
    {
      "type": "Feature",
      "properties": {
        "addr:street": "Balewadi gaon road",
        "name": "Speciality Business Center",
        "office": "it",
        "osm_type": "node",
        "osm_id": 5877073387,
        "workforce_capacity": null
      },
      "geometry": {
        "type": "Point",
        "coordinates": [
          73.7731859,
          18.5743714
        ]
      }
    },
    {
      "type": "Feature",
      "properties": {
        "addr:city": "Pune",
        "addr:housenumber": "Office 208, Gran Exito",
        "addr:postcode": "411001",
        "addr:street": "Bhagwan Tatyasaheb Kawade Marg",
        "check_date": "2026-03-10",
        "email": "contact@3deometry.com",
        "name": "3Deometry Innovations",
        "office": "company",
        "website": "https://3deometry.com",
        "osm_type": "node",
        "osm_id": 5918866165,
        "workforce_capacity": null
      },
      "geometry": {
        "type": "Point",
        "coordinates": [
          73.9058602,
          18.5240589
        ]
      }
    },
    {
      "type": "Feature",
      "properties": {
        "addr:city": "Pune",
        "addr:housenumber": "6th Floor, Parakh House",
        "addr:postcode": "411001",
        "addr:street": "Boat Club Road",
        "check_date": "2026-03-09",
        "name": "Vilina Refined Oil",
        "office": "company",
        "opening_hours": "Mo-Sa 10:00-18:00",
        "phone": "+912066296100",
        "smoking": "no",
        "website": "https://www.vilina.in/",
        "osm_type": "node",
        "osm_id": 5951230988,
        "workforce_capacity": null
      },
      "geometry": {
        "type": "Point",
        "coordinates": [
          73.8826466,
          18.5404306
        ]
      }
    },
    {
      "type": "Feature",
      "properties": {
        "name": "Adient",
        "office": "company",
        "osm_type": "node",
        "osm_id": 6010106293,
        "workforce_capacity": null
      },
      "geometry": {
        "type": "Point",
        "coordinates": [
          73.7269381,
          18.5943707
        ]
      }
    },
    {
      "type": "Feature",
      "properties": {
        "name": "Charters Bus",
        "office": "travel_agent",
        "phone": "7314288888",
        "osm_type": "node",
        "osm_id": 6015628775,
        "workforce_capacity": null
      },
      "geometry": {
        "type": "Point",
        "coordinates": [
          73.7735955,
          18.5902223
        ]
      }
    },
    {
      "type": "Feature",
      "properties": {
        "addr:city": "Pune",
        "addr:housenumber": "Parakh House",
        "addr:postcode": "411001",
        "addr:street": "Boat Club Road",
        "check_date": "2026-03-09",
        "description": "Pune based, Parakh group is a 2000 crore business empire as of today. With diversified business interests, the group has forayed into various business domains. Broadly categorized, their business domains are FMCG, packaging, real estate, energy.",
        "level": "6",
        "name": "Parakh Group",
        "office": "company",
        "opening_hours": "Mo-Sa 10:00-18:00",
        "phone": "+912066296100",
        "smoking": "no",
        "website": "https://www.parakhgroup.in/",
        "osm_type": "node",
        "osm_id": 6059546615,
        "workforce_capacity": null
      },
      "geometry": {
        "type": "Point",
        "coordinates": [
          73.8826575,
          18.5401932
        ]
      }
    },
    {
      "type": "Feature",
      "properties": {
        "air_conditioning": "no",
        "alt_name": "SBI RACPC Baner",
        "check_date": "2023-02-04",
        "level": "1",
        "name": "State Bank of India Retail Assets Centralised Processing Center-III, Baner",
        "name:en": "State Bank of India Retail Assets Centralised Processing Center-III, Baner",
        "name:mr": "भारतीय स्टेट बँक फुटकर परिसंपत्ती केंद्रीकृत प्रक्रिया केंद्र-III, बाणेर",
        "office": "company",
        "source": "survey",
        "osm_type": "node",
        "osm_id": 6116153826,
        "workforce_capacity": null
      },
      "geometry": {
        "type": "Point",
        "coordinates": [
          73.7741415,
          18.5652384
        ]
      }
    },
    {
      "type": "Feature",
      "properties": {
        "name": "PubMatic",
        "name:mr": "पबमॅटिक",
        "office": "it",
        "osm_type": "node",
        "osm_id": 6128879920,
        "workforce_capacity": null
      },
      "geometry": {
        "type": "Point",
        "coordinates": [
          73.771989,
          18.5666343
        ]
      }
    },
    {
      "type": "Feature",
      "properties": {
        "name": "Xoriant",
        "name:mr": "झोरियंट",
        "office": "it",
        "osm_type": "node",
        "osm_id": 6128879921,
        "workforce_capacity": null
      },
      "geometry": {
        "type": "Point",
        "coordinates": [
          73.7719971,
          18.5667016
        ]
      }
    },
    {
      "type": "Feature",
      "properties": {
        "name": "FIS",
        "name:mr": "एफआयएस",
        "office": "it",
        "opening_hours": "PH,Mo-Su 00:00-12:00",
        "osm_type": "node",
        "osm_id": 6131097720,
        "workforce_capacity": null
      },
      "geometry": {
        "type": "Point",
        "coordinates": [
          73.8069919,
          18.5638628
        ]
      }
    },
    {
      "type": "Feature",
      "properties": {
        "name": "Lokmat",
        "name:mr": "लोकमत",
        "office": "newspaper",
        "osm_type": "node",
        "osm_id": 6199246420,
        "workforce_capacity": null
      },
      "geometry": {
        "type": "Point",
        "coordinates": [
          73.8285407,
          18.5138466
        ]
      }
    },
    {
      "type": "Feature",
      "properties": {
        "name": "Pune Metropolitan Region Development Authority",
        "name:mr": "पुणे महानगर प्रदेश विकास प्राधिकरण",
        "office": "government",
        "osm_type": "node",
        "osm_id": 6199355637,
        "workforce_capacity": null
      },
      "geometry": {
        "type": "Point",
        "coordinates": [
          73.8129947,
          18.5630555
        ]
      }
    },
    {
      "type": "Feature",
      "properties": {
        "check_date": "2023-08-07",
        "name": "The Times of India",
        "name:mr": "द टाइम्स ऑफ इंडिया",
        "office": "newspaper",
        "osm_type": "node",
        "osm_id": 6201762559,
        "workforce_capacity": null
      },
      "geometry": {
        "type": "Point",
        "coordinates": [
          73.8413,
          18.5211803
        ]
      }
    },
    {
      "type": "Feature",
      "properties": {
        "name": "Webonise lab pvt. ltd.",
        "office": "company",
        "osm_type": "node",
        "osm_id": 6487241656,
        "workforce_capacity": null
      },
      "geometry": {
        "type": "Point",
        "coordinates": [
          73.779793,
          18.5231576
        ]
      }
    },
    {
      "type": "Feature",
      "properties": {
        "name": "Edgeverve System",
        "office": "yes",
        "osm_type": "node",
        "osm_id": 6501779298,
        "workforce_capacity": null
      },
      "geometry": {
        "type": "Point",
        "coordinates": [
          73.7353515,
          18.5869867
        ]
      }
    },
    {
      "type": "Feature",
      "properties": {
        "name": "Sterlite Technologies Ltd",
        "office": "yes",
        "osm_type": "node",
        "osm_id": 6501779302,
        "workforce_capacity": null
      },
      "geometry": {
        "type": "Point",
        "coordinates": [
          73.7324305,
          18.5903183
        ]
      }
    },
    {
      "type": "Feature",
      "properties": {
        "name": "GAIL",
        "office": "yes",
        "osm_type": "node",
        "osm_id": 6513215667,
        "workforce_capacity": null
      },
      "geometry": {
        "type": "Point",
        "coordinates": [
          73.7523601,
          18.6035403
        ]
      }
    },
    {
      "type": "Feature",
      "properties": {
        "addr:city": "Pune",
        "addr:housenumber": "Survey No 130",
        "addr:postcode": "411057",
        "addr:street": "Mumbai Bangalore Highway, Shankar Kalat Nagar, Wakad",
        "name": "Institute of Business Management and Research",
        "office": "educational_institution",
        "osm_type": "node",
        "osm_id": 6513236842,
        "workforce_capacity": null
      },
      "geometry": {
        "type": "Point",
        "coordinates": [
          73.7548505,
          18.6039344
        ]
      }
    },
    {
      "type": "Feature",
      "properties": {
        "name": "Sofcon Systems Pvt Ltd",
        "office": "yes",
        "osm_type": "node",
        "osm_id": 6551057804,
        "workforce_capacity": null
      },
      "geometry": {
        "type": "Point",
        "coordinates": [
          73.7477016,
          18.6200724
        ]
      }
    },
    {
      "type": "Feature",
      "properties": {
        "addr:city": "Dattawadi",
        "addr:postcode": "411033",
        "addr:street": "Ashok Nagar, Tathawade",
        "name": "RSCOE MBA",
        "office": "educational_institution",
        "osm_type": "node",
        "osm_id": 6551057806,
        "workforce_capacity": null
      },
      "geometry": {
        "type": "Point",
        "coordinates": [
          73.7471678,
          18.6201359
        ]
      }
    },
    {
      "type": "Feature",
      "properties": {
        "addr:city": "Pune",
        "addr:housenumber": "604-605",
        "addr:neighbourhood": "Shivaji Cooperative Housing Society",
        "addr:postcode": "411016",
        "addr:quarter": "Bhageerath",
        "addr:state": "Maharashtra",
        "addr:street": "Senapati Bapat Marg",
        "addr:suburb": "Shivajinagar",
        "email": "sales@regreenexcel.com",
        "name": "Excel Engineers and Consultants",
        "office": "engineer",
        "phone": "+91 20 4107 0100",
        "website": "https://www.regreenexcel.com/",
        "osm_type": "node",
        "osm_id": 6618926395,
        "workforce_capacity": null
      },
      "geometry": {
        "type": "Point",
        "coordinates": [
          73.8287846,
          18.5303482
        ]
      }
    },
    {
      "type": "Feature",
      "properties": {
        "name": "Chintamani Travel Agency",
        "office": "travel_agent",
        "phone": "9119446608",
        "osm_type": "node",
        "osm_id": 6743812029,
        "workforce_capacity": null
      },
      "geometry": {
        "type": "Point",
        "coordinates": [
          73.7840919,
          18.5880476
        ]
      }
    },
    {
      "type": "Feature",
      "properties": {
        "addr:city": "Pune",
        "addr:postcode": "412308",
        "addr:street": "Saswad Road",
        "name": "IBM India Pvt Ltd",
        "office": "company",
        "osm_type": "node",
        "osm_id": 6771634862,
        "workforce_capacity": null
      },
      "geometry": {
        "type": "Point",
        "coordinates": [
          73.9518085,
          18.4901126
        ]
      }
    },
    {
      "type": "Feature",
      "properties": {
        "addr:city": "Pune",
        "addr:postcode": "412308",
        "addr:street": "Saswad Road",
        "name": "ADP India Pvt Limited",
        "office": "company",
        "osm_type": "node",
        "osm_id": 6771634863,
        "workforce_capacity": null
      },
      "geometry": {
        "type": "Point",
        "coordinates": [
          73.9531942,
          18.4901419
        ]
      }
    },
    {
      "type": "Feature",
      "properties": {
        "addr:street": "Mahatma Gandhi Marg",
        "check_date": "2026-03-10",
        "name": "audius India Pvt. Ltd.",
        "office": "company",
        "website": "https://www.audius.com",
        "osm_type": "node",
        "osm_id": 6877981780,
        "workforce_capacity": null
      },
      "geometry": {
        "type": "Point",
        "coordinates": [
          73.8791172,
          18.5167111
        ]
      }
    },
    {
      "type": "Feature",
      "properties": {
        "name": "OTS Consulting Services",
        "office": "company",
        "osm_type": "node",
        "osm_id": 6986219193,
        "workforce_capacity": null
      },
      "geometry": {
        "type": "Point",
        "coordinates": [
          73.7333883,
          18.5927037
        ]
      }
    },
    {
      "type": "Feature",
      "properties": {
        "check_date": "2026-05-06",
        "government": "transportation",
        "name": "PCMC RTO",
        "name:en": "PCMC RTO",
        "office": "government",
        "osm_type": "node",
        "osm_id": 7031749433,
        "workforce_capacity": null
      },
      "geometry": {
        "type": "Point",
        "coordinates": [
          73.8441439,
          18.6550511
        ]
      }
    },
    {
      "type": "Feature",
      "properties": {
        "addr:city": "Pune",
        "addr:housenumber": "S.No. 320/1/C, Bavdhan",
        "addr:postcode": "411021",
        "addr:street": "Mumbai Pune Bypass Road  *  Katraj-Dehu Rd Bypass",
        "air_conditioning": "yes",
        "name": "Calsoft Pvt. Ltd.",
        "office": "it",
        "opening_hours": "Mo-Fr 09:00-17:00",
        "osm_type": "node",
        "osm_id": 7069410754,
        "workforce_capacity": null
      },
      "geometry": {
        "type": "Point",
        "coordinates": [
          73.7682707,
          18.5207577
        ]
      }
    },
    {
      "type": "Feature",
      "properties": {
        "check_date": "2026-03-11",
        "name": "Schlumberger",
        "office": "company",
        "website": "https://www.slb.com",
        "wikidata": "Q1425316",
        "wikipedia": "en:Schlumberger",
        "osm_type": "node",
        "osm_id": 7071288726,
        "workforce_capacity": null
      },
      "geometry": {
        "type": "Point",
        "coordinates": [
          73.8843704,
          18.5605293
        ]
      }
    },
    {
      "type": "Feature",
      "properties": {
        "check_date": "2026-03-11",
        "name": "Schlumberger",
        "office": "company",
        "website": "https://www.slb.com",
        "wikidata": "Q1425316",
        "wikipedia": "en:Schlumberger",
        "osm_type": "node",
        "osm_id": 7071288727,
        "workforce_capacity": null
      },
      "geometry": {
        "type": "Point",
        "coordinates": [
          73.8836236,
          18.560536
        ]
      }
    },
    {
      "type": "Feature",
      "properties": {
        "check_date": "2026-03-11",
        "name": "Schlumberger",
        "office": "company",
        "website": "https://www.slb.com",
        "wikidata": "Q1425316",
        "wikipedia": "en:Schlumberger",
        "osm_type": "node",
        "osm_id": 7071288728,
        "workforce_capacity": null
      },
      "geometry": {
        "type": "Point",
        "coordinates": [
          73.8845934,
          18.5632503
        ]
      }
    },
    {
      "type": "Feature",
      "properties": {
        "check_date": "2026-03-11",
        "name": "Schlumberger",
        "office": "company",
        "website": "https://www.slb.com",
        "wikidata": "Q1425316",
        "wikipedia": "en:Schlumberger",
        "osm_type": "node",
        "osm_id": 7071288729,
        "workforce_capacity": null
      },
      "geometry": {
        "type": "Point",
        "coordinates": [
          73.8838997,
          18.5635153
        ]
      }
    },
    {
      "type": "Feature",
      "properties": {
        "name": "Commander Works Engineers (Kirkee)",
        "office": "yes",
        "osm_type": "node",
        "osm_id": 7110278243,
        "workforce_capacity": null
      },
      "geometry": {
        "type": "Point",
        "coordinates": [
          73.8493397,
          18.5487283
        ]
      }
    },
    {
      "type": "Feature",
      "properties": {
        "addr:city": "Pune",
        "addr:country": "IN",
        "addr:housenumber": "A-4, Kiran Suyog, Laxman Nagar, Balewadi",
        "addr:postcode": "411045",
        "addr:street": "Moze college ground",
        "description": "Software company in Pune. Solutions in Artificial Intelligence, Data Analytics, Machine Learning, Internet of Things & Embedded Software",
        "level": "1",
        "name": "Fintalk Software Labs Pvt. Ltd.",
        "office": "company",
        "opening_hours": "Mo-Fr 09:00-18:00",
        "website": "https://fintalklabs.com",
        "osm_type": "node",
        "osm_id": 7147895840,
        "workforce_capacity": null
      },
      "geometry": {
        "type": "Point",
        "coordinates": [
          73.7696176,
          18.5740173
        ]
      }
    },
    {
      "type": "Feature",
      "properties": {
        "addr:city": "Pune",
        "addr:district": "Pune",
        "addr:full": "Behind Shaniwar Wada, Budhwar Peth, Pune",
        "addr:postcode": "411002",
        "addr:state": "Maharastra",
        "addr:street": "Mahanagarpalika Vidyalay Path",
        "check_date": "2026-03-15",
        "name": "Haribhai V. Desai College",
        "office": "educational_institution",
        "osm_type": "node",
        "osm_id": 7651453337,
        "workforce_capacity": null
      },
      "geometry": {
        "type": "Point",
        "coordinates": [
          73.855527,
          18.518273
        ]
      }
    },
    {
      "type": "Feature",
      "properties": {
        "check_date": "2026-03-14",
        "description": "Industrial CCTV Suppliers Security Alarm Systems Biometric Access & Attendance",
        "name": "Naman Technologies",
        "office": "company",
        "osm_type": "node",
        "osm_id": 8344153156,
        "workforce_capacity": null
      },
      "geometry": {
        "type": "Point",
        "coordinates": [
          73.7850315,
          18.6282417
        ]
      }
    },
    {
      "type": "Feature",
      "properties": {
        "addr:city": "Pune",
        "addr:district": "Maharashtra",
        "addr:housenumber": "Block A",
        "addr:postcode": "411040",
        "addr:street": "Prakash Cooperative Housing Society",
        "name": "Mount Carmel School",
        "office": "educational_institution",
        "opening_hours": "Mo-Su 07:00-17:00",
        "phone": "+91 2026-833252",
        "website": "https://www.mountcarmelpune.org/",
        "osm_type": "node",
        "osm_id": 8353830256,
        "workforce_capacity": null
      },
      "geometry": {
        "type": "Point",
        "coordinates": [
          73.8846989,
          18.4824948
        ]
      }
    },
    {
      "type": "Feature",
      "properties": {
        "description": "Mount Carmel Convent is a religious place where the Nuns reside.",
        "name": "Mount Carmel Convent",
        "office": "educational_institution",
        "osm_type": "node",
        "osm_id": 8353841610,
        "workforce_capacity": null
      },
      "geometry": {
        "type": "Point",
        "coordinates": [
          73.8847514,
          18.4824729
        ]
      }
    },
    {
      "type": "Feature",
      "properties": {
        "addr:city": "Pune",
        "addr:country": "IN",
        "addr:postcode": "411021",
        "addr:state": "Maharashtra",
        "addr:street": "Sai Trinity, A Block 2nd Floor, Sr. No. 146, 1/28, Pashan - Sus Rd,",
        "addr:suburb": "Pashan",
        "name": "CLR FACILITY SERVICES PVT. LTD",
        "office": "yes",
        "osm_type": "node",
        "osm_id": 8478889235,
        "workforce_capacity": null
      },
      "geometry": {
        "type": "Point",
        "coordinates": [
          73.7934878,
          18.5372815
        ]
      }
    },
    {
      "type": "Feature",
      "properties": {
        "addr:city": "Pune",
        "addr:housenumber": "301",
        "addr:postcode": "411014",
        "addr:street": "Gulmohar Center Point, Viman Nagar Chawk",
        "name": "Master Innovation Technology Pvt. Ltd.",
        "office": "company",
        "opening_hours": "Mo-Fr 12:00-20:00",
        "website": "https://mitplindia.com",
        "osm_type": "node",
        "osm_id": 8489439017,
        "workforce_capacity": null
      },
      "geometry": {
        "type": "Point",
        "coordinates": [
          73.7482359,
          18.5904743
        ]
      }
    },
    {
      "type": "Feature",
      "properties": {
        "check_date": "2026-03-09",
        "name": "Sigma Consultancy Services",
        "office": "company",
        "osm_type": "node",
        "osm_id": 8543749520,
        "workforce_capacity": null
      },
      "geometry": {
        "type": "Point",
        "coordinates": [
          73.9190451,
          18.5597552
        ]
      }
    },
    {
      "type": "Feature",
      "properties": {
        "name": "WorkKatta",
        "office": "coworking",
        "osm_type": "node",
        "osm_id": 9148283234,
        "workforce_capacity": null
      },
      "geometry": {
        "type": "Point",
        "coordinates": [
          73.7826584,
          18.5600481
        ]
      }
    },
    {
      "type": "Feature",
      "properties": {
        "addr:city": "Pune",
        "addr:district": "Pune",
        "addr:housenumber": "1941/1942",
        "addr:postcode": "411030",
        "addr:street": "N. S. Navare Path",
        "check_date": "2026-03-13",
        "contact:facebook": "mehtapublishinghouse",
        "contact:instagram": "mehtapublishinghouse_",
        "contact:twitter": "mehtapublishing",
        "email": "sales@mehtapublishinghouse.com",
        "name": "Mehta Publishing House",
        "name:en": "Mehta Publishing House",
        "name:mr": "मेहता पब्लिशिंग हाऊस",
        "office": "publisher",
        "opening_hours": "Mo-Sa 09:30-20:30; Su 10:00-20:30",
        "phone": "094223 23039",
        "website": "https://mehtapublishinghouse.com",
        "osm_type": "node",
        "osm_id": 9174929917,
        "workforce_capacity": null
      },
      "geometry": {
        "type": "Point",
        "coordinates": [
          73.8531921,
          18.5073404
        ]
      }
    },
    {
      "type": "Feature",
      "properties": {
        "addr:city": "Pune",
        "addr:postcode": "411007",
        "addr:street": "Pune University Campus, Ganeshkhind",
        "name": "Sanskrit Department",
        "office": "educational_institution",
        "osm_type": "node",
        "osm_id": 9211668211,
        "workforce_capacity": null
      },
      "geometry": {
        "type": "Point",
        "coordinates": [
          73.8272088,
          18.5499343
        ]
      }
    },
    {
      "type": "Feature",
      "properties": {
        "addr:city": "Pune",
        "addr:floor": "3",
        "addr:housename": "Shanti One",
        "addr:housenumber": "206 A/1, Pl no-88/4",
        "addr:postcode": "411006",
        "addr:street": "Nagar Road",
        "brand": "TomTom",
        "brand:wikidata": "Q682144",
        "check_date": "2026-07-02",
        "description": "We are mapmakers, providing geolocation technology for drivers, carmakers, enterprises and developers.",
        "image": "https://a.storyblok.com/f/178460/2500x2500/7ce22c98fd/pune_office_card_600x600px.jpg",
        "level": "3",
        "name": "TomTom",
        "office": "company",
        "opening_hours": "Mo-Fr 09:00-18:00",
        "operator": "TomTom India Pvt Ltd",
        "website": "https://www.tomtom.com/careers/offices/pune/",
        "osm_type": "node",
        "osm_id": 9239602961,
        "workforce_capacity": null
      },
      "geometry": {
        "type": "Point",
        "coordinates": [
          73.9039057,
          18.5538654
        ]
      }
    },
    {
      "type": "Feature",
      "properties": {
        "addr:city": "Pune",
        "addr:housenumber": "52",
        "addr:postcode": "411041",
        "addr:street": "Mumbai Pune Bypass Rd",
        "check_date": "2026-03-15",
        "description": "\"'Maya Academy of Advanced Cinematics (MAAC) is the media & entertainment education brand of Aptech Ltd., a global learning solutions provider that commenced its education and training business in 1986. MAAC operates through a network of centres worldwide",
        "email": "maacnarhe@gmail.com",
        "name": "MAAC NARHE",
        "office": "educational_institution",
        "opening_hours": "Mo-Sa 07:00-19:00",
        "phone": "+919738771717",
        "website": "https://www.maacnarhepune.com/",
        "osm_type": "node",
        "osm_id": 9299610888,
        "workforce_capacity": null
      },
      "geometry": {
        "type": "Point",
        "coordinates": [
          73.8241701,
          18.4603175
        ]
      }
    },
    {
      "type": "Feature",
      "properties": {
        "alt_name": "PACCAR India Pvt. Ltd.",
        "level": "0",
        "name": "PACCAR India Display Center",
        "office": "company",
        "operator": "PACCAR, Inc.",
        "operator:short": "PACCAR",
        "operator:type": "private_for_profit",
        "operator:website": "https://www.paccar.com/",
        "operator:wikidata": "Q1477661",
        "operator:wikipedia": "en:Paccar",
        "short_name": "PITC",
        "start_date": "2012",
        "osm_type": "node",
        "osm_id": 9415112180,
        "workforce_capacity": null
      },
      "geometry": {
        "type": "Point",
        "coordinates": [
          73.7773101,
          18.5106876
        ]
      }
    },
    {
      "type": "Feature",
      "properties": {
        "addr:city": "Pune",
        "addr:district": "Pune",
        "addr:postcode": "411007",
        "addr:street": "University Road",
        "government": "yes",
        "name": "Raj Bhavan",
        "office": "government",
        "website": "https://rajbhavan-maharashtra.gov.in/en/raj-bhavan-pune/",
        "wikidata": "Q12449222",
        "wikimedia_commons": "Category:Raj_Bhavan,_Pune",
        "wikipedia": "en:Raj Bhavan, Pune",
        "osm_type": "node",
        "osm_id": 9462886913,
        "workforce_capacity": null
      },
      "geometry": {
        "type": "Point",
        "coordinates": [
          73.8259363,
          18.5440017
        ]
      }
    },
    {
      "type": "Feature",
      "properties": {
        "name": "Bhugaon Gram Panchayat",
        "office": "government",
        "osm_type": "node",
        "osm_id": 9471449810,
        "workforce_capacity": null
      },
      "geometry": {
        "type": "Point",
        "coordinates": [
          73.7504898,
          18.5009828
        ]
      }
    },
    {
      "type": "Feature",
      "properties": {
        "addr:city": "Pune",
        "addr:postcode": "411021",
        "addr:street": "DSK Ranwara road",
        "name": "GGIS Atha Bavdhan",
        "office": "yes",
        "osm_type": "node",
        "osm_id": 9480175921,
        "workforce_capacity": null
      },
      "geometry": {
        "type": "Point",
        "coordinates": [
          73.7747048,
          18.5218247
        ]
      }
    },
    {
      "type": "Feature",
      "properties": {
        "name": "Regional Passport office",
        "office": "government",
        "osm_type": "node",
        "osm_id": 9521043547,
        "workforce_capacity": null
      },
      "geometry": {
        "type": "Point",
        "coordinates": [
          73.7968327,
          18.55286
        ]
      }
    },
    {
      "type": "Feature",
      "properties": {
        "check_date": "2026-03-10",
        "name": "SPPU main finance",
        "office": "financial",
        "osm_type": "node",
        "osm_id": 9546632256,
        "workforce_capacity": null
      },
      "geometry": {
        "type": "Point",
        "coordinates": [
          73.822711,
          18.5553653
        ]
      }
    },
    {
      "type": "Feature",
      "properties": {
        "name": "Hilti Technology Solutions India Private Limited",
        "office": "yes",
        "osm_type": "node",
        "osm_id": 9626247683,
        "workforce_capacity": null
      },
      "geometry": {
        "type": "Point",
        "coordinates": [
          73.7764958,
          18.5675229
        ]
      }
    },
    {
      "type": "Feature",
      "properties": {
        "name": "Gewis Engineering",
        "office": "yes",
        "osm_type": "node",
        "osm_id": 9801849097,
        "workforce_capacity": null
      },
      "geometry": {
        "type": "Point",
        "coordinates": [
          73.76604,
          18.5668987
        ]
      }
    },
    {
      "type": "Feature",
      "properties": {
        "name": "WiFi Soft Solutions",
        "office": "yes",
        "osm_type": "node",
        "osm_id": 9801921234,
        "workforce_capacity": null
      },
      "geometry": {
        "type": "Point",
        "coordinates": [
          73.7657305,
          18.5637983
        ]
      }
    },
    {
      "type": "Feature",
      "properties": {
        "name": "Nuvolo Technologies",
        "office": "yes",
        "osm_type": "node",
        "osm_id": 9801921236,
        "workforce_capacity": null
      },
      "geometry": {
        "type": "Point",
        "coordinates": [
          73.7663151,
          18.563452
        ]
      }
    },
    {
      "type": "Feature",
      "properties": {
        "addr:city": "Pune",
        "addr:postcode": "411001",
        "addr:street": "Mangaldas Road",
        "check_date": "2026-03-09",
        "name": "SBI Card",
        "office": "financial",
        "website": "https://www.sbicard.com/",
        "osm_type": "node",
        "osm_id": 9875646096,
        "workforce_capacity": null
      },
      "geometry": {
        "type": "Point",
        "coordinates": [
          73.8842144,
          18.5356028
        ]
      }
    },
    {
      "type": "Feature",
      "properties": {
        "addr:city": "Pune",
        "addr:district": "Pune",
        "addr:housenumber": "10",
        "addr:postcode": "411009",
        "addr:street": "Nagar Road",
        "check_date": "2026-07-02",
        "name": "Gokul Milk Office",
        "office": "company",
        "osm_type": "node",
        "osm_id": 9886805550,
        "workforce_capacity": null
      },
      "geometry": {
        "type": "Point",
        "coordinates": [
          73.9038093,
          18.5534573
        ]
      }
    },
    {
      "type": "Feature",
      "properties": {
        "name": "Nirmukt Foundation",
        "office": "foundation",
        "osm_type": "node",
        "osm_id": 9907222999,
        "workforce_capacity": null
      },
      "geometry": {
        "type": "Point",
        "coordinates": [
          73.8339815,
          18.5412132
        ]
      }
    },
    {
      "type": "Feature",
      "properties": {
        "addr:city": "pune",
        "addr:postcode": "411044",
        "addr:street": "Grade Separator",
        "name": "Infinity company Akurdi MIDC",
        "office": "company",
        "opening_hours": "Mo-Fr 09:00-17:00",
        "phone": "9864451677",
        "osm_type": "node",
        "osm_id": 9916148917,
        "workforce_capacity": null
      },
      "geometry": {
        "type": "Point",
        "coordinates": [
          73.7939832,
          18.6496112
        ]
      }
    },
    {
      "type": "Feature",
      "properties": {
        "addr:street": "Link Road",
        "name": "Infinity  company Chinchwad MIDC",
        "name:en": "Infinity company Chinchwad MIDC",
        "office": "company",
        "osm_type": "node",
        "osm_id": 9916213717,
        "workforce_capacity": null
      },
      "geometry": {
        "type": "Point",
        "coordinates": [
          73.7942668,
          18.6500127
        ]
      }
    },
    {
      "type": "Feature",
      "properties": {
        "name": "Spectrum Automation",
        "office": "company",
        "opening_hours": "Mo-Sa 9:00-5:30",
        "phone": "02025860603",
        "osm_type": "node",
        "osm_id": 9965876222,
        "workforce_capacity": null
      },
      "geometry": {
        "type": "Point",
        "coordinates": [
          73.79126,
          18.5485393
        ]
      }
    },
    {
      "type": "Feature",
      "properties": {
        "addr:street": "Hingane Internal Road",
        "check_date": "2026-03-15",
        "name": "J S P M & ASSOCIATES LLP CA FIRM",
        "office": "yes",
        "osm_type": "node",
        "osm_id": 10108645139,
        "workforce_capacity": null
      },
      "geometry": {
        "type": "Point",
        "coordinates": [
          73.8275403,
          18.4800111
        ]
      }
    },
    {
      "type": "Feature",
      "properties": {
        "name": "HOSTEL FOR RESEARCH STUDENT",
        "office": "educational_institution",
        "osm_type": "node",
        "osm_id": 10172982147,
        "workforce_capacity": null
      },
      "geometry": {
        "type": "Point",
        "coordinates": [
          73.8219284,
          18.55657
        ]
      }
    },
    {
      "type": "Feature",
      "properties": {
        "addr:city": "Pune",
        "addr:housenumber": "3",
        "addr:postcode": "411060",
        "addr:street": "Heaven Green Society, Opposite to Euro School, Undri",
        "name": "AppArchet LLC",
        "office": "it",
        "website": "htttps://apparchetllc.com",
        "osm_type": "node",
        "osm_id": 10220974154,
        "workforce_capacity": null
      },
      "geometry": {
        "type": "Point",
        "coordinates": [
          73.9161634,
          18.4530799
        ]
      }
    },
    {
      "type": "Feature",
      "properties": {
        "addr:city": "Pune",
        "addr:postcode": "411024",
        "addr:street": "Kolhewadi Road",
        "name": "Craze English School",
        "office": "educational_institution",
        "osm_type": "node",
        "osm_id": 10222924222,
        "workforce_capacity": null
      },
      "geometry": {
        "type": "Point",
        "coordinates": [
          73.7858135,
          18.4426663
        ]
      }
    },
    {
      "type": "Feature",
      "properties": {
        "addr:postcode": "411021",
        "name": "SNBP",
        "office": "educational_institution",
        "osm_type": "node",
        "osm_id": 10242363780,
        "workforce_capacity": null
      },
      "geometry": {
        "type": "Point",
        "coordinates": [
          73.7633304,
          18.5086858
        ]
      }
    },
    {
      "type": "Feature",
      "properties": {
        "name": "DTDC",
        "office": "courier",
        "osm_type": "node",
        "osm_id": 10246158960,
        "workforce_capacity": null
      },
      "geometry": {
        "type": "Point",
        "coordinates": [
          73.7414478,
          18.5008207
        ]
      }
    },
    {
      "type": "Feature",
      "properties": {
        "name": "Wonderland Agrofun Developers Ltd",
        "office": "yes",
        "osm_type": "node",
        "osm_id": 10250076198,
        "workforce_capacity": null
      },
      "geometry": {
        "type": "Point",
        "coordinates": [
          73.8078742,
          18.5532366
        ]
      }
    },
    {
      "type": "Feature",
      "properties": {
        "name": "Share-A-Space",
        "office": "yes",
        "osm_type": "node",
        "osm_id": 10250087383,
        "workforce_capacity": null
      },
      "geometry": {
        "type": "Point",
        "coordinates": [
          73.8066124,
          18.5537899
        ]
      }
    },
    {
      "type": "Feature",
      "properties": {
        "name": "FPL Technologies Pvt. Ltd.",
        "office": "yes",
        "osm_type": "node",
        "osm_id": 10250092097,
        "workforce_capacity": null
      },
      "geometry": {
        "type": "Point",
        "coordinates": [
          73.8090211,
          18.5534723
        ]
      }
    },
    {
      "type": "Feature",
      "properties": {
        "name": "Arvee Electricals And Engineers Pvt. Ltd.",
        "office": "yes",
        "osm_type": "node",
        "osm_id": 10250092099,
        "workforce_capacity": null
      },
      "geometry": {
        "type": "Point",
        "coordinates": [
          73.808959,
          18.5531515
        ]
      }
    },
    {
      "type": "Feature",
      "properties": {
        "addr:city": "Pune",
        "addr:housename": "Atur Centre",
        "addr:housenumber": "5th Floor",
        "addr:postcode": "411016",
        "addr:street": "Gokhale Road",
        "check_date": "2026-03-10",
        "name": "Symbiosis Institute of Geoinformatics (SIG)",
        "office": "educational_institution",
        "phone": "+91-020-25672841/43",
        "phone:mobile": "+917709998185",
        "website": "https://sig.ac.in/",
        "wheelchair": "limited",
        "osm_type": "node",
        "osm_id": 10259346466,
        "workforce_capacity": null
      },
      "geometry": {
        "type": "Point",
        "coordinates": [
          73.8336946,
          18.5333986
        ]
      }
    },
    {
      "type": "Feature",
      "properties": {
        "addr:city": "Pune",
        "addr:housename": "Atur Centre",
        "addr:housenumber": "1st Floor",
        "addr:postcode": "411016",
        "addr:street": "Gokhale Road",
        "check_date": "2026-03-10",
        "name": "Symbiosis Institute of Computer Science and Research (SICSR)",
        "office": "educational_institution",
        "phone": "(+91) 020-25675601/03",
        "phone:mobile": "+919075088779",
        "website": "https://sicsr.ac.in/",
        "wheelchair": "limited",
        "osm_type": "node",
        "osm_id": 10259346467,
        "workforce_capacity": null
      },
      "geometry": {
        "type": "Point",
        "coordinates": [
          73.8337438,
          18.5333049
        ]
      }
    },
    {
      "type": "Feature",
      "properties": {
        "addr:city": "Pune",
        "addr:housenumber": "Fursungi",
        "name": "Shri Sai English Medium School",
        "office": "educational_institution",
        "osm_type": "node",
        "osm_id": 10262868121,
        "workforce_capacity": null
      },
      "geometry": {
        "type": "Point",
        "coordinates": [
          73.9745537,
          18.4639761
        ]
      }
    },
    {
      "type": "Feature",
      "properties": {
        "addr:city": "Pune",
        "addr:postcode": "411039",
        "addr:street": "2nd Floor, Janai Heights, P M T Chowk, Bhosari, Pune, Bhosari, Pimpri-Chinchwad, Maharashtra 411039",
        "check_date": "2026-03-14",
        "name": "Geocost Institute of Technology",
        "office": "educational_institution",
        "opening_hours": "Mo-Fr 09:00-17:00",
        "phone": "8888835303",
        "website": "https://www.nsmgisinstitute.com/",
        "osm_type": "node",
        "osm_id": 10266859847,
        "workforce_capacity": null
      },
      "geometry": {
        "type": "Point",
        "coordinates": [
          73.8507556,
          18.6215951
        ]
      }
    },
    {
      "type": "Feature",
      "properties": {
        "check_date": "2022-12-17",
        "name": "मयुर कलाटे जनसंपर्क कार्यालय",
        "name:en": "Mayur Kalate outreach office",
        "name:mr": "मयुर कलाटे जनसंपर्क कार्यालय",
        "office": "political_party",
        "osm_type": "node",
        "osm_id": 10269917159,
        "workforce_capacity": null
      },
      "geometry": {
        "type": "Point",
        "coordinates": [
          73.7649122,
          18.6038145
        ]
      }
    },
    {
      "type": "Feature",
      "properties": {
        "addr:floor": "1",
        "amenity": "cafe",
        "check_date": "2022-12-25",
        "level": "1",
        "name": "Urja Studio",
        "name:en": "Urja Studio",
        "name:mr": "उर्जा स्टूडियो",
        "office": "coworking",
        "phone": "+91 97305 57776",
        "website": "https://www.urja-studiocafe.com",
        "osm_type": "node",
        "osm_id": 10285556158,
        "workforce_capacity": null
      },
      "geometry": {
        "type": "Point",
        "coordinates": [
          73.7621575,
          18.6010007
        ]
      }
    },
    {
      "type": "Feature",
      "properties": {
        "addr:floor": "8",
        "addr:housenumber": "ICC Trade Tower",
        "addr:street": "Senapati Bapat Road",
        "air_conditioning": "yes",
        "building:levels": "8",
        "check_date": "2026-03-10",
        "internet_access": "wlan",
        "internet_access:fee": "customers",
        "level": "8",
        "name": "Sierra Wireless India",
        "name:en": "Sierra Wireless India",
        "office": "company",
        "opening_hours": "Mo-Fr 08:30-17:30",
        "smoking": "no",
        "source": "local knowledge;survey",
        "website": "https://www.sierrawireless.com",
        "wheelchair": "limited",
        "osm_type": "node",
        "osm_id": 10302014828,
        "workforce_capacity": null
      },
      "geometry": {
        "type": "Point",
        "coordinates": [
          73.829859,
          18.5350442
        ]
      }
    },
    {
      "type": "Feature",
      "properties": {
        "addr:city": "Pune",
        "addr:postcode": "411024",
        "addr:street": "Sinhagad Road",
        "name": "DTDC",
        "office": "courier",
        "osm_type": "node",
        "osm_id": 10302188516,
        "workforce_capacity": null
      },
      "geometry": {
        "type": "Point",
        "coordinates": [
          73.7864491,
          18.444763
        ]
      }
    },
    {
      "type": "Feature",
      "properties": {
        "addr:housenumber": "Shop No. 1",
        "addr:neighbourhood": "Thergaav",
        "addr:street": "Ashok Society Road",
        "air_conditioning": "no",
        "alt_name:en": "Nagrik suvidha kendra 89, Thergaav",
        "alt_name:mr": "नागरिक सुविधा केंद्र ८९, थेरगाव",
        "check_date": "2023-07-06",
        "government": "aadhar",
        "name": "महा ई सेवा केंद्र",
        "name:en": "Maha e Sewa Kendra",
        "name:mr": "महा ई सेवा केंद्र",
        "office": "government",
        "opening_hours": "Sa-Su off",
        "phone": "+91 97622 06604",
        "ref": "642777340016",
        "wheelchair": "no",
        "osm_type": "node",
        "osm_id": 10312715008,
        "workforce_capacity": null
      },
      "geometry": {
        "type": "Point",
        "coordinates": [
          73.778568,
          18.6132205
        ]
      }
    },
    {
      "type": "Feature",
      "properties": {
        "name": "Maha E-Seva Kendra",
        "office": "government",
        "osm_type": "node",
        "osm_id": 10314433064,
        "workforce_capacity": null
      },
      "geometry": {
        "type": "Point",
        "coordinates": [
          73.7791551,
          18.5176719
        ]
      }
    },
    {
      "type": "Feature",
      "properties": {
        "addr:city": "Pune",
        "name": "Pralhad P. Chhabria Research Center (PPCRC)",
        "office": "research",
        "opening_hours": "Mo-Fr 09:00-17:00",
        "website": "http://www.ppcrc.isquareit.edu.in",
        "osm_type": "node",
        "osm_id": 10536464080,
        "workforce_capacity": null
      },
      "geometry": {
        "type": "Point",
        "coordinates": [
          73.7370843,
          18.5842413
        ]
      }
    },
    {
      "type": "Feature",
      "properties": {
        "check_date": "2026-03-09",
        "name": "NJ",
        "office": "insurance",
        "osm_type": "node",
        "osm_id": 10567055009,
        "workforce_capacity": null
      },
      "geometry": {
        "type": "Point",
        "coordinates": [
          73.9382579,
          18.5615649
        ]
      }
    },
    {
      "type": "Feature",
      "properties": {
        "name": "Shanti Juniors",
        "office": "educational_institution",
        "osm_type": "node",
        "osm_id": 10573068620,
        "workforce_capacity": null
      },
      "geometry": {
        "type": "Point",
        "coordinates": [
          73.7348262,
          18.5963222
        ]
      }
    },
    {
      "type": "Feature",
      "properties": {
        "addr:city": "Hinjawadi",
        "addr:housenumber": "HPRP+9P7, Phase 1, Hinjewadi Rajiv Gandhi Infotech Park, Hinjawadi, Pune, Maharashtra 411057",
        "addr:postcode": "411057",
        "addr:street": "Hinjawadi Phase 2 Road",
        "name": "High School Hinjawadi",
        "office": "educational_institution",
        "osm_type": "node",
        "osm_id": 10573120629,
        "workforce_capacity": null
      },
      "geometry": {
        "type": "Point",
        "coordinates": [
          73.7367672,
          18.5908451
        ]
      }
    },
    {
      "type": "Feature",
      "properties": {
        "name": "Little Millennium PreSchool",
        "office": "educational_institution",
        "osm_type": "node",
        "osm_id": 10573123201,
        "workforce_capacity": null
      },
      "geometry": {
        "type": "Point",
        "coordinates": [
          73.7415358,
          18.5983095
        ]
      }
    },
    {
      "type": "Feature",
      "properties": {
        "name": "Little Champ School",
        "office": "educational_institution",
        "osm_type": "node",
        "osm_id": 10574578858,
        "workforce_capacity": null
      },
      "geometry": {
        "type": "Point",
        "coordinates": [
          73.7511067,
          18.6049415
        ]
      }
    },
    {
      "type": "Feature",
      "properties": {
        "name": "Play To Learn",
        "office": "educational_institution",
        "osm_type": "node",
        "osm_id": 10574628938,
        "workforce_capacity": null
      },
      "geometry": {
        "type": "Point",
        "coordinates": [
          73.805238,
          18.5069275
        ]
      }
    },
    {
      "type": "Feature",
      "properties": {
        "name": "Hadoop School Of Training",
        "office": "educational_institution",
        "osm_type": "node",
        "osm_id": 10574653718,
        "workforce_capacity": null
      },
      "geometry": {
        "type": "Point",
        "coordinates": [
          73.8124835,
          18.5091639
        ]
      }
    },
    {
      "type": "Feature",
      "properties": {
        "addr:city": "Pune",
        "addr:postcode": "412308",
        "addr:street": "Fursungi",
        "government": "administrative",
        "name": "PMC Office",
        "office": "government",
        "osm_type": "node",
        "osm_id": 10581996875,
        "workforce_capacity": null
      },
      "geometry": {
        "type": "Point",
        "coordinates": [
          73.9766125,
          18.474119
        ]
      }
    },
    {
      "type": "Feature",
      "properties": {
        "check_date": "2026-03-12",
        "name": "Arabia Tours and Travels",
        "office": "guide",
        "osm_type": "node",
        "osm_id": 10596063740,
        "workforce_capacity": null
      },
      "geometry": {
        "type": "Point",
        "coordinates": [
          73.8627006,
          18.5052424
        ]
      }
    },
    {
      "type": "Feature",
      "properties": {
        "addr:city": "Pune",
        "addr:postcode": "411033",
        "addr:street": "Blue Ridge Approach Road",
        "healthcare:speciality": "general",
        "name": "GK Associates",
        "name:en": "GK Associates",
        "office": "estate_agent",
        "operator:type": "public",
        "osm_type": "node",
        "osm_id": 10599713021,
        "workforce_capacity": null
      },
      "geometry": {
        "type": "Point",
        "coordinates": [
          73.7357871,
          18.5801376
        ]
      }
    },
    {
      "type": "Feature",
      "properties": {
        "addr:city": "Pune",
        "addr:district": "Pune",
        "addr:postcode": "411045",
        "addr:street": "Shantivan Society Road",
        "air_conditioning": "yes",
        "email": "info@bakliwaltutorialsiit.com",
        "level": "4",
        "name": "Bakliwal Tutorials",
        "name:en": "Bakliwal Tutorials",
        "name:hi": "बाकलीवाल ट्यूटोरियल्स",
        "name:mr": "बाकलीवाल ट्यूटोरियल्स",
        "office": "educational_institution",
        "opening_hours": "Mo-Su 10:30-19:00",
        "phone": "+91 888 887 6410;+91 784 195 3300",
        "source": "local knowledge",
        "website": "https://bakliwaltutorialsiit.com/",
        "osm_type": "node",
        "osm_id": 10603308340,
        "workforce_capacity": null
      },
      "geometry": {
        "type": "Point",
        "coordinates": [
          73.8024851,
          18.5614007
        ]
      }
    },
    {
      "type": "Feature",
      "properties": {
        "check_date": "2023-02-17",
        "government": "aadhar",
        "name": "आधार केंद्र",
        "name:en": "Aadhar center",
        "name:mr": "आधार केंद्र",
        "office": "government",
        "opening_hours": "Mo-Fr 10:00-14:00,15:00-17:00; Sa-Su off",
        "osm_type": "node",
        "osm_id": 10672146642,
        "workforce_capacity": null
      },
      "geometry": {
        "type": "Point",
        "coordinates": [
          73.7686304,
          18.6069595
        ]
      }
    },
    {
      "type": "Feature",
      "properties": {
        "check_date": "2023-02-23",
        "name": "Crestbe",
        "name:en": "Crestbe",
        "office": "architect",
        "osm_type": "node",
        "osm_id": 10688199114,
        "workforce_capacity": null
      },
      "geometry": {
        "type": "Point",
        "coordinates": [
          73.7691856,
          18.5974362
        ]
      }
    },
    {
      "type": "Feature",
      "properties": {
        "addr:city": "Hidjawadi, Pune",
        "addr:housenumber": "S.No.173,",
        "addr:postcode": "411057",
        "addr:street": "Blue Ridge Approach Road",
        "name": "Blue Ridge Qubix",
        "office": "company",
        "opening_hours": "Mo-Sa 08:00-18:00",
        "phone": "020 3980 3980",
        "website": "http://www.blueridge.in/sez.htm",
        "osm_type": "node",
        "osm_id": 10692466476,
        "workforce_capacity": null
      },
      "geometry": {
        "type": "Point",
        "coordinates": [
          73.7368424,
          18.5790988
        ]
      }
    },
    {
      "type": "Feature",
      "properties": {
        "addr:city": "Pune",
        "addr:postcode": "411057",
        "addr:street": "Blue Ridge Road, Phase 1",
        "name": "Persistent Systems Ramanujan",
        "office": "company",
        "opening_hours": "Mo-Sa 08:00-18:00",
        "website": "https://www.persistent.com/",
        "osm_type": "node",
        "osm_id": 10692524033,
        "workforce_capacity": null
      },
      "geometry": {
        "type": "Point",
        "coordinates": [
          73.7356,
          18.5820109
        ]
      }
    },
    {
      "type": "Feature",
      "properties": {
        "name": "Velocis Systems",
        "office": "yes",
        "osm_type": "node",
        "osm_id": 10712226559,
        "workforce_capacity": null
      },
      "geometry": {
        "type": "Point",
        "coordinates": [
          73.7663861,
          18.5637187
        ]
      }
    },
    {
      "type": "Feature",
      "properties": {
        "name": "Tata Technologies Ltd",
        "name:mr": "टाटा टेकनौलॉजिस",
        "office": "yes",
        "osm_type": "node",
        "osm_id": 10716057797,
        "workforce_capacity": null
      },
      "geometry": {
        "type": "Point",
        "coordinates": [
          73.7333248,
          18.5853971
        ]
      }
    },
    {
      "type": "Feature",
      "properties": {
        "name": "Brose warehouse",
        "office": "yes",
        "osm_type": "node",
        "osm_id": 10716107752,
        "workforce_capacity": null
      },
      "geometry": {
        "type": "Point",
        "coordinates": [
          73.7262481,
          18.5974012
        ]
      }
    },
    {
      "type": "Feature",
      "properties": {
        "name": "Emcure Supply chain office/godown",
        "office": "yes",
        "osm_type": "node",
        "osm_id": 10716115569,
        "workforce_capacity": null
      },
      "geometry": {
        "type": "Point",
        "coordinates": [
          73.726265,
          18.5953379
        ]
      }
    },
    {
      "type": "Feature",
      "properties": {
        "name": "BVG India Limited",
        "office": "company",
        "osm_type": "node",
        "osm_id": 10716117925,
        "workforce_capacity": null
      },
      "geometry": {
        "type": "Point",
        "coordinates": [
          73.7352254,
          18.5905797
        ]
      }
    },
    {
      "type": "Feature",
      "properties": {
        "name": "Samvardhana Motherson Group",
        "office": "yes",
        "osm_type": "node",
        "osm_id": 10716128583,
        "workforce_capacity": null
      },
      "geometry": {
        "type": "Point",
        "coordinates": [
          73.7310953,
          18.5910787
        ]
      }
    },
    {
      "type": "Feature",
      "properties": {
        "name": "HCL Technologies Limited (Amber Fort)",
        "office": "it",
        "osm_type": "node",
        "osm_id": 10716128584,
        "workforce_capacity": null
      },
      "geometry": {
        "type": "Point",
        "coordinates": [
          73.7320379,
          18.5927565
        ]
      }
    },
    {
      "type": "Feature",
      "properties": {
        "addr:city": "Hinjawadi",
        "addr:housenumber": "S.No.28/1/14 Star city Mulshi, Pune, Maharashtra 411057",
        "addr:street": "Marunji Road",
        "name": "Dustypaws Organisation",
        "office": "ngo",
        "osm_type": "node",
        "osm_id": 10722611566,
        "workforce_capacity": null
      },
      "geometry": {
        "type": "Point",
        "coordinates": [
          73.7344608,
          18.6069939
        ]
      }
    },
    {
      "type": "Feature",
      "properties": {
        "addr:city": "Hinjawadi",
        "addr:housenumber": "HPQP+8XH, Hinjewadi Phase 1 Rd, Phase 1, Hinjewadi Rajiv Gandhi Infotech Park, Hinjawadi, Pune, Maharashtra 411057",
        "addr:postcode": "411057",
        "addr:street": "Hinjawadi Phase 1 road",
        "name": "Telepathic Animal Communicator - Goonj",
        "office": "ngo",
        "osm_type": "node",
        "osm_id": 10722659137,
        "workforce_capacity": null
      },
      "geometry": {
        "type": "Point",
        "coordinates": [
          73.7372499,
          18.5885427
        ]
      }
    },
    {
      "type": "Feature",
      "properties": {
        "addr:city": "Hinjawadi",
        "addr:housenumber": "Marunji Rd, near WaterPump House, Phase 1, Hinjewadi Rajiv Gandhi Infotech Park, Hinjawadi, Pune, Maharashtra 411057",
        "addr:street": "Marunji Road",
        "name": "Progressive Welfare Association",
        "office": "ngo",
        "phone": "09075094449",
        "osm_type": "node",
        "osm_id": 10722685162,
        "workforce_capacity": null
      },
      "geometry": {
        "type": "Point",
        "coordinates": [
          73.722724,
          18.6074587
        ]
      }
    },
    {
      "type": "Feature",
      "properties": {
        "addr:housenumber": "Waghmare Rd, near Datta Mandir, behind Madhupushpa Society, Shankar Kalat Nagar, Wakad, Pune, Maharashtra 411057",
        "addr:street": "Datta Mandir Road",
        "name": "A Ray Of Hope Charitable Trust",
        "office": "ngo",
        "phone": "09730255167",
        "website": "https://arayofhope.org.in/",
        "osm_type": "node",
        "osm_id": 10722698909,
        "workforce_capacity": null
      },
      "geometry": {
        "type": "Point",
        "coordinates": [
          73.7635202,
          18.5967361
        ]
      }
    },
    {
      "type": "Feature",
      "properties": {
        "addr:housenumber": "411",
        "addr:street": "411, The Address Commercia Mumbai-Bangalore Highway, Near Hinjewadi, Wakad Flyover, Wakad, Pune, Maharashtra 411057",
        "name": "Light Up The Soul Foundation",
        "office": "ngo",
        "osm_type": "node",
        "osm_id": 10722702751,
        "workforce_capacity": null
      },
      "geometry": {
        "type": "Point",
        "coordinates": [
          73.7570326,
          18.5937959
        ]
      }
    },
    {
      "type": "Feature",
      "properties": {
        "addr:city": "Pune",
        "addr:housenumber": "Office No.38, First Floor, Omega Commercial Complex, Wakad, Pune, Maharashtra 411057",
        "addr:street": "Datta Mandir Road",
        "name": "Resourceful Education Foundation",
        "office": "ngo",
        "phone": "07499918171",
        "website": "http://resourcefuleducationfoundation.in/",
        "osm_type": "node",
        "osm_id": 10722704909,
        "workforce_capacity": null
      },
      "geometry": {
        "type": "Point",
        "coordinates": [
          73.7642864,
          18.6011365
        ]
      }
    },
    {
      "type": "Feature",
      "properties": {
        "addr:housenumber": "Office No-408, Suratwala Mark Plazo, Opposite Reliance Digital, near HP Petrol Pump, near Wakad Bridge, Hinjawadi, Pune, Maharashtra 411057",
        "name": "Western academy",
        "office": "educational_institution",
        "osm_type": "node",
        "osm_id": 10724788903,
        "workforce_capacity": null
      },
      "geometry": {
        "type": "Point",
        "coordinates": [
          73.7542191,
          18.5917631
        ]
      }
    },
    {
      "type": "Feature",
      "properties": {
        "name": "Blue Ridge Sales Office",
        "office": "yes",
        "osm_type": "node",
        "osm_id": 10725321299,
        "workforce_capacity": null
      },
      "geometry": {
        "type": "Point",
        "coordinates": [
          73.7365685,
          18.5816203
        ]
      }
    },
    {
      "type": "Feature",
      "properties": {
        "addr:street": "Plot no.44, Phase 1, Hinjewadi Rajiv Gandhi Infotech Park, Hinjawadi, Pune, Maharashtra 411057",
        "name": "Midas Towers",
        "office": "company",
        "osm_type": "node",
        "osm_id": 10725876470,
        "workforce_capacity": null
      },
      "geometry": {
        "type": "Point",
        "coordinates": [
          73.7338584,
          18.5903613
        ]
      }
    },
    {
      "type": "Feature",
      "properties": {
        "addr:street": "JR27+G94, Road No. 4, Maharashtra Colony, Kashid Park, Jawakar Nagar, Pimple Gurav, Pimpri-Chinchwad, Maharashtra 411027",
        "name": "Ingawale patil construction company",
        "office": "company",
        "osm_type": "node",
        "osm_id": 10725997509,
        "workforce_capacity": null
      },
      "geometry": {
        "type": "Point",
        "coordinates": [
          73.8134292,
          18.6012955
        ]
      }
    },
    {
      "type": "Feature",
      "properties": {
        "name": "UXness Edulabs",
        "office": "company",
        "osm_type": "node",
        "osm_id": 10726468311,
        "workforce_capacity": null
      },
      "geometry": {
        "type": "Point",
        "coordinates": [
          73.7467644,
          18.6022264
        ]
      }
    },
    {
      "type": "Feature",
      "properties": {
        "name": "NISARG SHELTERES",
        "office": "company",
        "osm_type": "node",
        "osm_id": 10726471553,
        "workforce_capacity": null
      },
      "geometry": {
        "type": "Point",
        "coordinates": [
          73.7470487,
          18.6026094
        ]
      }
    },
    {
      "type": "Feature",
      "properties": {
        "addr:floor": "1",
        "check_date": "2023-03-18",
        "level": "1",
        "name": "Ratan enterprises",
        "name:en": "Ratan enterprises",
        "name:mr": "रतन एंटरप्राईजेस",
        "office": "energy_supplier",
        "osm_type": "node",
        "osm_id": 10743414162,
        "workforce_capacity": null
      },
      "geometry": {
        "type": "Point",
        "coordinates": [
          73.789588,
          18.5970178
        ]
      }
    },
    {
      "type": "Feature",
      "properties": {
        "addr:city": "Pune",
        "addr:district": "Pune",
        "addr:postcode": "411007",
        "addr:street": "Nagras Road",
        "branch:wikidata": "Q2536827",
        "branch:wikipedia": "en:VA Tech Wabag",
        "name": "VA Tech Wabag Ltd",
        "office": "company",
        "website": "https://www.wabag.com",
        "osm_type": "node",
        "osm_id": 10748147346,
        "workforce_capacity": null
      },
      "geometry": {
        "type": "Point",
        "coordinates": [
          73.8045651,
          18.565842
        ]
      }
    },
    {
      "type": "Feature",
      "properties": {
        "name": "ISRO-SPPU Cell",
        "office": "research",
        "osm_type": "node",
        "osm_id": 10751371088,
        "workforce_capacity": null
      },
      "geometry": {
        "type": "Point",
        "coordinates": [
          73.8232298,
          18.5517449
        ]
      }
    },
    {
      "type": "Feature",
      "properties": {
        "addr:housenumber": "SPPU main building",
        "name": "SPPU Main Building",
        "office": "educational_institution",
        "wikimedia_commons": "File:Savitribai_Phule_University_Main_Building.jpg",
        "osm_type": "node",
        "osm_id": 10751399845,
        "workforce_capacity": null
      },
      "geometry": {
        "type": "Point",
        "coordinates": [
          73.8246494,
          18.5532639
        ]
      }
    },
    {
      "type": "Feature",
      "properties": {
        "addr:city": "Pune",
        "addr:housenumber": "414",
        "addr:postcode": "411011",
        "addr:street": "Jawaharlal Nehru Rd",
        "check_date": "2026-03-15",
        "name": "S.V. Union High School and Junior College",
        "office": "educational_institution",
        "opening_hours": "24/7",
        "osm_type": "node",
        "osm_id": 10796649772,
        "workforce_capacity": null
      },
      "geometry": {
        "type": "Point",
        "coordinates": [
          73.8682093,
          18.520197
        ]
      }
    },
    {
      "type": "Feature",
      "properties": {
        "addr:city": "Pune",
        "addr:postcode": "411052",
        "addr:street": "Cummins College Road , Karvenagar",
        "description": "An all women Engineering College located in Pune",
        "name": "Cummins College Of Engineering for Women , Pune",
        "note": "I am a student of this college hence have a very well knowledge of the college campus",
        "office": "educational_institution",
        "opening_hours": "Mo-Sa 09:00-17:00",
        "phone": "020 2531 1000",
        "website": "https://www.cumminscollege.org/",
        "osm_type": "node",
        "osm_id": 10796652389,
        "workforce_capacity": null
      },
      "geometry": {
        "type": "Point",
        "coordinates": [
          73.8160079,
          18.4863634
        ]
      }
    },
    {
      "type": "Feature",
      "properties": {
        "addr:street": "Pashan-Sus Road",
        "mobile": "+91 98501 65709;+91 93700 58734",
        "name": "1 Roof Properties",
        "name:en": "1 Roof Properties",
        "office": "estate_agent",
        "operator": "Thakur Developers",
        "phone": "+91 9850165709",
        "osm_type": "node",
        "osm_id": 10799635906,
        "workforce_capacity": null
      },
      "geometry": {
        "type": "Point",
        "coordinates": [
          73.7811502,
          18.544582
        ]
      }
    },
    {
      "type": "Feature",
      "properties": {
        "addr:street": "Pashan-Sus Road",
        "mobile": "+91 95529 02969;+91 88060 86190",
        "name": "Shriram Enterprises",
        "name:en": "Shriram Enterprises",
        "office": "estate_agent",
        "osm_type": "node",
        "osm_id": 10799641106,
        "workforce_capacity": null
      },
      "geometry": {
        "type": "Point",
        "coordinates": [
          73.7811167,
          18.5445831
        ]
      }
    },
    {
      "type": "Feature",
      "properties": {
        "addr:street": "b g shirke road",
        "check_date": "2026-03-10",
        "name": "Saj Test Point private limited",
        "office": "research",
        "osm_type": "node",
        "osm_id": 10804021829,
        "workforce_capacity": null
      },
      "geometry": {
        "type": "Point",
        "coordinates": [
          73.9170051,
          18.5202172
        ]
      }
    },
    {
      "type": "Feature",
      "properties": {
        "addr:postcode": "411036",
        "addr:street": "BG Shirke Road",
        "check_date": "2026-03-10",
        "name": "SAJ Test Plant Pvt Ltd",
        "name:en": "SAJ Test Plant Pvt Ltd",
        "office": "company",
        "website": "https://sajdyno.com/",
        "osm_type": "node",
        "osm_id": 10805120605,
        "workforce_capacity": null
      },
      "geometry": {
        "type": "Point",
        "coordinates": [
          73.9170097,
          18.5206672
        ]
      }
    },
    {
      "type": "Feature",
      "properties": {
        "addr:city": "Pune",
        "addr:postcode": "411057",
        "addr:street": "Rajiv Gandhi IT park hinjawadi phase 1",
        "name": "CISCO  system pune",
        "office": "company",
        "osm_type": "node",
        "osm_id": 10806994148,
        "workforce_capacity": null
      },
      "geometry": {
        "type": "Point",
        "coordinates": [
          73.7377698,
          18.5868327
        ]
      }
    },
    {
      "type": "Feature",
      "properties": {
        "name": "MM College Of Science",
        "office": "educational_institution",
        "osm_type": "node",
        "osm_id": 10807016265,
        "workforce_capacity": null
      },
      "geometry": {
        "type": "Point",
        "coordinates": [
          73.7838481,
          18.614152
        ]
      }
    },
    {
      "type": "Feature",
      "properties": {
        "name": "Baby's High School",
        "office": "educational_institution",
        "osm_type": "node",
        "osm_id": 10807050084,
        "workforce_capacity": null
      },
      "geometry": {
        "type": "Point",
        "coordinates": [
          73.7968149,
          18.6191225
        ]
      }
    },
    {
      "type": "Feature",
      "properties": {
        "addr:city": "PUNE",
        "addr:district": "Pune",
        "addr:housenumber": "JQMH+365,Pawana Nagar Housing Society,Chichwad",
        "addr:postcode": "411033",
        "addr:street": "Pimpri-Chinchwad",
        "name": "Rasiklal M. Dhariwal International School",
        "office": "educational_institution",
        "opening_hours": "Mo-Sa 08:00-18:00",
        "phone": "8446996049",
        "website": "https://rmdis.org/",
        "osm_type": "node",
        "osm_id": 10807070195,
        "workforce_capacity": null
      },
      "geometry": {
        "type": "Point",
        "coordinates": [
          73.7773835,
          18.6335744
        ]
      }
    },
    {
      "type": "Feature",
      "properties": {
        "addr:city": "Pune",
        "addr:country": "IN",
        "addr:housenumber": "C-17 Swojas Complex",
        "addr:postcode": "411007",
        "addr:street": "Parihar Chowk Aundh",
        "description": "P S Dumbre and Associates | Chartered Accountants | Forensic Auditors",
        "email": "capsdumbre@gmail.com",
        "image": "https://lh3.googleusercontent.com/p/AF1QipPkDGeEHSfaeofNeJ_A7vVDuFnsVCYqzX5kdGMx=w1080-h608-p-k-no-v0",
        "name": "P S Dumbre and Associates Chartered Accountants",
        "office": "accountant",
        "opening_hours": "Mo-Sa 10:30-18:30",
        "phone": "+91 9404962084",
        "website": "https://psdca.business.site/",
        "osm_type": "node",
        "osm_id": 10852479711,
        "workforce_capacity": null
      },
      "geometry": {
        "type": "Point",
        "coordinates": [
          73.8098953,
          18.5608023
        ]
      }
    },
    {
      "type": "Feature",
      "properties": {
        "government": "tax",
        "level": "1",
        "name": "वाकड करसंकलन विभागीय कार्यालय",
        "name:en": "Regional tax collection office Wakad",
        "name:mr": "वाकड करसंकलन विभागीय कार्यालय",
        "office": "government",
        "opening_hours": "Mo-Fr 10:00-18:00",
        "wheelchair": "no",
        "osm_type": "node",
        "osm_id": 10892583338,
        "workforce_capacity": null
      },
      "geometry": {
        "type": "Point",
        "coordinates": [
          73.7610497,
          18.5896986
        ]
      }
    },
    {
      "type": "Feature",
      "properties": {
        "alt_name:en": "citizen convenience centre",
        "check_date": "2023-05-16",
        "government": "aadhar",
        "name": "नागरी सुविधा केंद्र",
        "name:en": "Nagari Suvidha Kendra",
        "name:mr": "नागरी सुविधा केंद्र",
        "office": "government",
        "opening_hours": "Mo-Fr 10:30-17:00; Sa-Su off",
        "osm_type": "node",
        "osm_id": 10901166603,
        "workforce_capacity": null
      },
      "geometry": {
        "type": "Point",
        "coordinates": [
          73.7818911,
          18.5961395
        ]
      }
    },
    {
      "type": "Feature",
      "properties": {
        "addr:city": "Pune",
        "addr:housenumber": "3rd Floor, Plot 7,",
        "addr:postcode": "411007",
        "addr:street": "Common wealth Society Opposite Aundh Telephone exchange Landmark : Gaikwad Petrol Pump",
        "check_date": "2026-03-10",
        "name": "TECHNOGEEKS",
        "office": "educational_institution",
        "opening_hours": "Mo-Su 07:00-19:00",
        "phone": "08600998107",
        "source": "local knowledge;gps;osm notes;survey",
        "website": "https://technogeekscs.com/",
        "osm_type": "node",
        "osm_id": 10907602427,
        "workforce_capacity": null
      },
      "geometry": {
        "type": "Point",
        "coordinates": [
          73.801956,
          18.5591164
        ]
      }
    },
    {
      "type": "Feature",
      "properties": {
        "addr:city": "Pune",
        "addr:housenumber": "s.no.99",
        "addr:postcode": "412105",
        "addr:street": "Lane no. 8",
        "name": "Cloud Micro Solutions",
        "office": "it",
        "osm_type": "node",
        "osm_id": 10936347832,
        "workforce_capacity": null
      },
      "geometry": {
        "type": "Point",
        "coordinates": [
          73.9276539,
          18.6234607
        ]
      }
    },
    {
      "type": "Feature",
      "properties": {
        "addr:city": "Pune",
        "addr:housenumber": "201",
        "addr:postcode": "411016",
        "addr:street": "Manikchand Galleria, Kalu Tamanna Kusalkar Road, Wadarvadi, Model Colony, Shivajinagar",
        "company": "DelphianLogic Technologies Pvt Ltd",
        "name": "DelphianLogic Technologies Pvt Ltd",
        "office": "company",
        "opening_hours": "Mo-Fr 09:00-19:00",
        "website": "https://www.delphianlogic.com",
        "osm_type": "node",
        "osm_id": 10980956777,
        "workforce_capacity": null
      },
      "geometry": {
        "type": "Point",
        "coordinates": [
          73.8333854,
          18.5292657
        ]
      }
    },
    {
      "type": "Feature",
      "properties": {
        "addr:city": "Pune",
        "addr:postcode": "411014",
        "addr:street": "Viman Nagar Road",
        "alt_name": "TICC",
        "name": "Technology Innovation and Collaboration Center (TICC)",
        "office": "company",
        "opening_hours": "Mo-Fr 09:00-19:00",
        "website": "bajajfinserv.in",
        "osm_type": "node",
        "osm_id": 11001450613,
        "workforce_capacity": null
      },
      "geometry": {
        "type": "Point",
        "coordinates": [
          73.9179113,
          18.5661394
        ]
      }
    },
    {
      "type": "Feature",
      "properties": {
        "addr:city": "Pune",
        "addr:housenumber": "A&T House, 1205/01/10",
        "addr:postcode": "411004",
        "addr:street": "Nanasaheb Deshpande path, Shivajinagar",
        "name": "ALLEN Career Institute",
        "office": "educational_institution",
        "website": "https://www.allen.ac.in/pune/",
        "osm_type": "node",
        "osm_id": 11024194524,
        "workforce_capacity": null
      },
      "geometry": {
        "type": "Point",
        "coordinates": [
          73.8449296,
          18.5226964
        ]
      }
    },
    {
      "type": "Feature",
      "properties": {
        "addr:city": "Pune",
        "addr:housenumber": "Plot no-1216,1st Floor, Amrut Chamber",
        "addr:postcode": "411004",
        "addr:street": "Fergusson College Road, Above Haldiram, Shivajinagar",
        "name": "PW Vidyapeeth Pune",
        "office": "educational_institution",
        "website": "https://www.pw.live/",
        "osm_type": "node",
        "osm_id": 11024199533,
        "workforce_capacity": null
      },
      "geometry": {
        "type": "Point",
        "coordinates": [
          73.841336,
          18.5213811
        ]
      }
    },
    {
      "type": "Feature",
      "properties": {
        "addr:city": "Pune",
        "addr:housenumber": "5th - 8th floor, Tower B",
        "addr:postcode": "411045",
        "addr:street": "Panchshil Business Park, Baner-Balewadi link road",
        "name": "VMware Software India Pvt. Ltd.",
        "office": "it",
        "website": "https://www.vmware.com/in.html",
        "osm_type": "node",
        "osm_id": 11052203032,
        "workforce_capacity": null
      },
      "geometry": {
        "type": "Point",
        "coordinates": [
          73.7734771,
          18.5711146
        ]
      }
    },
    {
      "type": "Feature",
      "properties": {
        "check_date": "2023-07-22",
        "name": "Seed infotech",
        "name:en": "Seed infotech",
        "name:mr": "सीड इन्फोटेक",
        "office": "educational_institution",
        "osm_type": "node",
        "osm_id": 11061383053,
        "workforce_capacity": null
      },
      "geometry": {
        "type": "Point",
        "coordinates": [
          73.808915,
          18.5598897
        ]
      }
    },
    {
      "type": "Feature",
      "properties": {
        "name": "The Real Estate Mall",
        "name:en": "The Real Estate Mall",
        "name:mr": "द रियल एस्टेट मॉल",
        "office": "estate_agent",
        "osm_type": "node",
        "osm_id": 11111744731,
        "workforce_capacity": null
      },
      "geometry": {
        "type": "Point",
        "coordinates": [
          73.7930173,
          18.5576472
        ]
      }
    },
    {
      "type": "Feature",
      "properties": {
        "name": "Indigo Paints",
        "office": "company",
        "osm_type": "node",
        "osm_id": 11111744828,
        "workforce_capacity": null
      },
      "geometry": {
        "type": "Point",
        "coordinates": [
          73.7979175,
          18.558906
        ]
      }
    },
    {
      "type": "Feature",
      "properties": {
        "check_date": "2025-03-01",
        "name": "Allen Career Institute",
        "office": "tutoring",
        "osm_type": "node",
        "osm_id": 11111744829,
        "workforce_capacity": null
      },
      "geometry": {
        "type": "Point",
        "coordinates": [
          73.7793222,
          18.5639748
        ]
      }
    },
    {
      "type": "Feature",
      "properties": {
        "check_date": "2026-03-11",
        "name": "Oceaneering International Services Ltd.",
        "office": "company",
        "osm_type": "node",
        "osm_id": 11117122040,
        "workforce_capacity": null
      },
      "geometry": {
        "type": "Point",
        "coordinates": [
          73.8836678,
          18.5623724
        ]
      }
    },
    {
      "type": "Feature",
      "properties": {
        "name": "Maharashtra National Gas Limited",
        "office": "energy_supplier",
        "osm_type": "node",
        "osm_id": 11159366022,
        "workforce_capacity": null
      },
      "geometry": {
        "type": "Point",
        "coordinates": [
          73.7940466,
          18.5574135
        ]
      }
    },
    {
      "type": "Feature",
      "properties": {
        "addr:district": "Pune",
        "addr:postcode": "411038",
        "addr:street": "Lane 3",
        "contact:facebook": "https://www.facebook.com/harbingersys",
        "contact:instagram": "https://www.instagram.com/harbinger_grp",
        "contact:linkedin": "https://www.linkedin.com/company/harbinger-group",
        "contact:twitter": "https://twitter.com/Harbinger_Grp",
        "contact:youtube": "https://www.youtube.com/@harbinger_group",
        "email": "info@harbingergroup.com",
        "name": "Harbinger Group",
        "office": "it",
        "phone": "+91 20 6626 0100;+91 20 2528 4201;+91 20 2528 4202;+91 20 2528 4203",
        "website": "https://www.harbingergroup.com",
        "osm_type": "node",
        "osm_id": 11218852440,
        "workforce_capacity": null
      },
      "geometry": {
        "type": "Point",
        "coordinates": [
          73.794547,
          18.5103615
        ]
      }
    },
    {
      "type": "Feature",
      "properties": {
        "addr:city": "Pune",
        "addr:district": "Pune",
        "addr:postcode": "411041",
        "addr:street": "Nanded City Road",
        "name": "Symphony IT Park",
        "office": "company",
        "osm_type": "node",
        "osm_id": 11292638593,
        "workforce_capacity": null
      },
      "geometry": {
        "type": "Point",
        "coordinates": [
          73.7988802,
          18.4605313
        ]
      }
    },
    {
      "type": "Feature",
      "properties": {
        "addr:city": "Pune",
        "addr:district": "Pune",
        "addr:housenumber": "76/3",
        "addr:postcode": "411027",
        "addr:street": "Kirti Nagar, New Sangvi",
        "name": "KG1",
        "office": "educational_institution",
        "opening_hours": "Mo-Sa 08:00-18:00",
        "phone": "7729970999",
        "website": "https://knowheregeomatics.in/",
        "osm_type": "node",
        "osm_id": 11308947305,
        "workforce_capacity": null
      },
      "geometry": {
        "type": "Point",
        "coordinates": [
          73.7851672,
          18.6316549
        ]
      }
    },
    {
      "type": "Feature",
      "properties": {
        "name": "LivingArea",
        "office": "estate_agent",
        "phone": "+91 98694 74646;+91 98200 27216",
        "website": "https://livingarea.in/",
        "osm_type": "node",
        "osm_id": 11336819126,
        "workforce_capacity": null
      },
      "geometry": {
        "type": "Point",
        "coordinates": [
          73.7373897,
          18.5776205
        ]
      }
    },
    {
      "type": "Feature",
      "properties": {
        "name": "e-Zest Solutions",
        "name:en": "e-Zest Solutions",
        "office": "it",
        "osm_type": "node",
        "osm_id": 11336819128,
        "workforce_capacity": null
      },
      "geometry": {
        "type": "Point",
        "coordinates": [
          73.739869,
          18.5791365
        ]
      }
    },
    {
      "type": "Feature",
      "properties": {
        "name": "KPIT Technologies",
        "name:en": "KPIT Technologies",
        "office": "engineer",
        "osm_type": "node",
        "osm_id": 11336819129,
        "workforce_capacity": null
      },
      "geometry": {
        "type": "Point",
        "coordinates": [
          73.7397923,
          18.5789577
        ]
      }
    },
    {
      "type": "Feature",
      "properties": {
        "name": "Dassault Systèmes",
        "name:en": "Dassault Systèmes",
        "office": "it",
        "osm_type": "node",
        "osm_id": 11336819130,
        "workforce_capacity": null
      },
      "geometry": {
        "type": "Point",
        "coordinates": [
          73.7400812,
          18.5788794
        ]
      }
    },
    {
      "type": "Feature",
      "properties": {
        "name": "LTI Mindtree",
        "name:en": "LTI Mindtree",
        "office": "it",
        "osm_type": "node",
        "osm_id": 11336819131,
        "workforce_capacity": null
      },
      "geometry": {
        "type": "Point",
        "coordinates": [
          73.7393119,
          18.579251
        ]
      }
    },
    {
      "type": "Feature",
      "properties": {
        "name": "Tresvista",
        "name:en": "Tresvista",
        "office": "financial",
        "osm_type": "node",
        "osm_id": 11336819132,
        "workforce_capacity": null
      },
      "geometry": {
        "type": "Point",
        "coordinates": [
          73.739418,
          18.5790527
        ]
      }
    },
    {
      "type": "Feature",
      "properties": {
        "name": "Microland",
        "name:en": "Microland",
        "office": "it",
        "osm_type": "node",
        "osm_id": 11336819133,
        "workforce_capacity": null
      },
      "geometry": {
        "type": "Point",
        "coordinates": [
          73.739082,
          18.5791449
        ]
      }
    },
    {
      "type": "Feature",
      "properties": {
        "brand": "Accenture",
        "brand:wikidata": "Q338825",
        "name": "Accenture",
        "office": "consulting",
        "osm_type": "node",
        "osm_id": 11336819134,
        "workforce_capacity": null
      },
      "geometry": {
        "type": "Point",
        "coordinates": [
          73.7385662,
          18.5792845
        ]
      }
    },
    {
      "type": "Feature",
      "properties": {
        "name": "Apexon",
        "name:en": "Apexon",
        "office": "it",
        "osm_type": "node",
        "osm_id": 11336819135,
        "workforce_capacity": null
      },
      "geometry": {
        "type": "Point",
        "coordinates": [
          73.7385633,
          18.578994
        ]
      }
    },
    {
      "type": "Feature",
      "properties": {
        "name": "Globant",
        "name:en": "Globant",
        "office": "it",
        "osm_type": "node",
        "osm_id": 11336819136,
        "workforce_capacity": null
      },
      "geometry": {
        "type": "Point",
        "coordinates": [
          73.7392412,
          18.5789716
        ]
      }
    },
    {
      "type": "Feature",
      "properties": {
        "name": "NCS",
        "name:en": "NCS",
        "office": "it",
        "osm_type": "node",
        "osm_id": 11336819137,
        "workforce_capacity": null
      },
      "geometry": {
        "type": "Point",
        "coordinates": [
          73.7387755,
          18.579251
        ]
      }
    },
    {
      "type": "Feature",
      "properties": {
        "name": "Saama",
        "name:en": "Saama",
        "office": "it",
        "osm_type": "node",
        "osm_id": 11336819138,
        "workforce_capacity": null
      },
      "geometry": {
        "type": "Point",
        "coordinates": [
          73.7383894,
          18.5791923
        ]
      }
    },
    {
      "type": "Feature",
      "properties": {
        "name": "Darwish Cybertech",
        "name:en": "Darwish Cybertech",
        "office": "it",
        "osm_type": "node",
        "osm_id": 11336819139,
        "workforce_capacity": null
      },
      "geometry": {
        "type": "Point",
        "coordinates": [
          73.7387372,
          18.5790946
        ]
      }
    },
    {
      "type": "Feature",
      "properties": {
        "name": "LTI Mindtree",
        "name:en": "LTI Mindtree",
        "office": "it",
        "osm_type": "node",
        "osm_id": 11336819144,
        "workforce_capacity": null
      },
      "geometry": {
        "type": "Point",
        "coordinates": [
          73.7382697,
          18.5798749
        ]
      }
    },
    {
      "type": "Feature",
      "properties": {
        "name": "AB Knowledge Systems",
        "name:en": "AB Knowledge Systems",
        "office": "engineer",
        "osm_type": "node",
        "osm_id": 11336819145,
        "workforce_capacity": null
      },
      "geometry": {
        "type": "Point",
        "coordinates": [
          73.7380159,
          18.5799831
        ]
      }
    },
    {
      "type": "Feature",
      "properties": {
        "name": "Fortrea",
        "name:en": "Fortrea",
        "office": "consulting",
        "osm_type": "node",
        "osm_id": 11336819146,
        "workforce_capacity": null
      },
      "geometry": {
        "type": "Point",
        "coordinates": [
          73.7381707,
          18.5797378
        ]
      }
    },
    {
      "type": "Feature",
      "properties": {
        "name": "Searce",
        "name:en": "Searce",
        "office": "it",
        "osm_type": "node",
        "osm_id": 11336819147,
        "workforce_capacity": null
      },
      "geometry": {
        "type": "Point",
        "coordinates": [
          73.7382062,
          18.5800697
        ]
      }
    },
    {
      "type": "Feature",
      "properties": {
        "name": "Vsynergize",
        "name:en": "Vsynergize",
        "office": "it",
        "osm_type": "node",
        "osm_id": 11336819148,
        "workforce_capacity": null
      },
      "geometry": {
        "type": "Point",
        "coordinates": [
          73.7378764,
          18.5799831
        ]
      }
    },
    {
      "type": "Feature",
      "properties": {
        "name": "Fortrea",
        "name:en": "Fortrea",
        "office": "consulting",
        "osm_type": "node",
        "osm_id": 11336819149,
        "workforce_capacity": null
      },
      "geometry": {
        "type": "Point",
        "coordinates": [
          73.7372572,
          18.579353
        ]
      }
    },
    {
      "type": "Feature",
      "properties": {
        "name": "Tata Technologies",
        "name:en": "Tata Technologies",
        "office": "it",
        "osm_type": "node",
        "osm_id": 11336819150,
        "workforce_capacity": null
      },
      "geometry": {
        "type": "Point",
        "coordinates": [
          73.7372403,
          18.5797161
        ]
      }
    },
    {
      "type": "Feature",
      "properties": {
        "name": "NCS",
        "name:en": "NCS",
        "office": "it",
        "osm_type": "node",
        "osm_id": 11336819151,
        "workforce_capacity": null
      },
      "geometry": {
        "type": "Point",
        "coordinates": [
          73.7375655,
          18.5797161
        ]
      }
    },
    {
      "type": "Feature",
      "properties": {
        "name": "Persistent Systems",
        "name:en": "Persistent Systems",
        "office": "it",
        "osm_type": "node",
        "osm_id": 11336819152,
        "workforce_capacity": null
      },
      "geometry": {
        "type": "Point",
        "coordinates": [
          73.7377777,
          18.5796058
        ]
      }
    },
    {
      "type": "Feature",
      "properties": {
        "name": "Aker Solutions",
        "name:en": "Aker Solutions",
        "office": "energy_supplier",
        "osm_type": "node",
        "osm_id": 11336819153,
        "workforce_capacity": null
      },
      "geometry": {
        "type": "Point",
        "coordinates": [
          73.7372129,
          18.5803457
        ]
      }
    },
    {
      "type": "Feature",
      "properties": {
        "brand": "Accenture",
        "brand:wikidata": "Q338825",
        "name": "Accenture",
        "office": "consulting",
        "osm_type": "node",
        "osm_id": 11336819154,
        "workforce_capacity": null
      },
      "geometry": {
        "type": "Point",
        "coordinates": [
          73.7375655,
          18.5811666
        ]
      }
    },
    {
      "type": "Feature",
      "properties": {
        "name": "Neeyamo Enterprise Solutions",
        "name:en": "Neeyamo Enterprise Solutions",
        "office": "it",
        "osm_type": "node",
        "osm_id": 11336819155,
        "workforce_capacity": null
      },
      "geometry": {
        "type": "Point",
        "coordinates": [
          73.7378428,
          18.5805533
        ]
      }
    },
    {
      "type": "Feature",
      "properties": {
        "level": "1",
        "name": "Active Estate Consultants",
        "name:en": "Active Estate Consultants",
        "office": "estate_agent",
        "phone": "+91 98200 17526",
        "osm_type": "node",
        "osm_id": 11336819188,
        "workforce_capacity": null
      },
      "geometry": {
        "type": "Point",
        "coordinates": [
          73.7358277,
          18.5799943
        ]
      }
    },
    {
      "type": "Feature",
      "properties": {
        "name": "Dhanvir Capital",
        "name:en": "Dhanvir Capital",
        "office": "financial_advisor",
        "osm_type": "node",
        "osm_id": 11336819193,
        "workforce_capacity": null
      },
      "geometry": {
        "type": "Point",
        "coordinates": [
          73.7357418,
          18.5802988
        ]
      }
    },
    {
      "type": "Feature",
      "properties": {
        "name": "Your Space",
        "office": "estate_agent",
        "osm_type": "node",
        "osm_id": 11336819195,
        "workforce_capacity": null
      },
      "geometry": {
        "type": "Point",
        "coordinates": [
          73.7357173,
          18.5803769
        ]
      }
    },
    {
      "type": "Feature",
      "properties": {
        "name": "Simplicity Investing",
        "name:en": "Simplicity Investing",
        "office": "financial_advisor",
        "osm_type": "node",
        "osm_id": 11336819200,
        "workforce_capacity": null
      },
      "geometry": {
        "type": "Point",
        "coordinates": [
          73.7355014,
          18.5811265
        ]
      }
    },
    {
      "type": "Feature",
      "properties": {
        "name": "Futurism Technologies",
        "office": "it",
        "osm_type": "node",
        "osm_id": 11337775147,
        "workforce_capacity": null
      },
      "geometry": {
        "type": "Point",
        "coordinates": [
          73.7356215,
          18.5837179
        ]
      }
    },
    {
      "type": "Feature",
      "properties": {
        "name": "Science and Technology Park",
        "office": "research",
        "osm_type": "node",
        "osm_id": 11375788737,
        "workforce_capacity": null
      },
      "geometry": {
        "type": "Point",
        "coordinates": [
          73.8230973,
          18.5527328
        ]
      }
    },
    {
      "type": "Feature",
      "properties": {
        "check_date": "2026-03-10",
        "name": "Examination Department",
        "office": "yes",
        "osm_type": "node",
        "osm_id": 11375788738,
        "workforce_capacity": null
      },
      "geometry": {
        "type": "Point",
        "coordinates": [
          73.8221551,
          18.5545509
        ]
      }
    },
    {
      "type": "Feature",
      "properties": {
        "check_date": "2026-03-10",
        "name": "Administration Office",
        "office": "yes",
        "osm_type": "node",
        "osm_id": 11375788739,
        "workforce_capacity": null
      },
      "geometry": {
        "type": "Point",
        "coordinates": [
          73.8229074,
          18.5550889
        ]
      }
    },
    {
      "type": "Feature",
      "properties": {
        "name": "Office of Information Officer(RTI)",
        "office": "yes",
        "osm_type": "node",
        "osm_id": 11375788748,
        "workforce_capacity": null
      },
      "geometry": {
        "type": "Point",
        "coordinates": [
          73.8227582,
          18.5536564
        ]
      }
    },
    {
      "type": "Feature",
      "properties": {
        "addr:city": "Pune",
        "addr:housenumber": "101, Wisteria Commercial Complex, Keshavnagar",
        "addr:postcode": "411036",
        "addr:street": "Mundhwa Road",
        "name": "KH Technologies Private Limited",
        "office": "it",
        "opening_hours": "Mo-Fr 09:00-17:00",
        "phone": "+919890295287",
        "website": "https://khtechnologies.in/",
        "osm_type": "node",
        "osm_id": 11387884822,
        "workforce_capacity": null
      },
      "geometry": {
        "type": "Point",
        "coordinates": [
          73.9444213,
          18.5291334
        ]
      }
    },
    {
      "type": "Feature",
      "properties": {
        "addr:city": "Pune",
        "addr:district": "Pune",
        "addr:housenumber": "819",
        "addr:postcode": "411004",
        "addr:street": "Bhandarkar Path",
        "air_conditioning": "yes",
        "contact:instagram": "dilipoaksacademy",
        "contact:linkedin": "https://www.linkedin.com/company/dilip-oak's-academy",
        "contact:youtube": "https://www.youtube.com/c/DilipOaksAcademyofficial",
        "email": "support@dilipoakacademy.com",
        "mobile": "+91 932 276 1395;+91 800 787 8495",
        "name": "Dilip Oak's Academy",
        "office": "educational_institution",
        "opening_hours": "Mo-Sa 09:00-18:30",
        "phone": "+91 20 6744 4222",
        "smoking": "no",
        "website": "https://www.dilipoakacademy.com",
        "osm_type": "node",
        "osm_id": 11388387252,
        "workforce_capacity": null
      },
      "geometry": {
        "type": "Point",
        "coordinates": [
          73.8317661,
          18.5191409
        ]
      }
    },
    {
      "type": "Feature",
      "properties": {
        "brand": "WeWork",
        "brand:wikidata": "Q19995004",
        "fee": "yes",
        "name": "WeWork",
        "office": "coworking",
        "osm_type": "node",
        "osm_id": 11394044368,
        "workforce_capacity": null
      },
      "geometry": {
        "type": "Point",
        "coordinates": [
          73.7831344,
          18.5565418
        ]
      }
    },
    {
      "type": "Feature",
      "properties": {
        "addr:postcode": "411026",
        "addr:street": "Indrayani Nagar Road",
        "internet_access": "wlan",
        "name": "Accura Machine Tools",
        "name:en": "Accura Machine Tools",
        "office": "company",
        "opening_hours": "Mo-Sa 09:30-17:30",
        "osm_type": "node",
        "osm_id": 11482286169,
        "workforce_capacity": null
      },
      "geometry": {
        "type": "Point",
        "coordinates": [
          73.8372734,
          18.6332839
        ]
      }
    },
    {
      "type": "Feature",
      "properties": {
        "addr:city": "Pune",
        "addr:district": "Pune",
        "addr:housenumber": "715",
        "addr:postcode": "411027",
        "addr:street": "Nashik Phata-Wakad BRTS",
        "name": "Space Explorer Interiors",
        "office": "company",
        "website": "https://www.spaceexplorer.in/",
        "osm_type": "node",
        "osm_id": 11486371971,
        "workforce_capacity": null
      },
      "geometry": {
        "type": "Point",
        "coordinates": [
          73.7893877,
          18.5960347
        ]
      }
    },
    {
      "type": "Feature",
      "properties": {
        "description": "Solar EPC Company",
        "generator:method": "photovoltaic",
        "generator:output:electricity": "small_installation",
        "generator:source": "solar",
        "generator:type": "solar_photovoltaic_panel",
        "name": "Saurvishwa Energy",
        "office": "company",
        "operator": "Saurvishwa Energy",
        "power": "generator",
        "osm_type": "node",
        "osm_id": 11521323246,
        "workforce_capacity": null
      },
      "geometry": {
        "type": "Point",
        "coordinates": [
          73.8598642,
          18.4695024
        ]
      }
    },
    {
      "type": "Feature",
      "properties": {
        "addr:city": "Pune",
        "addr:district": "Pune",
        "addr:postcode": "411007",
        "addr:street": "Ramchandra Gayakwad Path",
        "contact:facebook": "https://www.facebook.com/KaulgudsAcademy",
        "contact:instagram": "https://instagram.com/kkaulgudss",
        "email": "kaulgudclassespune@gmail.com",
        "mobile": "+91 777 405 2955",
        "name": "Kaulgud Academy",
        "name:en": "Kaulgud Academy",
        "name:hi": "कौलगुडस् अकॅडेमी",
        "name:mr": "कौलगुडस् अकॅडेमी",
        "office": "educational_institution",
        "phone": "+91 20 4005 9295",
        "website": "https://kaulgudsacademy.com/",
        "osm_type": "node",
        "osm_id": 11539934874,
        "workforce_capacity": null
      },
      "geometry": {
        "type": "Point",
        "coordinates": [
          73.8063453,
          18.5602541
        ]
      }
    },
    {
      "type": "Feature",
      "properties": {
        "addr:city": "Pune",
        "addr:district": "Pune",
        "addr:postcode": "411045",
        "addr:street": "New DP Road",
        "contact:facebook": "https://www.facebook.com/TakalkarClassesPune/",
        "contact:instagram": "https://www.instagram.com/takalkarclasses/",
        "contact:twitter": "https://twitter.com/ClassesTakalkar",
        "email": "learn@takalkarclasses.com",
        "level": "1",
        "name": "Takalkar Classes",
        "name:en": "Takalkar Classes",
        "name:hi": "टाकळकर क्लासेस",
        "name:mr": "टाकळकर क्लासेस",
        "office": "educational_institution",
        "opening_hours": "Mo-Sa 10:00-20:00",
        "phone": "+91 853 055 9900",
        "website": "https://takalkarclasses.com/",
        "osm_type": "node",
        "osm_id": 11546228230,
        "workforce_capacity": null
      },
      "geometry": {
        "type": "Point",
        "coordinates": [
          73.8027331,
          18.5617401
        ]
      }
    },
    {
      "type": "Feature",
      "properties": {
        "addr:city": "Pune",
        "addr:district": "Pune",
        "addr:postcode": "411007",
        "addr:street": "Nagras Road",
        "contact:facebook": "https://www.facebook.com/maheshtutorialspune",
        "contact:twitter": "https://twitter.com/TutorialsMahesh",
        "email": "info@maheshtutorialspune.com",
        "level": "4",
        "name": "Mahesh Tutorials",
        "name:en": "Mahesh Tutorials",
        "name:hi": "महेश ट्यूटोरियल्स",
        "name:mr": "महेश ट्यूटोरियल्स",
        "office": "educational_institution",
        "phone": "+91 888 881 0099;+91 855 104 0404",
        "website": "https://www.maheshtutorialspune.com",
        "osm_type": "node",
        "osm_id": 11561312659,
        "workforce_capacity": null
      },
      "geometry": {
        "type": "Point",
        "coordinates": [
          73.8063097,
          18.5657305
        ]
      }
    },
    {
      "type": "Feature",
      "properties": {
        "addr:city": "Pune",
        "addr:housenumber": "Office No.204",
        "addr:postcode": "411028",
        "addr:street": "Next to Wisdom World School, D. P Road, Road, Sade Satra Nali, Hadapsar, Pune, Maharashtra",
        "description": "Home; Services. Wealth Management · Mutual Fund Investment · Financial Planning · Retirement Planning · Demat Account · Insurance Advisory.",
        "name": "SSR Financial Services",
        "office": "financial_advisor",
        "opening_hours": "Mo-Fr 09:00-17:00",
        "phone": "086004 70829",
        "website": "http://ssrfinancialservices.com/",
        "osm_type": "node",
        "osm_id": 11668259804,
        "workforce_capacity": null
      },
      "geometry": {
        "type": "Point",
        "coordinates": [
          73.9392388,
          18.5113959
        ]
      }
    },
    {
      "type": "Feature",
      "properties": {
        "check_date": "2026-03-12",
        "name": "Applus+ IDIADA",
        "office": "it",
        "osm_type": "node",
        "osm_id": 11680902125,
        "workforce_capacity": null
      },
      "geometry": {
        "type": "Point",
        "coordinates": [
          73.8709175,
          18.5315347
        ]
      }
    },
    {
      "type": "Feature",
      "properties": {
        "check_date": "2026-03-15",
        "name": "OLA head office",
        "office": "it",
        "osm_type": "node",
        "osm_id": 11680904838,
        "workforce_capacity": null
      },
      "geometry": {
        "type": "Point",
        "coordinates": [
          73.8710146,
          18.5330973
        ]
      }
    },
    {
      "type": "Feature",
      "properties": {
        "addr:city": "Pune",
        "addr:housenumber": "Office No 626, 6th Floor, Suratwala Mark Plaza",
        "addr:postcode": "411057",
        "addr:street": "Hinjawadi Road",
        "name": "Fraxotic Innovation Pvt. Ltd.",
        "office": "company",
        "opening_hours": "Mo-Sa 11:00-19:00",
        "phone": "+91 22 6971 9067",
        "website": "https://fraxotic.com/",
        "osm_type": "node",
        "osm_id": 11699891545,
        "workforce_capacity": null
      },
      "geometry": {
        "type": "Point",
        "coordinates": [
          73.7481868,
          18.5905426
        ]
      }
    },
    {
      "type": "Feature",
      "properties": {
        "addr:city": "Wakad, Pune",
        "addr:district": "Pune",
        "addr:postcode": "411057",
        "addr:street": "Shri Chatrapati Shivaji Maharaj Road",
        "name": "Euro School",
        "office": "educational_institution",
        "osm_type": "node",
        "osm_id": 11700158459,
        "workforce_capacity": null
      },
      "geometry": {
        "type": "Point",
        "coordinates": [
          73.7687896,
          18.5990225
        ]
      }
    },
    {
      "type": "Feature",
      "properties": {
        "check_date": "2026-03-15",
        "name": "Sinhgad, SIMCA",
        "office": "educational_institution",
        "osm_type": "node",
        "osm_id": 11780231416,
        "workforce_capacity": null
      },
      "geometry": {
        "type": "Point",
        "coordinates": [
          73.8188889,
          18.4551001
        ]
      }
    },
    {
      "type": "Feature",
      "properties": {
        "check_date": "2026-03-15",
        "name": "Sinhgad Institute of Technology and Science {SITS}, Narhe",
        "office": "educational_institution",
        "website": "https://cms.sinhgad.edu/sinhgad_engineering_institutes/sits_narhetechnicalcampus/sits_nt_aboutus.aspx",
        "osm_type": "node",
        "osm_id": 11780231417,
        "workforce_capacity": null
      },
      "geometry": {
        "type": "Point",
        "coordinates": [
          73.8182324,
          18.4554453
        ]
      }
    },
    {
      "type": "Feature",
      "properties": {
        "name": "Zilla Parishad School, Nanded",
        "office": "educational_institution",
        "osm_type": "node",
        "osm_id": 11804986055,
        "workforce_capacity": null
      },
      "geometry": {
        "type": "Point",
        "coordinates": [
          73.7846825,
          18.4604542
        ]
      }
    },
    {
      "type": "Feature",
      "properties": {
        "addr:street": "Uttamnagar road",
        "name": "Shahaji Real Estate Agency",
        "office": "estate_agent",
        "osm_type": "node",
        "osm_id": 11816703533,
        "workforce_capacity": null
      },
      "geometry": {
        "type": "Point",
        "coordinates": [
          73.7647439,
          18.5221838
        ]
      }
    },
    {
      "type": "Feature",
      "properties": {
        "check_date": "2026-03-15",
        "name": "SHRI SAI ENTERPRISES",
        "office": "company",
        "osm_type": "node",
        "osm_id": 11892962462,
        "workforce_capacity": null
      },
      "geometry": {
        "type": "Point",
        "coordinates": [
          73.8213265,
          18.4508437
        ]
      }
    },
    {
      "type": "Feature",
      "properties": {
        "addr:city": "Pune",
        "addr:district": "Maharashtra",
        "addr:postcode": "411033",
        "addr:street": "Office No. 14, 1st floor, Sparklink Lamour, Bhumkar Chowk Rd, near Ginger hotel, Tathawade, Pune, Pimpri-Chinchwad, Maharashtra 411033",
        "name": "VirtuBox Infotech Pvt Ltd",
        "office": "it",
        "opening_hours": "Mo-Fr 09:00-18:00",
        "phone": "07972289981",
        "website": "https://www.virtubox.io/",
        "osm_type": "node",
        "osm_id": 11953308948,
        "workforce_capacity": null
      },
      "geometry": {
        "type": "Point",
        "coordinates": [
          73.7519513,
          18.6078193
        ]
      }
    },
    {
      "type": "Feature",
      "properties": {
        "addr:housenumber": "B107 Gera Imperium Oasis",
        "addr:street": "Old Pune–Mumbai Highway",
        "name": "School Of Internet Marketing",
        "office": "educational_institution",
        "osm_type": "node",
        "osm_id": 11975117938,
        "workforce_capacity": null
      },
      "geometry": {
        "type": "Point",
        "coordinates": [
          73.8022309,
          18.6310759
        ]
      }
    },
    {
      "type": "Feature",
      "properties": {
        "name": "Vani Pvt. Ltd. (Pune)",
        "office": "company",
        "osm_type": "node",
        "osm_id": 11991932855,
        "workforce_capacity": null
      },
      "geometry": {
        "type": "Point",
        "coordinates": [
          73.7958968,
          18.6532913
        ]
      }
    },
    {
      "type": "Feature",
      "properties": {
        "addr:postcode": "411003",
        "addr:street": "Shivaji Road",
        "check_date": "2026-03-13",
        "name": "Mamledar Kacheri",
        "name:mr": "मामलेदार कचेरी",
        "office": "government",
        "opening_hours": "Mo-Fr 10:00-17:00",
        "osm_type": "node",
        "osm_id": 12005356769,
        "workforce_capacity": null
      },
      "geometry": {
        "type": "Point",
        "coordinates": [
          73.8583983,
          18.5067846
        ]
      }
    },
    {
      "type": "Feature",
      "properties": {
        "addr:postcode": "411002",
        "addr:street": "Shivaji Road",
        "check_date": "2026-03-13",
        "name": "Tehsildar Office",
        "name:mr": "तेहसिलदार कार्यालय",
        "office": "government",
        "opening_hours": "Mo-Fr 10:00-17:00",
        "osm_type": "node",
        "osm_id": 12005357769,
        "workforce_capacity": null
      },
      "geometry": {
        "type": "Point",
        "coordinates": [
          73.858475,
          18.5068316
        ]
      }
    },
    {
      "type": "Feature",
      "properties": {
        "name": "Bharat Eco Solutions and Technologies",
        "office": "research",
        "phone": "8459893982",
        "osm_type": "node",
        "osm_id": 12008881430,
        "workforce_capacity": null
      },
      "geometry": {
        "type": "Point",
        "coordinates": [
          73.812644,
          18.4573572
        ]
      }
    },
    {
      "type": "Feature",
      "properties": {
        "addr:postcode": "411016",
        "addr:street": "Senapati Bapat Marg",
        "check_date": "2026-03-10",
        "internet_access": "wlan",
        "name": "Druva Software",
        "office": "company",
        "website": "https://www.druva.com/",
        "osm_type": "node",
        "osm_id": 12009116069,
        "workforce_capacity": null
      },
      "geometry": {
        "type": "Point",
        "coordinates": [
          73.8291382,
          18.5336054
        ]
      }
    },
    {
      "type": "Feature",
      "properties": {
        "addr:city": "Pune",
        "addr:district": "Pune",
        "addr:postcode": "411004",
        "addr:street": "warje malwadi road,pandurang colony",
        "name": "Durr India Private Limited",
        "office": "company",
        "opening_hours": "Mo-Fr 09:00-18:00",
        "osm_type": "node",
        "osm_id": 12041116685,
        "workforce_capacity": null
      },
      "geometry": {
        "type": "Point",
        "coordinates": [
          73.8308939,
          18.5078242
        ]
      }
    },
    {
      "type": "Feature",
      "properties": {
        "addr:floor": "G",
        "check_date": "2024-07-12",
        "level": "0",
        "name": "Adv. Pravin Survase",
        "name:en": "Adv. Pravin Survase",
        "name:mr": "वकील प्रविण सुरवसे",
        "office": "lawyer",
        "opening_hours": "Mo-Fr 10:00-14:00,16:30-20:00",
        "operator": "प्रविण सुरवसे",
        "phone": "+91 97658 18667",
        "osm_type": "node",
        "osm_id": 12048384094,
        "workforce_capacity": null
      },
      "geometry": {
        "type": "Point",
        "coordinates": [
          73.7875923,
          18.6163276
        ]
      }
    },
    {
      "type": "Feature",
      "properties": {
        "addr:city": "Pune",
        "addr:housenumber": "Survey No - 206/2, CTS No. 78 to 85 Viman Nagar, Lohegaon, Pune, Maharashtra 411014",
        "name": "Panchshil Business Park - Tower B",
        "office": "company",
        "osm_type": "node",
        "osm_id": 12048752662,
        "workforce_capacity": null
      },
      "geometry": {
        "type": "Point",
        "coordinates": [
          73.9145393,
          18.564452
        ]
      }
    },
    {
      "type": "Feature",
      "properties": {
        "addr:city": "Pune-Maharashtra",
        "addr:housenumber": "Survey No - 206/2, CTS No. 78 to 85 Viman Nagar, Lohegaon, Pune, Maharashtra 411014",
        "addr:postcode": "411014",
        "name": "Panchshil Business Park - Tower A",
        "office": "company",
        "osm_type": "node",
        "osm_id": 12048805499,
        "workforce_capacity": null
      },
      "geometry": {
        "type": "Point",
        "coordinates": [
          73.9178322,
          18.5643174
        ]
      }
    },
    {
      "type": "Feature",
      "properties": {
        "addr:city": "pune",
        "addr:district": "Pune",
        "addr:postcode": "411035",
        "addr:street": "Akurdi",
        "denomination": "catholic",
        "description": "The School consists of Primary , Secondary And Junior College.",
        "grades": "1-12",
        "name": "St. Ursula's High School",
        "office": "educational_institution",
        "opening_hours": "Mo-Su 10:00-18:00",
        "religion": "christian",
        "osm_type": "node",
        "osm_id": 12049147593,
        "workforce_capacity": null
      },
      "geometry": {
        "type": "Point",
        "coordinates": [
          73.7770346,
          18.6566789
        ]
      }
    },
    {
      "type": "Feature",
      "properties": {
        "name": "Indira College Of Arts, Commerce and Science (ICACS)",
        "office": "educational_institution",
        "website": "https://icacs.ac.in/",
        "osm_type": "node",
        "osm_id": 12054431664,
        "workforce_capacity": null
      },
      "geometry": {
        "type": "Point",
        "coordinates": [
          73.7499416,
          18.6086864
        ]
      }
    },
    {
      "type": "Feature",
      "properties": {
        "name": "Indira Institute of Management Pune (IIMP)",
        "office": "educational_institution",
        "website": "https://indiraiimp.edu.in/index.php",
        "osm_type": "node",
        "osm_id": 12054497194,
        "workforce_capacity": null
      },
      "geometry": {
        "type": "Point",
        "coordinates": [
          73.7500113,
          18.609027
        ]
      }
    },
    {
      "type": "Feature",
      "properties": {
        "addr:postcode": "411030",
        "addr:street": "Bajirao Road",
        "check_date": "2026-03-13",
        "name": "बी.एस.एन.एल एक्सचेंज",
        "name:en": "BSNL Exchange",
        "office": "company",
        "osm_type": "node",
        "osm_id": 12077260069,
        "workforce_capacity": null
      },
      "geometry": {
        "type": "Point",
        "coordinates": [
          73.8538787,
          18.5075606
        ]
      }
    },
    {
      "type": "Feature",
      "properties": {
        "addr:street": "Bhau Patil Path",
        "brand": "DHL",
        "brand:wikidata": "Q489815",
        "name": "DHL",
        "office": "logistics",
        "osm_type": "node",
        "osm_id": 12091270369,
        "workforce_capacity": null
      },
      "geometry": {
        "type": "Point",
        "coordinates": [
          73.8324679,
          18.5702923
        ]
      }
    },
    {
      "type": "Feature",
      "properties": {
        "addr:city": "Pune",
        "addr:district": "Pune",
        "addr:housenumber": "international tech park",
        "addr:postcode": "411014",
        "addr:street": "Grant Road",
        "check_date": "2026-03-12",
        "name": "IPG Mediabrands India",
        "office": "company",
        "osm_type": "node",
        "osm_id": 12125534163,
        "workforce_capacity": null
      },
      "geometry": {
        "type": "Point",
        "coordinates": [
          73.9576741,
          18.5598947
        ]
      }
    },
    {
      "type": "Feature",
      "properties": {
        "name": "Dr. Kalmadi Shamarao High School and Junior College",
        "office": "educational_institution",
        "osm_type": "node",
        "osm_id": 12169131815,
        "workforce_capacity": null
      },
      "geometry": {
        "type": "Point",
        "coordinates": [
          73.826881,
          18.5020972
        ]
      }
    },
    {
      "type": "Feature",
      "properties": {
        "addr:city": "Pune",
        "addr:full": "Office No. 301, 3rd Floor, “Tech Summit”, Survey No. 87, Plot No.110, Priyanka Park, Baner Road, Baner, Pune, Maharashtra 411045",
        "addr:housenumber": "110",
        "addr:postcode": "411045",
        "addr:street": "Baner Road",
        "consulting": "security",
        "name": "Kapstone Cybersecurity Private Limited – an iC Consult Company",
        "office": "it",
        "website": "https://ic-consult.com/",
        "osm_type": "node",
        "osm_id": 12179203327,
        "workforce_capacity": null
      },
      "geometry": {
        "type": "Point",
        "coordinates": [
          73.7744021,
          18.5639224
        ]
      }
    },
    {
      "type": "Feature",
      "properties": {
        "name": "Sri Ramdhara Corporate Office",
        "office": "company",
        "osm_type": "node",
        "osm_id": 12180014538,
        "workforce_capacity": null
      },
      "geometry": {
        "type": "Point",
        "coordinates": [
          73.8296409,
          18.567968
        ]
      }
    },
    {
      "type": "Feature",
      "properties": {
        "addr:city": "Pune",
        "addr:district": "Pune",
        "addr:housenumber": "93 Avenue",
        "addr:postcode": "411022",
        "addr:street": "Solapur Road",
        "air_conditioning": "yes",
        "name": "VFS Global",
        "name:en": "VFS Global Canada Visa Application Centre",
        "office": "visa",
        "opening_hours": "Mo-Fr 09:00-17:00",
        "operator": "VFS Global",
        "operator:wikidata": "Q7906873",
        "website": "https://visa.vfsglobal.com",
        "osm_type": "node",
        "osm_id": 12196852801,
        "workforce_capacity": null
      },
      "geometry": {
        "type": "Point",
        "coordinates": [
          73.9065811,
          18.5056241
        ]
      }
    },
    {
      "type": "Feature",
      "properties": {
        "addr:city": "Hinjewadi, Pune",
        "addr:district": "Pune",
        "addr:housenumber": "4th, 5th and Ground floor, Avance II",
        "addr:postcode": "411057",
        "addr:street": "Blue Ridge Road, Phase 1",
        "name": "FORVIA",
        "office": "engineer",
        "opening_hours": "Mo-Fr 08:00-17:00",
        "website": "https://www.forvia.com/",
        "osm_type": "node",
        "osm_id": 12245712816,
        "workforce_capacity": null
      },
      "geometry": {
        "type": "Point",
        "coordinates": [
          73.7401812,
          18.581371
        ]
      }
    },
    {
      "type": "Feature",
      "properties": {
        "addr:city": "Pune",
        "addr:district": "Pune",
        "addr:housenumber": "Office No. 805, Vantage Capital",
        "addr:postcode": "411057",
        "addr:street": "Marunji Road",
        "email": "contact@spatioworld.com",
        "name": "SpatioWorld",
        "office": "it",
        "opening_hours": "Mo-Sa 09:00-18:00",
        "phone": "+91 8956588558",
        "website": "https://spatioworld.com",
        "osm_type": "node",
        "osm_id": 12281630915,
        "workforce_capacity": null
      },
      "geometry": {
        "type": "Point",
        "coordinates": [
          73.7357885,
          18.5970686
        ]
      }
    },
    {
      "type": "Feature",
      "properties": {
        "check_date": "2026-03-10",
        "name": "Vikrant Commerce Academy",
        "office": "educational_institution",
        "osm_type": "node",
        "osm_id": 12422145785,
        "workforce_capacity": null
      },
      "geometry": {
        "type": "Point",
        "coordinates": [
          73.8030074,
          18.5601304
        ]
      }
    },
    {
      "type": "Feature",
      "properties": {
        "name": "ARC Studio",
        "office": "educational_institution",
        "osm_type": "node",
        "osm_id": 12422145786,
        "workforce_capacity": null
      },
      "geometry": {
        "type": "Point",
        "coordinates": [
          73.8028989,
          18.5604792
        ]
      }
    },
    {
      "type": "Feature",
      "properties": {
        "name": "ILJIN Group India HQ",
        "office": "company",
        "website": "https://www.iljin.com",
        "osm_type": "node",
        "osm_id": 12452715434,
        "workforce_capacity": null
      },
      "geometry": {
        "type": "Point",
        "coordinates": [
          73.7714066,
          18.5521326
        ]
      }
    },
    {
      "type": "Feature",
      "properties": {
        "addr:city": "Pune",
        "addr:district": "Pune",
        "addr:housenumber": "201",
        "addr:postcode": "411014",
        "addr:street": "Suman Business Park",
        "check_date": "2026-03-09",
        "name": "Aumni Techworks",
        "office": "company",
        "website": "https://www.aumnitechworks.com/",
        "osm_type": "node",
        "osm_id": 12484328344,
        "workforce_capacity": null
      },
      "geometry": {
        "type": "Point",
        "coordinates": [
          73.9064129,
          18.5464844
        ]
      }
    },
    {
      "type": "Feature",
      "properties": {
        "addr:city": "Pune",
        "addr:country": "IN",
        "addr:district": "Pune",
        "addr:postcode": "411045",
        "addr:state": "Maharashtra",
        "addr:street": "Business Enclave, Baner",
        "name": "miniOrange",
        "office": "it",
        "website": "https://www.miniorange.com/",
        "osm_type": "node",
        "osm_id": 12522693029,
        "workforce_capacity": null
      },
      "geometry": {
        "type": "Point",
        "coordinates": [
          73.7707173,
          18.5541501
        ]
      }
    },
    {
      "type": "Feature",
      "properties": {
        "addr:city": "Pune",
        "addr:housenumber": "Sr.No. 47/3/1",
        "addr:postcode": "411014",
        "addr:street": "Kharadi Road",
        "check_date": "2026-03-09",
        "name": "EKTA ACADEMY BORATE CLASSES",
        "office": "educational_institution",
        "osm_type": "node",
        "osm_id": 12536607694,
        "workforce_capacity": null
      },
      "geometry": {
        "type": "Point",
        "coordinates": [
          73.9311837,
          18.5602966
        ]
      }
    },
    {
      "type": "Feature",
      "properties": {
        "name": "Professional Couriers",
        "office": "courier",
        "osm_type": "node",
        "osm_id": 12644782886,
        "workforce_capacity": null
      },
      "geometry": {
        "type": "Point",
        "coordinates": [
          73.8328455,
          18.5711219
        ]
      }
    },
    {
      "type": "Feature",
      "properties": {
        "addr:city": "Pune",
        "addr:district": "Pune",
        "addr:housenumber": "Subhadra Chembers",
        "addr:postcode": "411034",
        "addr:street": "Old Pune–Mumbai Highway",
        "consulting": "digital_marketing;web_development;web_design;graphics;seo;social_media_management;online_reputation_management;wordpress_development;ecommerce_development",
        "name": "Gatitaa",
        "office": "consulting",
        "opening_hours": "Mo-Sa 09:30-18:30",
        "phone": "+918669666157",
        "website": "https://gatitaa.com",
        "osm_type": "node",
        "osm_id": 12718287757,
        "workforce_capacity": null
      },
      "geometry": {
        "type": "Point",
        "coordinates": [
          73.8258674,
          18.6019618
        ]
      }
    },
    {
      "type": "Feature",
      "properties": {
        "addr:district": "Pune",
        "check_date": "2026-03-08",
        "internet_access": "wlan",
        "internet_access:fee": "no",
        "name": "Bora Classes",
        "office": "educational_institution",
        "payment:cash": "yes",
        "payment:credit_cards": "yes",
        "payment:debit_cards": "yes",
        "payment:google_pay": "yes",
        "payment:upi": "yes",
        "wheelchair": "yes",
        "osm_type": "node",
        "osm_id": 12741118981,
        "workforce_capacity": null
      },
      "geometry": {
        "type": "Point",
        "coordinates": [
          73.897436,
          18.5521695
        ]
      }
    },
    {
      "type": "Feature",
      "properties": {
        "name": "Roche",
        "name:en": "Roche",
        "name:mr": "रॉश",
        "office": "company",
        "osm_type": "node",
        "osm_id": 12770255677,
        "workforce_capacity": null
      },
      "geometry": {
        "type": "Point",
        "coordinates": [
          73.7971028,
          18.5542845
        ]
      }
    },
    {
      "type": "Feature",
      "properties": {
        "government": "government",
        "name": "State Health System Resoruce Centre",
        "office": "government",
        "osm_type": "node",
        "osm_id": 12775948197,
        "workforce_capacity": null
      },
      "geometry": {
        "type": "Point",
        "coordinates": [
          73.8048533,
          18.5768409
        ]
      }
    },
    {
      "type": "Feature",
      "properties": {
        "addr:city": "Pune",
        "addr:housenumber": "201",
        "addr:postcode": "411045",
        "addr:street": "Baner Road",
        "email": "info@ozonecoworks.com",
        "name": "Ozone Coworks",
        "name:en": "Ozone Coworks",
        "name:hi": "ओझोन कोवर्क्स",
        "name:mr": "ओझोन कोवर्क्स",
        "office": "coworking",
        "phone": "+91 82371 28000;+91 93090 28272",
        "website": "https://ozonecoworks.com/",
        "osm_type": "node",
        "osm_id": 12806062614,
        "workforce_capacity": null
      },
      "geometry": {
        "type": "Point",
        "coordinates": [
          73.7982115,
          18.5558804
        ]
      }
    },
    {
      "type": "Feature",
      "properties": {
        "email": "info@raykor.com",
        "name": "Raykor",
        "name:en": "Raykor",
        "name:mr": "रेकोर",
        "office": "it",
        "phone": "+91 98230 13435",
        "website": "https://raykor.com/",
        "osm_type": "node",
        "osm_id": 12806062622,
        "workforce_capacity": null
      },
      "geometry": {
        "type": "Point",
        "coordinates": [
          73.7989391,
          18.5547557
        ]
      }
    },
    {
      "type": "Feature",
      "properties": {
        "name": "Storynest Technologies Private Limited",
        "name:en": "Storynest Technologies Private Limited",
        "office": "it",
        "osm_type": "node",
        "osm_id": 12806062635,
        "workforce_capacity": null
      },
      "geometry": {
        "type": "Point",
        "coordinates": [
          73.7959274,
          18.5582113
        ]
      }
    },
    {
      "type": "Feature",
      "properties": {
        "addr:city": "Pune",
        "addr:postcode": "411007",
        "addr:street": "Jagdishnagar",
        "name": "Datavision Software solutions Pvt Ltd",
        "office": "company",
        "smoking": "outside",
        "osm_type": "node",
        "osm_id": 12863596006,
        "workforce_capacity": null
      },
      "geometry": {
        "type": "Point",
        "coordinates": [
          73.8166489,
          18.5553899
        ]
      }
    },
    {
      "type": "Feature",
      "properties": {
        "addr:city": "New Delhi",
        "addr:district": "South West",
        "addr:housenumber": "710",
        "addr:postcode": "110058",
        "addr:street": "Westend Mall, Janakpuri West",
        "email": "support@rediriq.com",
        "image": "https://rediriq.com/assets/images/redirecttrace-trackinglinks.png",
        "name": "RediriQ",
        "office": "company",
        "opening_hours": "Mo-Fr 09:00-17:00",
        "phone": "+91-9999117575",
        "start_date": "26/05/2025",
        "website": "https://rediriq.com",
        "osm_type": "node",
        "osm_id": 12865543783,
        "workforce_capacity": null
      },
      "geometry": {
        "type": "Point",
        "coordinates": [
          73.8067951,
          18.5616624
        ]
      }
    },
    {
      "type": "Feature",
      "properties": {
        "addr:city": "Pune",
        "addr:district": "Pune",
        "addr:housenumber": "301",
        "addr:postcode": "411045",
        "addr:street": "Balewadi Road",
        "name": "Geniebee Infosolutions",
        "office": "company",
        "opening_hours": "Mo-Sa 09:00-19:00",
        "phone": "+917588876699",
        "website": "https://geniebee.co",
        "osm_type": "node",
        "osm_id": 12943719904,
        "workforce_capacity": null
      },
      "geometry": {
        "type": "Point",
        "coordinates": [
          73.766267,
          18.5753491
        ]
      }
    },
    {
      "type": "Feature",
      "properties": {
        "name": "Adv Dipak Pophale",
        "office": "notary",
        "osm_type": "node",
        "osm_id": 12991074865,
        "workforce_capacity": null
      },
      "geometry": {
        "type": "Point",
        "coordinates": [
          73.7408207,
          18.4998557
        ]
      }
    },
    {
      "type": "Feature",
      "properties": {
        "addr:city": "Pune",
        "addr:district": "Pune",
        "addr:postcode": "411060",
        "addr:street": "NIBM Highstreet",
        "name": "Kanifnath Reality Head Office",
        "office": "estate_agent",
        "opening_hours": "Mo-Sa 09:00-18:00",
        "phone": "+918669630303",
        "website": "https://kanifnath.com",
        "osm_type": "node",
        "osm_id": 13095730309,
        "workforce_capacity": null
      },
      "geometry": {
        "type": "Point",
        "coordinates": [
          73.9115796,
          18.4661084
        ]
      }
    },
    {
      "type": "Feature",
      "properties": {
        "addr:postcode": "411045",
        "addr:street": "Balewadi High Street",
        "name": "BOSCH (BGSW)",
        "office": "company",
        "osm_type": "node",
        "osm_id": 13125260502,
        "workforce_capacity": null
      },
      "geometry": {
        "type": "Point",
        "coordinates": [
          73.7733576,
          18.5712594
        ]
      }
    },
    {
      "type": "Feature",
      "properties": {
        "addr:city": "Pune",
        "addr:district": "Pune",
        "addr:housenumber": "3rd Floor, Adams Court",
        "addr:postcode": "411045",
        "addr:street": "Baner Rd, Pashan",
        "name": "Raykor Technologies Pvt. Ltd.",
        "office": "it",
        "website": "https://raykor.com/",
        "osm_type": "node",
        "osm_id": 13130965760,
        "workforce_capacity": null
      },
      "geometry": {
        "type": "Point",
        "coordinates": [
          73.7988381,
          18.5547372
        ]
      }
    },
    {
      "type": "Feature",
      "properties": {
        "addr:city": "Pune",
        "addr:district": "Pune",
        "addr:housenumber": "4 Th floor",
        "addr:postcode": "411001",
        "addr:street": "Maneckji Mehta Road",
        "check_date": "2026-03-12",
        "government": "administrative",
        "name": "Maharashtra Remote Sensing Application Centre (MRSAC)",
        "office": "government",
        "opening_hours": "Mo-Fr 09:00-18:00",
        "website": "https://www.mrsac.gov.in",
        "osm_type": "node",
        "osm_id": 13148828754,
        "workforce_capacity": null
      },
      "geometry": {
        "type": "Point",
        "coordinates": [
          73.878056,
          18.5250287
        ]
      }
    },
    {
      "type": "Feature",
      "properties": {
        "addr:city": "PUNE",
        "addr:district": "Pune",
        "addr:housenumber": "Sr No 82/7, Walke Nagar Kamalraj Haridwar Society,",
        "addr:postcode": "411015",
        "addr:street": "Sant Dyaneshwar Marg",
        "check_date": "2026-03-14",
        "name": "Ajit 360 Virtual Tours Photography",
        "office": "advertising_agency",
        "opening_hours": "24/7",
        "phone": "+91 9762105756",
        "website": "https://ajit360view.com/",
        "osm_type": "node",
        "osm_id": 13159065294,
        "workforce_capacity": null
      },
      "geometry": {
        "type": "Point",
        "coordinates": [
          73.8734873,
          18.6210545
        ]
      }
    },
    {
      "type": "Feature",
      "properties": {
        "addr:city": "Pune",
        "addr:district": "pune",
        "addr:housenumber": "202 A1 wing Antariksh Society",
        "addr:postcode": "411018",
        "name": "Supreme Academy",
        "office": "educational_institution",
        "opening_hours": "24/7",
        "phone": "+919890409040",
        "website": "https://wa.me/919991809164",
        "osm_type": "node",
        "osm_id": 13232915328,
        "workforce_capacity": null
      },
      "geometry": {
        "type": "Point",
        "coordinates": [
          73.8165352,
          18.6372688
        ]
      }
    },
    {
      "type": "Feature",
      "properties": {
        "addr:city": "Pune",
        "addr:district": "Pune",
        "addr:postcode": "411014",
        "addr:street": "Kharadi South Main Road",
        "name": "Eon Gyanankur English School",
        "office": "educational_institution",
        "opening_hours": "Mo-Fr 09:00-17:00",
        "osm_type": "node",
        "osm_id": 13380390309,
        "workforce_capacity": null
      },
      "geometry": {
        "type": "Point",
        "coordinates": [
          73.9439364,
          18.5491971
        ]
      }
    },
    {
      "type": "Feature",
      "properties": {
        "addr:city": "Pune",
        "addr:district": "Haveli",
        "name": "Priyadarshani school",
        "office": "educational_institution",
        "osm_type": "node",
        "osm_id": 13380422986,
        "workforce_capacity": null
      },
      "geometry": {
        "type": "Point",
        "coordinates": [
          73.8411711,
          18.6374942
        ]
      }
    },
    {
      "type": "Feature",
      "properties": {
        "addr:city": "Pune",
        "addr:district": "Pune",
        "addr:postcode": "411014",
        "addr:street": "Patil buwa nagar",
        "name": "Marathon International school and Junior Collage",
        "office": "educational_institution",
        "opening_hours": "Mo-Fr 09:00-17:00",
        "osm_type": "node",
        "osm_id": 13380436584,
        "workforce_capacity": null
      },
      "geometry": {
        "type": "Point",
        "coordinates": [
          73.9422633,
          18.5499683
        ]
      }
    },
    {
      "type": "Feature",
      "properties": {
        "addr:district": "pune",
        "addr:postcode": "411015",
        "government": "register_office",
        "name": "E- seva kendra",
        "office": "government",
        "opening_hours": "09:00-21:00",
        "osm_type": "node",
        "osm_id": 13380453954,
        "workforce_capacity": null
      },
      "geometry": {
        "type": "Point",
        "coordinates": [
          73.8874036,
          18.5871928
        ]
      }
    },
    {
      "type": "Feature",
      "properties": {
        "check_date": "2026-03-14",
        "name": "Coforge",
        "office": "company",
        "osm_type": "node",
        "osm_id": 13390538014,
        "workforce_capacity": null
      },
      "geometry": {
        "type": "Point",
        "coordinates": [
          73.9037855,
          18.5540699
        ]
      }
    },
    {
      "type": "Feature",
      "properties": {
        "check_date": "2026-03-08",
        "internet_access": "wlan",
        "internet_access:fee": "no",
        "name": "Mastercard",
        "name:en": "Mastercard",
        "office": "company",
        "osm_type": "node",
        "osm_id": 13415400584,
        "workforce_capacity": null
      },
      "geometry": {
        "type": "Point",
        "coordinates": [
          73.894538,
          18.5499827
        ]
      }
    },
    {
      "type": "Feature",
      "properties": {
        "name": "Kalpa Power",
        "name:en": "Kalpa Power",
        "office": "company",
        "website": "https://kalpapower.com/",
        "osm_type": "node",
        "osm_id": 13418325147,
        "workforce_capacity": null
      },
      "geometry": {
        "type": "Point",
        "coordinates": [
          73.7762189,
          18.5637631
        ]
      }
    },
    {
      "type": "Feature",
      "properties": {
        "name": "Techlead",
        "name:en": "Techlead",
        "office": "it",
        "website": "http://www.techlead-india.com/",
        "osm_type": "node",
        "osm_id": 13418325178,
        "workforce_capacity": null
      },
      "geometry": {
        "type": "Point",
        "coordinates": [
          73.7709242,
          18.5664318
        ]
      }
    },
    {
      "type": "Feature",
      "properties": {
        "name": "Syngenta",
        "name:en": "Syngenta",
        "name:mr": "सिंजेंटा",
        "office": "company",
        "osm_type": "node",
        "osm_id": 13418738392,
        "workforce_capacity": null
      },
      "geometry": {
        "type": "Point",
        "coordinates": [
          73.7720008,
          18.5662198
        ]
      }
    },
    {
      "type": "Feature",
      "properties": {
        "name": "Lotlite Real Estate",
        "name:en": "Lotlite Real Estate",
        "name:mr": "लॉटलाइट रिअल इस्टेट",
        "office": "estate_agent",
        "phone": "+91 90111 35889;+91 9602 23666",
        "website": "https://www.lotliterealestate.com/",
        "osm_type": "node",
        "osm_id": 13418759549,
        "workforce_capacity": null
      },
      "geometry": {
        "type": "Point",
        "coordinates": [
          73.7351741,
          18.5651793
        ]
      }
    },
    {
      "type": "Feature",
      "properties": {
        "addr:city": "Pune",
        "addr:district": "Pune",
        "addr:housenumber": "223B",
        "addr:postcode": "411030",
        "addr:street": "Sharad Pandit Path",
        "name": "Zingworks LLP",
        "office": "company",
        "opening_hours": "Mo-Fr 09:30-18:30",
        "website": "https://zingworks.co",
        "osm_type": "node",
        "osm_id": 13433002499,
        "workforce_capacity": null
      },
      "geometry": {
        "type": "Point",
        "coordinates": [
          73.8461142,
          18.5086764
        ]
      }
    },
    {
      "type": "Feature",
      "properties": {
        "email": "training@hrremedyindia.com;client@hrremedyindia.com;job@hrremedyindia.com",
        "name": "HR Remedy India",
        "name:en": "HR Remedy India",
        "office": "consulting",
        "phone": "+91 99210 04643",
        "website": "https://www.hrremedyindia.com/",
        "osm_type": "node",
        "osm_id": 13461268164,
        "workforce_capacity": null
      },
      "geometry": {
        "type": "Point",
        "coordinates": [
          73.7748277,
          18.5644624
        ]
      }
    },
    {
      "type": "Feature",
      "properties": {
        "addr:city": "Pune",
        "addr:district": "Pune",
        "addr:housenumber": "Baby's English School",
        "addr:postcode": "411017",
        "addr:street": "Jyotiba Paduka Colony",
        "grades": "1-10",
        "name": "Baby's English School",
        "office": "educational_institution",
        "religion": "none",
        "osm_type": "node",
        "osm_id": 13520921110,
        "workforce_capacity": null
      },
      "geometry": {
        "type": "Point",
        "coordinates": [
          73.7892851,
          18.6107863
        ]
      }
    },
    {
      "type": "Feature",
      "properties": {
        "addr:city": "Pimple Saudagar",
        "addr:district": "Pune",
        "addr:housenumber": "CPS",
        "addr:postcode": "411027",
        "addr:street": "Shiva Sai Lane",
        "level": "6",
        "name": "Challenger Public School",
        "office": "educational_institution",
        "opening_hours": "Mo-Fr 08:00-15:00",
        "osm_type": "node",
        "osm_id": 13520946687,
        "workforce_capacity": null
      },
      "geometry": {
        "type": "Point",
        "coordinates": [
          73.7964346,
          18.5984087
        ]
      }
    },
    {
      "type": "Feature",
      "properties": {
        "fixme": "Location is incorrect as mapped by looking at list of companies from outside",
        "name": "The Toro Company",
        "name:en": "The Toro Company",
        "name:mr": "द टोरो कंपनी",
        "office": "company",
        "osm_type": "node",
        "osm_id": 13585393738,
        "workforce_capacity": null
      },
      "geometry": {
        "type": "Point",
        "coordinates": [
          73.7966756,
          18.5543271
        ]
      }
    },
    {
      "type": "Feature",
      "properties": {
        "fixme": "Location is incorrect as mapped by looking at list of companies from outside",
        "name": "InfoBeans",
        "name:en": "InfoBeans",
        "office": "company",
        "osm_type": "node",
        "osm_id": 13585393739,
        "workforce_capacity": null
      },
      "geometry": {
        "type": "Point",
        "coordinates": [
          73.7965379,
          18.5540964
        ]
      }
    },
    {
      "type": "Feature",
      "properties": {
        "fixme": "Location is incorrect as mapped by looking at list of companies from outside",
        "name": "Tarana",
        "name:en": "Tarana",
        "name:mr": "तराना",
        "office": "company",
        "osm_type": "node",
        "osm_id": 13585393740,
        "workforce_capacity": null
      },
      "geometry": {
        "type": "Point",
        "coordinates": [
          73.7969961,
          18.5540716
        ]
      }
    },
    {
      "type": "Feature",
      "properties": {
        "name": "Cowrks",
        "name:en": "Cowrks",
        "name:mr": "कोवर्क्स",
        "office": "coworking",
        "osm_type": "node",
        "osm_id": 13585393741,
        "workforce_capacity": null
      },
      "geometry": {
        "type": "Point",
        "coordinates": [
          73.7965035,
          18.5544543
        ]
      }
    },
    {
      "type": "Feature",
      "properties": {
        "fixme": "Location is incorrect as mapped by looking at list of companies from outside",
        "name": "Hyster-Yale",
        "name:en": "Hyster-Yale",
        "name:mr": "हायस्टर-येल",
        "office": "company",
        "osm_type": "node",
        "osm_id": 13585393742,
        "workforce_capacity": null
      },
      "geometry": {
        "type": "Point",
        "coordinates": [
          73.796913,
          18.5539366
        ]
      }
    },
    {
      "type": "Feature",
      "properties": {
        "name": "Vimo",
        "name:en": "Vimo",
        "name:mr": "वीमो",
        "office": "company",
        "osm_type": "node",
        "osm_id": 13585393743,
        "workforce_capacity": null
      },
      "geometry": {
        "type": "Point",
        "coordinates": [
          73.7965141,
          18.5543417
        ]
      }
    },
    {
      "type": "Feature",
      "properties": {
        "fixme": "Location is incorrect as mapped by looking at list of companies from outside",
        "name": "The Toro Company",
        "name:en": "The Toro Company",
        "name:mr": "द टोरो कंपनी",
        "office": "company",
        "osm_type": "node",
        "osm_id": 13585393744,
        "workforce_capacity": null
      },
      "geometry": {
        "type": "Point",
        "coordinates": [
          73.7969356,
          18.5543361
        ]
      }
    },
    {
      "type": "Feature",
      "properties": {
        "name": "Aarialife",
        "name:en": "Aarialife",
        "office": "company",
        "osm_type": "node",
        "osm_id": 13585393765,
        "workforce_capacity": null
      },
      "geometry": {
        "type": "Point",
        "coordinates": [
          73.793542,
          18.5570305
        ]
      }
    },
    {
      "type": "Feature",
      "properties": {
        "name": "Kheti Buddy",
        "name:en": "Kheti Buddy",
        "name:mr": "खेती बड्डी",
        "office": "company",
        "osm_type": "node",
        "osm_id": 13585393766,
        "workforce_capacity": null
      },
      "geometry": {
        "type": "Point",
        "coordinates": [
          73.7935076,
          18.5569842
        ]
      }
    },
    {
      "type": "Feature",
      "properties": {
        "mobile": "+91 97669 68880",
        "name": "Disha Services",
        "name:en": "Disha Services",
        "name:mr": "दिशा सर्व्हीसेस",
        "office": "legal_services",
        "osm_type": "node",
        "osm_id": 13598173685,
        "workforce_capacity": null
      },
      "geometry": {
        "type": "Point",
        "coordinates": [
          73.7902685,
          18.5595813
        ]
      }
    },
    {
      "type": "Feature",
      "properties": {
        "mobile": "+91 98901 62020;+91 99235 02020;+91 89996 61312;+91 98901 62020",
        "name": "Adv. Ashish Tamhane & Associates",
        "name:en": "Adv. Ashish Tamhane & Associates",
        "name:mr": "ॲड. आशिष ताम्हाणे ॲण्ड असोसिएट्स",
        "office": "lawyer",
        "osm_type": "node",
        "osm_id": 13598173691,
        "workforce_capacity": null
      },
      "geometry": {
        "type": "Point",
        "coordinates": [
          73.7909622,
          18.5593355
        ]
      }
    },
    {
      "type": "Feature",
      "properties": {
        "air_conditioning": "no",
        "amenity": "college",
        "building:levels": "3",
        "check_date": "2026-03-05;2026-03-12",
        "education": "college",
        "name": "Prof Ramkrishna More College",
        "office": "educational_institution",
        "opening_hours": "Mo-Sa 07:00-17:00",
        "smoking": "no",
        "wheelchair": "yes",
        "osm_type": "node",
        "osm_id": 13619879541,
        "workforce_capacity": null
      },
      "geometry": {
        "type": "Point",
        "coordinates": [
          73.7756971,
          18.647762
        ]
      }
    },
    {
      "type": "Feature",
      "properties": {
        "check_date": "2026-03-07",
        "name": "Global Square",
        "office": "company",
        "osm_type": "node",
        "osm_id": 13624445306,
        "workforce_capacity": null
      },
      "geometry": {
        "type": "Point",
        "coordinates": [
          73.8772751,
          18.545011
        ]
      }
    },
    {
      "type": "Feature",
      "properties": {
        "check_date": "2026-03-08",
        "name": "Kendriya Vidyalaya No.1 School",
        "office": "educational_institution",
        "osm_type": "node",
        "osm_id": 13627087184,
        "workforce_capacity": null
      },
      "geometry": {
        "type": "Point",
        "coordinates": [
          73.9194284,
          18.5920631
        ]
      }
    },
    {
      "type": "Feature",
      "properties": {
        "check_date": "2026-03-10",
        "name": "MSEB",
        "office": "energy_supplier",
        "osm_type": "node",
        "osm_id": 13633146667,
        "workforce_capacity": null
      },
      "geometry": {
        "type": "Point",
        "coordinates": [
          73.8276471,
          18.5071076
        ]
      }
    },
    {
      "type": "Feature",
      "properties": {
        "check_date": "2026-03-10",
        "name": "Indicube",
        "office": "company",
        "osm_type": "node",
        "osm_id": 13633322702,
        "workforce_capacity": null
      },
      "geometry": {
        "type": "Point",
        "coordinates": [
          73.8938976,
          18.5527927
        ]
      }
    },
    {
      "type": "Feature",
      "properties": {
        "check_date": "2026-03-12",
        "name": "Ncc Group Headquarter PUNE",
        "office": "government",
        "osm_type": "node",
        "osm_id": 13640059871,
        "workforce_capacity": null
      },
      "geometry": {
        "type": "Point",
        "coordinates": [
          73.8305964,
          18.5205357
        ]
      }
    },
    {
      "type": "Feature",
      "properties": {
        "check_date": "2026-03-13",
        "government": "register_office",
        "name": "RTO Pune",
        "office": "government",
        "osm_type": "node",
        "osm_id": 13644196892,
        "workforce_capacity": null
      },
      "geometry": {
        "type": "Point",
        "coordinates": [
          73.8632719,
          18.5299478
        ]
      }
    },
    {
      "type": "Feature",
      "properties": {
        "name": "Facctum",
        "office": "yes",
        "osm_type": "node",
        "osm_id": 13649023621,
        "workforce_capacity": null
      },
      "geometry": {
        "type": "Point",
        "coordinates": [
          73.8841899,
          18.5357357
        ]
      }
    },
    {
      "type": "Feature",
      "properties": {
        "name": "AccioJob",
        "name:en": "AccioJob",
        "office": "employment_agency",
        "osm_type": "node",
        "osm_id": 13706671677,
        "workforce_capacity": null
      },
      "geometry": {
        "type": "Point",
        "coordinates": [
          73.7749142,
          18.5648723
        ]
      }
    },
    {
      "type": "Feature",
      "properties": {
        "brand": "Siemens",
        "brand:wikidata": "Q81230",
        "name": "Siemens",
        "office": "company",
        "osm_type": "node",
        "osm_id": 13706720641,
        "workforce_capacity": null
      },
      "geometry": {
        "type": "Point",
        "coordinates": [
          73.7932483,
          18.5566226
        ]
      }
    },
    {
      "type": "Feature",
      "properties": {
        "name": "Quest Global",
        "name:en": "Quest Global",
        "office": "company",
        "osm_type": "node",
        "osm_id": 13706720648,
        "workforce_capacity": null
      },
      "geometry": {
        "type": "Point",
        "coordinates": [
          73.7931394,
          18.55667
        ]
      }
    },
    {
      "type": "Feature",
      "properties": {
        "mobile": "+91 97665 43771;+91 76208 04771",
        "name": "Sysap Technologies",
        "name:en": "Sysap Technologies",
        "office": "employment_agency",
        "osm_type": "node",
        "osm_id": 13762876312,
        "workforce_capacity": null
      },
      "geometry": {
        "type": "Point",
        "coordinates": [
          73.7854384,
          18.5618823
        ]
      }
    },
    {
      "type": "Feature",
      "properties": {
        "brand": "Siemens",
        "brand:wikidata": "Q81230",
        "level": "1;2;4",
        "name": "Siemens",
        "office": "company",
        "osm_type": "node",
        "osm_id": 13767096705,
        "workforce_capacity": null
      },
      "geometry": {
        "type": "Point",
        "coordinates": [
          73.7844239,
          18.5611762
        ]
      }
    },
    {
      "type": "Feature",
      "properties": {
        "addr:city": "Wagholi, Pune, Maharashtra",
        "addr:district": "Pune",
        "addr:housenumber": "501",
        "addr:postcode": "412207",
        "addr:street": "Krushnakunj Apartment, Lohegaon - Wagholi Road",
        "name": "Saarathi Fiber Broadband",
        "office": "telecommunication",
        "opening_hours": "24/7",
        "phone": "+918484942997",
        "website": "https://sarathifiber.com",
        "osm_type": "node",
        "osm_id": 13793724586,
        "workforce_capacity": null
      },
      "geometry": {
        "type": "Point",
        "coordinates": [
          73.9663105,
          18.5873901
        ]
      }
    },
    {
      "type": "Feature",
      "properties": {
        "addr:postcode": "411033",
        "addr:street": "Ravet To Aundh BRTS Road",
        "check_date": "2026-05-06",
        "check_date:opening_hours": "2026-05-06",
        "internet_access": "wlan",
        "level": "4",
        "name": "QSpiders JSpiders PySpiders Pune Wakad",
        "name:en": "QSpiders JSpiders PySpiders Pune Wakad",
        "office": "yes",
        "opening_hours": "Mo-Sa 08:00-20:30",
        "phone": "+9178999 22666",
        "website": "https://qspiders.com/",
        "osm_type": "node",
        "osm_id": 13803043101,
        "workforce_capacity": null
      },
      "geometry": {
        "type": "Point",
        "coordinates": [
          73.768149,
          18.6123191
        ]
      }
    },
    {
      "type": "Feature",
      "properties": {
        "name": "SBI Customer Service Point",
        "name:en": "SBI Customer Service Point",
        "office": "financial",
        "osm_type": "node",
        "osm_id": 13852176743,
        "workforce_capacity": null
      },
      "geometry": {
        "type": "Point",
        "coordinates": [
          73.7385385,
          18.5896941
        ]
      }
    },
    {
      "type": "Feature",
      "properties": {
        "check_date": "2026-05-25",
        "name": "Maharashtra State Faculty Development Academy",
        "office": "educational_institution",
        "osm_type": "node",
        "osm_id": 13875524427,
        "workforce_capacity": null
      },
      "geometry": {
        "type": "Point",
        "coordinates": [
          73.8328301,
          18.5321334
        ]
      }
    },
    {
      "type": "Feature",
      "properties": {
        "check_date": "2026-05-25",
        "name": "Kendriya Vidyalaya B.E.G",
        "office": "educational_institution",
        "wheelchair": "yes",
        "osm_type": "node",
        "osm_id": 13875625530,
        "workforce_capacity": null
      },
      "geometry": {
        "type": "Point",
        "coordinates": [
          73.8757139,
          18.5452876
        ]
      }
    },
    {
      "type": "Feature",
      "properties": {
        "check_date": "2026-05-25",
        "description": "Play school",
        "name": "Little Explorers Preschool",
        "office": "educational_institution",
        "osm_type": "node",
        "osm_id": 13875638234,
        "workforce_capacity": null
      },
      "geometry": {
        "type": "Point",
        "coordinates": [
          73.833852,
          18.5331885
        ]
      }
    },
    {
      "type": "Feature",
      "properties": {
        "addr:housenumber": "5",
        "email": "info@pawannavandhar.co.in",
        "name": "Pawan Navandhar & Co",
        "name:en": "Pawan Navandhar & Co",
        "office": "accountant",
        "phone": "+91 96041 10021",
        "osm_type": "node",
        "osm_id": 13920500414,
        "workforce_capacity": null
      },
      "geometry": {
        "type": "Point",
        "coordinates": [
          73.779789,
          18.5683929
        ]
      }
    },
    {
      "type": "Feature",
      "properties": {
        "addr:housenumber": "5",
        "email": "arohimihirandassociates@gmail.com",
        "name": "Arohi Mihir & Associates",
        "name:en": "Arohi Mihir & Associates",
        "office": "accountant",
        "phone": "+91 97652 90651",
        "osm_type": "node",
        "osm_id": 13920500421,
        "workforce_capacity": null
      },
      "geometry": {
        "type": "Point",
        "coordinates": [
          73.7797497,
          18.5683967
        ]
      }
    },
    {
      "type": "Feature",
      "properties": {
        "level": "4",
        "name": "TripleLift",
        "name:en": "TripleLift",
        "office": "company",
        "osm_type": "node",
        "osm_id": 13920500444,
        "workforce_capacity": null
      },
      "geometry": {
        "type": "Point",
        "coordinates": [
          73.7737339,
          18.5647248
        ]
      }
    },
    {
      "type": "Feature",
      "properties": {
        "level": "7",
        "name": "Arabian Industries India",
        "name:en": "Arabian Industries India",
        "office": "company",
        "osm_type": "node",
        "osm_id": 13920500445,
        "workforce_capacity": null
      },
      "geometry": {
        "type": "Point",
        "coordinates": [
          73.7737128,
          18.5645887
        ]
      }
    },
    {
      "type": "Feature",
      "properties": {
        "level": "7",
        "name": "VOSS",
        "name:en": "VOSS",
        "office": "company",
        "osm_type": "node",
        "osm_id": 13920500446,
        "workforce_capacity": null
      },
      "geometry": {
        "type": "Point",
        "coordinates": [
          73.7736791,
          18.5644977
        ]
      }
    },
    {
      "type": "Feature",
      "properties": {
        "level": "6",
        "name": "BSH",
        "name:en": "BSH",
        "office": "company",
        "osm_type": "node",
        "osm_id": 13920500447,
        "workforce_capacity": null
      },
      "geometry": {
        "type": "Point",
        "coordinates": [
          73.7737593,
          18.5646367
        ]
      }
    },
    {
      "type": "Feature",
      "properties": {
        "level": "9",
        "name": "ACG Engineering",
        "name:en": "ACG Engineering",
        "office": "company",
        "osm_type": "node",
        "osm_id": 13920500448,
        "workforce_capacity": null
      },
      "geometry": {
        "type": "Point",
        "coordinates": [
          73.773774,
          18.5647978
        ]
      }
    },
    {
      "type": "Feature",
      "properties": {
        "level": "5",
        "name": "Komax",
        "name:en": "Komax",
        "office": "company",
        "osm_type": "node",
        "osm_id": 13920500449,
        "workforce_capacity": null
      },
      "geometry": {
        "type": "Point",
        "coordinates": [
          73.7736854,
          18.5646507
        ]
      }
    },
    {
      "type": "Feature",
      "properties": {
        "level": "6",
        "name": "Vertech",
        "name:en": "Vertech",
        "office": "company",
        "osm_type": "node",
        "osm_id": 13920500450,
        "workforce_capacity": null
      },
      "geometry": {
        "type": "Point",
        "coordinates": [
          73.7737255,
          18.5643997
        ]
      }
    },
    {
      "type": "Feature",
      "properties": {
        "email": "info@casumitchouhan.com;casumitchouhan@gmail.com",
        "mobile": "+91 70303 55000;+91 90399 42000",
        "name": "Sumit S Chouhan & Associates",
        "name:en": "Sumit S Chouhan & Associates",
        "office": "accountant",
        "website": "https://www.casumitchouhan.com",
        "osm_type": "node",
        "osm_id": 13920500479,
        "workforce_capacity": null
      },
      "geometry": {
        "type": "Point",
        "coordinates": [
          73.7800185,
          18.5638997
        ]
      }
    },
    {
      "type": "Feature",
      "properties": {
        "mobile": "+91 70661 55000;+91 70660 55000",
        "name": "Suretax Bizcare",
        "name:en": "Suretax Bizcare",
        "office": "accountant",
        "website": "https://suretaxbizcare.com/",
        "osm_type": "node",
        "osm_id": 13920500480,
        "workforce_capacity": null
      },
      "geometry": {
        "type": "Point",
        "coordinates": [
          73.7800965,
          18.5638898
        ]
      }
    },
    {
      "type": "Feature",
      "properties": {
        "addr:city": "Pune",
        "addr:district": "Pune",
        "addr:housenumber": "A602, 6th Floor, A Building, Pride Purple Square,",
        "addr:postcode": "411057",
        "addr:street": "Kalewadi Phata-Wakad Pune",
        "email": "info@endeavourmarketing.co.in",
        "name": "Endeavour Marketing",
        "office": "company",
        "opening_hours": "Mo-Sa 09:30-18:30",
        "phone": "+91 8149205054",
        "website": "https://endeavourmarketing.co.in/",
        "osm_type": "node",
        "osm_id": 13925559328,
        "workforce_capacity": null
      },
      "geometry": {
        "type": "Point",
        "coordinates": [
          73.7778412,
          18.6023912
        ]
      }
    },
    {
      "type": "Feature",
      "properties": {
        "check_date": "2026-06-12",
        "name": "Pari Estate Agency",
        "office": "estate_agent",
        "osm_type": "node",
        "osm_id": 13931201602,
        "workforce_capacity": null
      },
      "geometry": {
        "type": "Point",
        "coordinates": [
          73.8530443,
          18.4543999
        ]
      }
    },
    {
      "type": "Feature",
      "properties": {
        "check_date": "2026-06-12",
        "name": "Suraj Real Estate",
        "office": "estate_agent",
        "osm_type": "node",
        "osm_id": 13931201607,
        "workforce_capacity": null
      },
      "geometry": {
        "type": "Point",
        "coordinates": [
          73.8526721,
          18.4542355
        ]
      }
    },
    {
      "type": "Feature",
      "properties": {
        "check_date": "2026-06-13",
        "name": "Security Cabin",
        "office": "security",
        "osm_type": "node",
        "osm_id": 13934897599,
        "workforce_capacity": null
      },
      "geometry": {
        "type": "Point",
        "coordinates": [
          73.8525727,
          18.4598821
        ]
      }
    },
    {
      "type": "Feature",
      "properties": {
        "check_date": "2026-06-13",
        "name": "Security Cabin",
        "office": "security",
        "osm_type": "node",
        "osm_id": 13934902813,
        "workforce_capacity": null
      },
      "geometry": {
        "type": "Point",
        "coordinates": [
          73.8532131,
          18.457646
        ]
      }
    },
    {
      "type": "Feature",
      "properties": {
        "check_date": "2026-06-13",
        "name": "Security Cabin",
        "office": "security",
        "osm_type": "node",
        "osm_id": 13934910338,
        "workforce_capacity": null
      },
      "geometry": {
        "type": "Point",
        "coordinates": [
          73.8526656,
          18.4590314
        ]
      }
    },
    {
      "type": "Feature",
      "properties": {
        "name": "OneCard",
        "name:en": "OneCard",
        "office": "company",
        "osm_type": "node",
        "osm_id": 13954668005,
        "workforce_capacity": null
      },
      "geometry": {
        "type": "Point",
        "coordinates": [
          73.7982127,
          18.5581032
        ]
      }
    },
    {
      "type": "Feature",
      "properties": {
        "government": "tax",
        "name": "GST Bhavan",
        "office": "government",
        "osm_type": "node",
        "osm_id": 13955690604,
        "workforce_capacity": null
      },
      "geometry": {
        "type": "Point",
        "coordinates": [
          73.8787546,
          18.5307505
        ]
      }
    },
    {
      "type": "Feature",
      "properties": {
        "name": "Prime Property Consultancy",
        "office": "property_management",
        "osm_type": "node",
        "osm_id": 13955720856,
        "workforce_capacity": null
      },
      "geometry": {
        "type": "Point",
        "coordinates": [
          73.8999045,
          18.5373874
        ]
      }
    },
    {
      "type": "Feature",
      "properties": {
        "name": "Smartworks",
        "office": "company",
        "osm_type": "node",
        "osm_id": 13955862588,
        "workforce_capacity": null
      },
      "geometry": {
        "type": "Point",
        "coordinates": [
          73.9133,
          18.5356608
        ]
      }
    },
    {
      "type": "Feature",
      "properties": {
        "brand": "Google",
        "brand:wikidata": "Q95",
        "name": "Google",
        "office": "company",
        "osm_type": "node",
        "osm_id": 13955862834,
        "workforce_capacity": null
      },
      "geometry": {
        "type": "Point",
        "coordinates": [
          73.9132396,
          18.5352346
        ]
      }
    },
    {
      "type": "Feature",
      "properties": {
        "name": "Poonawalla Fincorp",
        "office": "company",
        "osm_type": "node",
        "osm_id": 13955866577,
        "workforce_capacity": null
      },
      "geometry": {
        "type": "Point",
        "coordinates": [
          73.9131822,
          18.5349007
        ]
      }
    },
    {
      "type": "Feature",
      "properties": {
        "government": "transportation",
        "level": "0",
        "name": "Chief Ticket Inspector",
        "office": "government",
        "osm_type": "node",
        "osm_id": 13958011109,
        "workforce_capacity": null
      },
      "geometry": {
        "type": "Point",
        "coordinates": [
          73.872929,
          18.5287597
        ]
      }
    },
    {
      "type": "Feature",
      "properties": {
        "name": "Maharashtra Media Group",
        "office": "newspaper",
        "osm_type": "node",
        "osm_id": 13959161786,
        "workforce_capacity": null
      },
      "geometry": {
        "type": "Point",
        "coordinates": [
          73.8536661,
          18.5162221
        ]
      }
    },
    {
      "type": "Feature",
      "properties": {
        "name": "नवीन मराठी शाळा",
        "office": "educational_institution",
        "osm_type": "node",
        "osm_id": 13959199789,
        "workforce_capacity": null
      },
      "geometry": {
        "type": "Point",
        "coordinates": [
          73.8488881,
          18.5179472
        ]
      }
    },
    {
      "type": "Feature",
      "properties": {
        "name": "Chirag Katariya And Associates",
        "office": "accountant",
        "osm_type": "node",
        "osm_id": 13959209071,
        "workforce_capacity": null
      },
      "geometry": {
        "type": "Point",
        "coordinates": [
          73.8536722,
          18.5162422
        ]
      }
    },
    {
      "type": "Feature",
      "properties": {
        "name": "The Raika School",
        "office": "educational_institution",
        "osm_type": "node",
        "osm_id": 13968046260,
        "workforce_capacity": null
      },
      "geometry": {
        "type": "Point",
        "coordinates": [
          73.802214,
          18.5937819
        ]
      }
    },
    {
      "type": "Feature",
      "properties": {
        "brand": "Awfis",
        "brand:wikidata": "Q60747757",
        "fee": "yes",
        "name": "Awfis",
        "office": "coworking",
        "osm_type": "node",
        "osm_id": 13968372125,
        "workforce_capacity": null
      },
      "geometry": {
        "type": "Point",
        "coordinates": [
          73.7529927,
          18.6065037
        ]
      }
    },
    {
      "type": "Feature",
      "properties": {
        "name": "महाराष्ट्र लघुउद्योग विकास महामंडळ मर्या",
        "office": "government",
        "osm_type": "node",
        "osm_id": 13979743105,
        "workforce_capacity": null
      },
      "geometry": {
        "type": "Point",
        "coordinates": [
          73.8540396,
          18.5175646
        ]
      }
    },
    {
      "type": "Feature",
      "properties": {
        "addr:street": "Balewadi Road",
        "check_date": "2026-07-06",
        "name": "टी एच जी इंजेन्युइटी",
        "name:en": "THG Ingenuity",
        "office": "yes",
        "osm_type": "node",
        "osm_id": 13992861101,
        "workforce_capacity": null
      },
      "geometry": {
        "type": "Point",
        "coordinates": [
          73.7652072,
          18.5763557
        ]
      }
    },
    {
      "type": "Feature",
      "properties": {
        "addr:city": "Pune",
        "addr:district": "Pune",
        "addr:postcode": "411006",
        "addr:street": "Nagar Road",
        "name": "Iris Software Technologies (P) Ltd.",
        "office": "company",
        "opening_hours": "Mo-Fr 09:00-18:00",
        "website": "https://www.irissoftware.com/",
        "osm_type": "node",
        "osm_id": 14030371015,
        "workforce_capacity": null
      },
      "geometry": {
        "type": "Point",
        "coordinates": [
          73.9038152,
          18.5539628
        ]
      }
    },
    {
      "type": "Feature",
      "properties": {
        "addr:city": "Pune",
        "addr:district": "Pune",
        "addr:housenumber": "710",
        "addr:postcode": "411057",
        "addr:street": "Suratwala Mark Plaza, Hinjawadi",
        "description": "Pune’s AI-driven digital marketing agency offering SEO services, PPC advertising, social media marketing & lead generation to grow your brand.",
        "email": "info@espialsolutions.com",
        "name": "Espial Solutions",
        "office": "advertising_agency",
        "opening_hours": "Mo-Su 09:00-18:00",
        "phone": "+91-20-40041385",
        "website": "https://espialsolutions.com/",
        "osm_type": "node",
        "osm_id": 14045805372,
        "workforce_capacity": null
      },
      "geometry": {
        "type": "Point",
        "coordinates": [
          73.7481105,
          18.5905072
        ]
      }
    },
    {
      "type": "Feature",
      "properties": {
        "addr:city": "Kalbhor Nagar, Chinchwad",
        "addr:housenumber": "Aishwaryam One Mall, Office FF1 - 1st Floor",
        "addr:postcode": "411019",
        "addr:street": "Old Mumbai Pune Highway",
        "email": "info@bakliwaltutorialsiit.com",
        "internet_access": "wlan",
        "name": "Bakliwal Tutorials PCMC",
        "office": "educational_institution",
        "opening_hours": "8:00 am - 8:00 pm (All Week)",
        "phone": "+91 8888895145",
        "website": "https://www.bakliwaltutorialsiit.com",
        "wheelchair": "no",
        "osm_type": "node",
        "osm_id": 14080674002,
        "workforce_capacity": null
      },
      "geometry": {
        "type": "Point",
        "coordinates": [
          73.7886498,
          18.6469313
        ]
      }
    },
    {
      "type": "Feature",
      "properties": {
        "check_date": "2026-08-14",
        "internet_access": "wlan",
        "internet_access:fee": "no",
        "name": "Department Of Information Technology",
        "office": "educational_institution",
        "payment:cash": "yes",
        "payment:credit_cards": "yes",
        "payment:debit_cards": "yes",
        "wheelchair": "yes",
        "osm_type": "node",
        "osm_id": 14093787954,
        "workforce_capacity": null
      },
      "geometry": {
        "type": "Point",
        "coordinates": [
          73.7475478,
          18.6201251
        ]
      }
    },
    {
      "type": "Feature",
      "properties": {
        "addr:city": "Pune",
        "addr:district": "Pune",
        "addr:housenumber": "ICC Trade Tower",
        "addr:postcode": "411016",
        "addr:street": "Senapati Bapat Marg",
        "air_conditioning": "yes",
        "name": "Securely Software (India) Pvt Ltd",
        "office": "it",
        "opening_hours": "Mo-Fr 10:00-18:00",
        "website": "https://www.securly.com",
        "osm_type": "node",
        "osm_id": 14148062120,
        "workforce_capacity": null
      },
      "geometry": {
        "type": "Point",
        "coordinates": [
          73.8299025,
          18.536236
        ]
      }
    },
    {
      "type": "Feature",
      "properties": {
        "addr:city": "Pune",
        "addr:district": "Pune",
        "addr:postcode": "411021",
        "addr:street": "B Cube Building, NDA Pashan Road, Bavdhan",
        "name": "Delval Flow Controls Pvt. Ltd.",
        "office": "company",
        "opening_hours": "Mon-Fri, 8:30 am–6 pm",
        "website": "http://www.delvalflow.com/",
        "osm_type": "node",
        "osm_id": 14182751515,
        "workforce_capacity": null
      },
      "geometry": {
        "type": "Point",
        "coordinates": [
          73.7800183,
          18.5220881
        ]
      }
    },
    {
      "type": "Feature",
      "properties": {
        "addr:city": "Pune",
        "addr:district": "Pune",
        "addr:housenumber": "201",
        "addr:postcode": "411021",
        "addr:street": "AG Trade Centre, Ramnagar Colony,",
        "name": "WhiteHedge Technologies Pvt Ltd",
        "office": "company",
        "opening_hours": "Mon-Fri, 9:30 am–6:30 pm",
        "phone": "+91-020-67994020",
        "website": "https://www.whitehedge.com/",
        "osm_type": "node",
        "osm_id": 14182756265,
        "workforce_capacity": null
      },
      "geometry": {
        "type": "Point",
        "coordinates": [
          73.7798026,
          18.523088
        ]
      }
    },
    {
      "type": "Feature",
      "properties": {
        "addr:city": "Pune",
        "addr:district": "Pune",
        "addr:postcode": "411021",
        "addr:street": "6th Floor and Mezzanine, Ag Trade Center, NDA Pashan Rd, Ram Nagar, Bavdhan",
        "name": "Sakon (GSG)",
        "office": "company",
        "opening_hours": "Mon-Fri, 9 am–9 pm",
        "phone": "+91-020-30164500",
        "website": "http://www.sakon.com/",
        "osm_type": "node",
        "osm_id": 14182762594,
        "workforce_capacity": null
      },
      "geometry": {
        "type": "Point",
        "coordinates": [
          73.7798007,
          18.523119
        ]
      }
    },
    {
      "type": "Feature",
      "properties": {
        "addr:city": "Pune",
        "addr:district": "Pune",
        "addr:postcode": "411021",
        "addr:street": "1/10/16, Plot no 16, Amchi Colony, NDA Pashan Rd, off SBI Bank, Bavdhan",
        "name": "Sri Sri Ravishankar Bal Mandir (SSRBM)",
        "office": "educational_institution",
        "opening_hours": "Mo-Sa, 9:30 am–3 pm",
        "phone": "+91-9225543495",
        "website": "http://bavdhan.ssrvm.org/",
        "osm_type": "node",
        "osm_id": 14182993059,
        "workforce_capacity": null
      },
      "geometry": {
        "type": "Point",
        "coordinates": [
          73.7814913,
          18.5169834
        ]
      }
    },
    {
      "type": "Feature",
      "properties": {
        "addr:city": "Pune",
        "addr:district": "Pune",
        "addr:postcode": "411021",
        "addr:street": "Fl 1 to 4, NDA Pashan Rd, Shri Krishna Nagar, Sagar Co-Operative Housing Society, Bavdhan",
        "mobile": "+91-8657666000",
        "name": "Bootstart Workspace",
        "office": "yes",
        "opening_hours": "Mo-Sa, 9 am–7 pm",
        "osm_type": "node",
        "osm_id": 14183350118,
        "workforce_capacity": null
      },
      "geometry": {
        "type": "Point",
        "coordinates": [
          73.7822485,
          18.5153895
        ]
      }
    },
    {
      "type": "Feature",
      "properties": {
        "building": "yes",
        "check_date": "2026-03-15",
        "government": "yes",
        "name": "Central Building",
        "office": "government",
        "osm_type": "way",
        "osm_id": 63976394,
        "workforce_capacity": null
      },
      "geometry": {
        "type": "Point",
        "coordinates": [
          73.8723716,
          18.5249883
        ]
      }
    },
    {
      "type": "Feature",
      "properties": {
        "alt_name": "New Administrative Building",
        "building": "office",
        "check_date": "2026-03-12",
        "name": "Navin Prashasakiya Imarat",
        "name:mr": "नवीन प्रशासकीय इमारत",
        "office": "government",
        "osm_type": "way",
        "osm_id": 66874955,
        "workforce_capacity": null
      },
      "geometry": {
        "type": "Point",
        "coordinates": [
          73.8783716,
          18.5254456
        ]
      }
    },
    {
      "type": "Feature",
      "properties": {
        "addr:city": "Pune",
        "addr:housename": "Mangalwar peth, Barne Road, Pune",
        "addr:postcode": "411011",
        "addr:street": "Barne Road",
        "building": "office",
        "building:levels": "3",
        "check_date": "2026-03-12",
        "government": "administrative",
        "name": "Sinchan Bhavan",
        "name:mr": "सिंचन भवन",
        "office": "government",
        "osm_type": "way",
        "osm_id": 106894379,
        "workforce_capacity": null
      },
      "geometry": {
        "type": "Point",
        "coordinates": [
          73.8662586,
          18.525073
        ]
      }
    },
    {
      "type": "Feature",
      "properties": {
        "addr:city": "Pune",
        "addr:housenumber": "702",
        "addr:postcode": "411001",
        "addr:street": "North Main Road",
        "addr:unit": "Koregaon Park",
        "building": "commercial",
        "check_date": "2026-03-10",
        "description": "A Pioneer And Leading Solar Energy Company In Pune - India, Agni Solar Is Market Leader In Rooftop Solar, Solar Water Heating & Solar Electricity System.",
        "ele": "7",
        "email": "info@agnisolar.com",
        "name": "Agni Solar Systems Pvt Ltd",
        "office": "company",
        "opening_hours": "Mo-Sa 09:30-18:00",
        "phone": "+912066434111",
        "website": "https://agnisolar.com/",
        "osm_type": "way",
        "osm_id": 108093167,
        "workforce_capacity": null
      },
      "geometry": {
        "type": "Point",
        "coordinates": [
          73.9070871,
          18.5383826
        ]
      }
    },
    {
      "type": "Feature",
      "properties": {
        "building": "yes",
        "check_date": "2026-03-12",
        "name": "Principal Controller of Defence Accounts (Souther Command)",
        "office": "government",
        "osm_type": "way",
        "osm_id": 108321705,
        "workforce_capacity": null
      },
      "geometry": {
        "type": "Point",
        "coordinates": [
          73.8749858,
          18.5242399
        ]
      }
    },
    {
      "type": "Feature",
      "properties": {
        "building": "yes",
        "check_date": "2026-03-17",
        "name": "Central Building",
        "office": "government",
        "osm_type": "way",
        "osm_id": 108321718,
        "workforce_capacity": null
      },
      "geometry": {
        "type": "Point",
        "coordinates": [
          73.8732533,
          18.525235
        ]
      }
    },
    {
      "type": "Feature",
      "properties": {
        "addr:street": "38, Dr. Ambedkar Road, near Sangam Bridge, Pune, Maharashtra 411001",
        "check_date": "2026-03-12",
        "name": "RTO Office Pune",
        "office": "government",
        "opening_hours": "Mo-Fr 10:00-17:45",
        "website": "https://transport.maharashtra.gov.in",
        "osm_type": "way",
        "osm_id": 121895450,
        "workforce_capacity": null
      },
      "geometry": {
        "type": "Point",
        "coordinates": [
          73.8636294,
          18.5305021
        ]
      }
    },
    {
      "type": "Feature",
      "properties": {
        "addr:city": "Pune",
        "building": "yes",
        "check_date": "2026-03-09",
        "name": "Prime Academy",
        "office": "educational_institution",
        "osm_type": "way",
        "osm_id": 169256033,
        "workforce_capacity": null
      },
      "geometry": {
        "type": "Point",
        "coordinates": [
          73.9178375,
          18.5612276
        ]
      }
    },
    {
      "type": "Feature",
      "properties": {
        "addr:housename": "GE Plaza",
        "addr:postcode": "411006",
        "addr:street": "Airport Road",
        "building": "office",
        "check_date": "2026-03-07",
        "name": "Bajaj Allianz",
        "office": "insurance",
        "osm_type": "way",
        "osm_id": 208054482,
        "workforce_capacity": null
      },
      "geometry": {
        "type": "Point",
        "coordinates": [
          73.889351,
          18.5472242
        ]
      }
    },
    {
      "type": "Feature",
      "properties": {
        "name": "Maharshi karve Stree Shikshan Sanstha",
        "name:mr": "हिंगणे स्त्री शिक्षण संस्था",
        "office": "educational_institution",
        "osm_type": "way",
        "osm_id": 217278790,
        "workforce_capacity": null
      },
      "geometry": {
        "type": "Point",
        "coordinates": [
          73.8167229,
          18.4876089
        ]
      }
    },
    {
      "type": "Feature",
      "properties": {
        "addr:city": "Pune",
        "addr:housenumber": "Cybercity",
        "addr:postcode": "411013",
        "addr:street": "Magarpatta Inner Circle",
        "building": "office",
        "name": "Tower 5",
        "office": "it",
        "smoking": "isolated",
        "osm_type": "way",
        "osm_id": 217659207,
        "workforce_capacity": null
      },
      "geometry": {
        "type": "Point",
        "coordinates": [
          73.9242459,
          18.513133
        ]
      }
    },
    {
      "type": "Feature",
      "properties": {
        "building": "office",
        "name": "NVIDIA",
        "office": "company",
        "osm_type": "way",
        "osm_id": 218405517,
        "workforce_capacity": null
      },
      "geometry": {
        "type": "Point",
        "coordinates": [
          73.8468674,
          18.5315052
        ]
      }
    },
    {
      "type": "Feature",
      "properties": {
        "addr:city": "Pune",
        "addr:postcode": "411013",
        "addr:street": "Magarpatta City",
        "name": "Vibgyor High",
        "office": "educational_institution",
        "osm_type": "way",
        "osm_id": 224727380,
        "workforce_capacity": null
      },
      "geometry": {
        "type": "Point",
        "coordinates": [
          73.9202514,
          18.5176124
        ]
      }
    },
    {
      "type": "Feature",
      "properties": {
        "addr:city": "Pune",
        "addr:housename": "ABIL House",
        "addr:housenumber": "Plot No 2, Yashwant Ghadge Nagar, Ganesh Khind Road, Range Hill Corner",
        "addr:postcode": "411007",
        "addr:street": "Ganeshkhind Road",
        "building": "office",
        "name": "ABIL House",
        "office": "yes",
        "osm_type": "way",
        "osm_id": 235108740,
        "workforce_capacity": null
      },
      "geometry": {
        "type": "Point",
        "coordinates": [
          73.8339862,
          18.5392042
        ]
      }
    },
    {
      "type": "Feature",
      "properties": {
        "building": "yes",
        "name": "Maharashtra State Electricity Distribution Co. Ltd",
        "office": "energy_supplier",
        "osm_type": "way",
        "osm_id": 235290397,
        "workforce_capacity": null
      },
      "geometry": {
        "type": "Point",
        "coordinates": [
          73.815951,
          18.5104838
        ]
      }
    },
    {
      "type": "Feature",
      "properties": {
        "building": "yes",
        "name": "Pimpri-Chinchwad Municipal Corporation",
        "name:mr": "पिंपरी-चिंचवड महानगरपालिका",
        "office": "government",
        "osm_type": "way",
        "osm_id": 240596976,
        "workforce_capacity": null
      },
      "geometry": {
        "type": "Point",
        "coordinates": [
          73.8046341,
          18.6284056
        ]
      }
    },
    {
      "type": "Feature",
      "properties": {
        "building": "office",
        "name": "Maharshi Karve Telephone Exchange",
        "name:mr": "महर्षि कर्वे दूरध्वनी केंद्र",
        "office": "telecommunication",
        "osm_type": "way",
        "osm_id": 250116190,
        "workforce_capacity": null
      },
      "geometry": {
        "type": "Point",
        "coordinates": [
          73.8303017,
          18.5077227
        ]
      }
    },
    {
      "type": "Feature",
      "properties": {
        "name": "Indian Institute of Business Management",
        "office": "educational_institution",
        "wikidata": "Q6020593",
        "wikipedia": "en:Indian Institute of Education and Business Management",
        "osm_type": "way",
        "osm_id": 259253843,
        "workforce_capacity": null
      },
      "geometry": {
        "type": "Point",
        "coordinates": [
          73.7485149,
          18.6033153
        ]
      }
    },
    {
      "type": "Feature",
      "properties": {
        "building": "office",
        "name": "Vishrambagwada Kshetriya Karyalay",
        "name:mr": "विश्रामबागवाडा क्षेत्रीय कार्यालय",
        "office": "government",
        "osm_type": "way",
        "osm_id": 264444882,
        "workforce_capacity": null
      },
      "geometry": {
        "type": "Point",
        "coordinates": [
          73.8534126,
          18.5131322
        ]
      }
    },
    {
      "type": "Feature",
      "properties": {
        "building": "office",
        "name": "The Institution of Engineers (India)",
        "office": "association",
        "osm_type": "way",
        "osm_id": 280784414,
        "workforce_capacity": null
      },
      "geometry": {
        "type": "Point",
        "coordinates": [
          73.8517753,
          18.5274457
        ]
      }
    },
    {
      "type": "Feature",
      "properties": {
        "building": "office",
        "name": "Shikshan Mandal",
        "name:mr": "शिक्षण मंडळ",
        "office": "government",
        "osm_type": "way",
        "osm_id": 282054950,
        "workforce_capacity": null
      },
      "geometry": {
        "type": "Point",
        "coordinates": [
          73.8547717,
          18.5248964
        ]
      }
    },
    {
      "type": "Feature",
      "properties": {
        "building": "yes",
        "name": "Bio Informatics and Bio Technology Dept",
        "office": "educational_institution",
        "osm_type": "way",
        "osm_id": 291406595,
        "workforce_capacity": null
      },
      "geometry": {
        "type": "Point",
        "coordinates": [
          73.8303705,
          18.546461
        ]
      }
    },
    {
      "type": "Feature",
      "properties": {
        "addr:city": "Pune",
        "addr:postcode": "411036",
        "addr:street": "Mundhwa Road",
        "building": "apartments",
        "name": "Pixelgeometry",
        "office": "company",
        "smoking": "separated",
        "website": "https://www.pixelgeometry.com/",
        "osm_type": "way",
        "osm_id": 313347790,
        "workforce_capacity": null
      },
      "geometry": {
        "type": "Point",
        "coordinates": [
          73.9182856,
          18.5298577
        ]
      }
    },
    {
      "type": "Feature",
      "properties": {
        "landuse": "commercial",
        "name": "Income Tax Department",
        "name:mr": "प्राप्तिकर विभाग",
        "office": "government",
        "osm_type": "way",
        "osm_id": 331532103,
        "workforce_capacity": null
      },
      "geometry": {
        "type": "Point",
        "coordinates": [
          73.8320927,
          18.5115598
        ]
      }
    },
    {
      "type": "Feature",
      "properties": {
        "addr:city": "Pimple Saudagar",
        "addr:postcode": "411027",
        "addr:street": "Roseland Residency Road",
        "building": "yes",
        "check_date": "2023-06-04",
        "name": "MSEB Office",
        "name:mr": "महावितरण",
        "office": "government",
        "smoking": "no",
        "osm_type": "way",
        "osm_id": 340411304,
        "workforce_capacity": null
      },
      "geometry": {
        "type": "Point",
        "coordinates": [
          73.7922509,
          18.5937078
        ]
      }
    },
    {
      "type": "Feature",
      "properties": {
        "addr:postcode": "411033",
        "building": "yes",
        "check_date": "2025-08-08",
        "government": "administrative",
        "name": "Pimpri-Chinchwad Corporation B Ward Office",
        "name:en": "Pimpri-Chinchwad Corporation B Ward Office",
        "name:mr": "पिंपरी-चिंचवड महानगरपालिका ब क्षेत्रीय कार्यालय",
        "office": "government",
        "osm_type": "way",
        "osm_id": 359483835,
        "workforce_capacity": null
      },
      "geometry": {
        "type": "Point",
        "coordinates": [
          73.7841085,
          18.6296784
        ]
      }
    },
    {
      "type": "Feature",
      "properties": {
        "addr:city": "Pune",
        "addr:housenumber": "24",
        "addr:postcode": "411044",
        "addr:street": "Plot No. 121, Behind Kohinoor Arcade Pradhikaran, Nigdi,",
        "building": "yes",
        "name": "Vardhaman Group Of India",
        "office": "yes",
        "phone": "+91 9112230606",
        "website": "https://vardhaman.group",
        "osm_type": "way",
        "osm_id": 359496145,
        "workforce_capacity": null
      },
      "geometry": {
        "type": "Point",
        "coordinates": [
          73.7755734,
          18.6592439
        ]
      }
    },
    {
      "type": "Feature",
      "properties": {
        "addr:city": "Pune",
        "addr:housenumber": "1",
        "addr:postcode": "411057",
        "addr:street": "Hinjawadi Phase 2 Road,phase1",
        "building": "yes",
        "name": "Emcure Supply chain office/godown",
        "office": "supplier_office",
        "opening_hours": "closes at 9pm",
        "osm_type": "way",
        "osm_id": 359524394,
        "workforce_capacity": null
      },
      "geometry": {
        "type": "Point",
        "coordinates": [
          73.726243,
          18.5956094
        ]
      }
    },
    {
      "type": "Feature",
      "properties": {
        "addr:city": "Pune",
        "addr:postcode": "411057",
        "addr:street": "Hinjawadi Phase 2 Road",
        "building": "yes",
        "name": "Birlasoft SDB2",
        "office": "it",
        "phone": "+91 20 6652 5000",
        "osm_type": "way",
        "osm_id": 359525897,
        "workforce_capacity": null
      },
      "geometry": {
        "type": "Point",
        "coordinates": [
          73.7358335,
          18.592702
        ]
      }
    },
    {
      "type": "Feature",
      "properties": {
        "building": "yes",
        "name": "Indira School of Pre- Primary",
        "office": "educational_institution",
        "osm_type": "way",
        "osm_id": 359530488,
        "workforce_capacity": null
      },
      "geometry": {
        "type": "Point",
        "coordinates": [
          73.7500995,
          18.6095704
        ]
      }
    },
    {
      "type": "Feature",
      "properties": {
        "building": "yes",
        "image": "https://upload.wikimedia.org/wikipedia/commons/d/d6/Cognizant%27s_Delivery_Center_in_Pune-_Hinjewadi.jpg",
        "industrial": "software",
        "name": "Cognizant",
        "office": "it",
        "osm_type": "way",
        "osm_id": 359537074,
        "workforce_capacity": null
      },
      "geometry": {
        "type": "Point",
        "coordinates": [
          73.7344129,
          18.5842873
        ]
      }
    },
    {
      "type": "Feature",
      "properties": {
        "building": "yes",
        "name": "Cognizant Technology Solutions",
        "office": "it",
        "osm_type": "way",
        "osm_id": 359537088,
        "workforce_capacity": null
      },
      "geometry": {
        "type": "Point",
        "coordinates": [
          73.7332672,
          18.5831786
        ]
      }
    },
    {
      "type": "Feature",
      "properties": {
        "addr:city": "Pimpri-Chinchwad",
        "addr:housenumber": "Phase 1 Hinjewadi",
        "addr:postcode": "411057",
        "addr:street": "Hinjewadi Rajiv Gandhi Infotech Park, Hinjewadi",
        "building": "yes",
        "name": "Symbiosis Institute Of International Business School",
        "office": "educational_institution",
        "osm_type": "way",
        "osm_id": 359562158,
        "workforce_capacity": null
      },
      "geometry": {
        "type": "Point",
        "coordinates": [
          73.7341892,
          18.5815554
        ]
      }
    },
    {
      "type": "Feature",
      "properties": {
        "building": "yes",
        "government": "administrative",
        "name": "Administrative Office Village Gram Panchayat",
        "name:en": "Administrative Office Village Gram Panchayat",
        "office": "government",
        "osm_type": "way",
        "osm_id": 359699604,
        "workforce_capacity": null
      },
      "geometry": {
        "type": "Point",
        "coordinates": [
          73.7386375,
          18.5916135
        ]
      }
    },
    {
      "type": "Feature",
      "properties": {
        "building": "yes",
        "government": "administrative",
        "name": "Hinjawadi Gram Panchayat",
        "name:en": "Hinjawadi Gram Panchayat",
        "name:mr": "हिंजवडी ग्रामपंचायत कार्यालय",
        "office": "government",
        "osm_type": "way",
        "osm_id": 359699872,
        "workforce_capacity": null
      },
      "geometry": {
        "type": "Point",
        "coordinates": [
          73.7388314,
          18.5919048
        ]
      }
    },
    {
      "type": "Feature",
      "properties": {
        "addr:city": "Pune",
        "addr:housenumber": "87/ 20",
        "addr:postcode": "411045",
        "addr:street": "Baner Mahalunge Road",
        "building": "yes",
        "building:levels": "2",
        "description": "Product Design Company, Industrial Design Firm. Creative services, Design Strategy, Creator, Design Agency",
        "name": "Ticket Design",
        "office": "company",
        "operator": "Balkrishna Mahajan",
        "roof:material": "solar_panels",
        "website": "https://www.ticketdesign.com/",
        "osm_type": "way",
        "osm_id": 359719147,
        "workforce_capacity": null
      },
      "geometry": {
        "type": "Point",
        "coordinates": [
          73.7727797,
          18.5633682
        ]
      }
    },
    {
      "type": "Feature",
      "properties": {
        "addr:housenumber": "16",
        "building": "yes",
        "name": "Marathe Infotech Private Limited",
        "name:en": "Marathe Infotech Private Limited",
        "name:mr": "मराठे इन्फोटेक प्रायव्हेट लिमिटेड",
        "office": "it",
        "osm_type": "way",
        "osm_id": 359719207,
        "workforce_capacity": null
      },
      "geometry": {
        "type": "Point",
        "coordinates": [
          73.7704958,
          18.5668003
        ]
      }
    },
    {
      "type": "Feature",
      "properties": {
        "addr:city": "Pune",
        "addr:district": "Pune",
        "addr:housenumber": "5th Floor",
        "addr:postcode": "411016",
        "addr:street": "Range Hills Road",
        "air_conditioning": "yes",
        "building": "yes",
        "email": "sale@whitehillsdesign.com",
        "name": "Whitehills Interior limited",
        "office": "company",
        "official_name": "Whitehills Interior Limited",
        "opening_hours": "Mo-Sa 08:00-20:00",
        "phone": "7058433263",
        "website": "https://whitehillsinterior.in/",
        "osm_type": "way",
        "osm_id": 359724774,
        "workforce_capacity": null
      },
      "geometry": {
        "type": "Point",
        "coordinates": [
          73.8385424,
          18.544117
        ]
      }
    },
    {
      "type": "Feature",
      "properties": {
        "building": "yes",
        "name": "Maharashtra Shate Electricity Board",
        "office": "government",
        "osm_type": "way",
        "osm_id": 359724787,
        "workforce_capacity": null
      },
      "geometry": {
        "type": "Point",
        "coordinates": [
          73.8350995,
          18.5414303
        ]
      }
    },
    {
      "type": "Feature",
      "properties": {
        "building": "yes",
        "building:levels": "5",
        "name": "Sedemac",
        "name:en": "Sedemac",
        "name:mr": "सेडेमॅक",
        "office": "engineer",
        "osm_type": "way",
        "osm_id": 359728495,
        "workforce_capacity": null
      },
      "geometry": {
        "type": "Point",
        "coordinates": [
          73.7990393,
          18.5552623
        ]
      }
    },
    {
      "type": "Feature",
      "properties": {
        "building": "yes",
        "check_date": "2026-03-10",
        "name": "Nadsoft Computers",
        "office": "company",
        "osm_type": "way",
        "osm_id": 359753173,
        "workforce_capacity": null
      },
      "geometry": {
        "type": "Point",
        "coordinates": [
          73.8165317,
          18.5552949
        ]
      }
    },
    {
      "type": "Feature",
      "properties": {
        "building": "yes",
        "name": "Ramchandran International Institute",
        "office": "educational_institution",
        "osm_type": "way",
        "osm_id": 359769499,
        "workforce_capacity": null
      },
      "geometry": {
        "type": "Point",
        "coordinates": [
          73.7652896,
          18.5223737
        ]
      }
    },
    {
      "type": "Feature",
      "properties": {
        "building": "yes",
        "name": "High Energy Materials Research Laboratory",
        "office": "research",
        "osm_type": "way",
        "osm_id": 359769635,
        "workforce_capacity": null
      },
      "geometry": {
        "type": "Point",
        "coordinates": [
          73.7761902,
          18.5304154
        ]
      }
    },
    {
      "type": "Feature",
      "properties": {
        "building": "yes",
        "name": "CN DHAVALE English Medium School",
        "office": "educational_institution",
        "osm_type": "way",
        "osm_id": 359770533,
        "workforce_capacity": null
      },
      "geometry": {
        "type": "Point",
        "coordinates": [
          73.736091,
          18.5937392
        ]
      }
    },
    {
      "type": "Feature",
      "properties": {
        "addr:city": "Hinjawadi",
        "addr:housenumber": "HPRQ+GX9, Hinjawadi Village, Hinjawadi, Pune, Maharashtra 411057",
        "addr:postcode": "411057",
        "addr:street": "Hinjawadi - Wakad Road Road",
        "building": "yes",
        "name": "Vilas Sakhare Social Foundation",
        "office": "ngo",
        "phone": "09860509800",
        "osm_type": "way",
        "osm_id": 359770952,
        "workforce_capacity": null
      },
      "geometry": {
        "type": "Point",
        "coordinates": [
          73.7400416,
          18.5912836
        ]
      }
    },
    {
      "type": "Feature",
      "properties": {
        "building": "yes",
        "name": "FEV Smart Mobility Center",
        "name:en": "FEV Smart Mobility Center",
        "office": "company",
        "osm_type": "way",
        "osm_id": 359777575,
        "workforce_capacity": null
      },
      "geometry": {
        "type": "Point",
        "coordinates": [
          73.7941697,
          18.5555767
        ]
      }
    },
    {
      "type": "Feature",
      "properties": {
        "building": "yes",
        "name": "dr babasaheb ambedkar school",
        "office": "educational_institution",
        "osm_type": "way",
        "osm_id": 359782404,
        "workforce_capacity": null
      },
      "geometry": {
        "type": "Point",
        "coordinates": [
          73.8921629,
          18.5871595
        ]
      }
    },
    {
      "type": "Feature",
      "properties": {
        "building": "yes",
        "name": "Maharashtra Council Of Agriculture Education And Research",
        "office": "government",
        "osm_type": "way",
        "osm_id": 359801035,
        "workforce_capacity": null
      },
      "geometry": {
        "type": "Point",
        "coordinates": [
          73.8332891,
          18.5441396
        ]
      }
    },
    {
      "type": "Feature",
      "properties": {
        "building": "yes",
        "name": "Total Environment Building Systems",
        "office": "yes",
        "osm_type": "way",
        "osm_id": 359805324,
        "workforce_capacity": null
      },
      "geometry": {
        "type": "Point",
        "coordinates": [
          73.9064087,
          18.5117503
        ]
      }
    },
    {
      "type": "Feature",
      "properties": {
        "building": "yes",
        "name": "synthesys solutions pvt. ltd",
        "office": "company",
        "website": "https://synthesys.co.in/",
        "osm_type": "way",
        "osm_id": 359810451,
        "workforce_capacity": null
      },
      "geometry": {
        "type": "Point",
        "coordinates": [
          73.8030373,
          18.5072521
        ]
      }
    },
    {
      "type": "Feature",
      "properties": {
        "building": "yes",
        "name": "State CID office",
        "office": "government",
        "osm_type": "way",
        "osm_id": 359915396,
        "workforce_capacity": null
      },
      "geometry": {
        "type": "Point",
        "coordinates": [
          73.8265495,
          18.5413162
        ]
      }
    },
    {
      "type": "Feature",
      "properties": {
        "addr:city": "Pune",
        "building": "yes",
        "name": "Bavdhan Gram Panchayat office",
        "office": "government",
        "osm_type": "way",
        "osm_id": 359925770,
        "workforce_capacity": null
      },
      "geometry": {
        "type": "Point",
        "coordinates": [
          73.7743897,
          18.5166972
        ]
      }
    },
    {
      "type": "Feature",
      "properties": {
        "building": "yes",
        "building:levels": "2",
        "name": "National Insurance Academy (NIA)",
        "office": "government",
        "osm_type": "way",
        "osm_id": 359931818,
        "workforce_capacity": null
      },
      "geometry": {
        "type": "Point",
        "coordinates": [
          73.7660378,
          18.5707968
        ]
      }
    },
    {
      "type": "Feature",
      "properties": {
        "building": "yes",
        "name": "Nationalist Congress Party",
        "name:en": "Nationalist Congress Party",
        "name:mr": "राष्ट्रवादी काँग्रेस पार्टी",
        "office": "political_party",
        "osm_type": "way",
        "osm_id": 359935318,
        "workforce_capacity": null
      },
      "geometry": {
        "type": "Point",
        "coordinates": [
          73.7709039,
          18.5655932
        ]
      }
    },
    {
      "type": "Feature",
      "properties": {
        "building": "yes",
        "name": "Media Magic Institute",
        "office": "educational_institution",
        "osm_type": "way",
        "osm_id": 359938713,
        "workforce_capacity": null
      },
      "geometry": {
        "type": "Point",
        "coordinates": [
          73.8135506,
          18.5086555
        ]
      }
    },
    {
      "type": "Feature",
      "properties": {
        "addr:city": "Pune",
        "addr:housenumber": "1217",
        "addr:postcode": "411021",
        "addr:street": "Siddharth Nagar, Bavdhan",
        "building": "yes",
        "government": "yes",
        "name": "Bavdhan Talathi office",
        "office": "government",
        "osm_type": "way",
        "osm_id": 359947136,
        "workforce_capacity": null
      },
      "geometry": {
        "type": "Point",
        "coordinates": [
          73.7697948,
          18.5164841
        ]
      }
    },
    {
      "type": "Feature",
      "properties": {
        "building": "yes",
        "name": "Vanaz Pariwar Vidya Mandir School",
        "office": "educational_institution",
        "osm_type": "way",
        "osm_id": 359983793,
        "workforce_capacity": null
      },
      "geometry": {
        "type": "Point",
        "coordinates": [
          73.8042474,
          18.5049258
        ]
      }
    },
    {
      "type": "Feature",
      "properties": {
        "alt_name:mr": "ड प्रभाग कार्यालय;ड क्षेत्रीय कार्यालय",
        "building": "yes",
        "building:levels": "4",
        "building:material": "plaster",
        "check_date": "2023-05-16",
        "government": "yes",
        "name": "‘ड’ प्रभाग कार्यालय",
        "name:en": "‘Da’ Regional office",
        "name:mr": "‘ड’ प्रभाग कार्यालय",
        "office": "government",
        "roof:levels": "1",
        "roof:shape": "flat",
        "osm_type": "way",
        "osm_id": 360221824,
        "workforce_capacity": null
      },
      "geometry": {
        "type": "Point",
        "coordinates": [
          73.7819986,
          18.5964843
        ]
      }
    },
    {
      "type": "Feature",
      "properties": {
        "building": "yes",
        "government": "administrative",
        "name": "Central Public Works Department",
        "office": "government",
        "osm_type": "way",
        "osm_id": 360238189,
        "workforce_capacity": null
      },
      "geometry": {
        "type": "Point",
        "coordinates": [
          73.8621795,
          18.4953206
        ]
      }
    },
    {
      "type": "Feature",
      "properties": {
        "brand": "Life Insurance Corporation",
        "brand:short": "LIC",
        "brand:wikidata": "Q2767170",
        "building": "yes",
        "name": "LIC Jeevan Prakash Building",
        "office": "insurance",
        "short_name": "LIC",
        "osm_type": "way",
        "osm_id": 360273807,
        "workforce_capacity": null
      },
      "geometry": {
        "type": "Point",
        "coordinates": [
          73.8480308,
          18.5312221
        ]
      }
    },
    {
      "type": "Feature",
      "properties": {
        "building": "yes",
        "name": "Bharat Eco Solutions and Technologies",
        "office": "research",
        "phone": "8459893982",
        "osm_type": "way",
        "osm_id": 360281648,
        "workforce_capacity": null
      },
      "geometry": {
        "type": "Point",
        "coordinates": [
          73.8126553,
          18.4573683
        ]
      }
    },
    {
      "type": "Feature",
      "properties": {
        "addr:city": "Pune",
        "addr:postcode": "411041",
        "building": "yes",
        "building:levels": "1",
        "name": "DSK Vishwa Marketing Office",
        "office": "yes",
        "phone": "02066047100",
        "website": "http://dskdl.com",
        "osm_type": "way",
        "osm_id": 360295991,
        "workforce_capacity": null
      },
      "geometry": {
        "type": "Point",
        "coordinates": [
          73.7988696,
          18.4429429
        ]
      }
    },
    {
      "type": "Feature",
      "properties": {
        "building": "yes",
        "name": "Athrava Ved School",
        "office": "educational_institution",
        "osm_type": "way",
        "osm_id": 360307792,
        "workforce_capacity": null
      },
      "geometry": {
        "type": "Point",
        "coordinates": [
          73.8094406,
          18.4986006
        ]
      }
    },
    {
      "type": "Feature",
      "properties": {
        "building": "yes",
        "name": "Kothrud-Bavdhan Kshetriya Karyalaya",
        "name:en": "PMC Kothrud-Bavdhan Regional ward office",
        "office": "government",
        "opening_hours": "Mo-Sa 10:00-16:00",
        "osm_type": "way",
        "osm_id": 360324033,
        "workforce_capacity": null
      },
      "geometry": {
        "type": "Point",
        "coordinates": [
          73.8093429,
          18.5012101
        ]
      }
    },
    {
      "type": "Feature",
      "properties": {
        "addr:housenumber": "Survey No. 3/4",
        "addr:postcode": "411048",
        "addr:street": "Kondhwa Road",
        "building": "education",
        "contact:facebook": "vitpune84",
        "contact:instagram": "official_vitpune",
        "contact:twitter": "vit_college",
        "email": "admission@viit.ac.in",
        "internet_access": "wlan",
        "name": "Vishwakarma Institute of Technology (Kondhwa Campus)",
        "office": "educational_institution",
        "opening_hours": "Mo-Fr 10:00-17:00",
        "phone": "+91 7058432258;+91 8793428634",
        "short_name": "VIIT",
        "website": "https://vit.edu/",
        "osm_type": "way",
        "osm_id": 360324996,
        "workforce_capacity": null
      },
      "geometry": {
        "type": "Point",
        "coordinates": [
          73.8839557,
          18.4596901
        ]
      }
    },
    {
      "type": "Feature",
      "properties": {
        "addr:city": "Pune",
        "addr:district": "Pune",
        "addr:housenumber": "2nd floor",
        "addr:postcode": "411038",
        "addr:street": "Paud Road,Anant Manohar Apartment",
        "building": "yes",
        "building:levels": "2",
        "name": "Bugbattlers Technologies | Android App | iOS App | Mobile App Development",
        "office": "it",
        "phone": "7972812221",
        "website": "https://bugbattlers.com/",
        "osm_type": "way",
        "osm_id": 360505163,
        "workforce_capacity": null
      },
      "geometry": {
        "type": "Point",
        "coordinates": [
          73.7922724,
          18.5077618
        ]
      }
    },
    {
      "type": "Feature",
      "properties": {
        "building": "yes",
        "name": "Jaihind High School",
        "office": "educational_institution",
        "osm_type": "way",
        "osm_id": 360508359,
        "workforce_capacity": null
      },
      "geometry": {
        "type": "Point",
        "coordinates": [
          73.8011853,
          18.6173368
        ]
      }
    },
    {
      "type": "Feature",
      "properties": {
        "building": "yes",
        "building:levels": "1",
        "name": "Marketing Office",
        "office": "administrative",
        "osm_type": "way",
        "osm_id": 360518446,
        "workforce_capacity": null
      },
      "geometry": {
        "type": "Point",
        "coordinates": [
          73.7992679,
          18.4464148
        ]
      }
    },
    {
      "type": "Feature",
      "properties": {
        "addr:city": "Ambegaon BK",
        "addr:district": "Pune",
        "addr:housenumber": "Office No: 101,",
        "addr:postcode": "411046",
        "addr:street": "Avdhut Complex, Dattanagar Road",
        "building": "yes",
        "name": "Exim Elite Pune",
        "office": "company",
        "opening_hours": "Mo-Su 09:00-21:00",
        "phone": "+91-9854432222",
        "website": "https://www.eximelite.com/",
        "osm_type": "way",
        "osm_id": 360527041,
        "workforce_capacity": null
      },
      "geometry": {
        "type": "Point",
        "coordinates": [
          73.8486096,
          18.449263
        ]
      }
    },
    {
      "type": "Feature",
      "properties": {
        "addr:street": "Balewadi High Street",
        "building": "commercial",
        "building:levels": "10",
        "building:material": "glass",
        "name": "V18",
        "office": "yes",
        "roof:levels": "1",
        "roof:shape": "flat",
        "osm_type": "way",
        "osm_id": 364913357,
        "workforce_capacity": null
      },
      "geometry": {
        "type": "Point",
        "coordinates": [
          73.7756368,
          18.5703309
        ]
      }
    },
    {
      "type": "Feature",
      "properties": {
        "building": "yes",
        "name": "TUV INDIA PVT LTD",
        "office": "yes",
        "osm_type": "way",
        "osm_id": 365044339,
        "workforce_capacity": null
      },
      "geometry": {
        "type": "Point",
        "coordinates": [
          73.7639773,
          18.5560659
        ]
      }
    },
    {
      "type": "Feature",
      "properties": {
        "addr:city": "Pune",
        "addr:postcode": "411045",
        "addr:street": "Balewadi High Street",
        "brand": "Siemens",
        "brand:wikidata": "Q81230",
        "building": "commercial",
        "building:levels": "7",
        "name": "Siemens",
        "name:mr": "सिमेन्स",
        "office": "company",
        "smoking": "isolated",
        "type": "workplace",
        "osm_type": "way",
        "osm_id": 549525699,
        "workforce_capacity": null
      },
      "geometry": {
        "type": "Point",
        "coordinates": [
          73.7742525,
          18.5688847
        ]
      }
    },
    {
      "type": "Feature",
      "properties": {
        "building": "yes",
        "college": "junior",
        "name": "Dr. kalmadi Shamarao High School and Junior College",
        "office": "educational_institution",
        "school:type": "secondary",
        "osm_type": "way",
        "osm_id": 614274883,
        "workforce_capacity": null
      },
      "geometry": {
        "type": "Point",
        "coordinates": [
          73.8269014,
          18.5021502
        ]
      }
    },
    {
      "type": "Feature",
      "properties": {
        "check_date": "2026-03-10",
        "name": "Zero One",
        "office": "company",
        "osm_type": "way",
        "osm_id": 632169129,
        "workforce_capacity": null
      },
      "geometry": {
        "type": "Point",
        "coordinates": [
          73.9135548,
          18.5304175
        ]
      }
    },
    {
      "type": "Feature",
      "properties": {
        "building": "yes",
        "check_date": "2026-03-12",
        "name": "Nationalist Congress Party",
        "name:mr": "राष्ट्रवादी काँग्रेस भवन",
        "office": "political_party",
        "osm_type": "way",
        "osm_id": 638208347,
        "workforce_capacity": null
      },
      "geometry": {
        "type": "Point",
        "coordinates": [
          73.8565921,
          18.5255796
        ]
      }
    },
    {
      "type": "Feature",
      "properties": {
        "amenity": "laboratory",
        "laboratory": "forensic",
        "name": "Regional Forensic Science Laboratory",
        "name:mr": "प्रादेशिक न्यायसाहाय्यक वैज्ञानिक प्रयोगशाळा",
        "office": "government",
        "osm_type": "way",
        "osm_id": 651722867,
        "workforce_capacity": null
      },
      "geometry": {
        "type": "Point",
        "coordinates": [
          73.8265569,
          18.5453751
        ]
      }
    },
    {
      "type": "Feature",
      "properties": {
        "name": "Pashusanvardhan Ayuktalay",
        "name:mr": "पशुसंवर्धन आयुक्तालय",
        "office": "government",
        "osm_type": "way",
        "osm_id": 651737512,
        "workforce_capacity": null
      },
      "geometry": {
        "type": "Point",
        "coordinates": [
          73.8204717,
          18.5621182
        ]
      }
    },
    {
      "type": "Feature",
      "properties": {
        "landuse": "industrial",
        "name": "Bitwise",
        "name:mr": "बिटवाईज",
        "office": "it",
        "osm_type": "way",
        "osm_id": 652015864,
        "workforce_capacity": null
      },
      "geometry": {
        "type": "Point",
        "coordinates": [
          73.7693739,
          18.5568704
        ]
      }
    },
    {
      "type": "Feature",
      "properties": {
        "building": "yes",
        "building:levels": "4",
        "check_date": "2026-03-12",
        "name": "Symbiosis Soceity Office",
        "office": "yes",
        "osm_type": "way",
        "osm_id": 729377023,
        "workforce_capacity": null
      },
      "geometry": {
        "type": "Point",
        "coordinates": [
          73.8296156,
          18.522541
        ]
      }
    },
    {
      "type": "Feature",
      "properties": {
        "addr:city": "pimpri",
        "addr:housenumber": "Near Datta mandir",
        "addr:postcode": "411017",
        "addr:street": "Power House Chowk",
        "building": "yes",
        "name": "Nagdev Associates",
        "office": "construction_company",
        "opening_hours": "Mo-Su 10:00-22:00",
        "phone": "+91 8888889714",
        "osm_type": "way",
        "osm_id": 755747438,
        "workforce_capacity": null
      },
      "geometry": {
        "type": "Point",
        "coordinates": [
          73.8037982,
          18.6130412
        ]
      }
    },
    {
      "type": "Feature",
      "properties": {
        "building": "yes",
        "name": "FTII Director's office",
        "office": "yes",
        "osm_type": "way",
        "osm_id": 780409951,
        "workforce_capacity": null
      },
      "geometry": {
        "type": "Point",
        "coordinates": [
          73.8271848,
          18.51299
        ]
      }
    },
    {
      "type": "Feature",
      "properties": {
        "building": "yes",
        "name": "Keystone School Of Engineering",
        "office": "educational_institution",
        "osm_type": "way",
        "osm_id": 938774310,
        "workforce_capacity": null
      },
      "geometry": {
        "type": "Point",
        "coordinates": [
          73.9371584,
          18.4469845
        ]
      }
    },
    {
      "type": "Feature",
      "properties": {
        "building": "yes",
        "name": "CDSA Office 1",
        "office": "yes",
        "website": "https://cdsaindia.org",
        "osm_type": "way",
        "osm_id": 1111285588,
        "workforce_capacity": null
      },
      "geometry": {
        "type": "Point",
        "coordinates": [
          73.7703117,
          18.507452
        ]
      }
    },
    {
      "type": "Feature",
      "properties": {
        "building": "yes",
        "name": "CDSA Office 2",
        "office": "yes",
        "website": "https://cdsaindia.org",
        "osm_type": "way",
        "osm_id": 1111285589,
        "workforce_capacity": null
      },
      "geometry": {
        "type": "Point",
        "coordinates": [
          73.7701178,
          18.507396
        ]
      }
    },
    {
      "type": "Feature",
      "properties": {
        "building": "yes",
        "name": "Institute for Sustainable Development , CDSA",
        "office": "educational_institution",
        "website": "https://cdsaindia.org/isd",
        "osm_type": "way",
        "osm_id": 1111285591,
        "workforce_capacity": null
      },
      "geometry": {
        "type": "Point",
        "coordinates": [
          73.7701211,
          18.507216
        ]
      }
    },
    {
      "type": "Feature",
      "properties": {
        "building": "yes",
        "name": "Institute for Sustainable Development , CDSA",
        "office": "educational_institution",
        "website": "https://cdsaindia.org/isd",
        "osm_type": "way",
        "osm_id": 1111285592,
        "workforce_capacity": null
      },
      "geometry": {
        "type": "Point",
        "coordinates": [
          73.7702682,
          18.5071626
        ]
      }
    },
    {
      "type": "Feature",
      "properties": {
        "building": "yes",
        "name": "Cresent Gate",
        "office": "security",
        "osm_type": "way",
        "osm_id": 1117054437,
        "workforce_capacity": null
      },
      "geometry": {
        "type": "Point",
        "coordinates": [
          73.7398194,
          18.5064871
        ]
      }
    },
    {
      "type": "Feature",
      "properties": {
        "building": "yes",
        "name": "SNBP School",
        "office": "educational_institution",
        "osm_type": "way",
        "osm_id": 1119854104,
        "workforce_capacity": null
      },
      "geometry": {
        "type": "Point",
        "coordinates": [
          73.7633209,
          18.5086917
        ]
      }
    },
    {
      "type": "Feature",
      "properties": {
        "building": "yes",
        "name": "Pune Municipal Corporation Kshetriya Karyalaya",
        "office": "government",
        "osm_type": "way",
        "osm_id": 1120012137,
        "workforce_capacity": null
      },
      "geometry": {
        "type": "Point",
        "coordinates": [
          73.8076356,
          18.5153624
        ]
      }
    },
    {
      "type": "Feature",
      "properties": {
        "building": "yes",
        "check_date": "2026-03-12",
        "name": "Aayakar Bhavan",
        "office": "government",
        "osm_type": "way",
        "osm_id": 1120280793,
        "workforce_capacity": null
      },
      "geometry": {
        "type": "Point",
        "coordinates": [
          73.8770057,
          18.5252586
        ]
      }
    },
    {
      "type": "Feature",
      "properties": {
        "building": "yes",
        "check_date": "2026-03-15",
        "government": "administrative",
        "name": "Office of the District Collector",
        "office": "government",
        "osm_type": "way",
        "osm_id": 1120288611,
        "workforce_capacity": null
      },
      "geometry": {
        "type": "Point",
        "coordinates": [
          73.8711543,
          18.5236428
        ]
      }
    },
    {
      "type": "Feature",
      "properties": {
        "addr:postcode": "411033",
        "alt_name:mr": "ग प्रभाग कार्यालय",
        "building": "government",
        "building:levels": "5",
        "name": "Pimpri-Chinchwad Corporation Ga Ward Office",
        "name:mr": "पिंपरी-चिंचवड महानगरपालिका ग क्षेत्रीय कार्यालय",
        "office": "government",
        "osm_type": "way",
        "osm_id": 1131935254,
        "workforce_capacity": null
      },
      "geometry": {
        "type": "Point",
        "coordinates": [
          73.7786194,
          18.6120773
        ]
      }
    },
    {
      "type": "Feature",
      "properties": {
        "addr:city": "Pune",
        "addr:housenumber": "SURVEY NO 255/1/8,",
        "addr:postcode": "411057",
        "addr:street": "opposite India Land Global Tech Park, Hinjawadi Phase II",
        "building": "yes",
        "name": "Electrodrive Powertrain Solution Pvt. Ltd",
        "office": "company",
        "website": "https://www.electraev.com/",
        "osm_type": "way",
        "osm_id": 1151174835,
        "workforce_capacity": null
      },
      "geometry": {
        "type": "Point",
        "coordinates": [
          73.7248676,
          18.5948909
        ]
      }
    },
    {
      "type": "Feature",
      "properties": {
        "addr:city": "Hinjawadi",
        "addr:housenumber": "Plot no.50, Behind Gurukrupa hospital, near brahma PG Laxmi chowk, Marunji road, 1, Hinjawadi, Pune, Maharashtra 411057",
        "addr:street": "Bhumkar Das Gurge Road",
        "building": "yes",
        "name": "Apna Ghar Ashram Pune",
        "office": "ngo",
        "phone": "07498550554",
        "osm_type": "way",
        "osm_id": 1152825057,
        "workforce_capacity": null
      },
      "geometry": {
        "type": "Point",
        "coordinates": [
          73.7320715,
          18.6005347
        ]
      }
    },
    {
      "type": "Feature",
      "properties": {
        "addr:city": "Pune",
        "addr:postcode": "411041",
        "addr:street": "Skyi Star City Road",
        "building": "yes",
        "name": "Skyi Star City Sales Office",
        "office": "yes",
        "phone": "07709290781",
        "osm_type": "way",
        "osm_id": 1157595423,
        "workforce_capacity": null
      },
      "geometry": {
        "type": "Point",
        "coordinates": [
          73.7982145,
          18.4374762
        ]
      }
    },
    {
      "type": "Feature",
      "properties": {
        "building": "yes",
        "name": "Lupin Limited",
        "office": "financial",
        "osm_type": "way",
        "osm_id": 1169286155,
        "workforce_capacity": null
      },
      "geometry": {
        "type": "Point",
        "coordinates": [
          73.7274579,
          18.5440244
        ]
      }
    },
    {
      "type": "Feature",
      "properties": {
        "building": "yes",
        "name": "Indigo Tower",
        "name:en": "Indigo Tower",
        "office": "company",
        "osm_type": "way",
        "osm_id": 1197656563,
        "workforce_capacity": null
      },
      "geometry": {
        "type": "Point",
        "coordinates": [
          73.7979223,
          18.558895
        ]
      }
    },
    {
      "type": "Feature",
      "properties": {
        "building": "yes",
        "name": "TechSummit",
        "office": "company",
        "osm_type": "way",
        "osm_id": 1213781505,
        "workforce_capacity": null
      },
      "geometry": {
        "type": "Point",
        "coordinates": [
          73.7744002,
          18.5638549
        ]
      }
    },
    {
      "type": "Feature",
      "properties": {
        "addr:city": "Pune",
        "addr:district": "Pune",
        "addr:housenumber": "56",
        "addr:postcode": "411061",
        "addr:street": "MG Road",
        "building": "yes",
        "name": "XYZ",
        "office": "educational_institution",
        "phone": "7720970999",
        "website": "https://knowheregeomatics.in/",
        "osm_type": "way",
        "osm_id": 1220439356,
        "workforce_capacity": null
      },
      "geometry": {
        "type": "Point",
        "coordinates": [
          73.7805355,
          18.6282585
        ]
      }
    },
    {
      "type": "Feature",
      "properties": {
        "addr:city": "Pune",
        "addr:district": "Pune",
        "addr:postcode": "411041",
        "addr:street": "Nanded City Road",
        "building": "yes",
        "layer": "1",
        "name": "Nanded City PMS Office",
        "office": "security",
        "osm_type": "way",
        "osm_id": 1245444833,
        "workforce_capacity": null
      },
      "geometry": {
        "type": "Point",
        "coordinates": [
          73.787032,
          18.4592513
        ]
      }
    },
    {
      "type": "Feature",
      "properties": {
        "addr:city": "pimpri chinchwad",
        "addr:district": "pune",
        "addr:postcode": "411044",
        "building": "yes",
        "layer": "-1",
        "name": "Jnana Prabodhini Navanagar Vidyalaya",
        "office": "educational_institution",
        "osm_type": "way",
        "osm_id": 1274497277,
        "workforce_capacity": null
      },
      "geometry": {
        "type": "Point",
        "coordinates": [
          73.7660666,
          18.6589671
        ]
      }
    },
    {
      "type": "Feature",
      "properties": {
        "addr:city": "Wagholi, Pune, Maharashtra",
        "addr:postcode": "412207",
        "addr:street": "Infront of Fire brigade office, Lohgaon Rd, near AWHO Vijay Vihar,",
        "building": "yes",
        "name": "Pune Municipal Corporation Development Office",
        "office": "government",
        "osm_type": "way",
        "osm_id": 1275546987,
        "workforce_capacity": null
      },
      "geometry": {
        "type": "Point",
        "coordinates": [
          73.969475,
          18.5885794
        ]
      }
    },
    {
      "type": "Feature",
      "properties": {
        "addr:city": "akurdi",
        "addr:district": "Pune",
        "addr:postcode": "411044",
        "addr:street": "Marhum Jamalbhai Siddiki Path",
        "building": "school",
        "name": "cambridge basketball court",
        "office": "educational_institution",
        "osm_type": "way",
        "osm_id": 1300889794,
        "workforce_capacity": null
      },
      "geometry": {
        "type": "Point",
        "coordinates": [
          73.7829134,
          18.6488473
        ]
      }
    },
    {
      "type": "Feature",
      "properties": {
        "addr:city": "Pune",
        "addr:district": "Bavdhan",
        "addr:postcode": "411021",
        "addr:street": "Patil Nagar",
        "building": "yes",
        "name": "Suryadatta Group of Institutes",
        "office": "educational_institution",
        "phone": "+91 8956932400",
        "website": "https://www.suryadatta.org/",
        "osm_type": "way",
        "osm_id": 1300889814,
        "workforce_capacity": null
      },
      "geometry": {
        "type": "Point",
        "coordinates": [
          73.7732305,
          18.5193778
        ]
      }
    },
    {
      "type": "Feature",
      "properties": {
        "name": "IUCAA, Muktangan",
        "name:en": "IUCAA, Muktangan",
        "name:mr": "आयुका मुक्तांगण",
        "office": "research",
        "osm_type": "way",
        "osm_id": 1338870425,
        "workforce_capacity": null
      },
      "geometry": {
        "type": "Point",
        "coordinates": [
          73.8264261,
          18.558933
        ]
      }
    },
    {
      "type": "Feature",
      "properties": {
        "addr:housenumber": "17/7/7 & 178/7",
        "building": "yes",
        "name": "Discreet Solutions",
        "name:en": "Discreet Solutions",
        "office": "company",
        "website": "https://discreet.co.in/",
        "osm_type": "way",
        "osm_id": 1389330201,
        "workforce_capacity": null
      },
      "geometry": {
        "type": "Point",
        "coordinates": [
          73.7802233,
          18.5691439
        ]
      }
    },
    {
      "type": "Feature",
      "properties": {
        "building": "yes",
        "name": "Central Pollution Control Board",
        "name:en": "Central Pollution Control Board",
        "name:mr": "केंद्रीय प्रदूषण नियंत्रण बोर्ड",
        "office": "government",
        "osm_type": "way",
        "osm_id": 1389330265,
        "workforce_capacity": null
      },
      "geometry": {
        "type": "Point",
        "coordinates": [
          73.7724918,
          18.5661979
        ]
      }
    },
    {
      "type": "Feature",
      "properties": {
        "check_date": "2026-03-15",
        "landuse": "civic",
        "name": "Collector Office",
        "office": "government",
        "osm_type": "way",
        "osm_id": 1410867468,
        "workforce_capacity": null
      },
      "geometry": {
        "type": "Point",
        "coordinates": [
          73.8710752,
          18.5236696
        ]
      }
    },
    {
      "type": "Feature",
      "properties": {
        "government": "public_service",
        "name": "MSEB Office",
        "name:en": "MSEB Office",
        "office": "government",
        "osm_type": "way",
        "osm_id": 1481183305,
        "workforce_capacity": null
      },
      "geometry": {
        "type": "Point",
        "coordinates": [
          73.7932346,
          18.5570301
        ]
      }
    },
    {
      "type": "Feature",
      "properties": {
        "name": "Persistent Systems",
        "name:en": "Persistent Systems",
        "name:hi": "पर्सिसटंट सिस्टीम्स",
        "name:mr": "पर्सिसटंट सिस्टीम्स",
        "office": "it",
        "osm_type": "way",
        "osm_id": 1517443436,
        "workforce_capacity": null
      },
      "geometry": {
        "type": "Point",
        "coordinates": [
          73.7377123,
          18.5880742
        ]
      }
    },
    {
      "type": "Feature",
      "properties": {
        "addr:city": "Pune",
        "addr:district": "Pune",
        "addr:housenumber": "Main Building, 1187/5,",
        "addr:postcode": "411004",
        "addr:street": "Vamanrao Malhar Joshi Marg",
        "area": "yes",
        "building": "service",
        "government": "administrative",
        "name": "Ghole Road Ward Office, PMC",
        "office": "government",
        "opening_hours": "Mo-Fr 10:00-17:00",
        "phone": "1800 103 0222",
        "osm_type": "way",
        "osm_id": 1521246161,
        "workforce_capacity": null
      },
      "geometry": {
        "type": "Point",
        "coordinates": [
          73.8442236,
          18.5238791
        ]
      }
    }
  ]
}
