{"type":"FeatureCollection","features":[{"type":"Feature","id":1,"geometry":{"type":"Polygon","coordinates":[[[80.2690145170001,13.1612654],[80.2689944400001,13.1612687430001],[80.2689308670001,13.161279328],[80.2684758730001,13.1613550860001],[80.2684332420001,13.161362185],[80.2676623940001,13.1614905320001],[80.267457769,13.1615246010001],[80.2670317270001,13.161582251],[80.266619823,13.1616379880001],[80.2665097970001,13.1616528750001],[80.2665053200001,13.161653481],[80.265880468,13.161738031],[80.2658598990001,13.161739858],[80.2658016730001,13.161745029],[80.265706272,13.1617535020001],[80.265455032,13.161774704],[80.265413875,13.161778177],[80.2651883060001,13.161799746],[80.2651448030001,13.1618039050001],[80.2651363080001,13.1618047170001],[80.265110602,13.1618073440001],[80.2651043160001,13.161807986],[80.2649941070001,13.1618192450001],[80.2648517470001,13.161833788],[80.2648468630001,13.161834287],[80.2647900810001,13.161840087],[80.2646991240001,13.161849379],[80.2643848650001,13.161886769],[80.264267466,13.1619007370001],[80.2642333840001,13.161904791],[80.2641115150001,13.161930451],[80.2640751850001,13.1619381],[80.2639469700001,13.161965095],[80.2639447780001,13.161965993],[80.2638686600001,13.1619971690001],[80.2637675880001,13.162038566],[80.2636859780001,13.162072467],[80.2635952570001,13.162110152],[80.2634267750001,13.162169643],[80.263373791,13.162188352],[80.2631063150001,13.162250869],[80.263092075,13.162253621],[80.2630684850001,13.162258179],[80.2630107240001,13.1622716790001],[80.262963298,13.1622792250001],[80.2629420590001,13.162282605],[80.2629140060001,13.1622880250001],[80.26280941,13.162308233],[80.2627942330001,13.1623111660001],[80.2622388840001,13.1623957950001],[80.2622218320001,13.162398394],[80.2622195390001,13.162398755],[80.2618470950001,13.162457537],[80.261815831,13.162462471],[80.2616663260001,13.162494942],[80.261500363,13.162530986],[80.261400005,13.162552782],[80.2613581250001,13.1625613410001],[80.261283609,13.1625765690001],[80.2612434110001,13.1625852990001],[80.2612147630001,13.162592477],[80.2611986620001,13.1625965110001],[80.2611896060001,13.1625984780001],[80.261041047,13.162630742],[80.2609757480001,13.162654864],[80.2608543810001,13.162700869],[80.2607681950001,13.162752756],[80.2607227660001,13.1627792530001],[80.2606896450001,13.1627985710001],[80.2606594580001,13.162816177],[80.2606098260001,13.1628433220001],[80.2605139060001,13.1628865930001],[80.2604392740001,13.1629202620001],[80.260392477,13.162941373],[80.260356889,13.162957427],[80.2602900700001,13.1629831660001],[80.260186676,13.1630224240001],[80.2601050540001,13.1630534980001],[80.260071026,13.163066445],[80.2599868720001,13.1630984560001],[80.259946283,13.163113895],[80.2598629410001,13.1631453430001],[80.25984672,13.1631831030001],[80.2597304120001,13.163223725],[80.2595360000001,13.163290143],[80.2593712290001,13.163346436],[80.259344254,13.1633535390001],[80.2593030960001,13.1633643770001],[80.259245852,13.163357676],[80.2592451800001,13.163357875],[80.2592434110001,13.1633576680001],[80.259036139,13.1634193470001],[80.2590213390001,13.163423751],[80.258972993,13.1634381370001],[80.258928924,13.163446257],[80.2585998690001,13.1635059110001],[80.2585768770001,13.16351008],[80.2585462860001,13.163516251],[80.2585458350001,13.163516342],[80.2585170930001,13.163522141],[80.25838817,13.1635395550001],[80.2583723130001,13.163541697],[80.2583430050001,13.1635456560001],[80.2583121540001,13.163549823],[80.2581963210001,13.163565469],[80.2580001370001,13.163591968],[80.2579036750001,13.1636047540001],[80.2577035090001,13.163629638],[80.257473098,13.163658282],[80.2574371920001,13.163663113],[80.2574095640001,13.1636666690001],[80.2573120700001,13.1636792150001],[80.2572267150001,13.163690199],[80.2571604,13.1636991940001],[80.2571218750001,13.1637044190001],[80.2569905820001,13.1637222260001],[80.256787258,13.163749802],[80.2567687600001,13.1637523110001],[80.256760113,13.1637541850001],[80.2565042310001,13.1638308610001],[80.2564882630001,13.163835647],[80.2564495110001,13.1638277930001],[80.2564540020001,13.163844957],[80.256450661,13.163846178],[80.2564314970001,13.1638531830001],[80.2563211950001,13.1638913730001],[80.2562986990001,13.163899015],[80.256250116,13.16391552],[80.256209008,13.163929486],[80.2560912700001,13.1639694850001],[80.2560247120001,13.163992131],[80.2558740310001,13.1640434],[80.2557166550001,13.16410776],[80.2556483120001,13.16413571],[80.255603324,13.164155888],[80.2555649780001,13.1641699040001],[80.255460252,13.164213212],[80.2553877710001,13.164243186],[80.255024893,13.1643992040001],[80.2549176150001,13.164444372],[80.25456962,13.164590891],[80.254436329,13.164651298],[80.2543952390001,13.1646699190001],[80.2543560230001,13.1646867800001],[80.2542120000001,13.164752962],[80.2541929160001,13.1647616110001],[80.253960078,13.164868434],[80.2539580280001,13.1648696680001],[80.2537776330001,13.164978321],[80.2536117430001,13.1650520470001],[80.2521049420001,13.165707148],[80.250672868,13.166399175],[80.2506676780001,13.1669846130001],[80.249172059,13.1671119970001],[80.244816622,13.166858024],[80.244185019,13.16662631],[80.242447283,13.1662537070001],[80.2412428660001,13.166050908],[80.240455044,13.1654576130001],[80.2392964520001,13.165194103],[80.23844934,13.165343487],[80.2378162380001,13.16523475],[80.237717832,13.1654845050001],[80.2370984560001,13.165617497],[80.2361895450001,13.165752216],[80.2361443350001,13.165895934],[80.234385891,13.166265708],[80.2320823060001,13.1667102540001],[80.23179479,13.1659775800001],[80.2315130430001,13.1660250100001],[80.231447513,13.1656825100001],[80.231217917,13.1650118160001],[80.2310593010001,13.164183129],[80.2291728920001,13.163624462],[80.2285795640001,13.163192485],[80.2281192720001,13.1634956080001],[80.2279011840001,13.16346323],[80.2270827740001,13.163475923],[80.226373897,13.163527959],[80.226258042,13.163570378],[80.2261757040001,13.163494396],[80.225437819,13.163541025],[80.2253805080001,13.163544646],[80.2255675040001,13.165524851],[80.2256188700001,13.1662158190001],[80.22562257,13.1679952910001],[80.2256159900001,13.1685656490001],[80.226191456,13.16909559],[80.2266676610001,13.1695326180001],[80.2267425360001,13.169969383],[80.2267666980001,13.1705559060001],[80.2267995300001,13.1706571770001],[80.2267528130001,13.1707382750001],[80.2266596910001,13.1713281340001],[80.2260012080001,13.1712882030001],[80.2254502980001,13.1715890030001],[80.2249028750001,13.171707966],[80.2235261000001,13.1708841510001],[80.22328466,13.1706918560001],[80.2229714060001,13.1707084010001],[80.222423936,13.169910526],[80.2218253610001,13.169908219],[80.2216994390001,13.1698429570001],[80.2215023160001,13.1699081470001],[80.2207917550001,13.1697315800001],[80.2203214670001,13.169432467],[80.2202446060001,13.1692711650001],[80.220093289,13.1691862710001],[80.220138793,13.16884],[80.2198866100001,13.1686404010001],[80.219497118,13.1686211590001],[80.2189218780001,13.169008347],[80.217727031,13.169718975],[80.2175777100001,13.1709428090001],[80.2175044000001,13.1709951400001],[80.217449538,13.171348062],[80.217379431,13.171498136],[80.2174302920001,13.17176082],[80.217350627,13.171946297],[80.2171897920001,13.172095182],[80.2165291000001,13.1722996880001],[80.2165147260001,13.1720345800001],[80.2150990330001,13.172205267],[80.214805482,13.172158951],[80.2127810580001,13.1730123780001],[80.2105686940001,13.17382338],[80.209390716,13.1741380670001],[80.2084465790001,13.1745721250001],[80.2086472010001,13.174680262],[80.2088118250001,13.174706234],[80.209039325,13.1748924450001],[80.209306165,13.1748407630001],[80.2094253370001,13.175032173],[80.2097583300001,13.175012569],[80.209830127,13.175040003],[80.210009358,13.174962887],[80.2103063180001,13.1750175610001],[80.210431138,13.176045306],[80.210514909,13.177029342],[80.2106881300001,13.177924214],[80.2106882290001,13.178239358],[80.2108494710001,13.179027176],[80.2107244330001,13.1792566140001],[80.21073698,13.179526018],[80.210873608,13.1798798470001],[80.211668155,13.180133997],[80.2117555410001,13.18028679],[80.212029466,13.180324521],[80.2123779950001,13.1802533060001],[80.212669442,13.1802940700001],[80.2129078770001,13.180275615],[80.213089869,13.1802028280001],[80.2130324570001,13.1795949040001],[80.2129657730001,13.17894518],[80.2125902590001,13.178568136],[80.2123970970001,13.1779339780001],[80.2127181710001,13.177684974],[80.213198278,13.1774106680001],[80.213717397,13.176983804],[80.2141033,13.17682482],[80.2142350670001,13.176865402],[80.21428604,13.177008535],[80.2144136920001,13.177027476],[80.2145969040001,13.1771766590001],[80.2146717530001,13.177186276],[80.215208455,13.177433308],[80.2153382760001,13.1776163270001],[80.2155098520001,13.1776487970001],[80.2157344190001,13.177772756],[80.2158035050001,13.177881589],[80.216261569,13.178123247],[80.2163627300001,13.1782731380001],[80.2167222830001,13.178428948],[80.2167695790001,13.178552461],[80.2169778040001,13.178695883],[80.21705509,13.1786892960001],[80.2180469140001,13.1782255850001],[80.2181058510001,13.1781591280001],[80.218663527,13.177987961],[80.2187866520001,13.178015477],[80.2192478170001,13.177835886],[80.2197616870001,13.177803763],[80.2207720960001,13.1774543660001],[80.222798906,13.176907973],[80.2233641990001,13.176854932],[80.2234369190001,13.1783937860001],[80.223513589,13.1801223680001],[80.223362298,13.180160895],[80.2209734090001,13.1805819570001],[80.219787081,13.180744743],[80.219730515,13.1807819840001],[80.219803815,13.182058285],[80.22013501,13.182527737],[80.221000938,13.1836848070001],[80.221314395,13.1838563100001],[80.221508462,13.184204096],[80.221692558,13.184270005],[80.2218348110001,13.1844860780001],[80.2225412010001,13.18451084],[80.2226294660001,13.1849111330001],[80.2228999550001,13.184960249],[80.2230288310001,13.184977201],[80.2231858370001,13.1849846120001],[80.2233448800001,13.185013633],[80.2236160350001,13.185146359],[80.223814012,13.185378316],[80.2243543660001,13.1854243290001],[80.2244352160001,13.1853619620001],[80.2245669740001,13.185357375],[80.2246206130001,13.1853813340001],[80.225067605,13.1852367270001],[80.225302142,13.1851664480001],[80.2257745000001,13.185038139],[80.2260882590001,13.1850314610001],[80.2263070560001,13.1848866020001],[80.2264701660001,13.184811709],[80.2268092460001,13.1847939100001],[80.2272990580001,13.1847076810001],[80.2275164910001,13.1844712000001],[80.227725025,13.184464839],[80.228037532,13.1847400230001],[80.2281808830001,13.1848932780001],[80.2282845840001,13.1849043730001],[80.228448052,13.184927067],[80.22862108,13.1849619390001],[80.2292231070001,13.184446612],[80.229573939,13.184129237],[80.2296784170001,13.184154377],[80.230329327,13.184310999],[80.2304321870001,13.1846397210001],[80.2306582630001,13.1846659190001],[80.230751013,13.18461525],[80.231387005,13.18470245],[80.2312618280001,13.1854574070001],[80.2312060140001,13.1855268910001],[80.231248834,13.185695353],[80.2312952,13.1858975690001],[80.231319716,13.1861049520001],[80.231290954,13.186323391],[80.2313260780001,13.1864511800001],[80.2314051440001,13.186544655],[80.2314384030001,13.186602588],[80.2314889340001,13.1868947630001],[80.2314880870001,13.1869909270001],[80.231497522,13.187064687],[80.2314057280001,13.187140202],[80.2313369610001,13.1871967710001],[80.2313484090001,13.187335122],[80.231467535,13.187383154],[80.231485487,13.1878796940001],[80.2313850670001,13.1880424620001],[80.23137438,13.1884331140001],[80.23131033,13.188541905],[80.2312935530001,13.1886343460001],[80.231237734,13.1886807550001],[80.2312227140001,13.188776094],[80.2315077480001,13.18895754],[80.231648217,13.1890677420001],[80.2317080220001,13.18917027],[80.231731612,13.189288554],[80.2317376970001,13.1893947400001],[80.231709676,13.1895529930001],[80.2314189470001,13.1896484980001],[80.2312220640001,13.189718349],[80.231110238,13.189814868],[80.231005166,13.189951244],[80.2309333530001,13.1900892620001],[80.2307375680001,13.1905123720001],[80.230670558,13.1906820990001],[80.230524986,13.1908435170001],[80.230419424,13.1912595910001],[80.2303384250001,13.1913096750001],[80.230304231,13.19159883],[80.2302558650001,13.1917529840001],[80.2303201440001,13.192394376],[80.2303728150001,13.1928607040001],[80.230373624,13.192928276],[80.2302035820001,13.193679306],[80.2300737640001,13.1941077990001],[80.2300490650001,13.194141874],[80.2297651200001,13.194795813],[80.2294763620001,13.195480633],[80.2288591080001,13.1958287200001],[80.2287912480001,13.195927802],[80.2286739880001,13.196095036],[80.2286120740001,13.1961664030001],[80.228605449,13.19620889],[80.2286346120001,13.1962853530001],[80.2286449090001,13.196358961],[80.2286373360001,13.196512646],[80.2285988610001,13.19670662],[80.2285920290001,13.1968757830001],[80.228589179,13.1969463410001],[80.2286746440001,13.197006797],[80.228683496,13.197187205],[80.228656357,13.1972796740001],[80.228619952,13.19738454],[80.2286021530001,13.1974707580001],[80.2286478890001,13.1975211000001],[80.2287071100001,13.197586283],[80.2337182890001,13.196865039],[80.2387969810001,13.1963275700001],[80.238915369,13.19768809],[80.2389137690001,13.199386888],[80.2406909530001,13.1992184750001],[80.2426362250001,13.199016231],[80.2434208770001,13.1989596610001],[80.2444998500001,13.198813355],[80.247172392,13.1985133320001],[80.249441597,13.1985360900001],[80.2494865350001,13.199578199],[80.2495745720001,13.199576806],[80.250177411,13.2043717710001],[80.2498984920001,13.2055855580001],[80.250486682,13.2060301930001],[80.2534232470001,13.205680601],[80.255723017,13.205913427],[80.2562193540001,13.2055938190001],[80.2566202620001,13.205397632],[80.258800271,13.2051435490001],[80.2599974090001,13.20502887],[80.2606520950001,13.204990901],[80.263786435,13.2040317190001],[80.2647179000001,13.2039439010001],[80.2655064740001,13.203592332],[80.2655182600001,13.2034702980001],[80.2682674740001,13.203600463],[80.2690754910001,13.2035599160001],[80.2700738440001,13.203570692],[80.2700732700001,13.2037371380001],[80.27039304,13.2055526560001],[80.270123975,13.205543607],[80.270465663,13.207467819],[80.2708347820001,13.2089549340001],[80.2711533230001,13.2088919060001],[80.2713638910001,13.2102296050001],[80.2718211380001,13.2124088480001],[80.2715626880001,13.2124409460001],[80.2716356700001,13.212690336],[80.2718980540001,13.214107961],[80.2720985500001,13.214383657],[80.27241603,13.2167123940001],[80.2703150180001,13.220532699],[80.2699051180001,13.220417791],[80.2688507490001,13.2214287210001],[80.268212717,13.2220687450001],[80.2672490720001,13.222583679],[80.2668098870001,13.223568981],[80.2671590470001,13.2240032330001],[80.2677948200001,13.2240050550001],[80.267826218,13.224224711],[80.2681006080001,13.224224549],[80.268117375,13.2243504680001],[80.2684209660001,13.224567635],[80.2688269430001,13.2245897070001],[80.2690568180001,13.2245433140001],[80.269163345,13.2246534020001],[80.2696575000001,13.2246237410001],[80.270533432,13.2247529110001],[80.2730930540001,13.226373284],[80.2732031020001,13.2262994820001],[80.273435099,13.2265687620001],[80.2739257790001,13.226426244],[80.2755313050001,13.226217922],[80.275999653,13.226334561],[80.2770963470001,13.226306761],[80.2774608120001,13.2263863520001],[80.277845955,13.226426572],[80.278291966,13.2266100530001],[80.2797930520001,13.2268231300001],[80.2800329730001,13.226725043],[80.2808723260001,13.227122719],[80.281630383,13.226965196],[80.2820072970001,13.227102793],[80.283052904,13.2272088010001],[80.2834686250001,13.2272934330001],[80.283867172,13.2274062390001],[80.2846239880001,13.2266962910001],[80.2850290160001,13.2265416010001],[80.285326034,13.2265052060001],[80.2854416650001,13.22634743],[80.2855469880001,13.2262037190001],[80.28552827,13.225669827],[80.2860111510001,13.2254973190001],[80.285930255,13.2245823430001],[80.286116559,13.224531803],[80.2861127480001,13.2243544130001],[80.286403959,13.224231575],[80.286826912,13.22423337],[80.2891571640001,13.2210035310001],[80.291855486,13.2206805180001],[80.291895852,13.220520611],[80.2919273630001,13.2203957830001],[80.2921021240001,13.220393367],[80.292417712,13.220388999],[80.292673742,13.220249896],[80.2932952100001,13.2203149060001],[80.2935266740001,13.2202507000001],[80.293799027,13.2202623750001],[80.2977515810001,13.217179899],[80.2984732640001,13.213297819],[80.3004045550001,13.212692625],[80.3009635210001,13.2108668610001],[80.3063436030001,13.2115938690001],[80.3132465420001,13.2200695390001],[80.3082832110001,13.2109406920001],[80.3088128540001,13.207088965],[80.306885578,13.202877836],[80.3042304830001,13.197744653],[80.304977615,13.1976595240001],[80.3040747350001,13.1970313640001],[80.3025516490001,13.1930283080001],[80.3025486240001,13.191792735],[80.3004175080001,13.1899136440001],[80.299622098,13.1876606550001],[80.298730634,13.1879028170001],[80.2956601070001,13.1833257000001],[80.293899127,13.180484673],[80.2909814650001,13.1814882640001],[80.2908600630001,13.181514556],[80.2862787160001,13.1817975490001],[80.2869573340001,13.173525431],[80.282664578,13.163581247],[80.2793550230001,13.1605615600001],[80.2788929710001,13.1601903380001],[80.278426413,13.160187417],[80.2776308380001,13.160294655],[80.2776068780001,13.15983878],[80.2764322570001,13.1600876310001],[80.2718686600001,13.160914581],[80.2699018150001,13.1612090470001],[80.269849062,13.161216944],[80.2698123060001,13.1612298420001],[80.2697890050001,13.161234447],[80.269660522,13.161259838],[80.269549371,13.1612818040001],[80.2694473270001,13.1613019710001],[80.26938219,13.161313066],[80.2692404260001,13.1613372150001],[80.2692118640001,13.161342081],[80.2691873950001,13.1613462490001],[80.269152117,13.161352258],[80.269107632,13.161359836],[80.269112997,13.1613580060001],[80.26917796,13.161238186],[80.2690145170001,13.1612654]]]},"properties":{"OBJECTID":1,"Name":"MANALI","FolderPath":"GCC_ZONE_UPDATED","SymbolID":0,"AltMode":0,"Base":0,"Clamped":-1,"Extruded":0,"Snippet":"","PopupInfo":"","Shape__Area":0.0033459078799751296,"Shape__Length":0.36822844940331623}},{"type":"Feature","id":2,"geometry":{"type":"Polygon","coordinates":[[[80.1875108450001,13.1502109960001],[80.1876100330001,13.1501740800001],[80.1877852380001,13.150108873],[80.1880521360001,13.150108559],[80.188226596,13.1501083540001],[80.1882437830001,13.150123292],[80.1894552110001,13.1511761740001],[80.1897384320001,13.151497121],[80.189910013,13.1516915560001],[80.1902870530001,13.152099439],[80.1910410780001,13.152933143],[80.192347355,13.1547195270001],[80.1924840400001,13.1546957950001],[80.192459381,13.155171158],[80.1924587980001,13.1551823950001],[80.1924498960001,13.1551896500001],[80.1924483330001,13.1551926980001],[80.1920979450001,13.1554765010001],[80.1920238700001,13.1565405440001],[80.191966108,13.1577787430001],[80.1920209950001,13.159019872],[80.191945338,13.1595711200001],[80.191831333,13.1602750330001],[80.1917962430001,13.1614286770001],[80.192720851,13.1622326740001],[80.193349208,13.1626825660001],[80.193330115,13.163225702],[80.1940825450001,13.1646564980001],[80.193578604,13.1650163530001],[80.1935139920001,13.165196827],[80.192620407,13.165346277],[80.192545914,13.165278388],[80.191334596,13.165699622],[80.1914191120001,13.1661091710001],[80.1914377360001,13.166594386],[80.1900222780001,13.1670834020001],[80.1905224830001,13.16871109],[80.190721738,13.1693573430001],[80.1905832830001,13.1694750990001],[80.191135805,13.1709315860001],[80.1912017910001,13.1719678530001],[80.1914903520001,13.1722968770001],[80.1914855210001,13.172516054],[80.1917147390001,13.172895039],[80.191677037,13.1737690590001],[80.1919294020001,13.1739794000001],[80.191913442,13.1742641390001],[80.192162179,13.174336682],[80.192156068,13.1747025390001],[80.1922623790001,13.174907752],[80.1924054260001,13.1749207880001],[80.192679271,13.1747652920001],[80.1927097280001,13.1744605750001],[80.192670181,13.174280438],[80.192755656,13.174133027],[80.1926654220001,13.1740269360001],[80.1927150130001,13.173838371],[80.192872949,13.173659097],[80.19295643,13.173618467],[80.192793898,13.1729889910001],[80.193015491,13.172785022],[80.1931035790001,13.1725499090001],[80.1933440880001,13.1724914810001],[80.1933909700001,13.1727263500001],[80.1935247390001,13.1728896180001],[80.1932843430001,13.173901212],[80.1933310470001,13.173973072],[80.193199276,13.1743684850001],[80.193206724,13.1745493620001],[80.193297773,13.174626227],[80.1932477500001,13.174829113],[80.1933433010001,13.175084181],[80.1935451000001,13.1754733400001],[80.19387693,13.1756865940001],[80.1939683740001,13.1757252400001],[80.1940562600001,13.175674768],[80.1941038860001,13.1756053780001],[80.194236548,13.1756090750001],[80.1944463550001,13.1754980110001],[80.1946802000001,13.1754522420001],[80.1946898880001,13.17512328],[80.194857578,13.174995107],[80.1952668010001,13.1748890590001],[80.1953918400001,13.1749323490001],[80.1955396170001,13.174818358],[80.1958243650001,13.1748371360001],[80.1959890380001,13.1747204170001],[80.1960213250001,13.174516569],[80.1961871710001,13.174442867],[80.196310613,13.1742824180001],[80.196456427,13.1742426770001],[80.1967569980001,13.1740908780001],[80.1969494130001,13.174118139],[80.197140882,13.173951732],[80.1975614070001,13.1740470410001],[80.1977164340001,13.173849311],[80.197990243,13.1740965720001],[80.19814868,13.174143477],[80.198168996,13.1742148380001],[80.1985706790001,13.174302373],[80.1989232240001,13.174560743],[80.1988972020001,13.174849518],[80.1986801130001,13.1750676020001],[80.1986906810001,13.175741573],[80.19900726,13.1759777570001],[80.199209098,13.1760089050001],[80.199404158,13.1762938630001],[80.1993913460001,13.1764281050001],[80.199667612,13.1764697020001],[80.1996763220001,13.176828184],[80.1998632680001,13.1769248520001],[80.1998464370001,13.177069262],[80.1999867700001,13.177140186],[80.1999119820001,13.1772368750001],[80.2000122960001,13.1773741370001],[80.199973764,13.177748346],[80.1999246650001,13.177878692],[80.1999615170001,13.1780543940001],[80.199959343,13.1782295190001],[80.1999905650001,13.1783270940001],[80.199924927,13.1784300260001],[80.2000010630001,13.178523125],[80.2000030560001,13.178951775],[80.2001318910001,13.1790362090001],[80.20013197,13.1792728190001],[80.2003733710001,13.1793755620001],[80.2007449230001,13.1790011470001],[80.2011681130001,13.1787685090001],[80.201326619,13.178760981],[80.2013651610001,13.1786728590001],[80.2014995870001,13.178507488],[80.2015254620001,13.178111815],[80.2013864720001,13.178016601],[80.201466387,13.1778082770001],[80.201347394,13.177461441],[80.2012553980001,13.177147086],[80.2011771000001,13.1768625890001],[80.20132312,13.176605055],[80.201650553,13.1765845950001],[80.201909056,13.1763935020001],[80.202468578,13.1759449940001],[80.2027603650001,13.17593937],[80.20366942,13.175433228],[80.205087457,13.1751974690001],[80.2054393050001,13.1748844960001],[80.20621629,13.1743675880001],[80.2080820240001,13.1745075260001],[80.2084465790001,13.1745721250001],[80.209390716,13.1741380670001],[80.2105686940001,13.17382338],[80.2127810580001,13.1730123780001],[80.214805482,13.172158951],[80.2150990330001,13.172205267],[80.2165147260001,13.1720345800001],[80.2165291000001,13.1722996880001],[80.2171897920001,13.172095182],[80.217350627,13.171946297],[80.2174302920001,13.17176082],[80.217379431,13.171498136],[80.217449538,13.171348062],[80.2175044000001,13.1709951400001],[80.2175777100001,13.1709428090001],[80.217727031,13.169718975],[80.2189218780001,13.169008347],[80.219497118,13.1686211590001],[80.2198866100001,13.1686404010001],[80.220138793,13.16884],[80.220093289,13.1691862710001],[80.2202446060001,13.1692711650001],[80.2203214670001,13.169432467],[80.2207917550001,13.1697315800001],[80.2215023160001,13.1699081470001],[80.2216994390001,13.1698429570001],[80.2218253610001,13.169908219],[80.222423936,13.169910526],[80.2229714060001,13.1707084010001],[80.22328466,13.1706918560001],[80.2235261000001,13.1708841510001],[80.2249028750001,13.171707966],[80.2254502980001,13.1715890030001],[80.2260012080001,13.1712882030001],[80.2266596910001,13.1713281340001],[80.2267528130001,13.1707382750001],[80.2267995300001,13.1706571770001],[80.2267666980001,13.1705559060001],[80.2267425360001,13.169969383],[80.2266676610001,13.1695326180001],[80.226191456,13.16909559],[80.2256159900001,13.1685656490001],[80.22562257,13.1679952910001],[80.2256188700001,13.1662158190001],[80.2255675040001,13.165524851],[80.2253805080001,13.163544646],[80.225437819,13.163541025],[80.2261757040001,13.163494396],[80.226258042,13.163570378],[80.226373897,13.163527959],[80.2270827740001,13.163475923],[80.2279011840001,13.16346323],[80.2281192720001,13.1634956080001],[80.2285795640001,13.163192485],[80.2291728920001,13.163624462],[80.2310593010001,13.164183129],[80.231217917,13.1650118160001],[80.231447513,13.1656825100001],[80.2315130430001,13.1660250100001],[80.23179479,13.1659775800001],[80.2320823060001,13.1667102540001],[80.234385891,13.166265708],[80.2361443350001,13.165895934],[80.2361895450001,13.165752216],[80.2370984560001,13.165617497],[80.237717832,13.1654845050001],[80.2378162380001,13.16523475],[80.23844934,13.165343487],[80.2392964520001,13.165194103],[80.240455044,13.1654576130001],[80.2412428660001,13.166050908],[80.242447283,13.1662537070001],[80.244185019,13.16662631],[80.244816622,13.166858024],[80.249172059,13.1671119970001],[80.2506676780001,13.1669846130001],[80.250672868,13.166399175],[80.2521049420001,13.165707148],[80.2534113790001,13.165139159],[80.253537973,13.165082517],[80.2537776330001,13.164978321],[80.2539580280001,13.1648696680001],[80.253960078,13.164868434],[80.2541929160001,13.1647616110001],[80.2542120000001,13.164752962],[80.2543560230001,13.1646867800001],[80.2543952390001,13.1646699190001],[80.254436329,13.164651298],[80.25456962,13.164590891],[80.2549176150001,13.164444372],[80.255024893,13.1643992040001],[80.2553877710001,13.164243186],[80.255460252,13.164213212],[80.2555649780001,13.1641699040001],[80.255603324,13.164155888],[80.2556483120001,13.16413571],[80.2557166550001,13.16410776],[80.2558740310001,13.1640434],[80.2560247120001,13.163992131],[80.2560912700001,13.1639694850001],[80.256209008,13.163929486],[80.256250116,13.16391552],[80.2562986990001,13.163899015],[80.2563211950001,13.1638913730001],[80.2564314970001,13.1638531830001],[80.256450661,13.163846178],[80.2564540020001,13.163844957],[80.2564495110001,13.1638277930001],[80.2564882630001,13.163835647],[80.2565042310001,13.1638308610001],[80.256760113,13.1637541850001],[80.2567687600001,13.1637523110001],[80.256787258,13.163749802],[80.2569905820001,13.1637222260001],[80.2571218750001,13.1637044190001],[80.2571604,13.1636991940001],[80.2572267150001,13.163690199],[80.2573120700001,13.1636792150001],[80.2574095640001,13.1636666690001],[80.2574371920001,13.163663113],[80.257473098,13.163658282],[80.2577035090001,13.163629638],[80.2579036750001,13.1636047540001],[80.2580001370001,13.163591968],[80.2581963210001,13.163565469],[80.2583121540001,13.163549823],[80.2583723130001,13.163541697],[80.25838817,13.1635395550001],[80.2585170930001,13.163522141],[80.2585458350001,13.163516342],[80.2585462860001,13.163516251],[80.2585768770001,13.16351008],[80.2585998690001,13.1635059110001],[80.258928924,13.163446257],[80.258972993,13.1634381370001],[80.2590213390001,13.163423751],[80.2592434110001,13.1633576680001],[80.2592451800001,13.163357875],[80.259245852,13.163357676],[80.2593030960001,13.1633643770001],[80.259344254,13.1633535390001],[80.2593712290001,13.163346436],[80.2595360000001,13.163290143],[80.2597304120001,13.163223725],[80.25984672,13.1631831030001],[80.2598629410001,13.1631453430001],[80.259946283,13.163113895],[80.2599868720001,13.1630984560001],[80.260071026,13.163066445],[80.260186676,13.1630224240001],[80.2602900700001,13.1629831660001],[80.260356889,13.162957427],[80.260392477,13.162941373],[80.2604392740001,13.1629202620001],[80.2605139060001,13.1628865930001],[80.2606098260001,13.1628433220001],[80.2606594580001,13.162816177],[80.2606896450001,13.1627985710001],[80.2607227660001,13.1627792530001],[80.2607681950001,13.162752756],[80.2608543810001,13.162700869],[80.260925968,13.162673252],[80.261041047,13.162630742],[80.2611896060001,13.1625984780001],[80.2611986620001,13.1625965110001],[80.2612147630001,13.162592477],[80.2612434110001,13.1625852990001],[80.261283609,13.1625765690001],[80.2613581250001,13.1625613410001],[80.261400005,13.162552782],[80.261500363,13.162530986],[80.2616663260001,13.162494942],[80.261815831,13.162462471],[80.2618470950001,13.162457537],[80.2622195390001,13.162398755],[80.2622218320001,13.162398394],[80.2627942330001,13.1623111660001],[80.2629140060001,13.1622880250001],[80.2629420590001,13.162282605],[80.262963298,13.1622792250001],[80.2630107240001,13.1622716790001],[80.2630684850001,13.162258179],[80.263092075,13.162253621],[80.2631063150001,13.162250869],[80.263373791,13.162188352],[80.2634267750001,13.162169643],[80.2635952570001,13.162110152],[80.2636859780001,13.162072467],[80.2637675880001,13.162038566],[80.2638686600001,13.1619971690001],[80.2639447780001,13.161965993],[80.2639469700001,13.161965095],[80.2640751850001,13.1619381],[80.2641115150001,13.161930451],[80.2642333840001,13.161904791],[80.264267466,13.1619007370001],[80.2643848650001,13.161886769],[80.2646991240001,13.161849379],[80.2648517470001,13.161833788],[80.2649941070001,13.1618192450001],[80.2651043160001,13.161807986],[80.265110602,13.1618073440001],[80.2651363080001,13.1618047170001],[80.2651448030001,13.1618039050001],[80.2651883060001,13.161799746],[80.265413875,13.161778177],[80.265455032,13.161774704],[80.265706272,13.1617535020001],[80.2658016730001,13.161745029],[80.2658598990001,13.161739858],[80.265880468,13.161738031],[80.2665053200001,13.161653481],[80.2670317270001,13.161582251],[80.267457769,13.1615246010001],[80.2676623940001,13.1614905320001],[80.2684332420001,13.161362185],[80.268433142,13.161361245],[80.2684292340001,13.161324597],[80.2684179760001,13.1612190320001],[80.268406548,13.1611118750001],[80.268399613,13.161058789],[80.268388654,13.1609748970001],[80.267522361,13.154343355],[80.267599816,13.153077544],[80.2669700000001,13.1514444810001],[80.266155487,13.149310799],[80.266317471,13.1491780060001],[80.268301116,13.1492243490001],[80.2683216240001,13.1483181740001],[80.2680718560001,13.1482402670001],[80.2676522680001,13.146828462],[80.2671192440001,13.1462296400001],[80.2664858640001,13.146135368],[80.266568668,13.1454140320001],[80.2657940930001,13.145392735],[80.260663977,13.1457575630001],[80.2605047660001,13.1457688840001],[80.2603889980001,13.145777115],[80.260387924,13.145772634],[80.258530288,13.1469071930001],[80.255389962,13.147382868],[80.2527659470001,13.1477803060001],[80.2509826100001,13.1478940440001],[80.2484026830001,13.1476664420001],[80.2481439800001,13.1467874360001],[80.2481384490001,13.1467884640001],[80.248139581,13.146783435],[80.2479937040001,13.1462598960001],[80.247916328,13.145966985],[80.2479048980001,13.1458259940001],[80.2479045010001,13.145826034],[80.2477021160001,13.145856779],[80.2472194600001,13.1458750140001],[80.2471100770001,13.1459693520001],[80.246069779,13.1461457880001],[80.2460266790001,13.1461677680001],[80.2459510620001,13.14571241],[80.2459230760001,13.1455438890001],[80.2458578110001,13.1455470280001],[80.2458001460001,13.145458048],[80.2457928050001,13.14541846],[80.2457667200001,13.145421927],[80.2454283430001,13.1454668970001],[80.2450907510001,13.145510347],[80.244662647,13.1456019510001],[80.2444845160001,13.145640068],[80.2441017080001,13.1457073550001],[80.243185855,13.145868337],[80.2431345970001,13.1458751430001],[80.2431308970001,13.145860601],[80.2430807530001,13.1456431610001],[80.243042001,13.145533598],[80.242919649,13.145391929],[80.2428071300001,13.145308164],[80.242666372,13.1452884920001],[80.242398651,13.1453650010001],[80.2419579240001,13.145485541],[80.2415766540001,13.145545901],[80.241303519,13.145591773],[80.240797381,13.145637016],[80.240566336,13.145630241],[80.240538051,13.1456294130001],[80.239821642,13.1456585240001],[80.239677515,13.145287114],[80.2396773360001,13.145286663],[80.2391587280001,13.143909674],[80.23914562,13.143874865],[80.2390356340001,13.143582834],[80.239021473,13.143545234],[80.2394445840001,13.143396432],[80.2395570460001,13.143384881],[80.2396647620001,13.1433619910001],[80.239789681,13.143295505],[80.2399511260001,13.143106518],[80.2399653320001,13.1430898890001],[80.2401629610001,13.142858548],[80.2403106410001,13.1426467060001],[80.2403122220001,13.142644438],[80.2403131610001,13.142642719],[80.2403136290001,13.142641214],[80.2403136570001,13.14264108],[80.240313751,13.1426405130001],[80.2403137680001,13.14264035],[80.2403138080001,13.1426399430001],[80.2403138160001,13.142639714],[80.2403138280001,13.14263937],[80.2403138110001,13.1426387970001],[80.2403137580001,13.142638225],[80.2403137320001,13.1426380620001],[80.2403136670001,13.1426376590001],[80.2403136020001,13.1426373690001],[80.24031354,13.142637098],[80.2403133750001,13.142636548],[80.2403133320001,13.1426364170001],[80.2403133170001,13.1426363740001],[80.240312734,13.1426350630001],[80.240310853,13.1426316270001],[80.240268788,13.142554782],[80.2402506170001,13.1425215840001],[80.2402444950001,13.142413505],[80.2402436680001,13.142224528],[80.2402408070001,13.142197987],[80.240236226,13.1421900190001],[80.2398589950001,13.142201447],[80.2398481170001,13.142200921],[80.2398354690001,13.142195341],[80.2398257580001,13.1421856750001],[80.2398202510001,13.142173241],[80.2398198660001,13.142163984],[80.2397881950001,13.141866072],[80.239747235,13.141495524],[80.2397405500001,13.141411663],[80.2396931900001,13.1410808970001],[80.2396931430001,13.1410805690001],[80.2396849580001,13.141023411],[80.239686486,13.1410197910001],[80.239685803,13.1410168620001],[80.2396830170001,13.141010819],[80.2396796470001,13.1410050490001],[80.2396757280001,13.1409996140001],[80.239671302,13.140994576],[80.2396622360001,13.1409900680001],[80.239656311,13.140985625],[80.2396541520001,13.140984007],[80.2396473310001,13.140976606],[80.239642013,13.1409681210001],[80.2396383830001,13.140958853],[80.2395967360001,13.140701307],[80.2395709290001,13.1405129790001],[80.2395468140001,13.1402881670001],[80.239546412,13.1402844200001],[80.2395381260001,13.140123171],[80.239622829,13.139597458],[80.2395317560001,13.1389321360001],[80.2394400480001,13.138617492],[80.239208401,13.137822724],[80.239204435,13.137808819],[80.2391727310001,13.13769769],[80.2391458930001,13.137615161],[80.2391310250001,13.13758361],[80.239004155,13.137314357],[80.2389621010001,13.1371291450001],[80.2389161070001,13.1369054030001],[80.23888837,13.1367451890001],[80.2388754790001,13.1366770400001],[80.2389196330001,13.136180343],[80.2389187370001,13.1361494700001],[80.239051009,13.1361457890001],[80.239311899,13.1361378890001],[80.239313865,13.136137472],[80.2393155500001,13.136136392],[80.2393167280001,13.1361347930001],[80.239317247,13.136132887],[80.2393172390001,13.1361319660001],[80.239313596,13.136093569],[80.239308636,13.136055318],[80.2393056350001,13.1360168520001],[80.2393046060001,13.135978311],[80.239308248,13.1359775820001],[80.239318279,13.13597623],[80.239318434,13.1359762070001],[80.239320326,13.1359755340001],[80.239321848,13.1359742440001],[80.239322798,13.135972505],[80.239323052,13.1359705470001],[80.239300391,13.135579369],[80.2393117380001,13.135579493],[80.2393220530001,13.1357590710001],[80.239530012,13.1357391930001],[80.239654047,13.135739648],[80.2397984780001,13.1357367950001],[80.2399144770001,13.135725313],[80.2399553480001,13.135725252],[80.240078306,13.135727413],[80.2402562600001,13.1357298200001],[80.240571888,13.1357222720001],[80.2408374010001,13.135717517],[80.2411353700001,13.13572391],[80.241358135,13.135718981],[80.2413991080001,13.1357180740001],[80.24140054,13.1357180430001],[80.2416305690001,13.135707004],[80.2419513500001,13.135689918],[80.2422027520001,13.135685048],[80.242369109,13.1356779770001],[80.2423705530001,13.135677652],[80.24237257,13.13567655],[80.2423739000001,13.135674823],[80.2423743910001,13.135672909],[80.242374397,13.135672866],[80.2423756650001,13.135651104],[80.2423800130001,13.135612656],[80.242385165,13.135588582],[80.2423929280001,13.135565038],[80.242403186,13.1355424290001],[80.24241548,13.135521587],[80.242422666,13.1355109620001],[80.242426815,13.135502258],[80.242429606,13.135493049],[80.2424313270001,13.1354811300001],[80.2424537260001,13.1353400460001],[80.2424674160001,13.135211735],[80.2424726830001,13.1350898040001],[80.242469639,13.1350199880001],[80.242463887,13.1349496180001],[80.2424555150001,13.1348798940001],[80.242443602,13.134815873],[80.242434206,13.1347498590001],[80.242427632,13.1346835210001],[80.24242395,13.1346179820001],[80.242409475,13.134442995],[80.2423890760001,13.1341740730001],[80.2423737020001,13.133981018],[80.2423659660001,13.1338736020001],[80.242381186,13.133847227],[80.2423811990001,13.133847196],[80.242381847,13.1338453280001],[80.2423817660001,13.133843358],[80.242359407,13.1337464700001],[80.242332414,13.133632817],[80.242281774,13.1334442240001],[80.2421889720001,13.1326564180001],[80.242174096,13.132530133],[80.2421734200001,13.1325112490001],[80.2420111980001,13.1314257440001],[80.2418778940001,13.1306358620001],[80.2418738370001,13.13061872],[80.2420562930001,13.130576702],[80.2420784490001,13.1305764200001],[80.2420996170001,13.130578718],[80.242117186,13.130582813],[80.2421517600001,13.130585335],[80.242178175,13.1305849080001],[80.2422003870001,13.1305830270001],[80.2422221050001,13.1305792320001],[80.2422433820001,13.1305735350001],[80.242284559,13.130553911],[80.242303909,13.130544964],[80.2423251770001,13.1305324580001],[80.242326383,13.1305315000001],[80.2423274600001,13.1305298360001],[80.2423278590001,13.1305279040001],[80.242327528,13.1305259590001],[80.242326507,13.130524258],[80.242172849,13.130350412],[80.241992214,13.130177206],[80.2419723830001,13.1301581930001],[80.2419220940001,13.1301099720001],[80.241885779,13.130080966],[80.2418506760001,13.1300505610001],[80.2418168400001,13.1300188070001],[80.2417843260001,13.129985752],[80.2417531840001,13.1299514510001],[80.241723467,13.129915957],[80.2416952190001,13.1298793280001],[80.241668486,13.1298416220001],[80.241643314,13.1298029010001],[80.2416383880001,13.1297967080001],[80.2416317920001,13.1297922540001],[80.241624137,13.1297899530001],[80.241616132,13.129790014],[80.241608517,13.129792437],[80.241694108,13.129635324],[80.2417116760001,13.1296208360001],[80.241672937,13.129537751],[80.2416649080001,13.129530442],[80.241639229,13.129458877],[80.2415708070001,13.1292426590001],[80.2415524960001,13.129201193],[80.241539985,13.129160998],[80.2415109660001,13.1290677650001],[80.2415120350001,13.1290325950001],[80.241606979,13.1286650160001],[80.241572304,13.1286508420001],[80.241550289,13.12862131],[80.241524429,13.1285705330001],[80.241517145,13.1285554830001],[80.2415076030001,13.128535766],[80.2414797000001,13.1284638550001],[80.2414729340001,13.128419987],[80.241468023,13.128375884],[80.241464976,13.1283316180001],[80.2414599750001,13.128259042],[80.2414570240001,13.12818636],[80.2414561290001,13.1281136260001],[80.241457288,13.1280408980001],[80.2414596260001,13.1279705590001],[80.2414682570001,13.12765725],[80.2414703540001,13.127336599],[80.2414741680001,13.126947332],[80.2414745070001,13.126945516],[80.241475531,13.1269438190001],[80.2414771090001,13.126942592],[80.2414790280001,13.126942001],[80.241474608,13.126941147],[80.2413762030001,13.1269221310001],[80.2413793650001,13.1267672060001],[80.241379695,13.1267332420001],[80.2413828800001,13.1266994160001],[80.2413889010001,13.126665964],[80.2414699390001,13.1262928630001],[80.241548627,13.1259639690001],[80.241606716,13.125733842],[80.2416879960001,13.1254010070001],[80.241739619,13.125179905],[80.241753062,13.125122407],[80.2418086650001,13.1248602650001],[80.2418848900001,13.1245217790001],[80.2419457190001,13.124254047],[80.2419864490001,13.1240747750001],[80.2420702030001,13.1236564060001],[80.2420834260001,13.123590356],[80.2420964400001,13.12352535],[80.2421689780001,13.123185678],[80.2422646270001,13.12286027],[80.2424322350001,13.1222717110001],[80.2393836080001,13.1225622200001],[80.238767323,13.122384546],[80.2386839970001,13.1223727460001],[80.2386226410001,13.122382191],[80.2385902450001,13.12238775],[80.2385570330001,13.122397071],[80.2385289800001,13.122407347],[80.2384264940001,13.1224448840001],[80.238352138,13.122472117],[80.238273344,13.1225009770001],[80.2381821050001,13.122534396],[80.238108669,13.122561004],[80.2380140440001,13.1225951770001],[80.2379410710001,13.122621532],[80.2378257880001,13.1226631650001],[80.2377792220001,13.1226769520001],[80.2377447810001,13.1226855950001],[80.237696697,13.1226961020001],[80.2376595650001,13.1227027030001],[80.2376074320001,13.1227099880001],[80.2375761710001,13.1227132560001],[80.2375439690001,13.1227157860001],[80.2375389740001,13.122720166],[80.237506184,13.1227042830001],[80.2375080360001,13.122664174],[80.2375046010001,13.122632868],[80.2374999020001,13.1226082920001],[80.237490952,13.1225518790001],[80.237485167,13.122493456],[80.2374824620001,13.122440392],[80.2374819340001,13.122421225],[80.2374787200001,13.1224164430001],[80.2374355150001,13.12239687],[80.2373998400001,13.122380709],[80.2373719980001,13.122373657],[80.2373598140001,13.12237271],[80.2373272,13.12237287],[80.2373079860001,13.12237743],[80.2373070460001,13.122382471],[80.2373348150001,13.122467182],[80.237362305,13.122551044],[80.2373815380001,13.122609717],[80.2373785250001,13.1226163310001],[80.2373509590001,13.1226283870001],[80.237278449,13.122660103],[80.2371903090001,13.1226992160001],[80.2371902780001,13.12269923],[80.2370899140001,13.1227443610001],[80.2370289340001,13.122771782],[80.236982917,13.122792476],[80.2368028990001,13.1228628980001],[80.2367630080001,13.122877757],[80.2366690150001,13.12291277],[80.236618541,13.1229211400001],[80.236575272,13.122928314],[80.2365489850001,13.122932674],[80.236523484,13.122936902],[80.236520268,13.1229375130001],[80.2365114510001,13.1229372710001],[80.236503198,13.1229344110001],[80.2364983790001,13.122931196],[80.2364912310001,13.1229222440001],[80.2364430310001,13.1227893930001],[80.2364424840001,13.122787885],[80.2364405650001,13.122785342],[80.2364387580001,13.122784476],[80.236434816,13.122784838],[80.236423653,13.1227902470001],[80.236364838,13.1228187400001],[80.2363592500001,13.122821447],[80.236341291,13.122826624],[80.2363169810001,13.1228336300001],[80.236264583,13.1228470240001],[80.2362645090001,13.122847042],[80.236222807,13.122856112],[80.236222737,13.122856128],[80.2361874580001,13.1228628430001],[80.2361660230001,13.122866657],[80.2361295330001,13.122872053],[80.2361294570001,13.1228720660001],[80.2360928150001,13.122876686],[80.2360536,13.122880702],[80.2359937530001,13.122884931],[80.2359211930001,13.122889747],[80.2358319860001,13.1228949000001],[80.2358319430001,13.122894903],[80.2357611370001,13.1228983610001],[80.235669552,13.1229015340001],[80.2355581560001,13.122905051],[80.2355262070001,13.1229060680001],[80.2354971920001,13.1229069930001],[80.2354064400001,13.122916176],[80.235381746,13.122918676],[80.235314815,13.1229208410001],[80.235238838,13.122923299],[80.235143012,13.122923257],[80.2350837960001,13.1229232310001],[80.2350505640001,13.122929555],[80.235022933,13.12293507],[80.235008835,13.1229357080001],[80.2349685330001,13.1229337020001],[80.234727832,13.122921723],[80.2346172640001,13.1229157660001],[80.2344769330001,13.122907889],[80.2344509910001,13.122907496],[80.234403253,13.1229110250001],[80.2343133570001,13.122917671],[80.2342513400001,13.1229248540001],[80.2341931920001,13.1229315890001],[80.234085039,13.1229441180001],[80.2339852170001,13.122962532],[80.233901496,13.1229779760001],[80.2338750760001,13.122983402],[80.2338432380001,13.122984038],[80.233827535,13.122981237],[80.2338171430001,13.1229774660001],[80.233760341,13.1229568570001],[80.233731397,13.122949207],[80.2336977200001,13.122943063],[80.233668713,13.122939611],[80.233641247,13.122937791],[80.2335984650001,13.1229389060001],[80.233495641,13.12294904],[80.2333390380001,13.1229668890001],[80.233274371,13.122975588],[80.2332103480001,13.122984101],[80.233154207,13.1229919310001],[80.2330491100001,13.1230065880001],[80.2330181390001,13.1230118300001],[80.2329955750001,13.1230156510001],[80.2329826610001,13.123017077],[80.232970202,13.123020707],[80.232963585,13.1230239700001],[80.232958592,13.123026431],[80.2329481900001,13.1230340650001],[80.2329393210001,13.1230433760001],[80.2329322620001,13.1230540710001],[80.2329240980001,13.123081239],[80.2329180180001,13.123108928],[80.2329171270001,13.123115231],[80.2329140580001,13.1231369710001],[80.232913495,13.123144145],[80.232912861,13.123152208],[80.2329108500001,13.1231645720001],[80.23289922,13.123236075],[80.232895043,13.123261761],[80.232888185,13.1232872640001],[80.232879262,13.123310589],[80.232779738,13.1235515490001],[80.2326424560001,13.123858586],[80.232543073,13.124057309],[80.2325257780001,13.1240977040001],[80.232525653,13.124101582],[80.232528201,13.12410455],[80.2325301110001,13.1241051760001],[80.232594599,13.124106603],[80.232784334,13.1241040040001],[80.2328788880001,13.1241020090001],[80.2328809410001,13.1241337920001],[80.2328846830001,13.1242272060001],[80.2328859070001,13.124257771],[80.232896999,13.124369743],[80.23290798,13.1244877730001],[80.232928939,13.1246452710001],[80.2329544240001,13.12477255],[80.232981339,13.124898855],[80.2330045570001,13.1250275900001],[80.2330252840001,13.1251264800001],[80.2330534290001,13.125273043],[80.233069759,13.1253988280001],[80.2330712560001,13.1254081000001],[80.2330913070001,13.125523345],[80.2331109020001,13.125660388],[80.233126736,13.125790277],[80.2331426910001,13.1259404200001],[80.2331586400001,13.126093004],[80.233163926,13.1262132570001],[80.2331551290001,13.126283696],[80.23315474,13.126283621],[80.2331540800001,13.126356604],[80.2326547230001,13.126466137],[80.2326145930001,13.126453811],[80.2322321550001,13.1263616210001],[80.2320854330001,13.1263554920001],[80.2318528960001,13.1263437540001],[80.2317134910001,13.1263403620001],[80.231561904,13.1263293390001],[80.2315110070001,13.1263262740001],[80.231328917,13.126328739],[80.2295322840001,13.126209666],[80.22928032,13.12618486],[80.229107221,13.126170589],[80.2290711540001,13.1261998730001],[80.229031503,13.126196609],[80.22903124,13.126196583],[80.228962671,13.1261909290001],[80.2287346840001,13.126176915],[80.2285674220001,13.1261716970001],[80.228565432,13.1261719930001],[80.2285636820001,13.126172968],[80.2285624040001,13.126174491],[80.2285265260001,13.126170421],[80.2284018980001,13.126166534],[80.2281242220001,13.126160837],[80.2278423070001,13.1261706010001],[80.2277481790001,13.1261777670001],[80.227740732,13.126180732],[80.227734324,13.126185514],[80.227729405,13.1261917780001],[80.227726321,13.126199086],[80.227725288,13.126206924],[80.2277263760001,13.126214743],[80.2277331930001,13.1262237490001],[80.2277415200001,13.1262314580001],[80.2277510970001,13.126237626],[80.227761624,13.126242065],[80.2277697260001,13.1262496900001],[80.2277758600001,13.1262589140001],[80.2277797040001,13.126269259],[80.2277116870001,13.1263890810001],[80.2276579580001,13.126352909],[80.227337601,13.126157182],[80.2267900470001,13.1258417820001],[80.2267014240001,13.1257911860001],[80.2266995800001,13.125790527],[80.2266916200001,13.1257891720001],[80.2266825880001,13.125790017],[80.2266741000001,13.125793167],[80.2266667580001,13.125798398],[80.226657473,13.1258135100001],[80.2266567020001,13.1260599890001],[80.2266590130001,13.126072735],[80.2266633580001,13.1260849600001],[80.2266696290001,13.1260963550001],[80.226677662,13.126106629],[80.2266872390001,13.126115014],[80.226586056,13.126119322],[80.2264948420001,13.1261180220001],[80.2262929510001,13.126113705],[80.2262649780001,13.126113592],[80.2262184200001,13.1261134050001],[80.2261171310001,13.126112995],[80.22591427,13.126111119],[80.2258284630001,13.126110118],[80.2257936250001,13.1261191],[80.2252999780001,13.1262463790001],[80.2252631840001,13.126249671],[80.224945914,13.1262563350001],[80.224931466,13.1262566390001],[80.224931435,13.12625723],[80.2249214770001,13.126443119],[80.2249223730001,13.12646584],[80.2249234480001,13.126531218],[80.2249233630001,13.1265508280001],[80.2249207680001,13.1266046430001],[80.2249158210001,13.126658299],[80.224894201,13.126845039],[80.2248645660001,13.127175521],[80.2248500970001,13.1272951070001],[80.2248465070001,13.1273320980001],[80.2248384640001,13.1274149880001],[80.2248296720001,13.127535101],[80.224820826,13.1276495450001],[80.2248059290001,13.1278141070001],[80.2248030960001,13.1278454050001],[80.224793709,13.1280008300001],[80.2247901000001,13.128038938],[80.224784985,13.1280929480001],[80.22474915,13.1284713260001],[80.2247371070001,13.128597314],[80.2247268850001,13.1287237080001],[80.224703875,13.1293268200001],[80.224624761,13.129373706],[80.2242948430001,13.129479073],[80.224208726,13.1294389280001],[80.2240670620001,13.129497595],[80.2238967850001,13.129540009],[80.223717923,13.1296335800001],[80.2236220300001,13.1296839620001],[80.223488414,13.1297616690001],[80.223277587,13.1298419340001],[80.2227927100001,13.1298735510001],[80.2227229860001,13.1298725940001],[80.222717462,13.129877815],[80.2227124820001,13.129865121],[80.2221704580001,13.129907127],[80.2218326020001,13.129974335],[80.221651609,13.1299703760001],[80.221106234,13.1300285350001],[80.2191006900001,13.1299778380001],[80.2185860500001,13.129968865],[80.2181433310001,13.130098171],[80.217810076,13.1303429280001],[80.2176748570001,13.130386709],[80.2176562280001,13.130394537],[80.2174771360001,13.130471578],[80.2173442550001,13.13052609],[80.217119525,13.1306458170001],[80.2170744700001,13.1306663140001],[80.2169792670001,13.130702636],[80.216913617,13.130723125],[80.2168316410001,13.1307400430001],[80.2165265560001,13.1308010120001],[80.2163570600001,13.1308319830001],[80.216170559,13.130854254],[80.216102042,13.130857168],[80.2159673780001,13.1308357660001],[80.2157021240001,13.1308384710001],[80.2154103400001,13.130853689],[80.2151686350001,13.130869009],[80.2149365880001,13.1308722910001],[80.214765142,13.130850755],[80.2146789270001,13.1308307570001],[80.2146086720001,13.1307992820001],[80.2145902120001,13.1307882950001],[80.214544828,13.1307553080001],[80.2145043350001,13.1307166870001],[80.2144939940001,13.1307049770001],[80.2144878380001,13.130697737],[80.2144097570001,13.1305628420001],[80.214378772,13.130516191],[80.2143644910001,13.130498265],[80.2142675580001,13.130382648],[80.2142625000001,13.130377163],[80.214239637,13.130352379],[80.21419639,13.130314974],[80.2141516230001,13.1302851990001],[80.213946514,13.1302733740001],[80.2137116760001,13.1302598340001],[80.2132671160001,13.1304264410001],[80.2130552070001,13.1305210830001],[80.2130049200001,13.1305463680001],[80.2129486740001,13.1305821390001],[80.212896786,13.130623755],[80.2128954870001,13.130624923],[80.212748671,13.1307573240001],[80.2126574220001,13.130880016],[80.2126076310001,13.130841307],[80.212342382,13.1307348670001],[80.212051187,13.130678448],[80.2119541150001,13.1306558690001],[80.2119125560001,13.130646201],[80.2119067030001,13.130644805],[80.211847726,13.130626595],[80.2118182880001,13.130614505],[80.2116980470001,13.13056075],[80.2116825960001,13.1305491360001],[80.2116789500001,13.130546361],[80.2116396690001,13.1305114790001],[80.211605724,13.1304715800001],[80.211579321,13.130430275],[80.2115442610001,13.130366501],[80.2114968440001,13.1302216730001],[80.211480593,13.1301211000001],[80.2114861480001,13.1299878880001],[80.2114730110001,13.129924863],[80.2114688710001,13.129906717],[80.2114506400001,13.129848743],[80.211425413,13.1297933440001],[80.2114242220001,13.129791116],[80.211415016,13.1297740040001],[80.2113692190001,13.1296582310001],[80.211341406,13.1295324610001],[80.2113391380001,13.129439446],[80.211304091,13.1294402660001],[80.2113064390001,13.1295365450001],[80.2113193500001,13.129594932],[80.2113195590001,13.1295968750001],[80.2113194170001,13.1295984060001],[80.2113194130001,13.1295984450001],[80.211319378,13.1295985840001],[80.2113190060001,13.1295999180001],[80.211318991,13.1295999660001],[80.2113183720001,13.129601264],[80.211318308,13.129601392],[80.2113173810001,13.1296026800001],[80.2113162730001,13.1296037600001],[80.2113162410001,13.1296037920001],[80.2113161220001,13.1296038740001],[80.2113149630001,13.1296046630001],[80.2113149210001,13.129604692],[80.211313595,13.1296052930001],[80.211313461,13.129605353],[80.2113130440001,13.129605482],[80.2113126680001,13.1296055940001],[80.2112055430001,13.129633056],[80.2112053420001,13.1296323060001],[80.2109903180001,13.1296784400001],[80.210843954,13.129697734],[80.2107443030001,13.1297047],[80.210606887,13.1297137610001],[80.210613304,13.129710544],[80.2106136780001,13.1297101210001],[80.2106143460001,13.129709351],[80.210614821,13.129708126],[80.210615025,13.1297075890001],[80.2106155390001,13.129706266],[80.210615482,13.12970511],[80.210615402,13.129703491],[80.210615353,13.1297025320001],[80.2106149700001,13.12970175],[80.210614375,13.129700535],[80.2106130020001,13.129698601],[80.2105812600001,13.1296650460001],[80.2104776940001,13.12960338],[80.210452236,13.1295882220001],[80.2101072670001,13.1294126770001],[80.2097535940001,13.12920962],[80.2096647450001,13.12916568],[80.209351278,13.1289976040001],[80.2092399920001,13.128937933],[80.2085143790001,13.1286061500001],[80.208472204,13.128611543],[80.2081708850001,13.1286500680001],[80.207993431,13.1286727560001],[80.2079620480001,13.1286726590001],[80.2076035520001,13.128687069],[80.2075722150001,13.1286941170001],[80.2075648730001,13.1286957680001],[80.2074202330001,13.128693404],[80.2074092940001,13.1286898220001],[80.207408463,13.128689401],[80.207395804,13.128677609],[80.2073848480001,13.1286717840001],[80.2073672490001,13.128668508],[80.207234025,13.1286479990001],[80.2070549570001,13.1286599810001],[80.2068895350001,13.128667783],[80.2067972730001,13.1286832110001],[80.2067922130001,13.1286815400001],[80.206785939,13.128677324],[80.2067828550001,13.128669028],[80.2067760090001,13.1286506160001],[80.206764331,13.128628174],[80.2067499500001,13.128607285],[80.2067327660001,13.1285879050001],[80.2066777960001,13.1285418310001],[80.206622784,13.128499017],[80.2065661030001,13.1284581080001],[80.2065575070001,13.128453297],[80.206535129,13.128440771],[80.2065249080001,13.1284354370001],[80.20650907,13.1284213000001],[80.206507006,13.128414304],[80.2064533650001,13.1284132230001],[80.206439813,13.1284193130001],[80.206425348,13.1284227400001],[80.206129543,13.128456898],[80.2060441850001,13.128466754],[80.206036366,13.128466367],[80.2060288800001,13.1284646500001],[80.2060218250001,13.128461653],[80.2060154270001,13.1284574700001],[80.206009893,13.128452237],[80.2060054,13.12844612],[80.2060020900001,13.1284393170001],[80.2060000020001,13.1284317980001],[80.2059996290001,13.1284284020001],[80.2059753300001,13.128430317],[80.205969522,13.128322477],[80.2059684600001,13.1283113530001],[80.2059655570001,13.1283005490001],[80.2059608920001,13.128290357],[80.205954589,13.1282810480001],[80.205946818,13.1282728730001],[80.2059377890001,13.1282660540001],[80.2059277440001,13.128260773],[80.2058344070001,13.128243449],[80.2057406800001,13.1282282820001],[80.205646614,13.1282152840001],[80.205552261,13.1282044590001],[80.2054441700001,13.1281944510001],[80.2053999730001,13.128191123],[80.2053556640001,13.1281899900001],[80.205311425,13.128191057],[80.2050154460001,13.1282282720001],[80.2042846640001,13.12835555],[80.2042790740001,13.128356524],[80.2042788570001,13.128356561],[80.2042431790001,13.128369859],[80.2042111960001,13.1283792460001],[80.204089444,13.128404806],[80.2040890800001,13.128404876],[80.204042799,13.128413746],[80.203779399,13.128458836],[80.203558856,13.1284970620001],[80.2032570430001,13.128540705],[80.203055239,13.1285756500001],[80.2028781270001,13.128604033],[80.2028160030001,13.1286120890001],[80.202755096,13.1286199890001],[80.202621713,13.128637288],[80.2025239160001,13.128655866],[80.2024794340001,13.128664316],[80.2023457210001,13.1287002070001],[80.2023288950001,13.128704537],[80.2023251790001,13.1287051150001],[80.202251372,13.1286973530001],[80.2022441380001,13.12870066],[80.2021481340001,13.1287256320001],[80.2020758150001,13.1287444430001],[80.2020634,13.128748225],[80.2020518360001,13.1287540600001],[80.2020414780001,13.1287617680001],[80.2020326420001,13.1287711140001],[80.202028017,13.1287781400001],[80.2020268900001,13.128779851],[80.202025511,13.1287812850001],[80.2020236990001,13.1287821450001],[80.2020232580001,13.128782245],[80.202015218,13.1287837350001],[80.201943628,13.1287970060001],[80.2017820140001,13.128818875],[80.2016478560001,13.1288370290001],[80.201645253,13.1288370080001],[80.2015887860001,13.128836504],[80.2015833660001,13.128761028],[80.2006586250001,13.128966007],[80.2003256200001,13.1290199910001],[80.2001211300001,13.1290350890001],[80.199794857,13.1288917730001],[80.1989192710001,13.128923991],[80.1988496290001,13.1284974000001],[80.1984949010001,13.1284022360001],[80.1979540730001,13.1283457750001],[80.197508951,13.128385656],[80.196964204,13.1284257930001],[80.1966885960001,13.128032558],[80.1961911160001,13.1282061960001],[80.1954633230001,13.128307792],[80.194673885,13.128277122],[80.1944283010001,13.1283845990001],[80.194455711,13.1288473560001],[80.1945472470001,13.130025711],[80.1938239930001,13.1299970760001],[80.1935036460001,13.131261248],[80.1932639870001,13.1315948050001],[80.192621536,13.133486356],[80.1918988510001,13.1341856540001],[80.1915250590001,13.1347011980001],[80.191428516,13.135003065],[80.191124915,13.135191331],[80.1908388410001,13.135174374],[80.1901900030001,13.135235521],[80.1899735170001,13.135184339],[80.189328048,13.135075221],[80.1893168180001,13.135161823],[80.1885963440001,13.1352202800001],[80.1884926330001,13.1357146890001],[80.189035661,13.136488108],[80.1891101260001,13.1375050890001],[80.18835462,13.138083099],[80.1880796130001,13.138422722],[80.1880840680001,13.138927476],[80.187457077,13.139086042],[80.185116076,13.1380433570001],[80.1830668640001,13.1359362060001],[80.182373892,13.1352043420001],[80.181951391,13.1353447920001],[80.1815103170001,13.135386544],[80.1783937450001,13.1362767860001],[80.178194719,13.1364097700001],[80.177599037,13.1365504240001],[80.1774972900001,13.136578059],[80.176865004,13.136749789],[80.176236567,13.137142118],[80.176235837,13.1371425730001],[80.1761161750001,13.1373067910001],[80.1758304260001,13.137550456],[80.17550269,13.1377979420001],[80.1749233210001,13.1382047550001],[80.1737273410001,13.138879237],[80.173351864,13.139032243],[80.1714971860001,13.1397691280001],[80.1710607960001,13.13997678],[80.170403121,13.140282803],[80.169870808,13.1405346920001],[80.1691800850001,13.1408716870001],[80.1691675930001,13.1408776320001],[80.168129363,13.141220665],[80.1690460460001,13.142178652],[80.16926585,13.14214587],[80.1694992870001,13.1424145620001],[80.1701334380001,13.1425697170001],[80.1714013230001,13.1415499],[80.1735321880001,13.140093887],[80.173839339,13.1398902920001],[80.1739305630001,13.1398568770001],[80.1739712550001,13.1398420730001],[80.1746128350001,13.139267842],[80.1754630040001,13.138779587],[80.1765334990001,13.1386612490001],[80.177046106,13.13866289],[80.1772412350001,13.1389406930001],[80.1773642200001,13.139393233],[80.1774210830001,13.1399101530001],[80.1773311750001,13.140519904],[80.177143867,13.1417896200001],[80.176596041,13.1439314890001],[80.175983924,13.1448766670001],[80.1757891970001,13.145177346],[80.174985678,13.1459091290001],[80.174689233,13.147484492],[80.1754403130001,13.14859211],[80.1780340780001,13.1475415030001],[80.1776781720001,13.1492114340001],[80.1779417000001,13.1503698120001],[80.1784097490001,13.1507221960001],[80.179785318,13.149041965],[80.1807230310001,13.1484279760001],[80.1810948570001,13.1482374820001],[80.1821291150001,13.1477076080001],[80.183085163,13.147226034],[80.183485111,13.1474637210001],[80.185533671,13.148681153],[80.1862887930001,13.1491739690001],[80.1862720440001,13.149718765],[80.186636692,13.1501804380001],[80.1872343300001,13.1503139070001],[80.1874640350001,13.1502284170001],[80.1875108450001,13.1502109960001]]]},"properties":{"OBJECTID":2,"Name":"MADHAVARAM","FolderPath":"GCC_ZONE_UPDATED","SymbolID":0,"AltMode":0,"Base":0,"Clamped":-1,"Extruded":0,"Snippet":"","PopupInfo":"","Shape__Area":0.0028061707949973425,"Shape__Length":0.3580248726838034}},{"type":"Feature","id":3,"geometry":{"type":"Polygon","coordinates":[[[80.28651389,13.121161537],[80.286513744,13.1211616300001],[80.2865085270001,13.121164949],[80.2864143290001,13.121224897],[80.2864148080001,13.1212196980001],[80.286414178,13.1212123990001],[80.286412264,13.121205318],[80.2864105360001,13.121201292],[80.28651389,13.121161537],[80.286351617,13.1208324890001],[80.2862220640001,13.1205470680001],[80.286220267,13.1205431130001],[80.2861121020001,13.1203048150001],[80.285940053,13.119989511],[80.285714597,13.119524325],[80.2856673570001,13.119426854],[80.2856134290001,13.119320397],[80.285541031,13.119177478],[80.285356188,13.118849185],[80.2852210250001,13.1186127780001],[80.285158203,13.118503844],[80.28514921,13.1184882480001],[80.2851485610001,13.118486863],[80.2851481500001,13.118485337],[80.2851481310001,13.118485202],[80.285148125,13.1184851560001],[80.2851480210001,13.118484165],[80.2851480200001,13.1184840600001],[80.285148018,13.118483751],[80.2851480210001,13.118483639],[80.2851480350001,13.1184834380001],[80.28514814,13.1184823450001],[80.2851481450001,13.1184823],[80.2851481970001,13.1184820390001],[80.2851482470001,13.11848187],[80.2851485720001,13.1184806800001],[80.285148652,13.118480499],[80.2851489070001,13.1184799330001],[80.28514905,13.118479634],[80.2851495190001,13.118478881],[80.2851495450001,13.118478839],[80.2851496640001,13.118478655],[80.2851497840001,13.1184784760001],[80.2851498580001,13.118478386],[80.285150779,13.118477335],[80.2851520340001,13.118476335],[80.285152156,13.118476263],[80.28515265,13.1184759560001],[80.285153699,13.1184754510001],[80.285153844,13.1184753950001],[80.285153909,13.118475367],[80.2851693330001,13.118469513],[80.2867769360001,13.117859294],[80.2867818830001,13.117857729],[80.286782084,13.117857669],[80.2868106480001,13.1178624080001],[80.2868378730001,13.11788604],[80.286843672,13.117834305],[80.2868367290001,13.11781476],[80.28675688,13.117589986],[80.2867243700001,13.117498472],[80.2866141260001,13.117203262],[80.2864442210001,13.1167675180001],[80.2863553400001,13.11652494],[80.2863552530001,13.116524704],[80.2863497610001,13.1165097160001],[80.2863088820001,13.1164053700001],[80.2863022010001,13.116389477],[80.2863019970001,13.1163889960001],[80.2863018040001,13.116388543],[80.286301651,13.116388181],[80.2861824220001,13.116104723],[80.2860494870001,13.1157192630001],[80.285848915,13.11512451],[80.2858372960001,13.115072148],[80.2858176510001,13.1149836110001],[80.285594356,13.114229543],[80.285583564,13.114193098],[80.285541085,13.114049644],[80.2855299330001,13.114011986],[80.285432089,13.113681566],[80.2853666300001,13.1134605070001],[80.2853276110001,13.1132401450001],[80.2853254990001,13.113238579],[80.2853276220001,13.1132360610001],[80.2853377210001,13.1132265000001],[80.2857595180001,13.113167074],[80.2857701040001,13.1131663470001],[80.285782769,13.1131674690001],[80.2857950430001,13.113170729],[80.285806553,13.1131760280001],[80.285816949,13.113183206],[80.285825915,13.1131920440001],[80.285831622,13.1132000800001],[80.2858331800001,13.113202275],[80.2857664540001,13.113081666],[80.28576694,13.113084025],[80.2857675960001,13.113091621],[80.285766896,13.113099214],[80.2857648620001,13.113106572],[80.2857615550001,13.1131134730001],[80.285757075,13.113119704],[80.2857515600001,13.11312508],[80.285745176,13.1131294350001],[80.285738118,13.113132638],[80.285730599,13.1131345900001],[80.2857293230001,13.113134788],[80.2852735490001,13.1131990000001],[80.2852724510001,13.1131992520001],[80.285272234,13.1131990910001],[80.2852601960001,13.113190167],[80.2850724620001,13.112440473],[80.2849449880001,13.1118254680001],[80.284880748,13.111464217],[80.284880521,13.111463655],[80.284880081,13.1114620280001],[80.284879936,13.1114603510001],[80.2848800900001,13.1114586740001],[80.2848801980001,13.111458166],[80.284880543,13.111457038],[80.2848812730001,13.1114555130001],[80.2848822620001,13.1114541370001],[80.2848834810001,13.1114529500001],[80.2848848900001,13.1114519880001],[80.2848854970001,13.111451674],[80.2848333800001,13.1114627630001],[80.2848332870001,13.111462783],[80.2848304680001,13.1114633830001],[80.2845005710001,13.111533579],[80.284498054,13.1115341130001],[80.2844439140001,13.111545607],[80.28444383,13.1115456260001],[80.284440927,13.111546242],[80.2841671620001,13.1116042260001],[80.284165833,13.111604507],[80.2841657540001,13.1116045220001],[80.284164634,13.111604706],[80.28411135,13.111621422],[80.284111018,13.1116215230001],[80.284107749,13.11162253],[80.2838130430001,13.11171333],[80.2836127730001,13.1117750330001],[80.2836122990001,13.1117751900001],[80.2836104030001,13.1117760500001],[80.283608686,13.1117772210001],[80.2836072040001,13.111778665],[80.2836067650001,13.111779276],[80.2836061290001,13.1117801620001],[80.2836060000001,13.111780341],[80.283605112,13.111782195],[80.2836045650001,13.111784173],[80.2836043770001,13.1117862140001],[80.283604553,13.111788255],[80.2836050210001,13.111790048],[80.2835707450001,13.1118035850001],[80.2834213200001,13.111862601],[80.2826130550001,13.112133312],[80.2825814560001,13.1121438960001],[80.2825188360001,13.111963512],[80.2825178850001,13.11196145],[80.2825166910001,13.1119597690001],[80.2825152170001,13.111958316],[80.2825135080001,13.1119571360001],[80.2825116160001,13.1119562640001],[80.2825115730001,13.111956252],[80.282509599,13.111955729],[80.2825075160001,13.1119555440001],[80.2825054350001,13.1119557280001],[80.2825052810001,13.1119557440001],[80.2825035760001,13.1119560560001],[80.28222565,13.112006917],[80.2820133430001,13.1120505760001],[80.2819998200001,13.112053357],[80.2815835270001,13.1121095120001],[80.2815813390001,13.112110505],[80.281577649,13.1121135230001],[80.2815752340001,13.112117595],[80.281574386,13.112122232],[80.2815747980001,13.112125556],[80.2815632590001,13.1120763230001],[80.2815594750001,13.1120650990001],[80.281559461,13.1120650620001],[80.281559234,13.1120643900001],[80.281486504,13.112077082],[80.281485693,13.1120772240001],[80.2810570330001,13.112093123],[80.28102103,13.1121014300001],[80.2810219390001,13.1121043110001],[80.281022008,13.1121046800001],[80.281022229,13.1121072330001],[80.2810219930001,13.112109785],[80.2810213100001,13.112112258],[80.2810201980001,13.1121145760001],[80.2810186930001,13.112116671],[80.2810168390001,13.1121184780001],[80.2810146940001,13.1121199410001],[80.281012321,13.112121018],[80.281009795,13.112121673],[80.28100814,13.112121861],[80.281008091,13.1121218660001],[80.2809825850001,13.1121207300001],[80.2808656660001,13.1121155280001],[80.2806796570001,13.1121425150001],[80.280679207,13.112142584],[80.2806155540001,13.1121524750001],[80.280615514,13.1121524810001],[80.2803363950001,13.1121991000001],[80.2799864950001,13.1122707060001],[80.279730375,13.112314643],[80.2795014970001,13.1123539070001],[80.2789315540001,13.1124297590001],[80.2789269290001,13.112333301],[80.278878266,13.112343278],[80.278878207,13.112343292],[80.278875724,13.1123438000001],[80.278875634,13.1123438180001],[80.2779032000001,13.112446458],[80.27790292,13.1124464750001],[80.277902264,13.11244651],[80.2779020400001,13.11244652],[80.277901963,13.1124465240001],[80.2779018580001,13.112446528],[80.2779016700001,13.112446536],[80.2779016090001,13.112446531],[80.2778992790001,13.1124463240001],[80.2778992080001,13.112446307],[80.2778971820001,13.112445786],[80.2778969330001,13.1124457],[80.2778947530001,13.112444695],[80.2778946700001,13.112444639],[80.2778927830001,13.112443335],[80.2778926340001,13.1124431920001],[80.2778911180001,13.112441694],[80.277891084,13.1124416590001],[80.2778910060001,13.1124415530001],[80.277889708,13.1124397200001],[80.2778896400001,13.112439583],[80.2778896120001,13.1124395250001],[80.2778887970001,13.112437798],[80.2778887370001,13.1124376670001],[80.277888696,13.112437577],[80.277888653,13.112437427],[80.2778881020001,13.1124353860001],[80.2778880800001,13.112435294],[80.2778880640001,13.1124351390001],[80.2778878760001,13.1124329410001],[80.2778878820001,13.112432595],[80.277883375,13.112496019],[80.277883364,13.112496172],[80.2778804280001,13.1125375550001],[80.2778705010001,13.1126413050001],[80.277914202,13.1127565310001],[80.2779427520001,13.1129207610001],[80.277967587,13.113063622],[80.277973731,13.1130804220001],[80.27797831,13.113105332],[80.277988404,13.113147419],[80.2780032360001,13.113209265],[80.2780276500001,13.113311057],[80.2781013480001,13.1137174020001],[80.278103211,13.113724791],[80.2781267610001,13.113818254],[80.278100914,13.113987163],[80.278098395,13.1140485500001],[80.2780983920001,13.1140487050001],[80.2780983870001,13.114049058],[80.278098388,13.114049086],[80.2780985860001,13.114051385],[80.2780985890001,13.114051413],[80.2780986130001,13.114051509],[80.278099205,13.114053692],[80.2781002030001,13.114055808],[80.2781002200001,13.1140558430001],[80.2781015960001,13.114057782],[80.278101625,13.114057813],[80.278103254,13.1140594180001],[80.2781032980001,13.1140594610001],[80.278105241,13.114060802],[80.2781052700001,13.1140608210001],[80.2781074420001,13.1140618220001],[80.2781075240001,13.11406185],[80.278108117,13.11406204],[80.2781081860001,13.1140620620001],[80.278108575,13.114062179],[80.278108618,13.1140621870001],[80.278108649,13.114062194],[80.2781102160001,13.114062511],[80.2781100130001,13.1140624830001],[80.2781098150001,13.114062452],[80.2780466140001,13.114054916],[80.2780464290001,13.114054896],[80.2778017300001,13.1140290750001],[80.277651931,13.114006895],[80.2776511230001,13.1140067700001],[80.2776510900001,13.1140067640001],[80.277651044,13.1140067530001],[80.2776478100001,13.114005892],[80.2776477030001,13.114005847],[80.277647561,13.1140057870001],[80.2776448430001,13.1140045290001],[80.277644722,13.1140044680001],[80.27764454,13.1140043550001],[80.2776444400001,13.1140042910001],[80.2776443650001,13.114004242],[80.2776425930001,13.1140030600001],[80.2776424610001,13.114002962],[80.277641923,13.1140025390001],[80.2776417910001,13.114002414],[80.2776417260001,13.114002354],[80.277639515,13.114000167],[80.2776375650001,13.1139974180001],[80.2776361310001,13.1139943800001],[80.2776352610001,13.113991162],[80.2776352530001,13.113991126],[80.277635183,13.1139906880001],[80.277636349,13.1140640580001],[80.2776363560001,13.1140645840001],[80.277639977,13.1143688770001],[80.2776399790001,13.114369056],[80.2776399860001,13.1143691880001],[80.2776399910001,13.1143692750001],[80.277640203,13.1143717210001],[80.2776402700001,13.114372448],[80.2776405210001,13.114373385],[80.2776407440001,13.114374212],[80.277641159,13.114375738],[80.2776426180001,13.1143788270001],[80.2776446010001,13.1143816210001],[80.2776470490001,13.1143840350001],[80.277649889,13.114385994],[80.2776515730001,13.1143867660001],[80.2776519430001,13.114386935],[80.27765207,13.114386993],[80.277653032,13.1143874430001],[80.27765365,13.1143876],[80.2776537830001,13.1143876360001],[80.2776539100001,13.1143876730001],[80.2776539870001,13.1143876950001],[80.277654044,13.1143877110001],[80.277655656,13.114388143],[80.2776563840001,13.114388333],[80.2776566090001,13.1143883710001],[80.2776574760001,13.1143885000001],[80.2775784730001,13.114382725],[80.2770710130001,13.1142905],[80.2770708470001,13.1142904550001],[80.2770706530001,13.1142904000001],[80.2770694860001,13.1142900460001],[80.2770673320001,13.1142890520001],[80.2770672880001,13.114289027],[80.2770653600001,13.114287694],[80.2770653360001,13.1142876760001],[80.2770652940001,13.114287636],[80.2770636660001,13.114286033],[80.2770636380001,13.1142860040001],[80.2770622560001,13.11428405],[80.2770612480001,13.1142819140001],[80.277060653,13.1142797270001],[80.2770606290001,13.114279626],[80.2770604290001,13.1142773],[80.277060427,13.114277271],[80.2770604300001,13.114277202],[80.277060438,13.1142768500001],[80.2770604790001,13.114276166],[80.277060507,13.114275843],[80.277030208,13.11427717],[80.276132739,13.1150355030001],[80.275804985,13.114293957],[80.275539178,13.1136879750001],[80.2751573260001,13.1128799210001],[80.274741625,13.1119171010001],[80.2743531350001,13.1110350540001],[80.2740582590001,13.110397345],[80.274026984,13.1103297080001],[80.2740271200001,13.110329689],[80.2739897500001,13.1102484940001],[80.2735097300001,13.110291939],[80.2731333610001,13.110357058],[80.272621981,13.11041234],[80.27234129,13.1104310210001],[80.2722177840001,13.1104392410001],[80.272140773,13.1104443670001],[80.2720768990001,13.1104486180001],[80.2719522150001,13.110453443],[80.271804257,13.1104591700001],[80.2717379320001,13.110461737],[80.2716307900001,13.1104658830001],[80.271507743,13.1104706450001],[80.271404912,13.1104654960001],[80.2713080510001,13.110460646],[80.2712318270001,13.11045683],[80.27110751,13.110450605],[80.271031511,13.1104452770001],[80.270929451,13.1104381210001],[80.2708277390001,13.110430991],[80.270705687,13.1104224330001],[80.270615686,13.110416123],[80.270536565,13.1104122350001],[80.270404006,13.1104057210001],[80.2702811610001,13.110399683],[80.270162053,13.11039383],[80.2702058030001,13.1101536960001],[80.270619701,13.1094662],[80.271167442,13.108577229],[80.271776237,13.1075222000001],[80.2720963800001,13.106910595],[80.272003898,13.106827249],[80.271642113,13.106274104],[80.2715337720001,13.1060422630001],[80.2714979290001,13.105872963],[80.2714803600001,13.1056680940001],[80.2714445180001,13.105498794],[80.2713902940001,13.105400683],[80.2712816920001,13.105257894],[80.2711869,13.1051993],[80.270952542,13.1049964170001],[80.2708323470001,13.1048923650001],[80.270611994,13.1051878220001],[80.2704085880001,13.1054815960001],[80.270329507,13.1055838180001],[80.2701805670001,13.1057579070001],[80.270028541,13.105914807],[80.2696854230001,13.106250287],[80.269636189,13.1062968950001],[80.2694396100001,13.106483687],[80.2691724480001,13.1067372810001],[80.2689519080001,13.1069473330001],[80.2686766910001,13.1072103070001],[80.2681697680001,13.10766067],[80.267733369,13.1081009980001],[80.267416788,13.1083869280001],[80.267080965,13.1086690280001],[80.266691269,13.108939654],[80.2663364380001,13.1091386690001],[80.2658777030001,13.1093185190001],[80.2652688110001,13.1094941650001],[80.2652199170001,13.109645979],[80.2626951840001,13.109573257],[80.262249071,13.1095779],[80.2620705670001,13.109574024],[80.2617540480001,13.1095697100001],[80.261534043,13.109557303],[80.2613097130001,13.1095274900001],[80.2610546430001,13.1094992870001],[80.260645147,13.109438762],[80.2601692760001,13.1093767740001],[80.2596356560001,13.109306261],[80.2590762740001,13.1092407190001],[80.258758856,13.1091960640001],[80.2583401860001,13.109144385],[80.2580159180001,13.10909894],[80.2572060370001,13.1089930630001],[80.257067798,13.108978478],[80.2567220180001,13.108933898],[80.2559532050001,13.1088343370001],[80.2555142080001,13.108776275],[80.2545416620001,13.1086483490001],[80.2533831360001,13.1084978330001],[80.2523963100001,13.1083700340001],[80.2523916910001,13.108369429],[80.2524048180001,13.1086902490001],[80.2524070220001,13.108774866],[80.2524090480001,13.1088413480001],[80.2524349700001,13.1094423060001],[80.2524381910001,13.109492335],[80.252437731,13.1094948690001],[80.2524365960001,13.1094964970001],[80.2524349430001,13.109497622],[80.2524329870001,13.109498092],[80.2522256240001,13.109509889],[80.2522250740001,13.1095099200001],[80.252223078,13.109509674],[80.2522213020001,13.109508745],[80.2522199840001,13.1095072540001],[80.2522192960001,13.1095054],[80.2522162760001,13.1093963750001],[80.2522143020001,13.109323773],[80.2522128260001,13.1092695300001],[80.2522122840001,13.109249587],[80.2521797160001,13.1092510300001],[80.252181621,13.109295364],[80.2521844880001,13.1093620350001],[80.252187249,13.1094262830001],[80.2521895820001,13.1094805430001],[80.252190699,13.1095065270001],[80.252190484,13.1095079030001],[80.252190232,13.1095089470001],[80.252189458,13.109510061],[80.252189098,13.109510577],[80.2521883460001,13.109511087],[80.2521874430001,13.109511701],[80.2521854880001,13.1095121710001],[80.2520810330001,13.109518114],[80.2520831320001,13.109553589],[80.252435329,13.1095335530001],[80.2524356930001,13.109533868],[80.252435899,13.109533549],[80.252437861,13.109533996],[80.2524395290001,13.109535098],[80.2524406840001,13.109536715],[80.2524411730001,13.1095386280001],[80.2524654090001,13.10988795],[80.252187356,13.1098954080001],[80.2521922620001,13.109929794],[80.2524653,13.109924118],[80.2524724730001,13.110223682],[80.2524720440001,13.110225187],[80.2524719300001,13.1102255810001],[80.2524707320001,13.110227165],[80.252469127,13.1102281660001],[80.2524670620001,13.1102286190001],[80.2521284060001,13.1102346440001],[80.252129385,13.110287488],[80.252467767,13.1102814550001],[80.252470336,13.110282023],[80.252471943,13.110283209],[80.252473013,13.1102848790001],[80.2524734020001,13.110286816],[80.252477577,13.1106297960001],[80.252482983,13.110721949],[80.2524901370001,13.110843909],[80.2524901510001,13.1108441820001],[80.252490191,13.1108448410001],[80.2524900670001,13.110844983],[80.2524870550001,13.1108483940001],[80.2521718770001,13.110870173],[80.2521747690001,13.1109107620001],[80.252489584,13.1108894450001],[80.2524902100001,13.1108894010001],[80.2524904520001,13.1108897570001],[80.2524930500001,13.1108935620001],[80.252498282,13.110982763],[80.252510881,13.1113716850001],[80.252513767,13.11146074],[80.252514315,13.1114776750001],[80.252532413,13.1118388630001],[80.2525399450001,13.1121342340001],[80.2525415680001,13.112197855],[80.2525820050001,13.112723945],[80.252587147,13.112790815],[80.252587152,13.1127908780001],[80.2525885100001,13.112808559],[80.252599262,13.1131326620001],[80.252600784,13.113178535],[80.252615527,13.113703372],[80.2526322150001,13.114016989],[80.2525909610001,13.1142124400001],[80.2526018780001,13.114465839],[80.2526274130001,13.1145697690001],[80.252556815,13.114611971],[80.2525173970001,13.1146355340001],[80.2523911740001,13.1147109880001],[80.2523556020001,13.114731508],[80.2523169890001,13.114753783],[80.2518790250001,13.115006438],[80.2514794030001,13.115240006],[80.2514603490001,13.1152525430001],[80.2514525020001,13.115257377],[80.25144326,13.115263586],[80.2513777710001,13.1153068730001],[80.2512990500001,13.115348011],[80.2512907670001,13.1153520070001],[80.2512505080001,13.115371435],[80.2512190160001,13.1153866330001],[80.251154419,13.115403907],[80.25108928,13.1154191050001],[80.2510236700001,13.1154322100001],[80.2509576570001,13.115443208],[80.2508913140001,13.115452088],[80.2508244350001,13.1154589650001],[80.2507579150001,13.115463456],[80.2506910050001,13.1154659330001],[80.2505807570001,13.115474057],[80.250470378,13.115480275],[80.2503599030001,13.115484585],[80.2502493710001,13.1154869850001],[80.2501388150001,13.115487473],[80.2500786740001,13.115486553],[80.249981544,13.115483585],[80.2499029950001,13.115479416],[80.2498245730001,13.1154737690001],[80.2497922380001,13.1154720600001],[80.2497153200001,13.1154679950001],[80.2496061420001,13.115461328],[80.249509473,13.1154575150001],[80.2494697650001,13.115455949],[80.249380891,13.115452444],[80.2492115580001,13.115438548],[80.249160681,13.115434373],[80.2488888380001,13.115412066],[80.2488827650001,13.1154115690001],[80.2486452420001,13.115385568],[80.2485956400001,13.1153825010001],[80.248487765,13.1153747010001],[80.248308534,13.1153665740001],[80.248241604,13.115363485],[80.2481124650001,13.115351216],[80.248053165,13.1153455840001],[80.2479716710001,13.1153511540001],[80.2479627210001,13.115263794],[80.2479599870001,13.1152297560001],[80.2479263720001,13.1148727730001],[80.247925283,13.1148572390001],[80.2478982550001,13.1144717710001],[80.2478882660001,13.114341327],[80.2478712880001,13.1141171580001],[80.2478448080001,13.1137847900001],[80.2478355710001,13.1136064560001],[80.247796098,13.113481743],[80.2477996630001,13.1134876850001],[80.247804983,13.1134921940001],[80.247811497,13.1134947960001],[80.247818518,13.113495212],[80.247825306,13.1134934020001],[80.247911012,13.1134595190001],[80.247997534,13.113427696],[80.24808482,13.1133979530001],[80.248118429,13.1133881050001],[80.248332641,13.1133253460001],[80.2483729720001,13.113313104],[80.2483747530001,13.1133121880001],[80.2483760800001,13.113310708],[80.248376782,13.1133088600001],[80.2483768320001,13.1133073340001],[80.2483320680001,13.112906703],[80.2483200550001,13.1128277030001],[80.2483199640001,13.1128272510001],[80.2483191540001,13.1128254450001],[80.248317736,13.112824045],[80.2483159000001,13.1128232350001],[80.2483138920001,13.1128231210001],[80.248312282,13.112823318],[80.2483057110001,13.112770276],[80.248120225,13.1127968060001],[80.2480337490001,13.1128091740001],[80.2480276590001,13.112809831],[80.2479227360001,13.112821147],[80.247895466,13.1128249610001],[80.2478260950001,13.112834821],[80.247709295,13.1128529960001],[80.2476899740001,13.112856003],[80.2476871960001,13.1128563240001],[80.2476479850001,13.112860853],[80.2475510660001,13.1128744660001],[80.247481856,13.112886861],[80.247454329,13.1128913900001],[80.2474534410001,13.112891463],[80.2474515740001,13.112891554],[80.247394876,13.1128942780001],[80.247391055,13.1128955470001],[80.2473534600001,13.112905986],[80.2473153030001,13.112914231],[80.2472767150001,13.1129202540001],[80.2472303820001,13.1129272760001],[80.2470080470001,13.1129508500001],[80.2466710890001,13.112970299],[80.2463642060001,13.1129741940001],[80.246138204,13.112974148],[80.2460320590001,13.112974127],[80.2457207830001,13.112981715],[80.245328585,13.112995214],[80.244988332,13.113006243],[80.2447654090001,13.1130151580001],[80.2444006220001,13.113032699],[80.2443577010001,13.113035188],[80.24432025,13.11303736],[80.2438152760001,13.1130666390001],[80.2436120390001,13.1130852490001],[80.2436100360001,13.113085072],[80.243546269,13.113111745],[80.243553767,13.113163549],[80.243564839,13.113240051],[80.243625852,13.1135853210001],[80.243670261,13.113797978],[80.2436703750001,13.113798977],[80.2436761530001,13.1138261990001],[80.243676189,13.1138263620001],[80.2437131520001,13.114003354],[80.2437477140001,13.1141387860001],[80.2437585700001,13.114181317],[80.243780884,13.114268753],[80.2438718130001,13.114640733],[80.2438886320001,13.114692936],[80.2439006000001,13.1147300810001],[80.2439896990001,13.1150066440001],[80.2440675460001,13.1152183630001],[80.2441411470001,13.1154611960001],[80.2441516170001,13.1154957410001],[80.244198398,13.1156625250001],[80.2442456540001,13.115784811],[80.2442478500001,13.1157926490001],[80.24424809,13.115793507],[80.244249982,13.116050032],[80.244252864,13.116142075],[80.24425511,13.1162137970001],[80.244263699,13.116333298],[80.244267048,13.116366886],[80.244269052,13.1163909690001],[80.2442691140001,13.116399137],[80.244267091,13.1164070670001],[80.2442631150001,13.1164142540001],[80.244257433,13.116420245],[80.2442504080001,13.1164246590001],[80.2442424830001,13.116427216],[80.2442341610001,13.1164277570001],[80.244226478,13.1164278900001],[80.2442191810001,13.116430247],[80.2442129200001,13.1164346140001],[80.2442082600001,13.116440601],[80.2442056140001,13.1164476710001],[80.2442052210001,13.1164551910001],[80.244207117,13.1164624900001],[80.2442505480001,13.1167107270001],[80.2443316600001,13.116779342],[80.2443336730001,13.116779379],[80.244335538,13.1167801190001],[80.2443370110001,13.1167814630001],[80.2443378950001,13.1167832360001],[80.24433801,13.116783717],[80.2443723660001,13.1169674230001],[80.2444269370001,13.117343728],[80.2444842830001,13.117679762],[80.244495075,13.117738307],[80.2444951790001,13.1177387160001],[80.2445909410001,13.1181964100001],[80.2446412260001,13.11839644],[80.24465344,13.118445029],[80.244653498,13.118445255],[80.244657751,13.1184621670001],[80.2447184480001,13.11871089],[80.244750868,13.1188437380001],[80.2448170150001,13.119165917],[80.2448922710001,13.119131925],[80.244892566,13.1191328840001],[80.244893645,13.119134549],[80.2448952600001,13.119135724],[80.2448971970001,13.119136258],[80.2448992020001,13.1191360760001],[80.2453350870001,13.1190154390001],[80.2454037810001,13.1190033340001],[80.245597484,13.118967416],[80.2456011570001,13.118967103],[80.2456048180001,13.1189675100001],[80.245608324,13.1189686230001],[80.245611534,13.1189703970001],[80.2456143210001,13.1189727600001],[80.2456165740001,13.1189756200001],[80.2456182010001,13.11897886],[80.2456185920001,13.118980004],[80.2457020310001,13.119253574],[80.2457029970001,13.1192560590001],[80.245704883,13.119259163],[80.24570736,13.1192618370001],[80.2457103290001,13.119263974],[80.2457136720001,13.1192654920001],[80.2457172520001,13.119266327],[80.245720933,13.1192664490001],[80.2457245620001,13.11926585],[80.245789303,13.119248487],[80.2458493230001,13.1192344130001],[80.245909796,13.1192222350001],[80.2459492090001,13.1192155850001],[80.2459706170001,13.1192119730001],[80.2459778350001,13.1192125320001],[80.245984487,13.1192153320001],[80.245989873,13.119220077],[80.2460000310001,13.119258915],[80.246021076,13.119406654],[80.246023676,13.1194193700001],[80.2460716750001,13.119622049],[80.2460729370001,13.1196281200001],[80.2460722820001,13.1196342810001],[80.246069768,13.1196399630001],[80.24606563,13.1196446380001],[80.2460602500001,13.119647876],[80.246040511,13.119653466],[80.246001343,13.119664557],[80.2459419310001,13.119679417],[80.245882071,13.119692437],[80.2458218240001,13.1197036080001],[80.2456546080001,13.1197439790001],[80.2456031740001,13.1197563970001],[80.245299086,13.1198243150001],[80.2450724700001,13.1198811100001],[80.2450706430001,13.119881938],[80.2450692400001,13.119883352],[80.2450684450001,13.119885163],[80.245068363,13.1198871340001],[80.2450684470001,13.1198875740001],[80.245071851,13.1199021690001],[80.2451146860001,13.120272659],[80.2451189640001,13.1203870750001],[80.2451401060001,13.120535079],[80.2451418640001,13.1205385550001],[80.2451435680001,13.1205396070001],[80.2451458340001,13.1205399880001],[80.2451457860001,13.12057143],[80.2453911580001,13.1205610920001],[80.2453950920001,13.120565233],[80.245484623,13.120995513],[80.2455714390001,13.121362198],[80.245578558,13.121380683],[80.2455874680001,13.121400635],[80.2455987340001,13.1214197960001],[80.2456045820001,13.121425564],[80.2456231450001,13.121453751],[80.2456404110001,13.121486396],[80.245647531,13.1215009810001],[80.245729855,13.1218291660001],[80.245729984,13.121829792],[80.2457389510001,13.1218710040001],[80.2458127850001,13.1222446200001],[80.245812802,13.1222465920001],[80.2458127840001,13.122246639],[80.2458121000001,13.12224844],[80.2458107670001,13.1222499190001],[80.2458089850001,13.122250835],[80.2458078330001,13.122251056],[80.245849944,13.122501229],[80.2457318900001,13.1224979900001],[80.2456280660001,13.1225098090001],[80.2455880430001,13.122514364],[80.2454257960001,13.12256023],[80.2451954300001,13.1227945680001],[80.2452861070001,13.1230753200001],[80.2452982140001,13.1231032740001],[80.245293169,13.1230983790001],[80.2452868620001,13.123095139],[80.245279855,13.123093844],[80.2452727780001,13.1230946100001],[80.245253527,13.12309457],[80.245234361,13.123096366],[80.245215461,13.1230999800001],[80.245197008,13.123105379],[80.2451791780001,13.1231125100001],[80.2450677800001,13.123144563],[80.244957162,13.1231791480001],[80.2448473920001,13.1232162420001],[80.2449005830001,13.123259438],[80.2449057060001,13.1232751900001],[80.2447998010001,13.123308282],[80.244790811,13.123312388],[80.244782833,13.123317695],[80.2447758210001,13.1233241800001],[80.244769954,13.1233316780001],[80.2447651370001,13.123340442],[80.2447378640001,13.1234044980001],[80.244694473,13.123537927],[80.2446726300001,13.1236253710001],[80.244672515,13.1236273390001],[80.244674381,13.1236307570001],[80.244678036,13.123632077],[80.2446506100001,13.1236704740001],[80.243715245,13.126330689],[80.2437132970001,13.126331185],[80.2437116580001,13.12633233],[80.24371044,13.1263342340001],[80.243661676,13.1264646880001],[80.2435720560001,13.126779264],[80.243478855,13.127058114],[80.2434639700001,13.1270988380001],[80.2434231280001,13.1272105780001],[80.2434156790001,13.127219858],[80.2433996730001,13.1272329070001],[80.243397804,13.1272359220001],[80.243379507,13.127243299],[80.243375761,13.1272369660001],[80.243234784,13.127196552],[80.2430487060001,13.127135966],[80.24290424,13.127103871],[80.2427771910001,13.127075645],[80.2427548530001,13.1271691310001],[80.242727368,13.127290271],[80.2427213620001,13.127353456],[80.242718315,13.127395386],[80.242720917,13.1274475020001],[80.242733285,13.1276434050001],[80.2427362550001,13.1276442240001],[80.242733641,13.127645853],[80.2427150500001,13.1276451960001],[80.24271299,13.1276450280001],[80.2427005900001,13.127448606],[80.2426979540001,13.1273958100001],[80.2426983,13.127342949],[80.2427016290001,13.1272901950001],[80.2427270630001,13.1271591190001],[80.2426298450001,13.1271721260001],[80.2424429420001,13.127197132],[80.2424162240001,13.1271888090001],[80.2424343850001,13.1271328020001],[80.2424712430001,13.127015891],[80.242482829,13.126979142],[80.2425149580001,13.1268808790001],[80.2425149300001,13.126877484],[80.2425105,13.1268738580001],[80.2424487920001,13.126886905],[80.242265289,13.1269192770001],[80.242229722,13.126923908],[80.2419603550001,13.1269589780001],[80.2418187740001,13.1269890340001],[80.2417733300001,13.1269931690001],[80.2417614780001,13.1269934380001],[80.241720575,13.126991778],[80.241679864,13.1269875350001],[80.2416395160001,13.126980728],[80.2415111110001,13.126949742],[80.2414765450001,13.1269138710001],[80.241474608,13.126941146],[80.2414741680001,13.126947332],[80.2414703530001,13.127336599],[80.2414682570001,13.127657249],[80.2414596250001,13.1279705580001],[80.2414572870001,13.1280408970001],[80.2414561290001,13.1281136260001],[80.2414570240001,13.12818636],[80.2414599740001,13.128259042],[80.241464975,13.1283316180001],[80.241468023,13.128375883],[80.2414729340001,13.128419987],[80.2414796990001,13.1284638540001],[80.2415076020001,13.128535766],[80.241524429,13.1285705330001],[80.241550289,13.12862131],[80.241572304,13.1286508420001],[80.241606979,13.1286650160001],[80.2415120350001,13.1290325950001],[80.2415109660001,13.1290677650001],[80.2415524960001,13.129201193],[80.2415708070001,13.1292426580001],[80.2416392280001,13.1294588760001],[80.241664907,13.129530441],[80.241672936,13.129537751],[80.241711675,13.1296208360001],[80.2416941070001,13.1296353230001],[80.241608517,13.1297924360001],[80.241624137,13.1297899520001],[80.241631791,13.1297922540001],[80.2416383880001,13.1297967080001],[80.241668486,13.1298416220001],[80.2416952180001,13.1298793280001],[80.2417234660001,13.129915957],[80.2417531840001,13.1299514510001],[80.2417843250001,13.129985752],[80.2418168400001,13.1300188060001],[80.2418506750001,13.1300505610001],[80.241885779,13.130080966],[80.2419220930001,13.130109971],[80.2419723820001,13.1301581920001],[80.2421728480001,13.1303504110001],[80.242321378,13.1305227770001],[80.2423274600001,13.1305298350001],[80.2423039080001,13.130544963],[80.2422845580001,13.130553911],[80.242243381,13.1305735350001],[80.2422221040001,13.1305792320001],[80.2422003870001,13.1305830270001],[80.242178175,13.1305849070001],[80.2421517600001,13.130585334],[80.242117186,13.1305828120001],[80.2420996160001,13.130578718],[80.242078448,13.130576419],[80.2420562930001,13.1305767010001],[80.2418738370001,13.130618719],[80.2418808640001,13.1306555100001],[80.2420111980001,13.131425743],[80.242173419,13.1325112490001],[80.242281774,13.133444223],[80.242332414,13.133632816],[80.242359406,13.1337464690001],[80.2423817660001,13.133843358],[80.2423659660001,13.1338736010001],[80.2423737020001,13.1339810170001],[80.2423890750001,13.1341740720001],[80.2424094740001,13.134442994],[80.24242395,13.1346179820001],[80.242427632,13.1346835200001],[80.2424342050001,13.1347498590001],[80.242443601,13.134815872],[80.2424555150001,13.1348798940001],[80.242463887,13.1349496170001],[80.242469639,13.135019987],[80.2424726830001,13.135089803],[80.2424674150001,13.1352117340001],[80.2424537250001,13.1353400460001],[80.242436362,13.1354542130001],[80.242431326,13.135481129],[80.242422666,13.1355109620001],[80.2424031850001,13.1355424280001],[80.242385165,13.135588581],[80.2423800120001,13.135612655],[80.2423756650001,13.135651104],[80.242369109,13.1356779770001],[80.242202751,13.135685047],[80.2419513500001,13.135689918],[80.2416305690001,13.135707004],[80.241400539,13.1357180430001],[80.2413581340001,13.135718981],[80.2411353690001,13.13572391],[80.2408374010001,13.135717517],[80.240571888,13.1357222710001],[80.2402562600001,13.1357298190001],[80.240078306,13.135727413],[80.239955347,13.135725252],[80.2399144760001,13.135725312],[80.2397984770001,13.1357367950001],[80.2395300110001,13.1357391920001],[80.239323513,13.1357575590001],[80.239311737,13.135579492],[80.23930039,13.135579368],[80.239323051,13.1359705470001],[80.239320326,13.1359755340001],[80.239304605,13.13597831],[80.2393051670001,13.136032669],[80.239308635,13.136055318],[80.2393172390001,13.1361319650001],[80.239311898,13.1361378890001],[80.2389187370001,13.1361494700001],[80.238919632,13.136180342],[80.2388754790001,13.1366770400001],[80.2388883690001,13.1367451880001],[80.2389161070001,13.136905402],[80.2389621,13.137129144],[80.239004154,13.137314356],[80.2391398220001,13.137611441],[80.2392084000001,13.137822724],[80.2395317560001,13.1389321360001],[80.239622829,13.139597458],[80.2395381260001,13.140123171],[80.2395524470001,13.1402466500001],[80.239546412,13.1402844200001],[80.239570928,13.1405129780001],[80.2395967350001,13.140701306],[80.2396383820001,13.140958852],[80.239642012,13.1409681210001],[80.2396473310001,13.140976605],[80.2396541520001,13.140984007],[80.23965631,13.1409856240001],[80.2396622360001,13.1409900670001],[80.239671301,13.140994575],[80.2396757270001,13.1409996140001],[80.2396796470001,13.1410050480001],[80.2396830170001,13.141010819],[80.2396858020001,13.141016861],[80.239686486,13.1410197910001],[80.2396849580001,13.1410234100001],[80.2397405500001,13.141411663],[80.239747235,13.1414955230001],[80.2397881940001,13.141866071],[80.2398198650001,13.142163983],[80.2398202510001,13.142173241],[80.2398257570001,13.1421856750001],[80.2398354680001,13.142195341],[80.2398481160001,13.1422009200001],[80.2398589950001,13.1422014460001],[80.240236225,13.1421900190001],[80.2402408070001,13.142197987],[80.2402436670001,13.1422245270001],[80.2402444940001,13.142413504],[80.2402506160001,13.1425215830001],[80.2403108520001,13.142631626],[80.2403106410001,13.1426467050001],[80.2401629600001,13.142858548],[80.2399653320001,13.1430898890001],[80.2399511260001,13.143106518],[80.2397896800001,13.143295504],[80.2396647610001,13.1433619910001],[80.2395570460001,13.143384881],[80.2394445840001,13.143396431],[80.239021472,13.143545234],[80.2396773360001,13.145286663],[80.239821642,13.1456585240001],[80.2405380500001,13.1456294120001],[80.240797381,13.145637016],[80.241303519,13.145591772],[80.2415766540001,13.145545901],[80.241957923,13.14548554],[80.242398651,13.1453650010001],[80.242666371,13.1452884920001],[80.2428071300001,13.145308163],[80.242919649,13.145391929],[80.243042001,13.1455335970001],[80.2430807530001,13.1456431610001],[80.2431308970001,13.1458606],[80.2431345960001,13.1458751430001],[80.243185855,13.145868337],[80.2441017080001,13.1457073550001],[80.2444845160001,13.145640068],[80.244662647,13.1456019510001],[80.2450907510001,13.145510347],[80.2454283430001,13.1454668970001],[80.2457928050001,13.14541846],[80.2458001460001,13.145458048],[80.2458578110001,13.1455470280001],[80.2459230760001,13.1455438890001],[80.2460266790001,13.1461677680001],[80.246069779,13.1461457880001],[80.2471100770001,13.1459693520001],[80.2472194600001,13.1458750140001],[80.2477021160001,13.145856779],[80.2479045010001,13.145826034],[80.247916328,13.145966985],[80.2479937040001,13.1462598960001],[80.248139581,13.146783435],[80.2481384490001,13.1467884640001],[80.2481439800001,13.1467874360001],[80.2484026830001,13.1476664420001],[80.2509826100001,13.1478940440001],[80.2527659470001,13.147780305],[80.258530287,13.1469071930001],[80.2603879230001,13.145772633],[80.2657940930001,13.1453927360001],[80.2657642020001,13.1452371890001],[80.265019458,13.141361782],[80.2785258740001,13.1419230920001],[80.2787449740001,13.1419242320001],[80.2795656000001,13.142490019],[80.2837760300001,13.1451316980001],[80.284037116,13.145304461],[80.2844144150001,13.145877361],[80.286170692,13.146089246],[80.286652862,13.1461464280001],[80.2870769090001,13.146031465],[80.287384645,13.1459847790001],[80.2898098320001,13.1447524660001],[80.2900981110001,13.1446059800001],[80.2905897430001,13.1444908770001],[80.2909833510001,13.144389517],[80.2914398660001,13.1442941170001],[80.2916771120001,13.1442652810001],[80.2917363820001,13.1442580770001],[80.2917364470001,13.1442580680001],[80.2917963090001,13.144250793],[80.2921006830001,13.1442194420001],[80.292366234,13.14419429],[80.292507115,13.144181071],[80.2928485800001,13.144150069],[80.292854021,13.144149597],[80.292882724,13.144147812],[80.2929399380001,13.144143991],[80.292945021,13.144181126],[80.292952556,13.1442178880001],[80.2929625040001,13.1442540940001],[80.292981921,13.144313515],[80.2930036050001,13.1443721810001],[80.293027522,13.1444300060001],[80.293053639,13.1444869050001],[80.2930950840001,13.1445917360001],[80.2931016890001,13.144604338],[80.2931073560001,13.144607719],[80.293355429,13.1445843930001],[80.2936437120001,13.1445660160001],[80.2937724070001,13.1445545290001],[80.293831772,13.1445492290001],[80.2939483500001,13.1445388230001],[80.294155055,13.144526452],[80.2942661590001,13.144519803],[80.2945673710001,13.144496759],[80.2948719380001,13.14446215],[80.29505993,13.1444446630001],[80.295106113,13.1444403680001],[80.2951533230001,13.1444359770001],[80.2954418410001,13.144399876],[80.2957257140001,13.1443745230001],[80.2960109680001,13.144350439],[80.296300752,13.14432293],[80.2965762270001,13.1442985480001],[80.2966433330001,13.144292315],[80.2966562770001,13.144290542],[80.2968245960001,13.144255077],[80.296806594,13.1442062260001],[80.2967313830001,13.1439853050001],[80.296730639,13.1439733080001],[80.2967318220001,13.143961345],[80.2967349090001,13.143949713],[80.296739818,13.1439386970001],[80.29674643,13.143928573],[80.2967545810001,13.143919592],[80.2967906250001,13.143898662],[80.2968181790001,13.1438874420001],[80.2968465550001,13.143878382],[80.2972246020001,13.143797405],[80.297651654,13.143711678],[80.297902369,13.143666158],[80.2981448100001,13.143601888],[80.2981447980001,13.143601812],[80.2981883730001,13.14359088],[80.2984585670001,13.143523095],[80.2996247290001,13.1432704710001],[80.2996283990001,13.1432699590001],[80.299632106,13.1432699980001],[80.2996357640001,13.1432705870001],[80.299639288,13.143271713],[80.2996415700001,13.143272772],[80.2996437250001,13.1432740600001],[80.2996438150001,13.1432741140001],[80.2996465000001,13.1432762100001],[80.2996488580001,13.1432786550001],[80.2996508430001,13.1432814],[80.299652414,13.1432843910001],[80.299653542,13.1432875680001],[80.299738145,13.1432518840001],[80.299735631,13.1432432450001],[80.2987811660001,13.139964535],[80.2986691400001,13.139549075],[80.2985303570001,13.13903728],[80.2983754140001,13.1385305050001],[80.2982892380001,13.1381818890001],[80.2979332310001,13.136875468],[80.2979330250001,13.1368747080001],[80.2979319990001,13.1368709500001],[80.297851387,13.1365753320001],[80.297948633,13.136541632],[80.2979929460001,13.136516973],[80.298050715,13.136482592],[80.2980918820001,13.1364116610001],[80.2981080390001,13.1363927800001],[80.2981457290001,13.136258191],[80.2982212030001,13.1361173130001],[80.2982180390001,13.1360248840001],[80.2982368250001,13.135893767],[80.298211639,13.135673046],[80.298139296,13.135486209],[80.298092706,13.135404544],[80.2980366640001,13.1351043940001],[80.2980024170001,13.1348679280001],[80.2980377490001,13.134564482],[80.2973454360001,13.1347295420001],[80.2967122900001,13.132438258],[80.2966568960001,13.13223779],[80.2965725340001,13.1319544840001],[80.296513448,13.131756055],[80.2974110010001,13.1305522050001],[80.29748963,13.130266783],[80.2975412500001,13.129988914],[80.297514639,13.1296408330001],[80.297578119,13.129567287],[80.2980516380001,13.129394599],[80.2981541660001,13.1293624420001],[80.2982203170001,13.1294098020001],[80.298268648,13.129365702],[80.2982328860001,13.1292270120001],[80.2983965290001,13.12919378],[80.298035069,13.12797299],[80.2976409440001,13.126608235],[80.2975047290001,13.126136826],[80.2975090850001,13.1261357230001],[80.297489646,13.126061932],[80.2973592650001,13.1256323010001],[80.2973380380001,13.125566372],[80.2972015220001,13.1251271720001],[80.29715624,13.1249144670001],[80.2967461220001,13.124982211],[80.296706154,13.124846124],[80.2966943200001,13.124705369],[80.2967222870001,13.124552744],[80.2967930820001,13.124400238],[80.296940938,13.124120621],[80.2971866650001,13.1237709810001],[80.2975212490001,13.123443772],[80.2979193670001,13.1231935280001],[80.298292793,13.1230269920001],[80.298683038,13.1229410770001],[80.2993500160001,13.1228342040001],[80.3000334170001,13.121564689],[80.3002374640001,13.1209098960001],[80.299082635,13.1209167650001],[80.2988567830001,13.1209181080001],[80.298848352,13.1210477130001],[80.298817629,13.1211740430001],[80.2987941600001,13.12123483],[80.2986837330001,13.121428442],[80.2980551420001,13.1218876200001],[80.2971659770001,13.122124431],[80.296579986,13.1221850330001],[80.296496609,13.121768182],[80.2964699460001,13.1217148580001],[80.296458645,13.1217028560001],[80.2964396080001,13.1216995120001],[80.296431661,13.121702096],[80.296371144,13.1217323540001],[80.2963569330001,13.1217331780001],[80.296351583,13.121730132],[80.2963098720001,13.121665717],[80.29630839,13.121657343],[80.2963099200001,13.1216489760001],[80.296312431,13.121644062],[80.2963746950001,13.1215506670001],[80.2963668500001,13.121464373],[80.2962559850001,13.120975749],[80.296228807,13.120869552],[80.2960993730001,13.120296856],[80.293618381,13.1208606210001],[80.293743116,13.121387973],[80.2937394130001,13.1213896850001],[80.293786266,13.121594671],[80.2938029790001,13.121670254],[80.293842624,13.1218495250001],[80.2938400520001,13.121841091],[80.293834196,13.1218286910001],[80.2938262330001,13.121817477],[80.2938164030001,13.1218077890001],[80.2938050060001,13.1217999200001],[80.293792389,13.121794111],[80.293778934,13.1217905390001],[80.2937650490001,13.1217893090001],[80.2937458600001,13.1217915460001],[80.2931461690001,13.121939705],[80.2929926790001,13.1219893640001],[80.292992493,13.121989426],[80.2929910600001,13.121989887],[80.2929914250001,13.121991333],[80.2929914520001,13.1219914540001],[80.2930841960001,13.122421382],[80.2930661440001,13.122425123],[80.2929739080001,13.121997551],[80.2929736660001,13.1219969480001],[80.2929731680001,13.121995676],[80.2929715870001,13.121996187],[80.2929715240001,13.1219962060001],[80.292786789,13.122055975],[80.2927262310001,13.122087568],[80.2927052360001,13.122106737],[80.29266713,13.1221490840001],[80.2926349910001,13.1221959440001],[80.2926093660001,13.1222465160001],[80.2925906950001,13.122299932],[80.292579297,13.122355279],[80.292575368,13.1224116110001],[80.2925758740001,13.1224335270001],[80.2925305270001,13.1224779020001],[80.2925363100001,13.1224835990001],[80.2925369180001,13.122485016],[80.2925413670001,13.122495379],[80.2925414380001,13.1224957970001],[80.292678569,13.123299527],[80.2927839700001,13.123821799],[80.2926767660001,13.123846965],[80.292676531,13.123847019],[80.2926642150001,13.123848862],[80.2921669950001,13.123923286],[80.292164906,13.1239098780001],[80.2921265270001,13.123703768],[80.2921241170001,13.123690412],[80.2920935280001,13.123493006],[80.292091042,13.1234796640001],[80.2920552570001,13.123275699],[80.292052647,13.12326238],[80.291955091,13.123072345],[80.291952919,13.12305895],[80.291932628,13.1228514850001],[80.291929769,13.122837571],[80.2918890440001,13.1225777560001],[80.291704769,13.122624897],[80.291685009,13.1226309690001],[80.291646396,13.122648488],[80.2916114760001,13.122672311],[80.2916006720001,13.122681689],[80.2914142830001,13.1227213820001],[80.2914251930001,13.1226810960001],[80.290490402,13.122748087],[80.2899117680001,13.1227886940001],[80.2899063240001,13.122788857],[80.2898922000001,13.1227876070001],[80.289878512,13.122783972],[80.289865676,13.1227780620001],[80.2898540830001,13.1227700580001],[80.289844083,13.1227602020001],[80.2898359820001,13.1227487940001],[80.2898300250001,13.1227361810001],[80.2898270220001,13.122725916],[80.2898183470001,13.122690221],[80.2898183190001,13.122690103],[80.2897419500001,13.1227029410001],[80.2892012610001,13.122792458],[80.2890590600001,13.122819997],[80.2887303360001,13.1228882180001],[80.288723105,13.1228897180001],[80.2886546350001,13.122903928],[80.288652579,13.1229043160001],[80.288642736,13.122905132],[80.2886328980001,13.122904261],[80.2886233630001,13.122901729],[80.2886144220001,13.122897612],[80.2886063460001,13.122892037],[80.2885993800001,13.1228851710001],[80.288593737,13.122877225],[80.288589588,13.1228684380001],[80.2885883230001,13.1228645640001],[80.2885583520001,13.122878664],[80.288579918,13.1229659590001],[80.2885888770001,13.123036009],[80.288595838,13.1230904390001],[80.2885962660001,13.1230973150001],[80.2885954010001,13.1231066990001],[80.2885928860001,13.1231157940001],[80.288588798,13.1231243230001],[80.288583262,13.1231320270001],[80.2885764440001,13.123138671],[80.2885685530001,13.123144054],[80.2885598280001,13.1231480120001],[80.2885548030001,13.1231495280001],[80.2882038110001,13.123237682],[80.2879629780001,13.123308794],[80.2878210640001,13.123365607],[80.2878159140001,13.123367547],[80.28779353,13.1233733600001],[80.287770456,13.1233752740001],[80.2877473930001,13.1233732320001],[80.287725042,13.123367296],[80.2877040820001,13.123357646],[80.2876851510001,13.123344576],[80.287668823,13.123328482],[80.287664453,13.123323063],[80.2875937160001,13.123230382],[80.287390228,13.1229092630001],[80.2873500000001,13.12283],[80.2873375,13.122817329],[80.287251299,13.1226634220001],[80.2872103450001,13.1225917940001],[80.2871555950001,13.1224960370001],[80.287118047,13.1224303660001],[80.28706909,13.122306983],[80.2869960020001,13.122122787],[80.2868148250001,13.121770908],[80.2867728530001,13.1216866510001],[80.2865193900001,13.121172691],[80.28651389,13.121161537]],[[80.296528331,13.132200438],[80.296527503,13.1321965550001],[80.2965295210001,13.132203185],[80.296528601,13.1322043960001],[80.296528331,13.132200438]]]},"properties":{"OBJECTID":3,"Name":"TONDIARPET","FolderPath":"GCC_ZONE_UPDATED","SymbolID":0,"AltMode":0,"Base":0,"Clamped":-1,"Extruded":0,"Snippet":"","PopupInfo":"","Shape__Area":0.0017396274095062836,"Shape__Length":0.24980998772209295}},{"type":"Feature","id":4,"geometry":{"type":"Polygon","coordinates":[[[80.253138462,13.068683879],[80.253829099,13.0679317560001],[80.254083655,13.0676389020001],[80.254443161,13.0672376850001],[80.2541439440001,13.0669511560001],[80.254086375,13.0668226710001],[80.2540948010001,13.0668111580001],[80.254095487,13.0668102230001],[80.2540995040001,13.0668029600001],[80.2541000910001,13.066797368],[80.2541002890001,13.066795144],[80.2541002930001,13.0667951080001],[80.2541006810001,13.066790655],[80.2541007040001,13.066783129],[80.2541008320001,13.066782769],[80.254120458,13.066728615],[80.254137067,13.066709019],[80.2541500230001,13.066693732],[80.25419543,13.066640158],[80.254195489,13.0666402150001],[80.2542389820001,13.0666822650001],[80.25431616,13.066757442],[80.2543413340001,13.0667798100001],[80.2544336000001,13.0668618010001],[80.2546359790001,13.067058721],[80.254648176,13.0670436230001],[80.2548223350001,13.066819832],[80.254978577,13.0665838510001],[80.2551899430001,13.0662500650001],[80.255473404,13.0658266140001],[80.2555943040001,13.065542153],[80.25565658,13.0646430030001],[80.255622724,13.06373467],[80.2556300430001,13.063371761],[80.2557891320001,13.0626544420001],[80.256045643,13.062081387],[80.2563796140001,13.061635483],[80.25691047,13.0612054060001],[80.2571930300001,13.0610876530001],[80.2575196810001,13.0610383160001],[80.2583263400001,13.0612086100001],[80.2586993740001,13.061451243],[80.259073018,13.0617416320001],[80.2595809540001,13.0621952160001],[80.2602464930001,13.0629321770001],[80.260539113,13.063482225],[80.2606235800001,13.063706773],[80.2606382750001,13.063702065],[80.2609316190001,13.0636080640001],[80.261074195,13.063565366],[80.2610743390001,13.063565323],[80.2611646,13.063538291],[80.2612284960001,13.0635273720001],[80.2612292380001,13.0635272430001],[80.261555065,13.0634715570001],[80.2617083230001,13.0634427420001],[80.2618992820001,13.0633198580001],[80.2626591370001,13.0624402510001],[80.2629216670001,13.0621286090001],[80.262923324,13.062126963],[80.2629253280001,13.0621255620001],[80.262927543,13.062124528],[80.262929904,13.0621238950001],[80.262932339,13.062123683],[80.2629347760001,13.062123894],[80.2629371370001,13.0621245290001],[80.262939353,13.0621255620001],[80.2629411620001,13.0621268040001],[80.263330297,13.062444885],[80.2637412830001,13.062783607],[80.263832166,13.062655654],[80.2640050960001,13.0624436480001],[80.2641716160001,13.062255942],[80.264171634,13.0622559220001],[80.264189796,13.062235448],[80.2643760380001,13.062025509],[80.264376057,13.0620254890001],[80.2644071560001,13.061990435],[80.264619592,13.06174951],[80.2646196160001,13.061749482],[80.2646297850001,13.0617379500001],[80.2646326280001,13.0617347250001],[80.2646378170001,13.0617289640001],[80.2648726580001,13.0614681390001],[80.2648846530001,13.0614548180001],[80.2648895,13.061450101],[80.2648897180001,13.061449882],[80.265137886,13.061208116],[80.265309577,13.060796404],[80.265346535,13.0607298890001],[80.265385311,13.060664407],[80.265414777,13.0606074930001],[80.2654235940001,13.0605890730001],[80.265445748,13.0605516110001],[80.2654695780001,13.0605088200001],[80.2654935990001,13.060463769],[80.2655121610001,13.0604244890001],[80.2655465890001,13.060353245],[80.2655763990001,13.0602843390001],[80.2656012910001,13.0602253660001],[80.265607517,13.06020965],[80.2656191390001,13.0601751720001],[80.2656320740001,13.060132507],[80.2656388120001,13.060106208],[80.2656477950001,13.0600626510001],[80.2656535200001,13.060029393],[80.2656558830001,13.0600099590001],[80.265659498,13.059972445],[80.2656623240001,13.059925903],[80.265660477,13.059869087],[80.265656457,13.05981238],[80.2656526320001,13.059777437],[80.2656489460001,13.0597423250001],[80.2656430790001,13.05968232],[80.26563896,13.0596461330001],[80.26563472,13.0596088990001],[80.2656251990001,13.0595356480001],[80.26561452,13.05946262],[80.2655653360001,13.0590903130001],[80.2655582770001,13.0590295920001],[80.265513496,13.0585990930001],[80.265483058,13.058412108],[80.265443335,13.058268958],[80.2654329420001,13.0582194990001],[80.2654280580001,13.0582106570001],[80.2654345190001,13.0582199410001],[80.265530712,13.0582468600001],[80.2655802040001,13.0582607110001],[80.265627346,13.058273903],[80.2656640320001,13.0582814220001],[80.2657045020001,13.0582880470001],[80.2657335420001,13.0582921980001],[80.265773143,13.05829348],[80.2658591220001,13.058290427],[80.2659460560001,13.0582893800001],[80.266034044,13.058292377],[80.266121367,13.058298253],[80.2662079,13.0583069620001],[80.266250326,13.058312072],[80.266290504,13.058315223],[80.2663328830001,13.0583167780001],[80.2664095360001,13.058320441],[80.2664840990001,13.0583184820001],[80.26656029,13.058315448],[80.2665679260001,13.058314792],[80.266728098,13.0583010460001],[80.2667314500001,13.058300984],[80.2669060330001,13.0582977820001],[80.2670503370001,13.058291238],[80.26713298,13.0582863220001],[80.2672176230001,13.0582832740001],[80.267302595,13.0582822060001],[80.2673882020001,13.05828361],[80.2674735940001,13.058287244],[80.267535573,13.0582915040001],[80.2675586760001,13.058293092],[80.2676036980001,13.058297209],[80.2676497250001,13.0583036410001],[80.267695379,13.058312256],[80.2677405520001,13.0583230350001],[80.2677851390001,13.0583359510001],[80.2678616090001,13.058374997],[80.2678822300001,13.0583878950001],[80.2679066380001,13.058399267],[80.2679386940001,13.058413011],[80.2680528600001,13.058449593],[80.2681307110001,13.05847176],[80.268203639,13.058495624],[80.268278422,13.058517565],[80.2683251350001,13.058530884],[80.268345948,13.0585358750001],[80.268407837,13.05854893],[80.2684166560001,13.05855079],[80.2684609010001,13.058557507],[80.268616104,13.0585678940001],[80.268869174,13.0585780010001],[80.2691060760001,13.0585810150001],[80.269295651,13.0585860640001],[80.269365458,13.0585917290001],[80.2694340150001,13.0585996790001],[80.2695022450001,13.0586099870001],[80.2695682300001,13.0586222970001],[80.2696907740001,13.0586448760001],[80.2696958550001,13.0586458130001],[80.2697580390001,13.05865727],[80.269782422,13.058661762],[80.269965363,13.058689842],[80.270017253,13.058698656],[80.270069925,13.058709767],[80.2700995590001,13.058717519],[80.2701692480001,13.0587414820001],[80.2702112520001,13.0587597750001],[80.2702892,13.0587864880001],[80.2703442010001,13.058807168],[80.270458907,13.0588484520001],[80.27054524,13.0588782630001],[80.2707857930001,13.058972609],[80.270831076,13.0589935100001],[80.270873339,13.059010384],[80.2708862480001,13.0590147680001],[80.2708950790001,13.0591272720001],[80.2708549770001,13.0591316590001],[80.2708153400001,13.059139067],[80.270776405,13.059149452],[80.2707462130001,13.0591573410001],[80.2706983360001,13.059165767],[80.2704575810001,13.059185009],[80.2702589560001,13.059205424],[80.2702584850001,13.059205493],[80.2702566120001,13.059206213],[80.2702551240001,13.059207541],[80.2702542200001,13.059209304],[80.2702540180001,13.059211266],[80.270266286,13.059356855],[80.27028024,13.059510459],[80.2702807800001,13.0595123590001],[80.2702819770001,13.0595139440001],[80.270283674,13.059515005],[80.2702856450001,13.0595154010001],[80.270286221,13.0595153830001],[80.270258384,13.0595177070001],[80.270179888,13.0595242590001],[80.2701810300001,13.059534372],[80.2704062450001,13.0595187380001],[80.2705346540001,13.059511338],[80.2707404440001,13.059506963],[80.2708076270001,13.059507051],[80.2708096040001,13.0595074130001],[80.2708113200001,13.059508443],[80.2708125460001,13.059510007],[80.2708131210001,13.059511898],[80.2708131410001,13.05951212],[80.2708089220001,13.0595694040001],[80.2708161240001,13.059665646],[80.2708349120001,13.059836505],[80.2708346780001,13.059838465],[80.2708337430001,13.059840212],[80.2708322340001,13.0598415160001],[80.270847759,13.0598390370001],[80.270854011,13.0598379],[80.2708864990001,13.0598345490001],[80.2709185460001,13.0598337280001],[80.271084403,13.0598315130001],[80.2712583470001,13.0598292],[80.2713385060001,13.0598259820001],[80.271415247,13.0598229],[80.2714157120001,13.059822863],[80.271417629,13.059822264],[80.2714192010001,13.059821033],[80.2714202210001,13.0598193330001],[80.2714210520001,13.0598459670001],[80.2714251880001,13.060082789],[80.2714320150001,13.0603254060001],[80.271431954,13.060326376],[80.271431293,13.0603282390001],[80.2714299960001,13.0603297480001],[80.271428235,13.060330702],[80.2714262430001,13.0603309750001],[80.2713370370001,13.0603271580001],[80.271295933,13.0603254000001],[80.2710757570001,13.0603162690001],[80.270940942,13.0603070280001],[80.270940001,13.060320221],[80.2710748160001,13.060329462],[80.2712954090001,13.0603378600001],[80.2713370000001,13.0603396390001],[80.2714273830001,13.060343506],[80.2714293430001,13.0603439490001],[80.271431013,13.06034505],[80.2714321710001,13.0603466630001],[80.271432664,13.060348576],[80.271432673,13.0603487760001],[80.2714338750001,13.0603915070001],[80.2714264190001,13.0605123780001],[80.2714144230001,13.0606474190001],[80.2714121930001,13.060652653],[80.2714082000001,13.060656759],[80.2714029740001,13.060659193],[80.2713972050001,13.060659635],[80.2713360860001,13.060651475],[80.2713316840001,13.0606508870001],[80.2711790180001,13.0606185680001],[80.2710960410001,13.0605959530001],[80.2709829230001,13.060559955],[80.2708330090001,13.0605101630001],[80.2707754570001,13.060491396],[80.2707152770001,13.060471321],[80.2706557270001,13.060449528],[80.2705968670001,13.060426039],[80.27052939,13.060395617],[80.270462933,13.060363109],[80.2704220190001,13.0603414760001],[80.2703993970001,13.0603440720001],[80.2703548270001,13.0603491850001],[80.270354995,13.060355202],[80.27036379,13.0603698240001],[80.2703612590001,13.060765497],[80.2702879700001,13.0607759100001],[80.2702066000001,13.060777853],[80.2699924990001,13.060772688],[80.2698353230001,13.0607662140001],[80.2698350790001,13.060795338],[80.2699921780001,13.0607929500001],[80.2702062910001,13.060798113],[80.270289512,13.0607961150001],[80.270362542,13.06079634],[80.2703902360001,13.0612429190001],[80.270376658,13.061258724],[80.270382209,13.0612570920001],[80.270386725,13.0612535290001],[80.2703895390001,13.0612485610001],[80.270363032,13.0613291400001],[80.270360946,13.0613818420001],[80.2703598240001,13.061430843],[80.2703582010001,13.061670559],[80.270357458,13.0618946000001],[80.270357915,13.0619016360001],[80.2703558680001,13.0619083820001],[80.2703555740001,13.061908767],[80.270351572,13.061914002],[80.2703455560001,13.0619178000001],[80.2703385680001,13.061919307],[80.27034065,13.061942818],[80.2704198740001,13.062837669],[80.2704229990001,13.0628588810001],[80.2704250100001,13.062858958],[80.27042686,13.0628597350001],[80.2704283040001,13.062861108],[80.2704284180001,13.06286135],[80.2704293080001,13.062863817],[80.27043395,13.062920632],[80.2704459970001,13.063058105],[80.2704523090001,13.0631387780001],[80.2704602110001,13.0632362440001],[80.2704632860001,13.0632586150001],[80.2704720680001,13.063444776],[80.2704947830001,13.0635874870001],[80.2704962060001,13.0635964260001],[80.2704967910001,13.063605464],[80.2705119020001,13.0638389420001],[80.2709514030001,13.063677096],[80.2711737480001,13.063595218],[80.271416876,13.0636036820001],[80.2714277520001,13.063604061],[80.2715263140001,13.0636074930001],[80.2715471960001,13.063893625],[80.2715516160001,13.063952381],[80.2715753990001,13.064271703],[80.271581111,13.0643483690001],[80.2712894850001,13.0643752440001],[80.2712912110001,13.0643932470001],[80.2715823600001,13.064365179],[80.2716018570001,13.0646269530001],[80.27160673,13.06465789],[80.2712409600001,13.064658249],[80.271225535,13.0646762160001],[80.2716081630001,13.064675973],[80.271608154,13.064666931],[80.271676201,13.064663497],[80.2717485900001,13.0646598430001],[80.2718698090001,13.0646527540001],[80.272021678,13.064643872],[80.2722293410001,13.0646293570001],[80.272514126,13.0646126090001],[80.272563231,13.0646087110001],[80.272586097,13.0646069000001],[80.2725864220001,13.064606869],[80.2726110390001,13.064604914],[80.2726391150001,13.064602908],[80.2727790740001,13.0645929130001],[80.273041902,13.0645732020001],[80.2732889430001,13.064551474],[80.273310027,13.06454962],[80.2733288960001,13.0645479610001],[80.2735332110001,13.0645312230001],[80.2735939570001,13.064526245],[80.2736869240001,13.0645188350001],[80.2737999060001,13.064519967],[80.273884695,13.064528304],[80.2738866270001,13.064528856],[80.273888232,13.0645300470001],[80.2738892950001,13.0645317230001],[80.2738896770001,13.0645336590001],[80.2738896290001,13.0645344220001],[80.273881783,13.0645919900001],[80.2738610200001,13.064704787],[80.2738607890001,13.064706041],[80.273831456,13.064877047],[80.2738272860001,13.06490136],[80.2738039270001,13.0650375430001],[80.2737757370001,13.0652155010001],[80.2737584600001,13.06532034],[80.2737473290001,13.065400659],[80.2737458340001,13.0654114480001],[80.2737347440001,13.0655098010001],[80.2737315190001,13.06553841],[80.273727652,13.0655727060001],[80.273724056,13.0656046140001],[80.273713458,13.0656866570001],[80.2737087,13.065723486],[80.2737081080001,13.0657280830001],[80.2736920150001,13.065869455],[80.2736761450001,13.0660605590001],[80.2736743670001,13.066081855],[80.2736685940001,13.0661510480001],[80.2736634940001,13.0662235510001],[80.273660389,13.0663076330001],[80.27365789,13.066562882],[80.2736571550001,13.0665794650001],[80.273655627,13.0666139410001],[80.2736553230001,13.066620834],[80.27365303,13.066637588],[80.2736488040001,13.066653978],[80.273645516,13.066662496],[80.2736427,13.0666697880001],[80.273634794,13.066684814],[80.273625194,13.0666988560001],[80.2736140220001,13.066711733],[80.2738410220001,13.0665778640001],[80.2739850030001,13.0665448130001],[80.274098187,13.066515898],[80.274317726,13.0664392460001],[80.2745042430001,13.066367671],[80.2747297590001,13.0662787800001],[80.27496827,13.066185852],[80.27498977,13.0661774760001],[80.275248268,13.06607676],[80.2754437580001,13.0660005020001],[80.2757359280001,13.0658942690001],[80.2759325860001,13.0658252920001],[80.276016235,13.0657959530001],[80.2761092200001,13.065764776],[80.2761103720001,13.065764389],[80.2761105660001,13.065764314],[80.276110911,13.0657641770001],[80.276112552,13.065763039],[80.2761136710001,13.0657614030001],[80.27611412,13.0657594900001],[80.2761138370001,13.065757548],[80.276187829,13.065896341],[80.2763119970001,13.0658406210001],[80.2764371220001,13.0657870050001],[80.2764993900001,13.0657608070001],[80.276560911,13.065732961],[80.27662164,13.0657034880001],[80.276681529,13.0656724080001],[80.2767405380001,13.0656397450001],[80.2768361450001,13.0655878530001],[80.2768486910001,13.0655814560001],[80.2769330930001,13.0655384130001],[80.27703132,13.0654914560001],[80.2773254300001,13.0653406430001],[80.277612801,13.06519153],[80.2778761590001,13.065053651],[80.2782027750001,13.0648883710001],[80.2782504190001,13.0648629950001],[80.2782989950001,13.0648393750001],[80.2783484350001,13.0648175470001],[80.278398671,13.064797539],[80.2784496310001,13.0647793800001],[80.2786044310001,13.064746466],[80.278759666,13.064715581],[80.2789153080001,13.064686733],[80.2793104100001,13.0645997660001],[80.2796821260001,13.0645169750001],[80.2796823350001,13.06451693],[80.2797361730001,13.064504938],[80.2805177540001,13.0678094040001],[80.2805378620001,13.068034357],[80.2806912330001,13.068867378],[80.2812021970001,13.0687951360001],[80.2817138460001,13.0687854070001],[80.2821184420001,13.068798422],[80.284049602,13.068943704],[80.2849489690001,13.06862814],[80.2856299370001,13.068403882],[80.286391613,13.0682585110001],[80.286894799,13.0681137350001],[80.287305492,13.0678982200001],[80.28757133,13.0677309970001],[80.2878476880001,13.0675135290001],[80.288096152,13.0673669400001],[80.288033673,13.0669836810001],[80.2881952720001,13.0666124910001],[80.2884204320001,13.066478385],[80.2885509550001,13.066431531],[80.288758359,13.0664680190001],[80.288950201,13.0665824770001],[80.2891763100001,13.0667504140001],[80.2893092210001,13.066905697],[80.2895580100001,13.0671836220001],[80.289612429,13.067256274],[80.289596288,13.067131245],[80.2896713580001,13.0665808050001],[80.289672764,13.066581408],[80.2896795670001,13.0665574020001],[80.285903117,13.057328119],[80.2831962610001,13.057562718],[80.2823911930001,13.0576140490001],[80.2825129560001,13.0576016410001],[80.2812915650001,13.0498718590001],[80.2812380060001,13.049535657],[80.281215903,13.049397001],[80.281135352,13.0488671850001],[80.2810570930001,13.048342168],[80.281014557,13.048061385],[80.2809539570001,13.047680999],[80.2809284410001,13.0475087670001],[80.280887648,13.0472334140001],[80.2808271900001,13.046835668],[80.280804017,13.046684602],[80.280763859,13.046411059],[80.281222776,13.0462388890001],[80.2808623270001,13.043674251],[80.280364105,13.038884969],[80.2803616950001,13.0387865070001],[80.280348942,13.038688816],[80.2803202520001,13.0384812340001],[80.2803030750001,13.038303807],[80.280287457,13.03817331],[80.2802701130001,13.0380712620001],[80.2802554310001,13.037971226],[80.2802430140001,13.037870895],[80.280232826,13.037769854],[80.280219812,13.037628634],[80.280204478,13.037486819],[80.2801869020001,13.0373452590001],[80.2801738460001,13.03720887],[80.2801633990001,13.037122309],[80.280152661,13.0370402680001],[80.280141895,13.0369682630001],[80.280129661,13.036893542],[80.280123035,13.0368249850001],[80.2801103410001,13.0367178010001],[80.2800948400001,13.03652887],[80.280075331,13.036386765],[80.280058442,13.0362315560001],[80.2800395790001,13.0360892730001],[80.2799996620001,13.0357011670001],[80.2799468950001,13.035244375],[80.279911709,13.034958209],[80.2798932140001,13.034842827],[80.279876556,13.034727172],[80.2798617390001,13.0346112770001],[80.2798487690001,13.034495172],[80.2797984320001,13.0340430200001],[80.279786184,13.0339425290001],[80.279746183,13.033614282],[80.2797031260001,13.033228067],[80.2796567560001,13.032871319],[80.2796159850001,13.0325235390001],[80.279570107,13.0321242050001],[80.2795242880001,13.0317366260001],[80.2794870910001,13.031396994],[80.279439956,13.031017639],[80.279394198,13.030641001],[80.2793548230001,13.030289066],[80.2793234110001,13.029989958],[80.279283428,13.02965719],[80.279258886,13.0294200390001],[80.2791125040001,13.0281995190001],[80.279077747,13.0279462230001],[80.27905788,13.027749896],[80.2790569040001,13.027750014],[80.2790512000001,13.027750709],[80.2790551800001,13.027733792],[80.2783085820001,13.021850176],[80.2782259050001,13.021827993],[80.278220446,13.0218265290001],[80.2779136360001,13.0219446990001],[80.2777964750001,13.022091748],[80.2776419310001,13.022195336],[80.277460476,13.0221909470001],[80.2773066230001,13.022219556],[80.2771966160001,13.022260122],[80.2770607640001,13.022321699],[80.2768623470001,13.022416992],[80.2766681680001,13.022520344],[80.2764785690001,13.02263157],[80.2763225410001,13.0227121780001],[80.276165291,13.0227904700001],[80.275940624,13.0229085120001],[80.2756891710001,13.0230355310001],[80.275412724,13.023169218],[80.2752414390001,13.023260422],[80.2750541400001,13.023360154],[80.274878684,13.023453091],[80.2746839110001,13.0235556270001],[80.2745055560001,13.023643656],[80.2743583760001,13.023716297],[80.274124408,13.023817099],[80.2739201790001,13.0238984430001],[80.27368391,13.02403487],[80.2735732370001,13.0240604320001],[80.2734780490001,13.024071249],[80.2734211850001,13.024091437],[80.2732734290001,13.024121565],[80.2731453690001,13.024147677],[80.2729937810001,13.024174137],[80.272841262,13.024203954],[80.272641519,13.0242470690001],[80.2725429690001,13.0242763300001],[80.272446637,13.0243171550001],[80.2724068460001,13.024337998],[80.2723680970001,13.024360652],[80.2723304770001,13.0243850680001],[80.2722940690001,13.0244111920001],[80.2722589540001,13.0244389650001],[80.2722252090001,13.024468326],[80.2721929090001,13.024499211],[80.2721458570001,13.0245476600001],[80.272129121,13.024562713],[80.2721056390001,13.0245828110001],[80.272086776,13.024600209],[80.272055251,13.0246271560001],[80.2720290820001,13.024651406],[80.2719881030001,13.0246744890001],[80.2719271440001,13.0246966920001],[80.271865404,13.024716701],[80.2718008640001,13.024735091],[80.271700454,13.0247638970001],[80.271600719,13.0247902290001],[80.2715004410001,13.024814436],[80.271440951,13.024828327],[80.271238736,13.024876593],[80.271217957,13.024881592],[80.271049405,13.02492404],[80.2708813310001,13.0249682690001],[80.270440858,13.0250761670001],[80.2703737040001,13.025091176],[80.2703061290001,13.025104248],[80.2702381930001,13.02511537],[80.270169953,13.025124534],[80.2701014680001,13.025131732],[80.270032798,13.025136957],[80.26991467,13.0251390280001],[80.269796596,13.0251431450001],[80.2696786160001,13.0251493060001],[80.2695607650001,13.0251575090001],[80.2695102060001,13.025160161],[80.2694595770001,13.0251608500001],[80.269408959,13.025159574],[80.2693584310001,13.0251563350001],[80.269308073,13.025151137],[80.2692579660001,13.0251439900001],[80.269208189,13.0251349050001],[80.2690255740001,13.025112877],[80.2688431970001,13.0250890030001],[80.268661084,13.025063286],[80.2680929950001,13.0250088780001],[80.2679669330001,13.025008612],[80.2679486100001,13.0250082920001],[80.26793044,13.025005945],[80.2676908970001,13.025062866],[80.26767977,13.02507001],[80.267109249,13.025447494],[80.2670615210001,13.025479073],[80.2669733880001,13.0255373860001],[80.2668708750001,13.0256152150001],[80.2668276460001,13.0256440000001],[80.266731124,13.025708272],[80.2667292820001,13.025709066],[80.2667272720001,13.0257091600001],[80.2667253610001,13.025708545],[80.2667238000001,13.0257073],[80.2667233720001,13.025706735],[80.2665456070001,13.0254365330001],[80.2664775430001,13.025333561],[80.2664193830001,13.0252181380001],[80.266238436,13.0253397280001],[80.2662150640001,13.025353496],[80.266367098,13.0255844980001],[80.266451907,13.02572064],[80.2665290350001,13.0258369900001],[80.266529641,13.0258388720001],[80.2665295200001,13.025840841],[80.2665286880001,13.025842637],[80.2665272580001,13.025844023],[80.266383369,13.0259398360001],[80.266315616,13.0259770550001],[80.2662439970001,13.02601938],[80.2661737830001,13.026063913],[80.2661079120001,13.0261033190001],[80.2660731830001,13.0261219380001],[80.266034022,13.0261422620001],[80.266005943,13.0261575540001],[80.2659871930001,13.026167447],[80.2659087660001,13.026213652],[80.2658437320001,13.0262425550001],[80.2658412930001,13.026233764],[80.265828179,13.026208771],[80.2656929410001,13.025973747],[80.265651092,13.025905181],[80.2656237410001,13.0258608880001],[80.265555621,13.025757164],[80.265506508,13.0256810710001],[80.265449012,13.025593121],[80.265397331,13.025514066],[80.2652701600001,13.0253195400001],[80.2651239300001,13.0251059990001],[80.2650282600001,13.0249897200001],[80.264964396,13.0249057680001],[80.2649641730001,13.0249054810001],[80.264919111,13.024846837],[80.264904034,13.024826418],[80.26477751,13.024664065],[80.2647008960001,13.024565834],[80.264625494,13.0244654680001],[80.2645519480001,13.024363797],[80.2644799450001,13.024260366],[80.2644599610001,13.024229792],[80.264449998,13.0242211790001],[80.264438823,13.0242141270001],[80.2644266900001,13.0242088000001],[80.2644138780001,13.024205319],[80.2644006800001,13.0242037630001],[80.2643903540001,13.0242040790001],[80.264387399,13.024204169],[80.2643151990001,13.024215155],[80.264192365,13.024234677],[80.264069711,13.024255005],[80.263947279,13.02427613],[80.2638797330001,13.024287024],[80.263829355,13.0242951490001],[80.263539021,13.0243419720001],[80.2632949630001,13.0243900150001],[80.2632829,13.0243924590001],[80.2632440890001,13.0244003230001],[80.2628201250001,13.024486229],[80.2627275180001,13.024509369],[80.26267033,13.0245195200001],[80.2625553440001,13.024551568],[80.262397869,13.0246017850001],[80.2623230360001,13.0246265430001],[80.2622196340001,13.024662441],[80.2620926270001,13.0247084330001],[80.262017164,13.0247340780001],[80.26198893,13.0247497140001],[80.261949245,13.024757159],[80.2618333920001,13.0247862580001],[80.2616860580001,13.0248284080001],[80.261475256,13.0248932420001],[80.2612461910001,13.0249553370001],[80.2610745760001,13.02500013],[80.2610143900001,13.025024456],[80.2610364340001,13.025103259],[80.2610532780001,13.0251634750001],[80.2610529930001,13.025162697],[80.2610518530001,13.0251610710001],[80.2610501940001,13.0251599540001],[80.2610482380001,13.0251594920001],[80.2610462430001,13.025159747],[80.260916487,13.0252007980001],[80.260736847,13.025253752],[80.260497087,13.0253255330001],[80.260188504,13.0254109260001],[80.2599531500001,13.025484981],[80.2597931400001,13.025538254],[80.2597875420001,13.025540118],[80.2597857860001,13.025541081],[80.259784498,13.025542597],[80.259783848,13.0255444630001],[80.2597839200001,13.025546434],[80.259784708,13.02554825],[80.2597179810001,13.025565708],[80.259557816,13.0256076160001],[80.2595513430001,13.02560931],[80.2594507150001,13.025521323],[80.2594283780001,13.0255017920001],[80.259317647,13.025400883],[80.2591532270001,13.0252811980001],[80.2590315470001,13.025163772],[80.2589067970001,13.0250814300001],[80.258814903,13.0250151830001],[80.258632882,13.024894655],[80.258498876,13.024785088],[80.2583356960001,13.0246812620001],[80.258241334,13.024591043],[80.2581697470001,13.0245619830001],[80.2581168080001,13.0245404930001],[80.257984375,13.0244947910001],[80.2577588710001,13.024389061],[80.257565765,13.024287305],[80.2572855920001,13.024148951],[80.2570391040001,13.024026566],[80.256755658,13.0239028190001],[80.2562405780001,13.023658654],[80.2560298390001,13.023537129],[80.2555989190001,13.0233962720001],[80.2553038890001,13.023288227],[80.255054805,13.023186179],[80.2548818430001,13.023123207],[80.254729915,13.023094321],[80.2545519670001,13.0230369500001],[80.254382864,13.022973064],[80.254213711,13.022912913],[80.254048841,13.022845827],[80.2539197310001,13.022789446],[80.2537752740001,13.022746661],[80.2536658760001,13.022699753],[80.2534683310001,13.0225892300001],[80.253275634,13.0224619740001],[80.2531329890001,13.0223556060001],[80.2530623920001,13.0222965340001],[80.2529809210001,13.0222158820001],[80.2529298050001,13.0220728260001],[80.2529079880001,13.0220162250001],[80.2529024560001,13.022002521],[80.2528795050001,13.021963871],[80.2528653570001,13.0219539290001],[80.252813922,13.0219281510001],[80.252757892,13.0219248400001],[80.252732156,13.0219164330001],[80.2525866670001,13.0217893650001],[80.2523813130001,13.0214637620001],[80.252352607,13.0214267700001],[80.252317674,13.0214108530001],[80.2522874150001,13.0214147900001],[80.2522625620001,13.0213997990001],[80.2522470860001,13.021378912],[80.2522357970001,13.021355468],[80.25221322,13.0213219840001],[80.25218197,13.0212814830001],[80.252147032,13.0212272910001],[80.2521221630001,13.021189608],[80.252101295,13.021148851],[80.2520896650001,13.021109316],[80.2520588840001,13.021056881],[80.2520302440001,13.02099278],[80.252004787,13.020924763],[80.2520047360001,13.020866627],[80.2519711460001,13.0207824440001],[80.2519291410001,13.0207274680001],[80.2518823950001,13.0206898010001],[80.2518471280001,13.020632618],[80.2518131460001,13.0205714690001],[80.2517648910001,13.0204915900001],[80.2517009420001,13.020401027],[80.251656616,13.020338168],[80.2516032290001,13.0202470030001],[80.2515181860001,13.0201318380001],[80.2513917800001,13.0199923860001],[80.251319901,13.019911849],[80.2512424620001,13.019827708],[80.251134633,13.0197161740001],[80.2510938730001,13.019682297],[80.2509994390001,13.019600285],[80.250597428,13.0193374840001],[80.2504800940001,13.019272766],[80.250404185,13.0192164860001],[80.2502925790001,13.0191423260001],[80.2501161280001,13.0190241440001],[80.2499589780001,13.018935436],[80.249889866,13.018874613],[80.2497906570001,13.018814666],[80.2491744310001,13.0184703580001],[80.249090923,13.019222498],[80.248928328,13.019945937],[80.2488158180001,13.0204706280001],[80.2482135980001,13.021328054],[80.24778624,13.0220246760001],[80.2471557170001,13.022751543],[80.2461808530001,13.023789215],[80.245570377,13.0243519310001],[80.2448744860001,13.025042612],[80.2445074010001,13.02547271],[80.2440715010001,13.0258480840001],[80.2433690870001,13.02620907],[80.2428576340001,13.0263343460001],[80.242319448,13.0263647370001],[80.2417005570001,13.0264151440001],[80.2412483580001,13.0264045930001],[80.2408251640001,13.0263047180001],[80.2407940670001,13.026314229],[80.240007425,13.0270740660001],[80.239812934,13.0284640720001],[80.2396267110001,13.029261568],[80.239853463,13.030857864],[80.23951945,13.0312076490001],[80.2393763850001,13.031459682],[80.2392601970001,13.0316682100001],[80.2391877950001,13.0317920530001],[80.2391601850001,13.031833837],[80.239145621,13.0318527910001],[80.239143244,13.0318552200001],[80.2391410750001,13.031857485],[80.23907884,13.031922497],[80.2390697590001,13.0319369580001],[80.2389968420001,13.032040517],[80.238956123,13.032098347],[80.2388596060001,13.032278879],[80.23884997,13.032294678],[80.2388075580001,13.0323642170001],[80.238793705,13.0323869320001],[80.238726329,13.0324932840001],[80.2386567020001,13.0325991610001],[80.2385398150001,13.0327771990001],[80.238512933,13.0328181460001],[80.2384571320001,13.032903139],[80.2383056720001,13.033145339],[80.2382603510001,13.033218296],[80.238252641,13.033230706],[80.2382284650001,13.0332696250001],[80.238151525,13.0333924990001],[80.238074194,13.0335150180001],[80.238068996,13.033523157],[80.237909013,13.033773701],[80.2378780010001,13.033822647],[80.2377182750001,13.034074741],[80.2376653260001,13.034161586],[80.2376575000001,13.03417412],[80.2376433360001,13.034186746],[80.2376272640001,13.034196969],[80.2376097170001,13.0342045140001],[80.2375379790001,13.034231248],[80.2374306080001,13.034269722],[80.2373694070001,13.0343810750001],[80.237725905,13.034575992],[80.2379135400001,13.034698147],[80.2379207290001,13.034702828],[80.23798981,13.0347486270001],[80.237990096,13.034748823],[80.2380240580001,13.034771332],[80.2382188290001,13.034900458],[80.2385336070001,13.035099587],[80.2385900790001,13.035134564],[80.2386202180001,13.0351531580001],[80.2386987500001,13.0352016090001],[80.2389007780001,13.0353316860001],[80.239046547,13.035424463],[80.239132209,13.0354673150001],[80.239139391,13.035470908],[80.2392742600001,13.0355481610001],[80.2392824180001,13.035552007],[80.2392894860001,13.0355575560001],[80.2392950980001,13.0355645220001],[80.2392989670001,13.0355725490001],[80.239300896,13.035581225],[80.2393007840001,13.0355901030001],[80.2393192490001,13.0357341060001],[80.2393329290001,13.0359050390001],[80.2393443380001,13.035985598],[80.2393467380001,13.0360024980001],[80.2393588570001,13.036088116],[80.2393843040001,13.03629526],[80.239408354,13.0364827710001],[80.239436422,13.036713876],[80.2394480550001,13.0368008630001],[80.2394557100001,13.036857534],[80.239475736,13.03700668],[80.2394781560001,13.037028938],[80.2394966370001,13.037198974],[80.2395207000001,13.0374127060001],[80.2395404550001,13.0375485330001],[80.239548739,13.037605534],[80.2395487910001,13.0376058530001],[80.2395576430001,13.037666713],[80.2395728390001,13.0378242690001],[80.2395961380001,13.038016569],[80.2396193710001,13.0382302090001],[80.239619931,13.0382353570001],[80.2396257400001,13.03828882],[80.2396346640001,13.0383260080001],[80.2396364130001,13.0383326890001],[80.2396579000001,13.0384147610001],[80.2396628320001,13.0384336000001],[80.2396859980001,13.038699502],[80.239715731,13.0389590940001],[80.2397274020001,13.0390534950001],[80.2397393410001,13.0391487360001],[80.2397393530001,13.0391488230001],[80.2397758860001,13.0394038640001],[80.239809559,13.039732277],[80.2398570240001,13.0400583540001],[80.239896297,13.0403281430001],[80.239896215,13.040330114],[80.239895419,13.040331925],[80.2398940150001,13.040333338],[80.239892189,13.040334166],[80.239983217,13.040325759],[80.239983554,13.040325734],[80.239986666,13.0403254440001],[80.2399970440001,13.040324479],[80.240133981,13.040311742],[80.2402358420001,13.0402952860001],[80.240420552,13.040265446],[80.2405449440001,13.040246843],[80.2407710370001,13.0402184430001],[80.2408768450001,13.0402045760001],[80.2411369700001,13.0401714500001],[80.241539876,13.0401166610001],[80.2419314780001,13.040080473],[80.2420098570001,13.040072793],[80.2422041510001,13.040054658],[80.242273444,13.04004819],[80.2430220890001,13.039954659],[80.2431694570001,13.0399362480001],[80.24317267,13.039936175],[80.243176508,13.039936088],[80.2435998460001,13.0399264820001],[80.2439340710001,13.0401747280001],[80.243958137,13.0401930260001],[80.2439639790001,13.0401993620001],[80.2439674810001,13.0402071610001],[80.2439682780001,13.0402156170001],[80.2439869,13.040320352],[80.2440565350001,13.0407120080001],[80.2440980000001,13.040971131],[80.244115155,13.0410665470001],[80.2441152820001,13.041067163],[80.2441242570001,13.041113422],[80.2442215280001,13.0410943430001],[80.2442255010001,13.0411055270001],[80.2442312900001,13.0411159290001],[80.244238737,13.0411252660001],[80.2442476400001,13.0411332850001],[80.24425776,13.041139769],[80.2442610430001,13.0411411870001],[80.2442688190001,13.041144542],[80.244279024,13.041146729],[80.244286559,13.041146366],[80.244497514,13.041107535],[80.244702562,13.041065546],[80.2450454940001,13.0410206130001],[80.245053779,13.041019384],[80.245090496,13.041013934],[80.245326349,13.0409789340001],[80.2454884680001,13.0409518280001],[80.2455011440001,13.0409453570001],[80.2455128620001,13.040937335],[80.245523426,13.0409278980001],[80.24553266,13.040917204],[80.2455404090001,13.0409054300001],[80.245546543,13.040892774],[80.2455499440001,13.0408825120001],[80.2455509600001,13.0408794480001],[80.2455552920001,13.0408567220001],[80.2456107460001,13.0410326250001],[80.2456099550001,13.0410310340001],[80.2456084930001,13.041029687],[80.245597564,13.041022803],[80.245583718,13.041016213],[80.2455691530001,13.041011273],[80.245554085,13.041008053],[80.2455387360001,13.041006601],[80.2455233330001,13.0410069390001],[80.2455081050001,13.0410090620001],[80.2453360170001,13.0410378350001],[80.2450540780001,13.0410796740001],[80.2447154540001,13.041126062],[80.2445097780001,13.0411681800001],[80.2442679000001,13.0412127020001],[80.2441794490001,13.041254624],[80.2441883450001,13.0413012170001],[80.2441954490001,13.0413407250001],[80.2442263450001,13.0415125480001],[80.2442773230001,13.041793269],[80.2442832400001,13.041836142],[80.2442932970001,13.041909036],[80.244315403,13.042069251],[80.244318262,13.042081658],[80.244343971,13.042243182],[80.2443559530001,13.042305888],[80.244381822,13.042487744],[80.2444162510001,13.0426750030001],[80.2444579340001,13.042883897],[80.2444768540001,13.0429972750001],[80.2445143960001,13.0432503380001],[80.244520648,13.0432924790001],[80.244522907,13.043315299],[80.2445228990001,13.0433158290001],[80.2445227750001,13.043323892],[80.244520519,13.0433321960001],[80.244516274,13.043339717],[80.244510292,13.0433460040001],[80.244502932,13.043350682],[80.2444946320001,13.043353473],[80.2444530480001,13.0433604850001],[80.244070859,13.043424472],[80.2439850900001,13.0434380890001],[80.2439559580001,13.0434427120001],[80.2437189450001,13.043480344],[80.2436753640001,13.043487263],[80.2436747580001,13.043487326],[80.2436727640001,13.043487065],[80.243641934,13.043492589],[80.243080944,13.043577993],[80.2430527920001,13.0435822790001],[80.242799269,13.0436208740001],[80.242711608,13.0436342190001],[80.242188904,13.0437137920001],[80.2421562500001,13.0437187630001],[80.2421173370001,13.0437246870001],[80.242089595,13.04372891],[80.2419657940001,13.0437483040001],[80.2419447570001,13.0437515990001],[80.2418849310001,13.043760971],[80.241853006,13.043765971],[80.241833274,13.0437690630001],[80.2418030690001,13.0437737940001],[80.241780218,13.0437773740001],[80.2416629780001,13.043795564],[80.241628995,13.0438008360001],[80.2414730570001,13.0438250290001],[80.2414692460001,13.043825773],[80.2411841300001,13.0438814180001],[80.241041421,13.0438909060001],[80.2410360540001,13.043891263],[80.241027128,13.04389021],[80.2410203740001,13.0438868850001],[80.2410150250001,13.0438816500001],[80.2410116240001,13.043875035],[80.2409939410001,13.0439683820001],[80.240971104,13.0440889400001],[80.240883039,13.0442128880001],[80.2408400940001,13.044282007],[80.2408162140001,13.0443150420001],[80.2407662950001,13.044384102],[80.2406678130001,13.0445305650001],[80.24063841,13.044574056],[80.2405629410001,13.0446856880001],[80.2404823350001,13.0448068860001],[80.2404369010001,13.044886864],[80.2404199210001,13.044920631],[80.2404180070001,13.0449268250001],[80.2402317630001,13.0452056250001],[80.2401641710001,13.0453068080001],[80.2400583400001,13.045244908],[80.2399663,13.0453686660001],[80.2398098450001,13.045600571],[80.239733001,13.045709889],[80.239714614,13.0457360460001],[80.239687152,13.045775114],[80.2395461790001,13.0459778760001],[80.239471042,13.046089685],[80.2394553230001,13.0461131700001],[80.239437991,13.046135534],[80.2394191270001,13.0461566750001],[80.2394105430001,13.046165049],[80.2393988210001,13.046176487],[80.2393771690001,13.04619488],[80.2393542770001,13.0462117650001],[80.2393302510001,13.04622706],[80.2393052080001,13.0462406930001],[80.239421985,13.04632861],[80.2391425340001,13.0463915340001],[80.239098792,13.0464001990001],[80.238717089,13.046475807],[80.238675834,13.046483978],[80.2383257610001,13.04655332],[80.2382266490001,13.046584302],[80.2378961380001,13.046651893],[80.2369783930001,13.0468426470001],[80.2368617340001,13.0468679480001],[80.236591956,13.0469288030001],[80.2364805720001,13.046950989],[80.2363236840001,13.046983405],[80.2362923360001,13.046989882],[80.2361802790001,13.0470130350001],[80.236061034,13.047036431],[80.236031675,13.0470416860001],[80.235835346,13.047076034],[80.235696783,13.0470951680001],[80.2355636550001,13.047103985],[80.235059585,13.047158381],[80.2350192310001,13.0471627360001],[80.2348846620001,13.0471875210001],[80.234769826,13.04720867],[80.2347394770001,13.04721426],[80.2347294630001,13.0472161050001],[80.2345646040001,13.047241785],[80.234532448,13.0472474360001],[80.2344848880001,13.047254777],[80.2340761450001,13.0473178710001],[80.2338670890001,13.0473413780001],[80.233723899,13.0473622060001],[80.2336769250001,13.0473694090001],[80.233652358,13.047373119],[80.2336444360001,13.0473743150001],[80.2335396230001,13.0473823240001],[80.233511175,13.0473849580001],[80.2333650050001,13.0473996640001],[80.2331522430001,13.047428692],[80.2329520430001,13.0474628650001],[80.232911684,13.0474697540001],[80.2326532550001,13.0475007580001],[80.2326160090001,13.0475053660001],[80.2324998700001,13.0475217490001],[80.232454445,13.0475281560001],[80.2324200410001,13.0475327790001],[80.23221892,13.047559135],[80.232184159,13.0475636900001],[80.2321563300001,13.047567337],[80.2319565780001,13.0475943220001],[80.231889848,13.047601926],[80.231860839,13.047605231],[80.231728423,13.047620319],[80.231570494,13.0476405580001],[80.2315381270001,13.0476446870001],[80.2314083670001,13.0476604190001],[80.2313471030001,13.0476690990001],[80.2313082740001,13.047672673],[80.231282434,13.0476750600001],[80.231192949,13.0476832890001],[80.2309878950001,13.047724906],[80.230901126,13.047732922],[80.230869365,13.047735856],[80.230838632,13.0477387070001],[80.230759762,13.047745982],[80.2307266220001,13.047749056],[80.2306816170001,13.047753201],[80.230528194,13.047763672],[80.2304835670001,13.047766718],[80.2304172360001,13.047773211],[80.2303987550001,13.0477913880001],[80.230377563,13.0477995420001],[80.23021292,13.047870865],[80.2302556960001,13.048147972],[80.2303192310001,13.048575004],[80.2303656890001,13.0488740960001],[80.2304325480001,13.0493228660001],[80.230550189,13.0501111300001],[80.2307680750001,13.0515574040001],[80.2307825500001,13.0516367980001],[80.230789364,13.0516986440001],[80.2308175570001,13.0518856840001],[80.2308414450001,13.0520482380001],[80.230884712,13.0523426820001],[80.2309202230001,13.052580139],[80.2309613190001,13.052860561],[80.23098917,13.053070055],[80.2310673650001,13.053613134],[80.2311061620001,13.053830378],[80.231116135,13.05391302],[80.231137157,13.0540648960001],[80.2311366470001,13.054064887],[80.231149654,13.054153811],[80.231016287,13.054150296],[80.2309394960001,13.05414832],[80.2308217930001,13.0541452910001],[80.230720481,13.054144266],[80.2306971510001,13.054144029],[80.2306967590001,13.054144025],[80.2306964810001,13.054144023],[80.2306987210001,13.0541507890001],[80.2307000100001,13.0541561920001],[80.2307015520001,13.0541619860001],[80.2307028750001,13.0541671280001],[80.230705008,13.0541737190001],[80.2307083800001,13.0541782060001],[80.2307098000001,13.054180096],[80.230714081,13.0541802330001],[80.230785638,13.0541825130001],[80.2307856090001,13.054202146],[80.230785595,13.0542120800001],[80.2307373580001,13.0542126600001],[80.230725147,13.0542142],[80.230715074,13.0542216330001],[80.2306433140001,13.0542330870001],[80.230637318,13.0542243470001],[80.2306295440001,13.0542170740001],[80.2306179660001,13.054210804],[80.2306154990001,13.0542094690001],[80.230612686,13.054209036],[80.230599494,13.0542070060001],[80.2305014930001,13.0542014370001],[80.2304389070001,13.0542039050001],[80.23037823,13.054205144],[80.230090751,13.054211008],[80.2298520800001,13.054205735],[80.2298469460001,13.054205622],[80.2294121020001,13.054191899],[80.229209676,13.0541871360001],[80.2291033480001,13.0541836520001],[80.2289581860001,13.0541737140001],[80.22890627,13.0541702990001],[80.228898541,13.054169791],[80.228846897,13.054166395],[80.2285759380001,13.0541499880001],[80.2285012400001,13.05414276],[80.2284658620001,13.054139336],[80.22832715,13.0541259140001],[80.2281261590001,13.0541043370001],[80.227983259,13.0540868910001],[80.2279394870001,13.0540815480001],[80.2278156520001,13.054066429],[80.2275974300001,13.054040189],[80.227311522,13.0540107630001],[80.227054357,13.053986681],[80.226967378,13.0539785350001],[80.2268417560001,13.053966772],[80.2267413330001,13.053959063],[80.2266448920001,13.053946707],[80.226358572,13.0539079320001],[80.226020878,13.0538604880001],[80.2256997480001,13.0538063430001],[80.2256934170001,13.053805094],[80.225693219,13.053805057],[80.225633106,13.053793193],[80.225415947,13.0537503410001],[80.2252422000001,13.0537145280001],[80.225094115,13.053684005],[80.224890572,13.05364201],[80.224630489,13.053586743],[80.2245688880001,13.053573698],[80.224525919,13.0535646000001],[80.2244094740001,13.053539942],[80.2242002410001,13.05348718],[80.2241256710001,13.053468378],[80.2241254780001,13.053468326],[80.2239949020001,13.053435399],[80.2237499080001,13.053384238],[80.2235986330001,13.053350261],[80.2234293800001,13.0533137190001],[80.22324861,13.0532722],[80.223080817,13.053232629],[80.222920193,13.0531927710001],[80.2227566550001,13.0531478930001],[80.222727966,13.053139667],[80.22265113,13.0531176380001],[80.222650973,13.053117592],[80.2225091490001,13.0530769270001],[80.2222866650001,13.05300542],[80.2220382580001,13.052929641],[80.221790297,13.0528580970001],[80.2215815800001,13.0528010470001],[80.2214398500001,13.052763559],[80.2213858540001,13.052749276],[80.2212786790001,13.052720928],[80.220824915,13.05260473],[80.220775201,13.052590299],[80.2207260420001,13.05257414],[80.220677503,13.0525562730001],[80.2206344850001,13.052539482],[80.2206070270001,13.052531286],[80.2204054650001,13.0524867350001],[80.2202755210001,13.0524458370001],[80.2202557150001,13.0524399820001],[80.2202024140001,13.05242423],[80.220144856,13.0524072170001],[80.2200135100001,13.0523708910001],[80.2198815300001,13.052336869],[80.2197177460001,13.0522946150001],[80.219553422,13.052254422],[80.2193885840001,13.0522163000001],[80.2193393430001,13.052202014],[80.2192298680001,13.052170254],[80.219151421,13.052147495],[80.2190828390001,13.052127598],[80.2189808090001,13.052097389],[80.2189807670001,13.0520973760001],[80.2187776430001,13.052037238],[80.2187775990001,13.052037225],[80.2184729240001,13.051945189],[80.21847288,13.051945174],[80.218220747,13.0518479520001],[80.2182207050001,13.051847933],[80.2181779700001,13.051831457],[80.2181779260001,13.0518314390001],[80.2179541950001,13.051723456],[80.217954155,13.0517234340001],[80.2179470560001,13.0517207840001],[80.2178900310001,13.0516995040001],[80.217889809,13.051699419],[80.217889767,13.051699399],[80.2178928420001,13.0517022340001],[80.217894023,13.0517156380001],[80.2178920330001,13.0517402450001],[80.217890325,13.0517872400001],[80.217886655,13.0518341280001],[80.2178851150001,13.0518469190001],[80.217881031,13.0518808300001],[80.2178734610001,13.0519272660001],[80.217872318,13.052014188],[80.217873599,13.05210111],[80.217879178,13.052189942],[80.2178850160001,13.0522602730001],[80.2178869160001,13.0522775220001],[80.217888047,13.0522903620001],[80.217902624,13.05253687],[80.2179097000001,13.0525879150001],[80.217918737,13.0526386610001],[80.2179297220001,13.0526890370001],[80.217940319,13.0527253820001],[80.2179533980001,13.05276094],[80.2179689010001,13.0527955470001],[80.2179828490001,13.0528327590001],[80.217994176,13.052870817],[80.2180028320001,13.0529095420001],[80.2180048020001,13.0529229850001],[80.2180044880001,13.052936561],[80.2180879480001,13.0530190220001],[80.2180768860001,13.053017771],[80.2180658030001,13.0530188440001],[80.2180243700001,13.053026097],[80.2179826240001,13.053031348],[80.2179406650001,13.053034584],[80.2178985940001,13.0530357970001],[80.2178802870001,13.0530354430001],[80.217833989,13.0530330830001],[80.2178232190001,13.0530325340001],[80.2178214190001,13.0530334150001],[80.2178200590001,13.0530348680001],[80.2178193180001,13.053036702],[80.217819214,13.053037788],[80.2178201350001,13.0531614080001],[80.2178178300001,13.053294196],[80.2178167020001,13.053320957],[80.217815747,13.053336256],[80.217816428,13.0533515700001],[80.2178183680001,13.053364878],[80.2178210430001,13.0533748300001],[80.2178226440001,13.053385001],[80.2178231120001,13.053392128],[80.2178216730001,13.0534262510001],[80.217822491,13.053597903],[80.2178200590001,13.0537705790001],[80.217814392,13.0539426230001],[80.217810442,13.054182299],[80.2178136370001,13.0541900470001],[80.217818578,13.054196856],[80.2178249930001,13.0542023530001],[80.217832532,13.054206236],[80.2178407810001,13.0542082920001],[80.2178492850001,13.0542084090001],[80.2178287420001,13.0542531150001],[80.218261904,13.0542574130001],[80.2182767670001,13.0542579],[80.218278732,13.054258324],[80.2182804130001,13.0542594080001],[80.2182815880001,13.0542610100001],[80.2182821010001,13.0542629170001],[80.218282108,13.054263618],[80.2182683600001,13.0545102680001],[80.2182673890001,13.0546143930001],[80.2182653200001,13.054640743],[80.2176763640001,13.0546001650001],[80.217664809,13.0546885690001],[80.218259742,13.0547327210001],[80.218259274,13.054752072],[80.218259238,13.054778008],[80.218259231,13.0547830740001],[80.2182591760001,13.05482197],[80.218257915,13.0548917080001],[80.2182729240001,13.0550864250001],[80.2182866730001,13.055281071],[80.2182956500001,13.055388163],[80.218298132,13.055417468],[80.2183029010001,13.055474245],[80.2183034650001,13.0554980200001],[80.2183069450001,13.055522013],[80.2183275240001,13.0557082880001],[80.2183386030001,13.0558120530001],[80.21836927,13.0561059890001],[80.2183646990001,13.056111888],[80.2181293690001,13.0561451190001],[80.217989302,13.0561655130001],[80.2177015720001,13.056216771],[80.2177078010001,13.056311308],[80.2177112800001,13.0563673520001],[80.2177182550001,13.0564796730001],[80.2177280820001,13.05664821],[80.217728902,13.056665018],[80.2177272000001,13.056684487],[80.217722875,13.0567035620001],[80.217716001,13.056721904],[80.217706703,13.0567391880001],[80.2176951440001,13.0567551080001],[80.21768153,13.05676938],[80.2176661010001,13.0567817520001],[80.2176491330001,13.056792004],[80.217630925,13.056799954],[80.2176118020001,13.0568054620001],[80.217594584,13.056808055],[80.2175834610001,13.0568094990001],[80.2175815470001,13.056810109],[80.2175799830001,13.056811349],[80.217578974,13.0568130560001],[80.2175786550001,13.056815004],[80.2175787630001,13.0568159530001],[80.217611424,13.0569742600001],[80.2176297250001,13.057055862],[80.2176457090001,13.0571379310001],[80.217659364,13.057220402],[80.217670679,13.057303215],[80.217697038,13.0574498830001],[80.2177160900001,13.0575654630001],[80.2177212730001,13.057596905],[80.217743377,13.057744251],[80.2177633460001,13.0578918890001],[80.2177811780001,13.058039788],[80.2178942800001,13.0586790190001],[80.2179777970001,13.058687567],[80.2180503980001,13.058694568],[80.2181490940001,13.0587031960001],[80.2181681910001,13.058704581],[80.218276743,13.058712454],[80.218299765,13.0587168600001],[80.21840739,13.058737454],[80.218538439,13.0587603490001],[80.2186698570001,13.058781132],[80.2188016040001,13.0587997980001],[80.218933646,13.0588163420001],[80.2190043150001,13.05882229],[80.2190747750001,13.0588302900001],[80.219144961,13.058840332],[80.2192148140001,13.0588524090001],[80.2192842700001,13.058866509],[80.2193532680001,13.0588826200001],[80.2193671050001,13.058889316],[80.219380013,13.0588976060001],[80.2193918030001,13.0589073670001],[80.2194023000001,13.058918455],[80.2194113510001,13.058930709],[80.219418821,13.0589439460001],[80.2194246010001,13.0589579730001],[80.219448959,13.0590443570001],[80.219470368,13.059131499],[80.219488803,13.0592192980001],[80.2194940410001,13.05923811],[80.2195011490001,13.059256324],[80.2195100550001,13.059273761],[80.219520672,13.059290251],[80.2195328990001,13.0593056340001],[80.2195466140001,13.0593197580001],[80.219561684,13.0593324860001],[80.2195779610001,13.0593436940001],[80.2195952880001,13.0593532720001],[80.219613494,13.059361128],[80.2196503230001,13.059372367],[80.2196888270001,13.059382041],[80.2197277820001,13.059389783],[80.2197670890001,13.0593955730001],[80.2197850580001,13.0593973090001],[80.219871502,13.059401252],[80.2198869370001,13.0594012560001],[80.2199294430001,13.059403237],[80.219971806,13.0594071830001],[80.2200139340001,13.0594130850001],[80.220055732,13.059420931],[80.2200971060001,13.059430703],[80.2201379630001,13.059442377],[80.2201782130001,13.0594559300001],[80.2202174670001,13.059471214],[80.220612229,13.0596396400001],[80.2206426320001,13.059652612],[80.220651263,13.0596574620001],[80.220664814,13.059666636],[80.2206773180001,13.059677148],[80.2206849790001,13.059685314],[80.2207389060001,13.0597427970001],[80.2208135100001,13.059834435],[80.220890796,13.0599531170001],[80.220916184,13.0599873830001],[80.220944016,13.060019773],[80.2209741450001,13.0600501170001],[80.2210058840001,13.060078859],[80.2210388680001,13.060106223],[80.2210730350001,13.060132154],[80.2211459260001,13.060183938],[80.22116673,13.0601924210001],[80.2211949570001,13.0602034830001],[80.2212264520001,13.060215956],[80.221258769,13.060226207],[80.2212740570001,13.0602309510001],[80.2212748760001,13.0602339820001],[80.221275711,13.0602370660001],[80.221292562,13.060291649],[80.2212942790001,13.060297114],[80.2212942070001,13.060297115],[80.2213114740001,13.0603640620001],[80.2213448790001,13.060482844],[80.221406131,13.060667896],[80.2214213250001,13.060713799],[80.221457043,13.0608217110001],[80.2214814770001,13.0608996870001],[80.221510869,13.060987073],[80.221540227,13.0610681000001],[80.221556439,13.0611204740001],[80.221571242,13.0611646720001],[80.221582094,13.0611962420001],[80.221606207,13.0612599130001],[80.221631954,13.0613220400001],[80.2216549380001,13.0613811910001],[80.221675319,13.0614409190001],[80.2216935020001,13.0615014360001],[80.2217060820001,13.061541006],[80.221719131,13.0615810040001],[80.2217475020001,13.061667965],[80.2217979540001,13.0618147770001],[80.2218476730001,13.061959959],[80.2218523270001,13.0619721200001],[80.221867037,13.0620106970001],[80.2218836550001,13.062059371],[80.2218988870001,13.062109966],[80.2219122500001,13.0621610650001],[80.2219449630001,13.062288202],[80.221951867,13.0623185490001],[80.2219626570001,13.0623659830001],[80.2219648880001,13.0623757880001],[80.2220095640001,13.0625410280001],[80.2220544680001,13.062692344],[80.222098036,13.062833842],[80.2221091070001,13.0628727550001],[80.222113828,13.062889521],[80.2221253590001,13.062941509],[80.2221339490001,13.062994041],[80.2221357020001,13.0630251960001],[80.222135549,13.0630563990001],[80.222133489,13.0630875360001],[80.2221295300001,13.0631184970001],[80.2221236870001,13.063149169],[80.2221177480001,13.063163096],[80.2221071640001,13.0631828460001],[80.222102668,13.0631921520001],[80.222096622,13.063207972],[80.2220922860001,13.063224324],[80.222092811,13.0632413270001],[80.222103421,13.0633335630001],[80.222123825,13.063536345],[80.222148243,13.0637419450001],[80.222158295,13.0638240000001],[80.2221607180001,13.063825654],[80.222216094,13.063818838],[80.222221436,13.0638591360001],[80.2222211060001,13.0638592660001],[80.222219441,13.0638603730001],[80.2221624840001,13.063873518],[80.2221973950001,13.0639778300001],[80.2222182790001,13.064045702],[80.222237148,13.0641141400001],[80.2222539840001,13.064183084],[80.2222687760001,13.064252476],[80.2222817260001,13.0643234390001],[80.2222837840001,13.064333796],[80.222283884,13.064334656],[80.222283583,13.064336607],[80.2222825900001,13.064338322],[80.2222810380001,13.0643395770001],[80.2222791300001,13.0643402040001],[80.2222916280001,13.0643732510001],[80.2223498280001,13.064666011],[80.222361429,13.064725885],[80.2224333410001,13.065105314],[80.222470721,13.065291029],[80.2224856270001,13.065383228],[80.2224931870001,13.06542369],[80.222503089,13.065476689],[80.222515516,13.0655352410001],[80.222522778,13.065569489],[80.2225448440001,13.065662253],[80.2225625010001,13.0657291100001],[80.2225780190001,13.065795597],[80.2225959340001,13.065875056],[80.2226088570001,13.065926587],[80.222638325,13.066045651],[80.22264031,13.066052116],[80.2226439180001,13.066062688],[80.22264619,13.0660684000001],[80.222657773,13.0660986710001],[80.222672727,13.0661269280001],[80.2226749430001,13.066130491],[80.2226774760001,13.0661358310001],[80.2226926440001,13.066188389],[80.222693974,13.0661930000001],[80.22270308,13.066193508],[80.2227171170001,13.066195823],[80.2227308120001,13.066199634],[80.2227439970001,13.0662048940001],[80.2227565150001,13.0662115420001],[80.2227682130001,13.066219495],[80.2227789500001,13.0662286580001],[80.2227881960001,13.0662384950001],[80.2228024340001,13.0662587],[80.222815858,13.066280987],[80.2228276330001,13.066304153],[80.2228376990001,13.066328082],[80.2228460040001,13.066352652],[80.2228525070001,13.0663777390001],[80.222857338,13.066404103],[80.2228726750001,13.0665011780001],[80.2228900700001,13.0665987680001],[80.222900968,13.0666536270001],[80.222900984,13.066653709],[80.222916529,13.0667308440001],[80.2229205780001,13.066750594],[80.2229297590001,13.066805012],[80.222937189,13.0668609730001],[80.222942162,13.0668908530001],[80.2229492480001,13.0669209650001],[80.222958314,13.0669505610001],[80.222968828,13.066978218],[80.2229795330001,13.067007013],[80.223022348,13.0671221760001],[80.2230225770001,13.067123515],[80.223022681,13.0671241210001],[80.2230222840001,13.067126054],[80.223014747,13.067143135],[80.222999728,13.0671771740001],[80.223001739,13.0671771180001],[80.2230036380001,13.067177771],[80.223005173,13.067179047],[80.223006141,13.0671807740001],[80.2230110510001,13.067195316],[80.2230169490001,13.0672127830001],[80.223057232,13.067332085],[80.2230986160001,13.0674548760001],[80.2231429730001,13.067593817],[80.2231519760001,13.0676259700001],[80.2231521670001,13.0676259000001],[80.2231530110001,13.0676255870001],[80.2231527120001,13.0676278030001],[80.2231842080001,13.06774345],[80.2233246480001,13.067736752],[80.2234482540001,13.067694402],[80.223634835,13.067642747],[80.2237996860001,13.067572039],[80.2238457820001,13.067541324],[80.2240421210001,13.0674659630001],[80.2243256250001,13.067388491],[80.224381292,13.0673934050001],[80.2244611340001,13.067410259],[80.2245652,13.0674224380001],[80.2246693260001,13.06741563],[80.2248002310001,13.0673614350001],[80.22503541,13.0672529620001],[80.2251638640001,13.0672082520001],[80.2253140330001,13.067187341],[80.225442479,13.067145005],[80.2255807210001,13.0670670960001],[80.2256237890001,13.0670516870001],[80.225623919,13.0670520100001],[80.22565768,13.0670385980001],[80.225921219,13.0670018700001],[80.22612322,13.067083579],[80.2261705070001,13.067093964],[80.226255178,13.0671039850001],[80.2263445350001,13.0671005410001],[80.2264270750001,13.067081068],[80.2266190430001,13.067012665],[80.2266491940001,13.0670106480001],[80.2266849370001,13.0670261600001],[80.2267481590001,13.067081178],[80.2268067040001,13.067115695],[80.2268859310001,13.067141167],[80.226948968,13.067150796],[80.2270395880001,13.067147194],[80.2271783,13.0671261700001],[80.227275907,13.067108906],[80.2274730380001,13.067044078],[80.2275725360001,13.0670290350001],[80.227690248,13.0670003020001],[80.227758968,13.0669803960001],[80.227864949,13.0669582150001],[80.2279416490001,13.06695746],[80.2280052780001,13.066977685],[80.2280409860001,13.067022606],[80.228073302,13.067071889],[80.2281232560001,13.0671957490001],[80.2281609760001,13.0672770210001],[80.2281933690001,13.06734699],[80.228259962,13.067425811],[80.2283092170001,13.067536121],[80.2283354240001,13.0676872880001],[80.2283511420001,13.0677492350001],[80.2283639120001,13.0678494320001],[80.2283904920001,13.06791157],[80.22845397,13.068153443],[80.2284851640001,13.0681978430001],[80.2285545080001,13.0681550050001],[80.2286512580001,13.068081697],[80.2286942710001,13.068045027],[80.2287586840001,13.0680241920001],[80.228844644,13.067971879],[80.228930523,13.067945851],[80.2290949360001,13.0678485510001],[80.229202758,13.0677815990001],[80.229323358,13.067778731],[80.2294143500001,13.0677455850001],[80.229466845,13.0677411300001],[80.2295175020001,13.0677641120001],[80.229582506,13.0677854640001],[80.2296497670001,13.0678078170001],[80.2297060280001,13.0678231750001],[80.2297592910001,13.0678237860001],[80.229863015,13.067836076],[80.2300128110001,13.0678631050001],[80.2301131740001,13.067903551],[80.2303429740001,13.067952185],[80.2305101030001,13.0679918060001],[80.2307119750001,13.068059996],[80.230859749,13.068116301],[80.231008595,13.0681199050001],[80.231122236,13.0681396460001],[80.2312242100001,13.068146068],[80.2313892540001,13.068178344],[80.231516077,13.068175728],[80.2316368,13.068212299],[80.23166573,13.0683867700001],[80.2316670370001,13.068394649],[80.2317291730001,13.0687700730001],[80.2319681640001,13.0687745450001],[80.2321132220001,13.068821456],[80.2321386780001,13.0688310640001],[80.2321791590001,13.0688526970001],[80.2322154570001,13.068880565],[80.2322465810001,13.068913912],[80.2322688180001,13.0689467330001],[80.2323311590001,13.0690549080001],[80.232348603,13.0690921820001],[80.232353672,13.0691075390001],[80.2323943960001,13.0692464430001],[80.2324151170001,13.069317117],[80.2324248400001,13.0693714810001],[80.232415529,13.0698187990001],[80.2323063680001,13.070317029],[80.2325686890001,13.070273646],[80.234222521,13.069604665],[80.2345925590001,13.069448247],[80.2349504100001,13.06934468],[80.2352360360001,13.069294643],[80.2352365400001,13.069294558],[80.235290729,13.0692850610001],[80.2352909320001,13.069285026],[80.235361154,13.069272723],[80.2356540380001,13.069273589],[80.236045447,13.069295411],[80.236045602,13.069295421],[80.2361003670001,13.0692984780001],[80.236100929,13.0692985050001],[80.236352121,13.0693125080001],[80.2368708060001,13.0693342220001],[80.2368708800001,13.069334224],[80.236926189,13.0693365390001],[80.2370289930001,13.0693408430001],[80.2373383090001,13.0693634200001],[80.2374060270001,13.069368363],[80.2379448190001,13.0693488270001],[80.2381803070001,13.069339902],[80.238180345,13.069339901],[80.2382358450001,13.069337798],[80.2388478880001,13.0693146040001],[80.2392426270001,13.069311595],[80.2392429560001,13.0693115940001],[80.239297713,13.069311176],[80.2392981020001,13.069311172],[80.2400214610001,13.0693056540001],[80.2400217890001,13.0693056530001],[80.24007757,13.0693052280001],[80.2400779590001,13.0693052240001],[80.2413203500001,13.0692957430001],[80.2414123090001,13.069295042],[80.2414131410001,13.0692950330001],[80.2415733890001,13.069293811],[80.241784049,13.069294429],[80.241860607,13.069294654],[80.2420085750001,13.069295088],[80.2420372550001,13.069297631],[80.2420911140001,13.069317029],[80.2421146550001,13.06933329],[80.2421349570001,13.069353312],[80.242163497,13.069402111],[80.2421639710001,13.069403864],[80.242344501,13.069395485],[80.2425789980001,13.0688298590001],[80.2425807320001,13.0688256780001],[80.2426370430001,13.068650119],[80.242702024,13.0683980310001],[80.2427453820001,13.068230998],[80.243215601,13.06838606],[80.2442713020001,13.068847256],[80.2448806370001,13.0691739540001],[80.245236693,13.069370722],[80.2456612140001,13.0695899190001],[80.2459962560001,13.069775619],[80.246524703,13.0700601730001],[80.2472417640001,13.070449109],[80.2477203620001,13.070692713],[80.2484312660001,13.0709590110001],[80.2490337980001,13.071090197],[80.2494904640001,13.0710929270001],[80.249954292,13.0709906000001],[80.250184505,13.0709016430001],[80.250887172,13.0704857260001],[80.2518231010001,13.069888674],[80.25244933,13.069432131],[80.253138462,13.068683879]]]},"properties":{"OBJECTID":4,"Name":"TEYNAMPET","FolderPath":"GCC_ZONE_UPDATED","SymbolID":0,"AltMode":0,"Base":0,"Clamped":-1,"Extruded":0,"Snippet":"","PopupInfo":"","Shape__Area":0.0021009069206456843,"Shape__Length":0.28854073608657949}},{"type":"Feature","id":5,"geometry":{"type":"Polygon","coordinates":[[[80.292678569,13.123299527],[80.2925414380001,13.1224957970001],[80.2925413670001,13.122495379],[80.2925369180001,13.122485016],[80.2925363100001,13.1224835990001],[80.2925305270001,13.1224779020001],[80.2925758740001,13.1224335270001],[80.292575368,13.1224116110001],[80.292579297,13.122355279],[80.2925906950001,13.122299932],[80.2926093660001,13.1222465160001],[80.2926349910001,13.1221959440001],[80.29266713,13.1221490840001],[80.2927052360001,13.122106737],[80.2927262310001,13.122087568],[80.292786789,13.122055975],[80.2929715240001,13.1219962060001],[80.2929715870001,13.121996187],[80.2929731680001,13.121995676],[80.2929736660001,13.1219969480001],[80.2929739080001,13.121997551],[80.2930661440001,13.122425123],[80.2930841960001,13.122421382],[80.2929914520001,13.1219914540001],[80.2929914250001,13.121991333],[80.2929910600001,13.121989887],[80.292992493,13.121989426],[80.2929926790001,13.1219893640001],[80.2931461690001,13.121939705],[80.2937458600001,13.1217915460001],[80.2937650490001,13.1217893090001],[80.293778934,13.1217905390001],[80.293792389,13.121794111],[80.2938050060001,13.1217999200001],[80.2938164030001,13.1218077890001],[80.2938262330001,13.121817477],[80.293834196,13.1218286910001],[80.2938400520001,13.121841091],[80.293842624,13.1218495250001],[80.2938029790001,13.121670254],[80.293786266,13.121594671],[80.2937394130001,13.1213896850001],[80.293741718,13.1213886190001],[80.2937385760001,13.121386027],[80.293621908,13.120862478],[80.293735515,13.1208343590001],[80.2960993730001,13.120296856],[80.296228807,13.120869552],[80.296254274,13.120969858],[80.2963668500001,13.121464373],[80.2963746950001,13.1215506670001],[80.296312431,13.121644062],[80.2963098720001,13.121665717],[80.2963493930001,13.1217279730001],[80.2963569330001,13.1217331780001],[80.2963661190001,13.121733992],[80.296431661,13.121702096],[80.2964396080001,13.1216995120001],[80.2964699460001,13.1217148580001],[80.2964984650001,13.1217724800001],[80.2965003850001,13.121794692],[80.296579986,13.1221850330001],[80.2971659770001,13.122124431],[80.297288484,13.122091804],[80.2980551420001,13.1218876200001],[80.298631958,13.121492957],[80.298765501,13.12129344],[80.298813394,13.1211836150001],[80.2988385630001,13.121096832],[80.2988497850001,13.1210452940001],[80.298855486,13.1209883130001],[80.2988567830001,13.1209181080001],[80.299082635,13.1209167650001],[80.3002374640001,13.1209098960001],[80.300881309,13.1191834000001],[80.301446818,13.1181342960001],[80.3017729380001,13.1176267070001],[80.3020209910001,13.1171697500001],[80.3020741240001,13.116750403],[80.3020236460001,13.1162986580001],[80.301804906,13.115573489],[80.3015859500001,13.11492459],[80.3015088870001,13.1146192950001],[80.301699506,13.1140247600001],[80.3010950460001,13.1122713980001],[80.3002394310001,13.109640966],[80.299757733,13.1080767560001],[80.2997597200001,13.1080759600001],[80.2992329670001,13.106357465],[80.2985217460001,13.104143664],[80.2983547600001,13.103623885],[80.2980534760001,13.102561087],[80.29788883,13.1022093450001],[80.297742655,13.1019753840001],[80.2975857260001,13.1011234050001],[80.2986041670001,13.1000314080001],[80.303685892,13.098253738],[80.3040962160001,13.0967619780001],[80.3020415440001,13.0918704470001],[80.2960575690001,13.0815288150001],[80.2943679690001,13.07860864],[80.290226864,13.0699588680001],[80.2897820460001,13.068570084],[80.289612429,13.067256274],[80.2893092210001,13.066905697],[80.2891763100001,13.0667504140001],[80.288950201,13.0665824770001],[80.2885509550001,13.066431531],[80.2884204320001,13.066478385],[80.2881952720001,13.0666124910001],[80.288033673,13.0669836810001],[80.288096152,13.0673669400001],[80.28757133,13.0677309970001],[80.286894799,13.0681137350001],[80.286391613,13.0682585110001],[80.2856299370001,13.068403882],[80.2849489690001,13.06862814],[80.284049602,13.068943704],[80.2836563280001,13.0689141190001],[80.2821184420001,13.068798422],[80.2817138460001,13.0687854070001],[80.2812021970001,13.0687951360001],[80.2806912330001,13.068867378],[80.2805378620001,13.068034357],[80.2805177540001,13.0678094030001],[80.2797361730001,13.064504937],[80.2796821260001,13.0645169750001],[80.2793104090001,13.064599765],[80.278915307,13.064686732],[80.278759666,13.064715581],[80.2786044310001,13.064746465],[80.2784496300001,13.0647793800001],[80.2783986700001,13.0647975380001],[80.2783484350001,13.0648175470001],[80.2782989950001,13.0648393750001],[80.2782504190001,13.0648629940001],[80.2782027750001,13.0648883700001],[80.2778761580001,13.065053651],[80.2776128,13.0651915290001],[80.277325429,13.0653406430001],[80.2770313190001,13.065491455],[80.2769330930001,13.065538412],[80.2768486910001,13.065581455],[80.2768361440001,13.0655878530001],[80.2767405370001,13.0656397440001],[80.276681529,13.065672407],[80.276621639,13.0657034870001],[80.2765609100001,13.065732961],[80.276499389,13.0657608070001],[80.2764371210001,13.0657870040001],[80.2763119960001,13.0658406210001],[80.276187829,13.0658963400001],[80.2761138370001,13.065757548],[80.27611412,13.0657594900001],[80.2761136710001,13.0657614030001],[80.276112552,13.0657630380001],[80.2761109100001,13.0657641770001],[80.2761105650001,13.065764313],[80.2761103700001,13.065764383],[80.2761092200001,13.065764775],[80.2760162340001,13.065795952],[80.2759325850001,13.0658252920001],[80.2757359270001,13.065894268],[80.2754437570001,13.0660005020001],[80.2752482670001,13.06607676],[80.2749897690001,13.0661774760001],[80.27496827,13.066185852],[80.274729758,13.0662787800001],[80.274504242,13.06636767],[80.2743177250001,13.0664392460001],[80.274098187,13.066515898],[80.2739850030001,13.0665448120001],[80.2738410210001,13.0665778630001],[80.2736140220001,13.066711733],[80.273625193,13.0666988560001],[80.273634794,13.0666848130001],[80.273642699,13.0666697880001],[80.2736455150001,13.066662496],[80.2736488040001,13.066653977],[80.27365303,13.066637588],[80.2736553220001,13.0666208330001],[80.273657154,13.066579464],[80.273657889,13.066562881],[80.2736603880001,13.0663076320001],[80.2736634930001,13.0662235500001],[80.2736685930001,13.0661510470001],[80.2736743670001,13.066081855],[80.273676144,13.0660605580001],[80.2736920140001,13.0658694540001],[80.2737081070001,13.0657280830001],[80.2737087,13.065723486],[80.273713457,13.0656866570001],[80.2737240550001,13.0656046130001],[80.273727652,13.065572705],[80.2737315190001,13.0655384090001],[80.2737347440001,13.0655098010001],[80.2737458330001,13.065411447],[80.2737473290001,13.065400659],[80.2737584590001,13.065320339],[80.2737757360001,13.0652155],[80.2738039260001,13.065037542],[80.2738272860001,13.064901359],[80.273831456,13.064877046],[80.273860788,13.06470604],[80.273861019,13.064704787],[80.273881782,13.0645919890001],[80.2738896280001,13.0645344210001],[80.2738896760001,13.0645336590001],[80.2738892940001,13.064531722],[80.2738882310001,13.0645300470001],[80.2738866270001,13.064528855],[80.2738846940001,13.064528304],[80.273799905,13.064519966],[80.2736869230001,13.0645188340001],[80.2735939560001,13.064526245],[80.2735332110001,13.064531222],[80.2733288960001,13.0645479610001],[80.273310026,13.06454962],[80.2732889420001,13.064551474],[80.2730419010001,13.0645732020001],[80.272779073,13.064592912],[80.2726391150001,13.064602908],[80.2726110390001,13.064604913],[80.2725864220001,13.064606869],[80.272563231,13.0646087100001],[80.272514125,13.0646126090001],[80.2722293400001,13.0646293560001],[80.2720216770001,13.064643872],[80.2718698080001,13.0646527540001],[80.2717485890001,13.0646598430001],[80.2716762000001,13.064663497],[80.2716088390001,13.064674337],[80.2716080380001,13.064674466],[80.2715823600001,13.064365179],[80.2715753990001,13.064271703],[80.2715516160001,13.063952381],[80.2715471960001,13.063893625],[80.2715467020001,13.063893696],[80.2715263140001,13.0636074930001],[80.2714277520001,13.063604061],[80.271416876,13.0636036820001],[80.2711737480001,13.063595218],[80.2709514030001,13.063677096],[80.2705119020001,13.0638389420001],[80.2704967910001,13.063605464],[80.2704962060001,13.0635964260001],[80.2704947830001,13.0635874870001],[80.2704720680001,13.063444776],[80.2704632860001,13.0632586150001],[80.2704602110001,13.0632362440001],[80.2704523090001,13.0631387780001],[80.2704459970001,13.063058105],[80.27043395,13.062920632],[80.2704293080001,13.062863817],[80.2704284180001,13.06286135],[80.2704283040001,13.062861108],[80.27042686,13.0628597350001],[80.2704250100001,13.062858958],[80.2704229990001,13.0628588810001],[80.2704198740001,13.062837669],[80.27034065,13.061942818],[80.2703385680001,13.061919307],[80.2703455560001,13.0619178000001],[80.270351572,13.061914002],[80.2703555740001,13.061908767],[80.2703558680001,13.0619083820001],[80.270357915,13.0619016360001],[80.270357458,13.0618946000001],[80.2703582010001,13.061670559],[80.2703598240001,13.061430843],[80.270360946,13.0613818420001],[80.270363032,13.0613291400001],[80.2703895390001,13.0612485610001],[80.270386725,13.0612535290001],[80.270382209,13.0612570920001],[80.270376658,13.061258724],[80.2703902360001,13.0612429190001],[80.270362542,13.06079634],[80.270289512,13.0607961150001],[80.2702062910001,13.060798113],[80.2699921780001,13.0607929500001],[80.2698350790001,13.060795338],[80.2698353230001,13.0607662140001],[80.2699924990001,13.060772688],[80.2702066000001,13.060777853],[80.2702879700001,13.0607759100001],[80.2703612590001,13.060765497],[80.27036379,13.0603698240001],[80.270354995,13.060355202],[80.2703548270001,13.0603491850001],[80.2703993970001,13.0603440720001],[80.2704220190001,13.0603414760001],[80.270462933,13.060363109],[80.27052939,13.060395617],[80.2705968670001,13.060426039],[80.2706557270001,13.060449528],[80.2707152770001,13.060471321],[80.2707754570001,13.060491396],[80.2708330090001,13.0605101630001],[80.2709829230001,13.060559955],[80.2710960410001,13.0605959530001],[80.2711790180001,13.0606185680001],[80.2713316840001,13.0606508870001],[80.2713360860001,13.060651475],[80.2713972050001,13.060659635],[80.2714029740001,13.060659193],[80.2714082000001,13.060656759],[80.2714121930001,13.060652653],[80.2714144230001,13.0606474190001],[80.2714264190001,13.0605123780001],[80.2714338750001,13.0603915070001],[80.271432673,13.0603487760001],[80.271432664,13.060348576],[80.2714321710001,13.0603466630001],[80.271431013,13.06034505],[80.2714293430001,13.0603439490001],[80.2714273830001,13.060343506],[80.2713370000001,13.0603396390001],[80.2712954090001,13.0603378600001],[80.2710748160001,13.060329462],[80.270940001,13.060320221],[80.270940942,13.0603070280001],[80.2710757570001,13.0603162690001],[80.271295933,13.0603254000001],[80.2713370370001,13.0603271580001],[80.2714262430001,13.0603309750001],[80.271428235,13.060330702],[80.2714299960001,13.0603297480001],[80.271431293,13.0603282390001],[80.271431954,13.060326376],[80.2714320150001,13.0603254060001],[80.2714251880001,13.060082789],[80.2714210520001,13.0598459670001],[80.2714202210001,13.0598193330001],[80.2714192010001,13.059821033],[80.271417629,13.059822264],[80.2714157120001,13.059822863],[80.271415247,13.0598229],[80.2713385060001,13.0598259820001],[80.2712583470001,13.0598292],[80.271084403,13.0598315130001],[80.2709185460001,13.0598337280001],[80.2708864990001,13.0598345490001],[80.270854011,13.0598379],[80.270847759,13.0598390370001],[80.2708322340001,13.0598415160001],[80.2708337430001,13.059840212],[80.2708346780001,13.059838465],[80.2708349120001,13.059836505],[80.2708161240001,13.059665646],[80.2708089220001,13.0595694040001],[80.2708131410001,13.05951212],[80.2708131210001,13.059511898],[80.2708125460001,13.059510007],[80.2708113200001,13.059508443],[80.2708096040001,13.0595074130001],[80.2708076270001,13.059507051],[80.2707404440001,13.059506963],[80.2705346540001,13.059511338],[80.2704062450001,13.0595187380001],[80.2701810300001,13.059534372],[80.270179888,13.0595242590001],[80.270258384,13.0595177070001],[80.270286221,13.0595153830001],[80.2702856450001,13.0595154010001],[80.270283674,13.059515005],[80.2702819770001,13.0595139440001],[80.2702807800001,13.0595123590001],[80.27028024,13.059510459],[80.270266286,13.059356855],[80.2702540180001,13.059211266],[80.2702542200001,13.059209304],[80.2702551240001,13.059207541],[80.2702566120001,13.059206213],[80.2702584850001,13.059205493],[80.2702589560001,13.059205424],[80.2704575810001,13.059185009],[80.2706983360001,13.059165767],[80.2707462130001,13.0591573410001],[80.270776405,13.059149452],[80.2708153400001,13.059139067],[80.2708549770001,13.0591316590001],[80.2708950790001,13.0591272720001],[80.2708862480001,13.0590147680001],[80.270873339,13.059010384],[80.270831076,13.0589935100001],[80.2707857930001,13.058972609],[80.27054524,13.0588782630001],[80.270458907,13.0588484520001],[80.2703442010001,13.058807168],[80.2702892,13.0587864880001],[80.2702112520001,13.0587597750001],[80.2701692480001,13.0587414820001],[80.2700995590001,13.058717519],[80.270069925,13.058709767],[80.270017253,13.058698656],[80.269965363,13.058689842],[80.269782422,13.058661762],[80.2697580390001,13.05865727],[80.2696958550001,13.0586458130001],[80.2696907740001,13.0586448760001],[80.2695682300001,13.0586222970001],[80.2695022450001,13.0586099870001],[80.2694340150001,13.0585996790001],[80.269365458,13.0585917290001],[80.269295651,13.0585860640001],[80.2691060760001,13.0585810150001],[80.268869174,13.0585780010001],[80.268616104,13.0585678940001],[80.2684609010001,13.058557507],[80.2684166560001,13.05855079],[80.268407837,13.05854893],[80.268345948,13.0585358750001],[80.2683251350001,13.058530884],[80.268278422,13.058517565],[80.268203639,13.058495624],[80.2681307110001,13.05847176],[80.2680528600001,13.058449593],[80.2679386940001,13.058413011],[80.2679066380001,13.058399267],[80.2678822300001,13.0583878950001],[80.2678616090001,13.058374997],[80.2677851390001,13.0583359510001],[80.2677405520001,13.0583230350001],[80.267695379,13.058312256],[80.2676497250001,13.0583036410001],[80.2676036980001,13.058297209],[80.2675586760001,13.058293092],[80.267535573,13.0582915040001],[80.2674735940001,13.058287244],[80.2673882020001,13.05828361],[80.267302595,13.0582822060001],[80.2672176230001,13.0582832740001],[80.26713298,13.0582863220001],[80.2670503370001,13.058291238],[80.2669060330001,13.0582977820001],[80.2667314500001,13.058300984],[80.266728098,13.0583010460001],[80.2665679260001,13.058314792],[80.26656029,13.058315448],[80.2664840990001,13.0583184820001],[80.2664095360001,13.058320441],[80.2663328830001,13.0583167780001],[80.266290504,13.058315223],[80.266250326,13.058312072],[80.2662079,13.0583069620001],[80.266121367,13.058298253],[80.266034044,13.058292377],[80.2659460560001,13.0582893800001],[80.2658591220001,13.058290427],[80.265773143,13.05829348],[80.2657335420001,13.0582921980001],[80.2657045020001,13.0582880470001],[80.2656640320001,13.0582814220001],[80.265627346,13.058273903],[80.2655802040001,13.0582607110001],[80.265530712,13.0582468600001],[80.2654345190001,13.0582199410001],[80.2654329420001,13.0582194990001],[80.265443335,13.058268958],[80.265483058,13.058412108],[80.265513496,13.0585990930001],[80.2655582770001,13.0590295920001],[80.2655653360001,13.0590903130001],[80.26561452,13.05946262],[80.2656251990001,13.0595356480001],[80.26563472,13.0596088990001],[80.26563896,13.0596461330001],[80.2656430790001,13.05968232],[80.2656489460001,13.0597423250001],[80.2656526320001,13.059777437],[80.265656457,13.05981238],[80.265660477,13.059869087],[80.2656623240001,13.059925903],[80.265659498,13.059972445],[80.2656558830001,13.0600099590001],[80.2656535200001,13.060029393],[80.2656477950001,13.0600626510001],[80.2656388120001,13.060106208],[80.2656320740001,13.060132507],[80.2656191390001,13.0601751720001],[80.265607517,13.06020965],[80.2656012910001,13.0602253660001],[80.2655763990001,13.0602843390001],[80.2655465890001,13.060353245],[80.2655121610001,13.0604244890001],[80.2654935990001,13.060463769],[80.2654695780001,13.0605088200001],[80.265445748,13.0605516110001],[80.2654235940001,13.0605890730001],[80.265414777,13.0606074930001],[80.265385311,13.060664407],[80.265346535,13.0607298890001],[80.265309577,13.060796404],[80.265137886,13.061208116],[80.2648897180001,13.061449882],[80.2648895,13.061450101],[80.2648846530001,13.0614548180001],[80.2648726580001,13.0614681390001],[80.2646378170001,13.0617289640001],[80.2646326280001,13.0617347250001],[80.2646297850001,13.0617379500001],[80.2646196160001,13.061749482],[80.264619592,13.06174951],[80.2644071560001,13.061990435],[80.264376057,13.0620254890001],[80.2643760380001,13.062025509],[80.264189796,13.062235448],[80.264171634,13.0622559220001],[80.2641716160001,13.062255942],[80.2640050960001,13.0624436480001],[80.263832166,13.062655654],[80.2637412830001,13.062783607],[80.263330297,13.062444885],[80.2629411620001,13.0621268040001],[80.262939353,13.0621255620001],[80.2629371370001,13.0621245290001],[80.2629347760001,13.062123894],[80.262932339,13.062123683],[80.262929904,13.0621238950001],[80.262927543,13.062124528],[80.2629253280001,13.0621255620001],[80.262923324,13.062126963],[80.2629216670001,13.0621286090001],[80.2626591370001,13.0624402510001],[80.2618992820001,13.0633198580001],[80.2617083230001,13.0634427420001],[80.261555065,13.0634715570001],[80.2612292380001,13.0635272430001],[80.2612284960001,13.0635273720001],[80.2611646,13.063538291],[80.2610743390001,13.063565323],[80.261074195,13.063565366],[80.2609316190001,13.0636080640001],[80.2606382750001,13.063702065],[80.2606235800001,13.063706773],[80.260539113,13.063482225],[80.2602464930001,13.0629321770001],[80.2595809540001,13.0621952160001],[80.259073018,13.0617416320001],[80.2586993740001,13.061451243],[80.2583263400001,13.0612086100001],[80.2575196810001,13.0610383160001],[80.2571930300001,13.0610876530001],[80.25691047,13.0612054060001],[80.2563796140001,13.061635483],[80.256045643,13.062081387],[80.2557891320001,13.0626544420001],[80.2556300430001,13.063371761],[80.255622724,13.06373467],[80.25565658,13.0646430030001],[80.2555943040001,13.065542153],[80.255473404,13.0658266140001],[80.2551899430001,13.0662500650001],[80.254978577,13.0665838510001],[80.2548223350001,13.066819832],[80.254648176,13.0670436230001],[80.2546359790001,13.067058721],[80.2544336000001,13.0668618010001],[80.2543413340001,13.0667798100001],[80.25431616,13.066757442],[80.2542389820001,13.0666822650001],[80.254195489,13.0666402150001],[80.25419543,13.066640158],[80.2541500230001,13.066693732],[80.254137067,13.066709019],[80.254120458,13.066728615],[80.2541008320001,13.066782769],[80.2541007040001,13.066783129],[80.2541006810001,13.066790655],[80.2541002930001,13.0667951080001],[80.2541002890001,13.066795144],[80.2541000910001,13.066797368],[80.2540995040001,13.0668029600001],[80.254095487,13.0668102230001],[80.2540948010001,13.0668111580001],[80.254086375,13.0668226710001],[80.2541439440001,13.0669511560001],[80.254443161,13.0672376850001],[80.254083655,13.0676389020001],[80.253829099,13.0679317560001],[80.253138462,13.068683879],[80.25244933,13.069432131],[80.2518231010001,13.069888674],[80.250887172,13.0704857260001],[80.250184505,13.0709016430001],[80.249954292,13.0709906000001],[80.2495555250001,13.0710785740001],[80.249546944,13.071546031],[80.2495543210001,13.0715471070001],[80.2495550030001,13.071569046],[80.249557162,13.0716384780001],[80.2495598620001,13.071639315],[80.249785236,13.071702251],[80.2501078880001,13.071788414],[80.250767377,13.071991785],[80.2506772510001,13.072159019],[80.250634162,13.072447094],[80.2504218280001,13.073866647],[80.252262435,13.0739704170001],[80.2522581710001,13.0739805870001],[80.252231862,13.074043331],[80.2522121580001,13.074122119],[80.2521883730001,13.0742172270001],[80.252188318,13.0742175240001],[80.2521796120001,13.0742636910001],[80.252159486,13.074690156],[80.2521486090001,13.074949729],[80.252128134,13.0750462660001],[80.2520161090001,13.0757836440001],[80.2519888260001,13.075802504],[80.251897365,13.07578527],[80.2515694420001,13.075736476],[80.25136896,13.0756961610001],[80.2511897090001,13.0757286890001],[80.250953859,13.07620601],[80.2509026330001,13.076322528],[80.2512240330001,13.0763801050001],[80.2516225580001,13.076423404],[80.2519116490001,13.076466387],[80.2522202370001,13.076524751],[80.2528101220001,13.076618411],[80.2533038280001,13.0766968720001],[80.253249333,13.0771831430001],[80.2532420370001,13.077248244],[80.2532339620001,13.0773202990001],[80.2532261810001,13.077389721],[80.2531796090001,13.077725475],[80.253112817,13.078206989],[80.253071348,13.0784300340001],[80.253042845,13.0785833470001],[80.2530334690001,13.078658445],[80.253033062,13.078661702],[80.253104793,13.078658784],[80.2531493690001,13.078656971],[80.2531891070001,13.078655354],[80.2533357230001,13.078655778],[80.2536600440001,13.078689614],[80.254130477,13.078745036],[80.2542667220001,13.0787645180001],[80.2546672430001,13.078821788],[80.254672203,13.0790364700001],[80.2546141620001,13.079316659],[80.2546090390001,13.0794760150001],[80.254733716,13.080082083],[80.254821737,13.0804807590001],[80.2548300880001,13.0808158830001],[80.2548694640001,13.0810626590001],[80.254897779,13.081479394],[80.254894203,13.0814941510001],[80.2548958190001,13.081503293],[80.254903051,13.0815092770001],[80.254910717,13.081509808],[80.2557849010001,13.081324485],[80.255793834,13.081367931],[80.2558034990001,13.081414932],[80.2558033170001,13.081414975],[80.2558030170001,13.0814150460001],[80.2557990940001,13.081416039],[80.2557883160001,13.081418753],[80.2557747270001,13.0814283820001],[80.255772354,13.0814330000001],[80.2557697670001,13.0814380350001],[80.25576462,13.0814443030001],[80.255759868,13.08145009],[80.255759847,13.081457373],[80.2557598070001,13.081470634],[80.2557594670001,13.081479861],[80.2557605330001,13.081485394],[80.2558501350001,13.081950783],[80.255909177,13.0822413490001],[80.255974812,13.082551483],[80.2560504470001,13.082884855],[80.256096513,13.083124119],[80.2561227950001,13.0833251400001],[80.2561185650001,13.0836202290001],[80.256118266,13.0836798600001],[80.256140202,13.083704606],[80.2562219550001,13.0837304180001],[80.2565721140001,13.083821401],[80.2565610510001,13.0838831620001],[80.2564367890001,13.084335051],[80.2564359520001,13.0843380910001],[80.2564363120001,13.084338541],[80.2564365150001,13.0843408970001],[80.2564371330001,13.084343183],[80.2564381450001,13.084345328],[80.2564412240001,13.084348945],[80.2564453780001,13.0843513130001],[80.2568150660001,13.0844851680001],[80.2567995140001,13.084509589],[80.2564659550001,13.0843953720001],[80.256437012,13.0843866160001],[80.2564357850001,13.0843863430001],[80.2564309800001,13.08438633],[80.2564264590001,13.0843879280001],[80.2564227700001,13.0843909450001],[80.2564213800001,13.0843928780001],[80.2564199830001,13.0843961640001],[80.2559538780001,13.0860911660001],[80.2559126360001,13.086260227],[80.2560157340001,13.086311761],[80.2560693400001,13.0863371030001],[80.256107715,13.0863511630001],[80.2561451940001,13.086364895],[80.2561830910001,13.086378779],[80.2562093610001,13.086388404],[80.2562305590001,13.086396171],[80.2562664270001,13.0864093120001],[80.2562836540001,13.0864156230001],[80.2563070960001,13.086423428],[80.2563211620001,13.08642811],[80.2563436840001,13.086435608],[80.2563701540001,13.0864444200001],[80.256410911,13.08645799],[80.2564410090001,13.08646801],[80.2564680390001,13.086477008],[80.2564742110001,13.0864790630001],[80.256478643,13.0864819380001],[80.2564810150001,13.086486598],[80.256480706,13.0864915830001],[80.2564806920001,13.0864917960001],[80.256511371,13.0865101150001],[80.2565347760001,13.0865158870001],[80.2566044770001,13.086533509],[80.256653983,13.0865460260001],[80.2567087,13.0865640210001],[80.256739059,13.086574005],[80.256782726,13.0865883650001],[80.2568056050001,13.086595889],[80.256838191,13.086606605],[80.2568496820001,13.086611019],[80.2568827210001,13.086623709],[80.256914081,13.0866357530001],[80.2569346590001,13.086643656],[80.256949997,13.086650724],[80.25695276,13.0866533670001],[80.2569556190001,13.0866561010001],[80.2569572450001,13.086659191],[80.2569565970001,13.086666334],[80.2569561380001,13.0866713880001],[80.2569493220001,13.0866904270001],[80.2569458290001,13.0867001820001],[80.2569308320001,13.086752345],[80.256925123,13.0867721990001],[80.2569079530001,13.086831918],[80.25689536,13.0868799630001],[80.2568822980001,13.086930142],[80.256878177,13.08694597],[80.256866481,13.0869909],[80.2568617950001,13.0870077060001],[80.256854821,13.0870327220001],[80.2568423710001,13.0870773730001],[80.256823232,13.0871460160001],[80.2567992960001,13.0872490560001],[80.256799007,13.0872502980001],[80.2567942960001,13.087270575],[80.2567854800001,13.08730609],[80.2567774660001,13.087338378],[80.256769697,13.087369672],[80.2567634850001,13.0873947010001],[80.2567564840001,13.087421191],[80.2567564650001,13.087421265],[80.2567460970001,13.087460493],[80.2567410670001,13.0874795300001],[80.256730803,13.087518366],[80.256730071,13.0875209760001],[80.256730045,13.08752107],[80.256716408,13.087569699],[80.2567015160001,13.0876228020001],[80.2567011180001,13.087624197],[80.2566915640001,13.087657372],[80.2566915500001,13.087657419],[80.256677666,13.087704209],[80.2566686470001,13.087734604],[80.2566666600001,13.0877413000001],[80.2566598650001,13.0877641970001],[80.2566469640001,13.0878160990001],[80.2566410300001,13.0878399700001],[80.256634159,13.0878676140001],[80.2566341400001,13.087867691],[80.2566334210001,13.0878705800001],[80.25663337,13.087870744],[80.256620635,13.087908424],[80.2566206110001,13.0879085070001],[80.2566106190001,13.0879452410001],[80.256610595,13.0879453310001],[80.2566067540001,13.087959448],[80.2566067370001,13.0879595100001],[80.256588713,13.088025773],[80.2565683860001,13.088100501],[80.2565606750001,13.088128845],[80.256542424,13.088195942],[80.256522477,13.088269272],[80.2565224640001,13.088269321],[80.2565096600001,13.088316391],[80.2564999900001,13.0883519430001],[80.2564994420001,13.088353956],[80.2564907660001,13.088385895],[80.2564898050001,13.088388007],[80.256539456,13.0884593370001],[80.256574227,13.0884687880001],[80.256608644,13.0884781560001],[80.2566509590001,13.088489688],[80.2567081610001,13.088505261],[80.256726164,13.088510163],[80.256773084,13.0885229410001],[80.25682012,13.088535752],[80.2568611660001,13.0885469310001],[80.256868678,13.088548976],[80.2568750290001,13.088550707],[80.2569278860001,13.0885651030001],[80.2569589270001,13.088573556],[80.256959006,13.088573578],[80.2569872670001,13.088581275],[80.256992186,13.0885826150001],[80.2570094760001,13.088587204],[80.257038504,13.08859491],[80.2570701660001,13.0886026850001],[80.2570734240001,13.088603485],[80.2571120090001,13.088612961],[80.2571459310001,13.088621291],[80.2571658630001,13.0886261860001],[80.2571915990001,13.0886325060001],[80.2572121540001,13.0886375540001],[80.2572432540001,13.0886451910001],[80.2572476130001,13.0886462610001],[80.257271454,13.088652116],[80.257311228,13.088661883],[80.2573305350001,13.088666533],[80.2573306610001,13.0886665640001],[80.2573367240001,13.0886680250001],[80.257362765,13.0886742970001],[80.2573843470001,13.0886794950001],[80.257391537,13.0886812260001],[80.2574067800001,13.0886848980001],[80.2574387500001,13.088692598],[80.257450013,13.088695311],[80.2574684960001,13.088699762],[80.25747547,13.0887014420001],[80.2575048370001,13.0887085160001],[80.2575153120001,13.088711039],[80.2575314540001,13.088714926],[80.2575352440001,13.088715839],[80.2575376070001,13.088717059],[80.257538841,13.088718617],[80.2575394230001,13.0887205060001],[80.2575392790001,13.0887224730001],[80.2575344580001,13.08874064],[80.257515423,13.088812369],[80.257490649,13.0889057250001],[80.2574773790001,13.0889557290001],[80.2574521210001,13.089047479],[80.2574258650001,13.0891428570001],[80.2574188340001,13.0891683950001],[80.2574013030001,13.089233457],[80.2573643380001,13.0893723990001],[80.2573643310001,13.0893724270001],[80.257359637,13.08939007],[80.257329165,13.089500537],[80.257319501,13.0895319270001],[80.257301076,13.0895792310001],[80.257298704,13.089585319],[80.2572808890001,13.089631056],[80.2572650380001,13.0896864310001],[80.257261279,13.08969956],[80.257250388,13.0897378830001],[80.2572463810001,13.089752907],[80.2572365010001,13.0897899440001],[80.257218574,13.0898587230001],[80.25720212,13.0899252340001],[80.2571984560001,13.089940046],[80.2571757950001,13.090022923],[80.2571639640001,13.090066188],[80.2571639340001,13.0900663],[80.257156508,13.09009346],[80.2571423680001,13.0901426830001],[80.2571266800001,13.0901968430001],[80.2571081080001,13.090260959],[80.2571032500001,13.0902768340001],[80.2570654940001,13.090400211],[80.257053205,13.090441512],[80.257049006,13.0904556250001],[80.2570469920001,13.0904623960001],[80.257026572,13.0905320210001],[80.257021523,13.090550955],[80.2570153520001,13.090574104],[80.2570088190001,13.090599109],[80.256992396,13.090661981],[80.2569738700001,13.0907391850001],[80.2569708990001,13.0907515690001],[80.2569642550001,13.09075561],[80.2569359720001,13.090803813],[80.256980454,13.090830747],[80.2569804870001,13.0908307670001],[80.2569862490001,13.0908314490001],[80.2570058310001,13.0908356040001],[80.257156702,13.0908544210001],[80.2572413030001,13.090865057],[80.257295808,13.0908684460001],[80.2573842040001,13.0908739430001],[80.2574934740001,13.0908807370001],[80.2575114140001,13.090881853],[80.2575682290001,13.090885386],[80.2576662420001,13.090887396],[80.257725899,13.0908886190001],[80.2577652050001,13.0908894250001],[80.2579622120001,13.0908915260001],[80.2580156280001,13.0908915700001],[80.258153259,13.090891684],[80.2582356870001,13.0908909980001],[80.2582383150001,13.090890975],[80.2582899210001,13.0908905100001],[80.2583070310001,13.0908903550001],[80.2583237320001,13.0908902050001],[80.258339402,13.0908900630001],[80.258386837,13.0908902080001],[80.2584001280001,13.090890336],[80.2584190050001,13.090890519],[80.2584540600001,13.090890858],[80.2584775730001,13.0908910860001],[80.2584986030001,13.0908912890001],[80.2585087030001,13.0908913870001],[80.2585369610001,13.0908916600001],[80.2585631480001,13.0908919130001],[80.258571809,13.090891997],[80.2586000480001,13.09089227],[80.2586091270001,13.090892357],[80.2586293310001,13.090892554],[80.258630952,13.0908925690001],[80.2586329270001,13.090892947],[80.2586340110001,13.0908936110001],[80.258634634,13.0908939920001],[80.2586358470001,13.090895566],[80.258636369,13.09089743],[80.258636498,13.0908974230001],[80.2587126830001,13.090893076],[80.258704063,13.0906706490001],[80.258698113,13.0905326590001],[80.2586974000001,13.090516112],[80.2586976810001,13.0905141590001],[80.2586986570001,13.0905124340001],[80.2587001970001,13.0905111650001],[80.2587021000001,13.0905105190001],[80.2587209760001,13.0905100410001],[80.2588956590001,13.0905056170001],[80.2589382360001,13.090504789],[80.2591142360001,13.090501368],[80.2592423190001,13.0904989740001],[80.259363734,13.090496704],[80.259443037,13.0904952220001],[80.259577145,13.090492716],[80.2596019210001,13.090492554],[80.2598025950001,13.0904912460001],[80.2598336290001,13.090492641],[80.2599207600001,13.0904965600001],[80.259964908,13.090498546],[80.2599649950001,13.0904985500001],[80.260015454,13.0905008190001],[80.2600456690001,13.0905021770001],[80.2600460030001,13.0905021930001],[80.260106206,13.0905049],[80.260179887,13.090508213],[80.2602322160001,13.090510567],[80.260250662,13.0905113970001],[80.2603448360001,13.0905084660001],[80.260368074,13.0905077420001],[80.2604899010001,13.09050395],[80.260490114,13.090503943],[80.2605234010001,13.0905029080001],[80.2605623690001,13.0905016950001],[80.260600347,13.0905005120001],[80.260654162,13.090498837],[80.2606642200001,13.0904985240001],[80.2606645970001,13.0904985130001],[80.260696458,13.090497521],[80.260717899,13.090496853],[80.2607847500001,13.0904924180001],[80.260807227,13.090490926],[80.2609070120001,13.090484304],[80.260909956,13.090484109],[80.261002454,13.0904779700001],[80.2610169150001,13.0904770110001],[80.2610170340001,13.090477003],[80.2610703550001,13.0904734650001],[80.2610841700001,13.090472548],[80.261084602,13.0904725190001],[80.26109017,13.09047215],[80.2611382750001,13.090467086],[80.2612095590001,13.0904595820001],[80.2612099230001,13.0904595440001],[80.261292509,13.090450849],[80.2612925720001,13.0904508420001],[80.26129265,13.090450834],[80.2613192800001,13.0904480310001],[80.261327565,13.090447354],[80.261328136,13.0904473000001],[80.261388793,13.090442296],[80.2613890420001,13.090442275],[80.2614438300001,13.090437756],[80.2615089820001,13.090432381],[80.2615167650001,13.0904317390001],[80.2615526980001,13.0904287750001],[80.2616047230001,13.0904244820001],[80.261640711,13.0904215140001],[80.2616561390001,13.0904202410001],[80.2616819390001,13.090419508],[80.2617181910001,13.0904184780001],[80.261724379,13.090418302],[80.2617245580001,13.090418297],[80.2617270470001,13.0904182260001],[80.2617382540001,13.0904179070001],[80.26174253,13.090417786],[80.2617447800001,13.090417722],[80.2617523710001,13.0904175060001],[80.26175593,13.090417405],[80.261758005,13.090417738],[80.2617896470001,13.0904164470001],[80.26181877,13.0904156190001],[80.2618800010001,13.090413929],[80.261959318,13.0904116240001],[80.2619949830001,13.09041061],[80.2620244940001,13.09040973],[80.262129352,13.090403441],[80.262185942,13.0904000470001],[80.262186075,13.090400039],[80.2621944350001,13.090399538],[80.2622212970001,13.0903971010001],[80.2622865270001,13.0903911840001],[80.2622865580001,13.090391181],[80.262376966,13.0903829800001],[80.262528414,13.0903692420001],[80.2625584200001,13.090366521],[80.262678801,13.0903556010001],[80.2627445570001,13.090351582],[80.2627654990001,13.0903503010001],[80.262765594,13.0903502950001],[80.26290026,13.090342064],[80.2629669740001,13.0903379860001],[80.263007923,13.0903354820001],[80.2631289240001,13.09032668],[80.263204849,13.090319166],[80.263216631,13.090317955],[80.2632228960001,13.090317312],[80.2632679260001,13.0903099980001],[80.263407848,13.0902872670001],[80.2634213250001,13.090285716],[80.2634259590001,13.0902851820001],[80.263450468,13.090282361],[80.2634929450001,13.090275267],[80.263505523,13.090273166],[80.2635556420001,13.0902636880001],[80.263592251,13.090256765],[80.26360329,13.0902548890001],[80.2636034930001,13.090254854],[80.2636448360001,13.090247827],[80.2636692250001,13.0902441860001],[80.2637218400001,13.09023633],[80.2637379450001,13.090234416],[80.2637447380001,13.0902336090001],[80.2637558900001,13.0902322850001],[80.263785076,13.0902288180001],[80.2638032550001,13.0902266580001],[80.2638169680001,13.090225473],[80.2638221170001,13.0902250280001],[80.2638377200001,13.0902233150001],[80.2638998350001,13.090218313],[80.2639453140001,13.0902159950001],[80.2639454320001,13.0902159880001],[80.2639767460001,13.0902143910001],[80.2640065250001,13.0902141770001],[80.2640077280001,13.090214169],[80.264068615,13.0902137300001],[80.264070857,13.0902137140001],[80.2641259010001,13.0902133180001],[80.2641541520001,13.090212993],[80.264281596,13.0902115230001],[80.264380444,13.0902082980001],[80.264467648,13.090205451],[80.2644934320001,13.0902046100001],[80.264577918,13.0902018520001],[80.264621063,13.0902004440001],[80.2646425120001,13.0901991750001],[80.2646427820001,13.0901991590001],[80.2646926130001,13.09019621],[80.264745802,13.0901930650001],[80.2648626340001,13.090186322],[80.2649955470001,13.090180517],[80.2650647720001,13.0901774930001],[80.265083782,13.090176663],[80.265091301,13.090176334],[80.2651262690001,13.0901763950001],[80.265161155,13.0901788360001],[80.265195727,13.090183579],[80.2652299920001,13.0901908020001],[80.2652419180001,13.0901941610001],[80.265263604,13.0902002670001],[80.265325229,13.09008965],[80.265358007,13.0901098160001],[80.265376803,13.0901256810001],[80.26539712,13.090139633],[80.2654187540001,13.090151533],[80.265441491,13.090161263],[80.2654651030001,13.0901687250001],[80.2654893550001,13.090173845],[80.2656751270001,13.090206202],[80.2657285390001,13.090214453],[80.265820558,13.0902286680001],[80.2659035900001,13.0902649660001],[80.2659261030001,13.0902748080001],[80.2659281670001,13.09027653],[80.265930503,13.090277875],[80.2659307910001,13.0902779790001],[80.2659338860001,13.0902791090001],[80.265937594,13.0902796290001],[80.2660865180001,13.090303217],[80.26615587,13.090317267],[80.2661711380001,13.0903199430001],[80.2662255810001,13.0903294870001],[80.2662956010001,13.090339869],[80.266365878,13.0903484080001],[80.2665657850001,13.090373841],[80.26663669,13.090383565],[80.2667228460001,13.090394244],[80.2670086430001,13.090429672],[80.2670637590001,13.0904364560001],[80.2671232760001,13.0904437830001],[80.267453753,13.0904841440001],[80.2676872760001,13.0904962000001],[80.2678639110001,13.090497472],[80.267889068,13.0904976530001],[80.2679419240001,13.090492258],[80.267942023,13.090492263],[80.2680704420001,13.0904992760001],[80.2682573800001,13.090512013],[80.268359553,13.09052252],[80.2686483630001,13.090554443],[80.268752469,13.0905693710001],[80.268888852,13.0905866750001],[80.268924729,13.090590865],[80.2691785820001,13.0906138140001],[80.2694589210001,13.090785856],[80.269541442,13.0908790460001],[80.2695412690001,13.090879316],[80.2695359530001,13.0908876230001],[80.2695178710001,13.090925409],[80.2695150860001,13.090932282],[80.2695147540001,13.0909331030001],[80.269513551,13.090936073],[80.2695129250001,13.0909376160001],[80.2695114910001,13.090941158],[80.2695021500001,13.090964206],[80.2694888490001,13.0910038650001],[80.269478017,13.0910442410001],[80.2694765100001,13.0910516540001],[80.2694763760001,13.0910523220001],[80.2694758200001,13.0910550630001],[80.2694754790001,13.0910567390001],[80.2694696940001,13.0910851830001],[80.2694685390001,13.091107891],[80.269468454,13.091109563],[80.269468428,13.0911100610001],[80.2694664530001,13.0911488780001],[80.269466412,13.091149676],[80.2694622530001,13.091231371],[80.2694673490001,13.091302034],[80.2694762560001,13.091425542],[80.269476839,13.091431158],[80.2694799930001,13.091473401],[80.26948158,13.0914946460001],[80.269488741,13.09156359],[80.269497732,13.0916323280001],[80.269508548,13.0917008120001],[80.2695211810001,13.0917689940001],[80.2695244710001,13.0917894620001],[80.2695393980001,13.091882324],[80.2695435240001,13.091907995],[80.269557504,13.0919949660001],[80.2695628230001,13.092013751],[80.2695698950001,13.0920319730001],[80.269578659,13.092049472],[80.2695890420001,13.0920661010001],[80.2696009520001,13.0920817140001],[80.2696142870001,13.092096177],[80.269628933,13.092109366],[80.2696687330001,13.092138585],[80.269680968,13.0921463440001],[80.2696815770001,13.0921467310001],[80.269681808,13.0921468780001],[80.2696937850001,13.0921544730001],[80.2696984930001,13.0921570580001],[80.269698727,13.092157188],[80.2697089200001,13.0921627820001],[80.269708945,13.092162794],[80.2697094760001,13.09216309],[80.2697095560001,13.092163134],[80.2697198170001,13.092168768],[80.2697467240001,13.0921814120001],[80.269774397,13.092192352],[80.269799053,13.092200355],[80.2697992670001,13.0922004240001],[80.269802724,13.0922015460001],[80.2698307190001,13.092207226],[80.2698310160001,13.0922072660001],[80.269859039,13.092211079],[80.269876325,13.0922122970001],[80.269887553,13.0922130880001],[80.269915913,13.0922149680001],[80.2699821740001,13.092219361],[80.2700102590001,13.092221222],[80.2701269710001,13.0922289590001],[80.27017003,13.0922322320001],[80.270210987,13.0922345290001],[80.270306718,13.0922439230001],[80.2704000090001,13.0922524430001],[80.2704783620001,13.092259599],[80.2704812470001,13.092259874],[80.2704920630001,13.0922609680001],[80.27050968,13.0922624990001],[80.270534748,13.092265582],[80.2705835960001,13.0922709290001],[80.2707363900001,13.0922879390001],[80.270739425,13.0922882780001],[80.2707394970001,13.092288287],[80.270883326,13.0923044250001],[80.2709478780001,13.0923194920001],[80.271011779,13.0923370260001],[80.271074931,13.092356997],[80.2711372360001,13.092379377],[80.271242826,13.0924205360001],[80.2713967060001,13.092508326],[80.2715147970001,13.092580619],[80.271669919,13.092692921],[80.271893284,13.09287421],[80.272093157,13.0930375300001],[80.2721583100001,13.093090519],[80.272229075,13.0931484970001],[80.2723670440001,13.0932522360001],[80.2724430960001,13.093300373],[80.2725096500001,13.0933474890001],[80.272650577,13.093448795],[80.2727255360001,13.093492317],[80.272926108,13.0936001790001],[80.2723159320001,13.0948819490001],[80.272111769,13.0953734190001],[80.271987025,13.095819229],[80.2737174220001,13.095713786],[80.2740038540001,13.095687491],[80.274012713,13.096187145],[80.274015542,13.0963899860001],[80.274022926,13.0967696270001],[80.2740334160001,13.096971653],[80.274033096,13.0970916860001],[80.2740262300001,13.09720845],[80.2740249030001,13.0972697890001],[80.2740219760001,13.0974049860001],[80.274019953,13.097498488],[80.2740200420001,13.097936423],[80.273990816,13.098588465],[80.2739314350001,13.0997411120001],[80.2739053610001,13.100247214],[80.2736777440001,13.1010269810001],[80.2735382700001,13.1015047830001],[80.273317896,13.1022996930001],[80.2729628430001,13.103581042],[80.272948736,13.1042602700001],[80.272801701,13.1048297890001],[80.2726423410001,13.105470514],[80.2723491730001,13.106300838],[80.2721051560001,13.1068938290001],[80.271776237,13.1075222000001],[80.271167442,13.108577229],[80.270619701,13.1094662],[80.2702058030001,13.1101536960001],[80.270162053,13.11039383],[80.2702811610001,13.110399683],[80.270404006,13.1104057210001],[80.270536565,13.1104122350001],[80.270615686,13.110416123],[80.270705687,13.1104224330001],[80.2708277390001,13.110430991],[80.270929451,13.1104381210001],[80.271031511,13.1104452770001],[80.27110751,13.110450605],[80.2712318270001,13.11045683],[80.2713080510001,13.110460646],[80.271404912,13.1104654960001],[80.271507743,13.1104706450001],[80.2716307900001,13.1104658830001],[80.2717379320001,13.110461737],[80.271804257,13.1104591700001],[80.2719522150001,13.110453443],[80.2720768990001,13.1104486180001],[80.272140773,13.1104443670001],[80.2722177840001,13.1104392410001],[80.27234129,13.1104310210001],[80.272621981,13.11041234],[80.2731333610001,13.110357058],[80.2735097300001,13.110291939],[80.2739897500001,13.1102484940001],[80.2740271200001,13.110329689],[80.274026984,13.1103297080001],[80.2743531350001,13.1110350540001],[80.274741625,13.1119171010001],[80.2751573260001,13.1128799210001],[80.275539178,13.1136879750001],[80.275804985,13.114293957],[80.276132739,13.1150355030001],[80.277030208,13.11427717],[80.277060507,13.114275843],[80.2770604790001,13.114276166],[80.277060438,13.1142768500001],[80.2770604300001,13.114277202],[80.277060427,13.114277271],[80.2770604290001,13.1142773],[80.2770606290001,13.114279626],[80.277060653,13.1142797270001],[80.2770612480001,13.1142819140001],[80.2770622560001,13.11428405],[80.2770636380001,13.1142860040001],[80.2770636660001,13.114286033],[80.2770652940001,13.114287636],[80.2770653360001,13.1142876760001],[80.2770653600001,13.114287694],[80.2770672880001,13.114289027],[80.2770673320001,13.1142890520001],[80.2770694860001,13.1142900460001],[80.2770706530001,13.1142904000001],[80.2770708470001,13.1142904550001],[80.2770710130001,13.1142905],[80.2775784730001,13.114382725],[80.2776574760001,13.1143885000001],[80.2776566090001,13.1143883710001],[80.2776563840001,13.114388333],[80.277655656,13.114388143],[80.277654044,13.1143877110001],[80.2776539870001,13.1143876950001],[80.2776539100001,13.1143876730001],[80.2776537830001,13.1143876360001],[80.27765365,13.1143876],[80.277653032,13.1143874430001],[80.27765207,13.114386993],[80.2776519430001,13.114386935],[80.2776515730001,13.1143867660001],[80.277649889,13.114385994],[80.2776470490001,13.1143840350001],[80.2776446010001,13.1143816210001],[80.2776426180001,13.1143788270001],[80.277641159,13.114375738],[80.2776407440001,13.114374212],[80.2776405210001,13.114373385],[80.2776402700001,13.114372448],[80.277640203,13.1143717210001],[80.2776399910001,13.1143692750001],[80.2776399860001,13.1143691880001],[80.2776399790001,13.114369056],[80.277639977,13.1143688770001],[80.2776363560001,13.1140645840001],[80.277636349,13.1140640580001],[80.277635183,13.1139906880001],[80.2776352530001,13.113991126],[80.2776352610001,13.113991162],[80.2776361310001,13.1139943800001],[80.2776375650001,13.1139974180001],[80.277639515,13.114000167],[80.2776417260001,13.114002354],[80.2776417910001,13.114002414],[80.277641923,13.1140025390001],[80.2776424610001,13.114002962],[80.2776425930001,13.1140030600001],[80.2776443650001,13.114004242],[80.2776444400001,13.1140042910001],[80.27764454,13.1140043550001],[80.277644722,13.1140044680001],[80.2776448430001,13.1140045290001],[80.277647561,13.1140057870001],[80.2776477030001,13.114005847],[80.2776478100001,13.114005892],[80.277651044,13.1140067530001],[80.2776510900001,13.1140067640001],[80.2776511230001,13.1140067700001],[80.277651931,13.114006895],[80.2778017300001,13.1140290750001],[80.2780464290001,13.114054896],[80.2780466140001,13.114054916],[80.2781098150001,13.114062452],[80.278108649,13.114062194],[80.278108618,13.1140621870001],[80.278108575,13.114062179],[80.2781081860001,13.1140620620001],[80.278108117,13.11406204],[80.2781075240001,13.11406185],[80.2781074420001,13.1140618220001],[80.2781052700001,13.1140608210001],[80.278105241,13.114060802],[80.2781032980001,13.1140594610001],[80.278103254,13.1140594180001],[80.278101625,13.114057813],[80.2781015960001,13.114057782],[80.2781002200001,13.1140558430001],[80.2781002030001,13.114055808],[80.278099205,13.114053692],[80.2780986130001,13.114051509],[80.2780985890001,13.114051413],[80.2780985860001,13.114051385],[80.278098388,13.114049086],[80.2780983870001,13.114049058],[80.2780983920001,13.1140487050001],[80.278098395,13.1140485500001],[80.278100914,13.113987163],[80.2781267610001,13.113818254],[80.278103211,13.113724791],[80.2781013480001,13.1137174020001],[80.2780276500001,13.113311057],[80.2780032360001,13.113209265],[80.277988404,13.113147419],[80.27797831,13.113105332],[80.277973731,13.1130804220001],[80.277967587,13.113063622],[80.2779427520001,13.1129207610001],[80.277914202,13.1127565310001],[80.2778705010001,13.1126413050001],[80.2778804280001,13.1125375550001],[80.277883364,13.112496172],[80.277883375,13.112496019],[80.2778878820001,13.112432595],[80.2778878760001,13.1124329410001],[80.2778880640001,13.1124351390001],[80.2778880800001,13.112435294],[80.2778881020001,13.1124353860001],[80.277888653,13.112437427],[80.277888696,13.112437577],[80.2778887370001,13.1124376670001],[80.2778887970001,13.112437798],[80.2778896120001,13.1124395250001],[80.2778896400001,13.112439583],[80.277889708,13.1124397200001],[80.2778910060001,13.1124415530001],[80.277891084,13.1124416590001],[80.2778911180001,13.112441694],[80.2778926340001,13.1124431920001],[80.2778927830001,13.112443335],[80.2778946700001,13.112444639],[80.2778947530001,13.112444695],[80.2778969330001,13.1124457],[80.2778971820001,13.112445786],[80.2778992080001,13.112446307],[80.2778992790001,13.1124463240001],[80.2779016090001,13.112446531],[80.2779016700001,13.112446536],[80.2779018580001,13.112446528],[80.277901963,13.1124465240001],[80.2779020400001,13.11244652],[80.277902264,13.11244651],[80.27790292,13.1124464750001],[80.2779032000001,13.112446458],[80.278875634,13.1123438180001],[80.278875724,13.1123438000001],[80.278878207,13.112343292],[80.278878266,13.112343278],[80.2789269290001,13.112333301],[80.2789315540001,13.1124297590001],[80.2795014970001,13.1123539070001],[80.279730375,13.112314643],[80.2799864950001,13.1122707060001],[80.2803363950001,13.1121991000001],[80.280615514,13.1121524810001],[80.2806155540001,13.1121524750001],[80.280679207,13.112142584],[80.2806796570001,13.1121425150001],[80.2808656660001,13.1121155280001],[80.2809825850001,13.1121207300001],[80.281008091,13.1121218660001],[80.28100814,13.112121861],[80.281009795,13.112121673],[80.281012321,13.112121018],[80.2810146940001,13.1121199410001],[80.2810168390001,13.1121184780001],[80.2810186930001,13.112116671],[80.2810201980001,13.1121145760001],[80.2810213100001,13.112112258],[80.2810219930001,13.112109785],[80.281022229,13.1121072330001],[80.281022008,13.1121046800001],[80.2810219390001,13.1121043110001],[80.28102103,13.1121014300001],[80.2810570330001,13.112093123],[80.281485693,13.1120772240001],[80.281486504,13.112077082],[80.2815632590001,13.1120763230001],[80.2815659610001,13.112082545],[80.2815735510001,13.112095292],[80.281586347,13.112108832],[80.2819998200001,13.112053357],[80.2820133430001,13.1120505760001],[80.28222565,13.112006917],[80.2825035760001,13.1119560560001],[80.2825052810001,13.1119557440001],[80.2825054350001,13.1119557280001],[80.2825075160001,13.1119555440001],[80.282509599,13.111955729],[80.2825115730001,13.111956252],[80.2825116160001,13.1119562640001],[80.2825135080001,13.1119571360001],[80.2825152170001,13.111958316],[80.2825166910001,13.1119597690001],[80.2825178850001,13.11196145],[80.2825188360001,13.111963512],[80.2825814560001,13.1121438960001],[80.2826130550001,13.112133312],[80.2834213200001,13.111862601],[80.2835707450001,13.1118035850001],[80.2836050210001,13.111790048],[80.2836043770001,13.1117862140001],[80.283605112,13.111782195],[80.2836061290001,13.1117801620001],[80.2836063490001,13.1117797220001],[80.2836067650001,13.111779276],[80.283608686,13.1117772210001],[80.2836127730001,13.1117750330001],[80.2838130430001,13.11171333],[80.284107749,13.11162253],[80.284111018,13.1116215230001],[80.28411135,13.111621422],[80.2841671620001,13.1116042260001],[80.284440927,13.111546242],[80.28444383,13.1115456260001],[80.2844439140001,13.111545607],[80.284498054,13.1115341130001],[80.2845005710001,13.111533579],[80.2848304680001,13.1114633830001],[80.2848332870001,13.111462783],[80.2848333800001,13.1114627630001],[80.2848854970001,13.111451674],[80.2848848900001,13.1114519880001],[80.2848834810001,13.1114529500001],[80.2848822620001,13.1114541370001],[80.2848812730001,13.1114555130001],[80.284880543,13.111457038],[80.2848801980001,13.111458166],[80.2848800900001,13.1114586740001],[80.284879936,13.1114603510001],[80.284880081,13.1114620280001],[80.284880521,13.111463655],[80.284880748,13.111464217],[80.2849449880001,13.1118254680001],[80.2850724620001,13.112440473],[80.2852601960001,13.113190167],[80.285272234,13.1131990910001],[80.2852724510001,13.1131992520001],[80.2852735490001,13.1131990000001],[80.2857293230001,13.113134788],[80.285730599,13.1131345900001],[80.285738118,13.113132638],[80.285745176,13.1131294350001],[80.2857515600001,13.11312508],[80.285757075,13.113119704],[80.2857615550001,13.1131134730001],[80.2857648620001,13.113106572],[80.285766896,13.113099214],[80.2857675960001,13.113091621],[80.28576694,13.113084025],[80.2857664540001,13.113081666],[80.2858331800001,13.113202275],[80.285831622,13.1132000800001],[80.285825915,13.1131920440001],[80.285816949,13.113183206],[80.285806553,13.1131760280001],[80.2857950430001,13.113170729],[80.285782769,13.1131674690001],[80.2857701040001,13.1131663470001],[80.2857595180001,13.113167074],[80.2853377210001,13.1132265000001],[80.2853276220001,13.1132360610001],[80.2853254990001,13.113238579],[80.2853276110001,13.1132401450001],[80.2853666300001,13.1134605070001],[80.285432089,13.113681566],[80.2855299330001,13.114011986],[80.285541085,13.114049644],[80.285583564,13.114193098],[80.285594356,13.114229543],[80.2858176510001,13.1149836110001],[80.2858372960001,13.115072148],[80.285848915,13.11512451],[80.2860494870001,13.1157192630001],[80.2861824220001,13.116104723],[80.286301651,13.116388181],[80.2863018040001,13.116388543],[80.2863019970001,13.1163889960001],[80.2863022010001,13.116389477],[80.2863088820001,13.1164053700001],[80.2863497610001,13.1165097160001],[80.2863552530001,13.116524704],[80.2863553400001,13.11652494],[80.2864442210001,13.1167675180001],[80.2866141260001,13.117203262],[80.2867243700001,13.117498472],[80.28675688,13.117589986],[80.2868367290001,13.11781476],[80.286843672,13.117834305],[80.2868378730001,13.11788604],[80.2868106480001,13.1178624080001],[80.286782084,13.117857669],[80.2867818830001,13.117857729],[80.2867769360001,13.117859294],[80.2851693330001,13.118469513],[80.285153909,13.118475367],[80.285153844,13.1184753950001],[80.285153699,13.1184754510001],[80.28515265,13.1184759560001],[80.285152156,13.118476263],[80.2851520340001,13.118476335],[80.285150779,13.118477335],[80.2851498580001,13.118478386],[80.2851497840001,13.1184784760001],[80.2851496640001,13.118478655],[80.2851495450001,13.118478839],[80.2851495190001,13.118478881],[80.28514905,13.118479634],[80.2851489070001,13.1184799330001],[80.285148652,13.118480499],[80.2851485720001,13.1184806800001],[80.2851482470001,13.11848187],[80.2851481970001,13.1184820390001],[80.2851481450001,13.1184823],[80.28514814,13.1184823450001],[80.2851480350001,13.1184834380001],[80.2851480210001,13.118483639],[80.285148018,13.118483751],[80.2851480200001,13.1184840600001],[80.2851480210001,13.118484165],[80.285148125,13.1184851560001],[80.2851481310001,13.118485202],[80.2851481500001,13.118485337],[80.2851485610001,13.118486863],[80.28514921,13.1184882480001],[80.285158203,13.118503844],[80.2852210250001,13.1186127780001],[80.285356188,13.118849185],[80.285541031,13.119177478],[80.2856134290001,13.119320397],[80.2856673570001,13.119426854],[80.285714597,13.119524325],[80.285940053,13.119989511],[80.2861121020001,13.1203048150001],[80.286220267,13.1205431130001],[80.2862220640001,13.1205470680001],[80.286351617,13.1208324890001],[80.28651389,13.121161537],[80.2865193910001,13.1211726920001],[80.286772854,13.1216866510001],[80.2868148260001,13.121770908],[80.2869960020001,13.1221227880001],[80.28706909,13.122306984],[80.2871180480001,13.122430367],[80.287155596,13.1224960380001],[80.287155784,13.122496364],[80.2872103450001,13.1225917950001],[80.287251299,13.1226634230001],[80.2873375010001,13.12281733],[80.2873500000001,13.12283],[80.287390229,13.1229092630001],[80.287593717,13.123230382],[80.287664453,13.123323063],[80.287668824,13.123328482],[80.2876851510001,13.1233445770001],[80.2877040830001,13.123357646],[80.2877250430001,13.1233672970001],[80.2877473940001,13.1233732330001],[80.287770455,13.1233752750001],[80.28779353,13.1233733610001],[80.2878159150001,13.123367549],[80.2878210650001,13.123365608],[80.2879629780001,13.123308794],[80.2882038120001,13.123237682],[80.2885548030001,13.123149529],[80.2885598290001,13.123148013],[80.2885685530001,13.1231440550001],[80.288576445,13.123138672],[80.288583262,13.1231320270001],[80.2885887990001,13.1231243240001],[80.288592887,13.123115796],[80.2885954020001,13.1231066990001],[80.2885962660001,13.123097316],[80.288595838,13.1230904390001],[80.288588878,13.123036009],[80.288579918,13.1229659590001],[80.288558353,13.122878664],[80.2885883230001,13.1228645640001],[80.2885895890001,13.1228684390001],[80.288593737,13.122877225],[80.2885993800001,13.1228851720001],[80.2886063460001,13.122892038],[80.2886144230001,13.1228976140001],[80.2886233630001,13.122901729],[80.288632899,13.1229042620001],[80.288642736,13.1229051340001],[80.2886525800001,13.1229043160001],[80.2886546350001,13.122903928],[80.288723105,13.1228897180001],[80.2887303370001,13.1228882180001],[80.2890590600001,13.1228199980001],[80.2892012620001,13.122792459],[80.2897419500001,13.122702942],[80.2898270220001,13.122725917],[80.2898300260001,13.1227361810001],[80.289835983,13.1227487950001],[80.289844083,13.122760203],[80.2898540830001,13.1227700590001],[80.2898656770001,13.1227780620001],[80.2898785130001,13.122783971],[80.2898922000001,13.1227876080001],[80.2899063240001,13.122788859],[80.2899117680001,13.1227886950001],[80.290490402,13.122748087],[80.2914251930001,13.1226810960001],[80.2914142830001,13.1227213820001],[80.2916006720001,13.122681689],[80.2916114760001,13.122672311],[80.291646396,13.122648488],[80.291685009,13.1226309690001],[80.291704769,13.122624897],[80.2918890440001,13.1225777560001],[80.291929769,13.122837571],[80.291932628,13.1228514850001],[80.291952919,13.12305895],[80.291955091,13.123072345],[80.292052647,13.12326238],[80.2920552570001,13.123275699],[80.292091042,13.1234796640001],[80.2920935280001,13.123493006],[80.2921241170001,13.123690412],[80.2921265270001,13.123703768],[80.292164906,13.1239098780001],[80.2921669950001,13.123923286],[80.2926642150001,13.123848862],[80.292676531,13.123847019],[80.2926767660001,13.123846965],[80.2927839700001,13.123821799],[80.292678569,13.123299527]]]},"properties":{"OBJECTID":5,"Name":"ROYAPURAM","FolderPath":"GCC_ZONE_UPDATED","SymbolID":0,"AltMode":0,"Base":0,"Clamped":-1,"Extruded":0,"Snippet":"","PopupInfo":"","Shape__Area":0.0018194784034903932,"Shape__Length":0.26054136793707938}},{"type":"Feature","id":6,"geometry":{"type":"Polygon","coordinates":[[[80.2132671160001,13.1304264410001],[80.2137116760001,13.130259833],[80.213946514,13.130273373],[80.2141516230001,13.1302851990001],[80.21419639,13.130314974],[80.214239637,13.1303523780001],[80.2142675580001,13.130382648],[80.2143644910001,13.130498265],[80.214378772,13.130516191],[80.2144097570001,13.1305628420001],[80.2144878380001,13.130697737],[80.2144939940001,13.1307049770001],[80.2145043350001,13.1307166870001],[80.214544828,13.1307553080001],[80.2145902120001,13.1307882950001],[80.2146086720001,13.1307992820001],[80.2146789270001,13.1308307570001],[80.214765142,13.130850755],[80.2149365880001,13.1308722910001],[80.2151686350001,13.130869009],[80.2154103400001,13.130853689],[80.2157021240001,13.1308384710001],[80.2159673780001,13.1308357660001],[80.216102042,13.130857168],[80.216170559,13.130854254],[80.2163570600001,13.1308319830001],[80.2165265560001,13.1308010120001],[80.2168316410001,13.1307400430001],[80.216913617,13.130723125],[80.2169792670001,13.130702636],[80.2170744700001,13.1306663140001],[80.217119525,13.1306458170001],[80.2173442550001,13.13052609],[80.2174771360001,13.130471578],[80.2176562280001,13.130394537],[80.2176748570001,13.130386709],[80.217810076,13.1303429280001],[80.2181433310001,13.130098171],[80.2185860500001,13.129968865],[80.2191006900001,13.1299778380001],[80.221106234,13.1300285350001],[80.221651609,13.1299703760001],[80.2218326020001,13.129974335],[80.2221704580001,13.129907127],[80.2227124820001,13.129865121],[80.222717462,13.129877815],[80.2227229860001,13.1298725940001],[80.2227927100001,13.1298735510001],[80.223277587,13.1298419340001],[80.223488414,13.1297616690001],[80.2236220300001,13.1296839620001],[80.223717923,13.1296335800001],[80.2238967850001,13.129540009],[80.2240670620001,13.129497595],[80.224208726,13.1294389280001],[80.2242948430001,13.129479073],[80.224624761,13.129373706],[80.224703875,13.1293268200001],[80.2247268850001,13.1287237080001],[80.2247371070001,13.128597314],[80.22474915,13.1284713260001],[80.224784985,13.1280929480001],[80.2247901000001,13.128038938],[80.224793709,13.1280008300001],[80.2248030960001,13.1278454050001],[80.224820826,13.1276495450001],[80.2248296720001,13.127535101],[80.2248384640001,13.1274149880001],[80.2248500970001,13.1272951060001],[80.2248645650001,13.12717552],[80.2248942000001,13.1268450380001],[80.22491582,13.1266582980001],[80.2249207680001,13.1266046420001],[80.2249233620001,13.1265508270001],[80.2249234480001,13.126531217],[80.224922372,13.12646584],[80.2249214760001,13.1264431180001],[80.224931435,13.12625723],[80.224931466,13.1262566390001],[80.224945914,13.1262563350001],[80.2252631840001,13.126249671],[80.2252999780001,13.1262463790001],[80.2257936250001,13.1261191],[80.2258284630001,13.126110118],[80.22591427,13.126111119],[80.2261171310001,13.126112995],[80.2262184200001,13.1261134050001],[80.2262649780001,13.126113592],[80.2262929510001,13.126113705],[80.2264948420001,13.1261180220001],[80.226586056,13.126119322],[80.2266872390001,13.126115014],[80.226677662,13.126106629],[80.2266696290001,13.1260963550001],[80.2266633580001,13.1260849600001],[80.2266590130001,13.126072735],[80.2266567020001,13.1260599890001],[80.226657473,13.1258135100001],[80.2266667580001,13.125798398],[80.2266741000001,13.125793167],[80.2266825880001,13.125790017],[80.2266916200001,13.1257891720001],[80.2266995800001,13.125790527],[80.2267014240001,13.1257911860001],[80.2267900470001,13.1258417820001],[80.227337601,13.126157182],[80.2276579580001,13.126352909],[80.2277116870001,13.1263890810001],[80.2277797040001,13.126269259],[80.2277758600001,13.1262589140001],[80.2277697260001,13.1262496900001],[80.227761624,13.126242065],[80.2277510970001,13.126237626],[80.2277415200001,13.1262314580001],[80.2277331930001,13.1262237490001],[80.2277263760001,13.126214743],[80.227725288,13.126206924],[80.227726321,13.126199086],[80.227729405,13.1261917780001],[80.227734324,13.126185514],[80.227740732,13.126180732],[80.2277481790001,13.1261777670001],[80.2278423070001,13.1261706010001],[80.2281242220001,13.126160837],[80.2284018980001,13.126166534],[80.2285265260001,13.126170421],[80.2285624040001,13.126174491],[80.2285636820001,13.126172968],[80.228565432,13.1261719930001],[80.2285674220001,13.1261716970001],[80.2287346840001,13.126176915],[80.228962671,13.1261909290001],[80.22903124,13.126196583],[80.229031503,13.126196609],[80.2290711540001,13.1261998730001],[80.229107221,13.126170589],[80.22928032,13.12618486],[80.2295322840001,13.126209666],[80.231328917,13.126328739],[80.2315110070001,13.1263262740001],[80.231561904,13.1263293390001],[80.2317134910001,13.1263403620001],[80.2318528960001,13.1263437540001],[80.2320854330001,13.1263554920001],[80.2322321550001,13.1263616210001],[80.2326145930001,13.12645381],[80.2326547230001,13.126466137],[80.2331540800001,13.126356604],[80.23315474,13.126283621],[80.2331551290001,13.126283696],[80.233163926,13.1262132570001],[80.2331586400001,13.126093004],[80.2331426910001,13.1259404200001],[80.233126736,13.125790277],[80.2331109020001,13.125660388],[80.2330913070001,13.125523345],[80.2330712560001,13.1254081000001],[80.233069759,13.1253988280001],[80.2330534290001,13.125273043],[80.2330252840001,13.1251264800001],[80.2330045570001,13.1250275900001],[80.232981339,13.124898855],[80.2329544240001,13.12477255],[80.232928939,13.1246452710001],[80.23290798,13.1244877730001],[80.232896999,13.124369743],[80.2328859070001,13.124257771],[80.2328846830001,13.1242272060001],[80.2328809410001,13.1241337920001],[80.2328788880001,13.1241020090001],[80.232784334,13.1241040040001],[80.232594599,13.124106603],[80.2325301110001,13.1241051760001],[80.232528201,13.12410455],[80.232525653,13.124101582],[80.2325257780001,13.1240977040001],[80.232543073,13.124057309],[80.2326424560001,13.123858586],[80.232779738,13.1235515490001],[80.232879262,13.123310589],[80.232888185,13.1232872640001],[80.232895043,13.123261761],[80.23289922,13.123236075],[80.2329108500001,13.1231645720001],[80.232912861,13.123152208],[80.232913495,13.123144145],[80.2329140580001,13.1231369710001],[80.2329171270001,13.123115231],[80.2329180180001,13.123108928],[80.2329240980001,13.123081239],[80.2329322620001,13.1230540710001],[80.2329393210001,13.1230433760001],[80.2329481900001,13.1230340650001],[80.232958592,13.123026431],[80.232963585,13.1230239700001],[80.232970202,13.123020707],[80.2329826610001,13.123017077],[80.2329955750001,13.1230156510001],[80.2330181390001,13.1230118300001],[80.2330491100001,13.1230065880001],[80.233154207,13.1229919310001],[80.2332103480001,13.122984101],[80.233274371,13.122975588],[80.2333390380001,13.1229668890001],[80.233495641,13.12294904],[80.2335984650001,13.1229389060001],[80.233641247,13.122937791],[80.233668713,13.122939611],[80.2336977200001,13.122943063],[80.233731397,13.122949207],[80.233760341,13.1229568570001],[80.2338171430001,13.1229774660001],[80.233827535,13.122981237],[80.2338432380001,13.122984038],[80.2338750760001,13.122983402],[80.233901496,13.1229779760001],[80.2339852170001,13.122962532],[80.234085039,13.1229441180001],[80.2341931920001,13.1229315890001],[80.2342513400001,13.1229248540001],[80.2343133570001,13.122917671],[80.234403253,13.1229110250001],[80.2344509910001,13.122907496],[80.2344769330001,13.122907889],[80.2346172640001,13.1229157660001],[80.234727832,13.122921723],[80.2349685330001,13.1229337020001],[80.235008835,13.1229357080001],[80.235022933,13.12293507],[80.2350505640001,13.122929555],[80.2350837960001,13.1229232310001],[80.235143012,13.122923257],[80.235238838,13.122923299],[80.235314815,13.1229208410001],[80.235381746,13.122918676],[80.2354064400001,13.122916176],[80.2354971920001,13.1229069930001],[80.2355262070001,13.1229060680001],[80.2355581560001,13.122905051],[80.235669552,13.1229015340001],[80.2357611370001,13.1228983610001],[80.2358319430001,13.122894903],[80.2358319860001,13.1228949000001],[80.2359211930001,13.122889747],[80.2359937530001,13.122884931],[80.2360536,13.122880702],[80.2360928150001,13.122876686],[80.2361294570001,13.1228720660001],[80.2361295330001,13.122872053],[80.2361660230001,13.122866657],[80.2361874580001,13.1228628430001],[80.236222737,13.122856128],[80.236222807,13.122856112],[80.2362645090001,13.122847042],[80.236264583,13.1228470240001],[80.2363169810001,13.1228336300001],[80.236341291,13.122826624],[80.2363592500001,13.122821447],[80.236364838,13.1228187400001],[80.236423653,13.1227902470001],[80.236434816,13.122784838],[80.2364387580001,13.122784476],[80.2364405650001,13.122785342],[80.2364424840001,13.122787885],[80.2364430310001,13.1227893930001],[80.2364912310001,13.1229222440001],[80.2364983790001,13.122931196],[80.236503198,13.1229344110001],[80.2365114510001,13.1229372710001],[80.236520268,13.1229375130001],[80.236523484,13.122936902],[80.2365489850001,13.122932674],[80.236575272,13.122928314],[80.236618541,13.1229211400001],[80.2366690150001,13.12291277],[80.2367630080001,13.122877757],[80.2368028990001,13.1228628980001],[80.236982917,13.122792476],[80.2370289340001,13.122771782],[80.2370899140001,13.1227443610001],[80.2371902780001,13.12269923],[80.2371903090001,13.1226992160001],[80.237278449,13.122660103],[80.2373509590001,13.1226283870001],[80.2373785250001,13.1226163310001],[80.2373815380001,13.122609717],[80.237362305,13.122551044],[80.2373348150001,13.122467182],[80.2373070460001,13.122382471],[80.2373079860001,13.12237743],[80.2373272,13.12237287],[80.2373598140001,13.12237271],[80.2373719980001,13.122373657],[80.2373998400001,13.122380709],[80.2374355150001,13.12239687],[80.2374787200001,13.1224164430001],[80.2374819340001,13.122421225],[80.2374824620001,13.122440392],[80.237485167,13.122493456],[80.237490952,13.1225518790001],[80.2374999020001,13.1226082920001],[80.2375046010001,13.122632868],[80.2375080360001,13.122664174],[80.237506184,13.1227042830001],[80.2375389740001,13.122720166],[80.2375439690001,13.1227157860001],[80.2375761710001,13.1227132560001],[80.2376074320001,13.1227099880001],[80.2376595650001,13.1227027030001],[80.237696697,13.1226961020001],[80.2377447810001,13.1226855950001],[80.2377792220001,13.1226769520001],[80.2378257880001,13.1226631650001],[80.2379410710001,13.122621532],[80.2380140440001,13.1225951770001],[80.238108669,13.122561004],[80.2381821050001,13.122534396],[80.238273344,13.1225009770001],[80.238352138,13.122472117],[80.2384264940001,13.1224448840001],[80.2385289800001,13.122407347],[80.2385570330001,13.122397071],[80.2385902450001,13.12238775],[80.2386226410001,13.122382191],[80.2386839970001,13.1223727460001],[80.238767323,13.122384546],[80.2393836080001,13.1225622200001],[80.2424322350001,13.1222717110001],[80.2422646270001,13.12286027],[80.2421689780001,13.123185678],[80.2420964400001,13.12352535],[80.2420834260001,13.123590356],[80.2420702030001,13.1236564060001],[80.2419864490001,13.1240747750001],[80.2419457190001,13.124254047],[80.2418848900001,13.1245217790001],[80.2418086650001,13.1248602650001],[80.241753062,13.125122407],[80.241739619,13.125179905],[80.2416879960001,13.1254010070001],[80.241606716,13.125733842],[80.241548627,13.1259639690001],[80.2414699390001,13.1262928630001],[80.2413889010001,13.126665964],[80.2413828800001,13.1266994160001],[80.241379695,13.1267332420001],[80.2413793650001,13.1267672060001],[80.2413762030001,13.1269221310001],[80.241474608,13.126941147],[80.2414790280001,13.126942001],[80.2414810370001,13.1269421210001],[80.2416395170001,13.126980729],[80.241679865,13.1269875350001],[80.241720575,13.126991778],[80.2417614780001,13.126993439],[80.2417733300001,13.12699317],[80.2418187750001,13.1269890340001],[80.241960356,13.1269589780001],[80.242229722,13.126923908],[80.24226529,13.1269192780001],[80.2424487930001,13.126886906],[80.242508489,13.1268739290001],[80.2425105,13.1268738590001],[80.2425124050001,13.1268744980001],[80.2425139490001,13.126875763],[80.2425149310001,13.126877485],[80.2425152180001,13.1268794370001],[80.2425149590001,13.12688088],[80.2424828300001,13.126979143],[80.2424712440001,13.127015891],[80.2424343860001,13.1271328030001],[80.2424162240001,13.1271888100001],[80.2424429420001,13.127197133],[80.2426298460001,13.1271721270001],[80.2427270640001,13.1271591190001],[80.2427016300001,13.127290196],[80.2426983,13.127342949],[80.2426979540001,13.127395811],[80.2427005910001,13.1274486070001],[80.24271299,13.1276450280001],[80.242733286,13.1276434050001],[80.242720918,13.1274475020001],[80.242718316,13.127395386],[80.242721363,13.127353457],[80.2427273690001,13.127290271],[80.2427548540001,13.1271691310001],[80.242778473,13.127075931],[80.24290424,13.1271038720001],[80.2430487070001,13.1271359670001],[80.2432347850001,13.127196553],[80.2433721230001,13.1272368310001],[80.243373766,13.1272367290001],[80.243375761,13.127236967],[80.2433775390001,13.1272378890001],[80.2433788610001,13.1272393720001],[80.243379555,13.1272412220001],[80.2433795300001,13.1272431950001],[80.243379508,13.1272433],[80.243397804,13.1272359230001],[80.2433983860001,13.1272344240001],[80.2433996730001,13.1272329070001],[80.2434156790001,13.127219859],[80.2434231290001,13.1272105790001],[80.243463971,13.127098839],[80.2434788560001,13.1270581150001],[80.2435720570001,13.126779265],[80.243661677,13.126464689],[80.24371044,13.1263342340001],[80.2437116580001,13.12633233],[80.243713298,13.126331185],[80.2437152460001,13.126330689],[80.2437273500001,13.1262962640001],[80.2446506110001,13.123670475],[80.2446780370001,13.1236320780001],[80.244674381,13.123630758],[80.244672515,13.12362734],[80.2446726310001,13.1236253710001],[80.244694473,13.1235379280001],[80.2447378640001,13.1234044990001],[80.244765138,13.123340442],[80.244769954,13.123331679],[80.2447758210001,13.1233241800001],[80.244782833,13.1233176960001],[80.244790811,13.123312388],[80.244799802,13.123308282],[80.244905707,13.1232751900001],[80.244900584,13.123259439],[80.244847393,13.1232162430001],[80.244957163,13.1231791480001],[80.2450677800001,13.123144563],[80.245179179,13.123112511],[80.245197009,13.12310538],[80.245215462,13.1230999800001],[80.245234361,13.123096366],[80.245253527,13.123094571],[80.2452727790001,13.1230946110001],[80.245279855,13.123093845],[80.245286863,13.123095139],[80.2452931700001,13.12309838],[80.245298215,13.1231032750001],[80.2452861080001,13.1230753200001],[80.2451954300001,13.1227945680001],[80.2453987230001,13.122578355],[80.2454257960001,13.12256023],[80.2455880430001,13.122514364],[80.245628218,13.1225106540001],[80.2457318900001,13.1224979900001],[80.245849944,13.122501229],[80.2458078330001,13.122251056],[80.2458089850001,13.122250835],[80.2458107670001,13.1222499190001],[80.2458127840001,13.122246639],[80.245812802,13.1222465920001],[80.2457389510001,13.1218710040001],[80.245729984,13.121829792],[80.245729855,13.1218291660001],[80.245647531,13.1215009810001],[80.2456404110001,13.121486396],[80.2456231450001,13.121453751],[80.2456045820001,13.121425564],[80.2455987340001,13.1214197960001],[80.2455874680001,13.121400635],[80.245578558,13.121380683],[80.2455714390001,13.121362198],[80.245484623,13.120995513],[80.2453950920001,13.120565233],[80.2451457860001,13.12057143],[80.2451458340001,13.1205399880001],[80.2451435680001,13.1205396070001],[80.2451418640001,13.1205385550001],[80.2451401060001,13.120535079],[80.2451189640001,13.1203870750001],[80.2451146860001,13.120272659],[80.245071851,13.1199021690001],[80.2450684470001,13.1198875740001],[80.245068363,13.1198871340001],[80.2450684450001,13.119885163],[80.2450692400001,13.119883352],[80.2450706430001,13.119881938],[80.2450724700001,13.1198811100001],[80.245299086,13.1198243150001],[80.2456031740001,13.1197563970001],[80.2456546080001,13.1197439790001],[80.2458218240001,13.1197036080001],[80.245882071,13.119692437],[80.2459419310001,13.119679417],[80.246001343,13.119664557],[80.246040511,13.119653466],[80.2460602500001,13.119647876],[80.24606563,13.1196446380001],[80.246069768,13.1196399630001],[80.2460722820001,13.1196342810001],[80.2460729370001,13.1196281200001],[80.2460716750001,13.119622049],[80.246023676,13.1194193700001],[80.246021076,13.119406654],[80.2460000310001,13.119258915],[80.245989873,13.119220077],[80.245984487,13.1192153320001],[80.2459778350001,13.1192125320001],[80.2459706170001,13.1192119730001],[80.2459492090001,13.1192155850001],[80.245909796,13.1192222350001],[80.2458493230001,13.1192344130001],[80.245789303,13.119248487],[80.2457245620001,13.11926585],[80.245720933,13.1192664490001],[80.2457172520001,13.119266327],[80.2457136720001,13.1192654920001],[80.2457103290001,13.119263974],[80.24570736,13.1192618370001],[80.245704883,13.119259163],[80.2457029970001,13.1192560590001],[80.2457020310001,13.119253574],[80.2456185920001,13.118980004],[80.2456182010001,13.11897886],[80.2456165740001,13.1189756200001],[80.2456143210001,13.1189727600001],[80.245611534,13.1189703970001],[80.245608324,13.1189686230001],[80.2456048180001,13.1189675100001],[80.2456011570001,13.118967103],[80.245597484,13.118967416],[80.2454037810001,13.1190033340001],[80.2453350870001,13.1190154390001],[80.2448992020001,13.1191360760001],[80.2448971970001,13.119136258],[80.2448952600001,13.119135724],[80.244893645,13.119134549],[80.244892566,13.1191328840001],[80.2448922710001,13.119131925],[80.2448170150001,13.119165917],[80.244750868,13.1188437380001],[80.2447184480001,13.11871089],[80.244657751,13.1184621670001],[80.244653498,13.118445255],[80.24465344,13.118445029],[80.2446412260001,13.11839644],[80.2445909410001,13.1181964100001],[80.2444951790001,13.1177387160001],[80.244495075,13.117738307],[80.2444842830001,13.117679762],[80.2444269370001,13.117343728],[80.2443723660001,13.1169674230001],[80.24433801,13.116783717],[80.2443378950001,13.1167832360001],[80.2443370110001,13.1167814630001],[80.244335538,13.1167801190001],[80.2443336730001,13.116779379],[80.2443316600001,13.116779342],[80.2442505480001,13.1167107270001],[80.244207117,13.1164624900001],[80.2442052210001,13.1164551910001],[80.2442056140001,13.1164476710001],[80.2442082600001,13.116440601],[80.2442129200001,13.1164346140001],[80.2442191810001,13.116430247],[80.244226478,13.1164278900001],[80.2442341610001,13.1164277570001],[80.2442424830001,13.116427216],[80.2442504080001,13.1164246590001],[80.244257433,13.116420245],[80.2442631150001,13.1164142540001],[80.244267091,13.1164070670001],[80.2442691140001,13.116399137],[80.244269052,13.1163909690001],[80.244267048,13.116366886],[80.244263699,13.116333298],[80.24425511,13.1162137970001],[80.244252864,13.116142075],[80.244249982,13.116050032],[80.24424809,13.115793507],[80.2442478500001,13.1157926490001],[80.2442456540001,13.115784811],[80.244198398,13.1156625250001],[80.2441516170001,13.1154957410001],[80.2441411470001,13.1154611960001],[80.2440675460001,13.1152183630001],[80.2439896990001,13.1150066440001],[80.2439006000001,13.1147300810001],[80.2438886320001,13.114692936],[80.2438718130001,13.114640733],[80.243780884,13.114268753],[80.2437585700001,13.114181317],[80.2437477140001,13.1141387860001],[80.2437131520001,13.114003354],[80.243676189,13.1138263620001],[80.2436761530001,13.1138261990001],[80.2436703750001,13.113798977],[80.243670261,13.113797978],[80.243625852,13.1135853210001],[80.243564839,13.113240051],[80.243553767,13.113163549],[80.243546269,13.113111745],[80.2436100360001,13.113085072],[80.2436120390001,13.1130852490001],[80.2438152760001,13.1130666390001],[80.24432025,13.11303736],[80.2443577010001,13.113035188],[80.2444006220001,13.113032699],[80.2447654090001,13.1130151580001],[80.244988332,13.113006243],[80.245328585,13.112995214],[80.2457207830001,13.112981715],[80.2460320590001,13.112974127],[80.246138204,13.112974148],[80.2463642060001,13.1129741940001],[80.2466710890001,13.112970299],[80.2470080470001,13.1129508500001],[80.2472303820001,13.1129272760001],[80.2472767150001,13.1129202540001],[80.2473153030001,13.112914231],[80.2473534600001,13.112905986],[80.247391055,13.1128955470001],[80.247394876,13.1128942780001],[80.2474515740001,13.112891554],[80.2474534410001,13.112891463],[80.247454329,13.1128913900001],[80.247481856,13.112886861],[80.2475510660001,13.1128744660001],[80.2476479850001,13.112860853],[80.2476871960001,13.1128563240001],[80.2476899740001,13.112856003],[80.247709295,13.1128529960001],[80.2478260950001,13.112834821],[80.247895466,13.1128249610001],[80.2479227360001,13.112821147],[80.2480276590001,13.112809831],[80.2480337490001,13.1128091740001],[80.248120225,13.1127968060001],[80.2483057110001,13.112770276],[80.248312282,13.112823318],[80.2483138920001,13.1128231210001],[80.2483159000001,13.1128232350001],[80.248317736,13.112824045],[80.2483191540001,13.1128254450001],[80.2483199640001,13.1128272510001],[80.2483200550001,13.1128277030001],[80.2483320680001,13.112906703],[80.2483768320001,13.1133073340001],[80.248376782,13.1133088600001],[80.2483760800001,13.113310708],[80.2483747530001,13.1133121880001],[80.2483729720001,13.113313104],[80.248332641,13.1133253460001],[80.248118429,13.1133881050001],[80.24808482,13.1133979530001],[80.247997534,13.113427696],[80.247911012,13.1134595190001],[80.247825306,13.1134934020001],[80.247818518,13.113495212],[80.247811497,13.1134947960001],[80.247804983,13.1134921940001],[80.2477996630001,13.1134876850001],[80.247796098,13.113481743],[80.2478355710001,13.1136064560001],[80.2478448080001,13.1137847900001],[80.2478712880001,13.1141171580001],[80.2478882660001,13.114341327],[80.2478982550001,13.1144717710001],[80.247925283,13.1148572390001],[80.2479263720001,13.1148727730001],[80.2479599870001,13.1152297560001],[80.2479627210001,13.115263794],[80.2479716710001,13.1153511540001],[80.248053165,13.1153455840001],[80.2481124650001,13.115351216],[80.248241604,13.115363485],[80.248308534,13.1153665740001],[80.248487765,13.1153747010001],[80.2485956400001,13.1153825010001],[80.2486452420001,13.115385568],[80.2488827650001,13.1154115690001],[80.2488888380001,13.115412066],[80.249160681,13.115434373],[80.2492115580001,13.115438548],[80.249380891,13.115452444],[80.2494697650001,13.115455949],[80.249509473,13.1154575150001],[80.2496061420001,13.115461328],[80.2497153200001,13.1154679950001],[80.2497922380001,13.1154720600001],[80.2498245730001,13.1154737690001],[80.2499029950001,13.115479416],[80.249981544,13.115483585],[80.2500786740001,13.115486553],[80.2501388150001,13.115487473],[80.2502493710001,13.1154869850001],[80.2503599030001,13.115484585],[80.250470378,13.115480275],[80.2505807570001,13.115474057],[80.2506910050001,13.1154659330001],[80.2507579150001,13.115463456],[80.2508244350001,13.1154589650001],[80.2508913140001,13.115452088],[80.2509576570001,13.115443208],[80.2510236700001,13.1154322100001],[80.25108928,13.1154191050001],[80.251154419,13.115403907],[80.2512190160001,13.1153866330001],[80.2512505080001,13.115371435],[80.2512907670001,13.1153520070001],[80.2512990500001,13.115348011],[80.2513777710001,13.1153068730001],[80.25144326,13.115263586],[80.2514525020001,13.115257377],[80.2514603490001,13.1152525430001],[80.2514794030001,13.115240006],[80.2518790250001,13.115006438],[80.2523169890001,13.114753783],[80.2523556020001,13.114731508],[80.2523911740001,13.1147109880001],[80.2525173970001,13.1146355340001],[80.252556815,13.114611971],[80.2526274130001,13.1145697690001],[80.2526018780001,13.114465839],[80.2525909610001,13.1142124400001],[80.2526322150001,13.114016989],[80.252615527,13.113703372],[80.252600784,13.113178535],[80.252599262,13.1131326620001],[80.2525885100001,13.112808559],[80.252587152,13.1127908780001],[80.252587147,13.112790815],[80.2525820050001,13.112723945],[80.2525415680001,13.112197855],[80.2525399450001,13.1121342340001],[80.252532413,13.1118388630001],[80.252514315,13.1114776750001],[80.252513767,13.11146074],[80.252510881,13.1113716850001],[80.252498282,13.110982763],[80.2524930500001,13.1108935620001],[80.2524904520001,13.1108897570001],[80.2524902100001,13.1108894010001],[80.252489584,13.1108894450001],[80.2521747690001,13.1109107620001],[80.2521718770001,13.110870173],[80.2524870550001,13.1108483940001],[80.2524900670001,13.110844983],[80.252490191,13.1108448410001],[80.2524901510001,13.1108441820001],[80.2524901370001,13.110843909],[80.252482983,13.110721949],[80.252477577,13.1106297960001],[80.2524734020001,13.110286816],[80.252473013,13.1102848790001],[80.252471943,13.110283209],[80.252470336,13.110282023],[80.252467767,13.1102814550001],[80.252129385,13.110287488],[80.2521284060001,13.1102346440001],[80.2524670620001,13.1102286190001],[80.252469127,13.1102281660001],[80.2524707320001,13.110227165],[80.2524719300001,13.1102255810001],[80.2524720440001,13.110225187],[80.2524724730001,13.110223682],[80.2524653,13.109924118],[80.2521922620001,13.109929794],[80.252187356,13.1098954080001],[80.2524654090001,13.10988795],[80.2524411730001,13.1095386280001],[80.2524406840001,13.109536715],[80.2524395290001,13.109535098],[80.252437861,13.109533996],[80.252435899,13.109533549],[80.2524356930001,13.109533868],[80.252435329,13.1095335530001],[80.2520831320001,13.109553589],[80.2520810330001,13.109518114],[80.2521854880001,13.1095121710001],[80.2521874430001,13.109511701],[80.2521883460001,13.109511087],[80.252189098,13.109510577],[80.252189458,13.109510061],[80.252190232,13.1095089470001],[80.252190484,13.1095079030001],[80.252190699,13.1095065270001],[80.2521895820001,13.1094805430001],[80.252187249,13.1094262830001],[80.2521844880001,13.1093620350001],[80.252181621,13.109295364],[80.2521797160001,13.1092510300001],[80.2522122840001,13.109249587],[80.2522128260001,13.1092695300001],[80.2522143020001,13.109323773],[80.2522162760001,13.1093963750001],[80.2522192960001,13.1095054],[80.2522199840001,13.1095072540001],[80.2522213020001,13.109508745],[80.252223078,13.109509674],[80.2522250740001,13.1095099200001],[80.2522256240001,13.109509889],[80.2524329870001,13.109498092],[80.2524349430001,13.109497622],[80.2524365960001,13.1094964970001],[80.252437731,13.1094948690001],[80.2524381910001,13.109492335],[80.2524349700001,13.1094423060001],[80.2524090480001,13.1088413480001],[80.2524070220001,13.108774866],[80.2524048180001,13.1086902490001],[80.2523917080001,13.1083698300001],[80.2522391150001,13.1083497760001],[80.2516917740001,13.1082775250001],[80.2523963100001,13.1083700340001],[80.2533831360001,13.1084978330001],[80.2545416620001,13.1086483490001],[80.2555142080001,13.108776275],[80.2559532050001,13.1088343370001],[80.2567220180001,13.108933898],[80.257067798,13.108978478],[80.2572060370001,13.1089930630001],[80.2580159180001,13.10909894],[80.2583401860001,13.109144385],[80.258758856,13.1091960640001],[80.2590762740001,13.1092407190001],[80.2596356560001,13.109306261],[80.2597698020001,13.109323987],[80.2597706720001,13.109324101],[80.2601692760001,13.1093767740001],[80.260645147,13.109438762],[80.2610546430001,13.1094992870001],[80.2613097130001,13.1095274900001],[80.261534043,13.109557303],[80.2617540480001,13.1095697100001],[80.2620705670001,13.109574024],[80.262249071,13.1095779],[80.2626951840001,13.109573257],[80.2652199170001,13.109645979],[80.2652688110001,13.1094941650001],[80.2658777030001,13.1093185190001],[80.2663364380001,13.1091386690001],[80.266691269,13.108939654],[80.267080965,13.1086690280001],[80.267416788,13.1083869280001],[80.267733369,13.1081009980001],[80.2681697680001,13.10766067],[80.2686766910001,13.1072103070001],[80.2689519080001,13.1069473330001],[80.2691724480001,13.1067372810001],[80.2694396100001,13.106483687],[80.269636189,13.1062968950001],[80.2696854230001,13.106250287],[80.270028541,13.105914807],[80.2701805670001,13.1057579070001],[80.270329507,13.1055838180001],[80.2704085880001,13.1054815960001],[80.270611994,13.1051878220001],[80.2708323470001,13.1048923650001],[80.270952542,13.1049964170001],[80.2711869,13.1051993],[80.2712816920001,13.105257894],[80.2713902940001,13.105400683],[80.2714445180001,13.105498794],[80.2714803600001,13.1056680940001],[80.2714979290001,13.105872963],[80.2715337720001,13.1060422630001],[80.271642113,13.106274104],[80.272003898,13.106827249],[80.2720963800001,13.106910595],[80.2721051560001,13.1068938290001],[80.2723491730001,13.106300838],[80.2726423410001,13.105470514],[80.272801701,13.1048297890001],[80.272948736,13.1042602700001],[80.2729628430001,13.103581042],[80.273317896,13.1022996930001],[80.2735382700001,13.1015047830001],[80.2739053610001,13.100247214],[80.273990816,13.098588465],[80.2740200420001,13.097936423],[80.274019953,13.097498488],[80.2740262300001,13.09720845],[80.274033096,13.0970916860001],[80.2740334160001,13.096971653],[80.274022926,13.0967696270001],[80.274015542,13.0963899860001],[80.274012713,13.096187145],[80.274004249,13.09570977],[80.2740038540001,13.095687491],[80.2737174220001,13.095713786],[80.271987025,13.095819229],[80.272111769,13.0953734190001],[80.2723159320001,13.0948819490001],[80.272926108,13.0936001790001],[80.2727255360001,13.093492317],[80.272650577,13.093448795],[80.2725096500001,13.0933474890001],[80.2724430960001,13.093300373],[80.2723670440001,13.0932522360001],[80.272229075,13.0931484970001],[80.2721583100001,13.093090519],[80.272093157,13.0930375300001],[80.271893284,13.09287421],[80.271669919,13.092692921],[80.2715147970001,13.092580619],[80.2713967060001,13.092508326],[80.271242826,13.0924205360001],[80.2711372360001,13.092379377],[80.271074931,13.092356997],[80.271011779,13.0923370260001],[80.2709478780001,13.0923194920001],[80.270883326,13.0923044250001],[80.2707394970001,13.092288287],[80.270739425,13.0922882780001],[80.2707363900001,13.0922879390001],[80.2705835960001,13.0922709290001],[80.270534748,13.092265582],[80.27050968,13.0922624990001],[80.2704920630001,13.0922609680001],[80.2704812470001,13.092259874],[80.2704783620001,13.092259599],[80.2704000090001,13.0922524430001],[80.270306718,13.0922439230001],[80.270210987,13.0922345290001],[80.27017003,13.0922322320001],[80.2701269710001,13.0922289590001],[80.2700102590001,13.092221222],[80.2699821740001,13.092219361],[80.269915913,13.0922149680001],[80.269887553,13.0922130880001],[80.269876325,13.0922122970001],[80.269859039,13.092211079],[80.2698310160001,13.0922072660001],[80.2698307190001,13.092207226],[80.269802724,13.0922015460001],[80.2697992670001,13.0922004240001],[80.269799053,13.092200355],[80.269774397,13.092192352],[80.2697467240001,13.0921814120001],[80.2697198170001,13.092168768],[80.2697095560001,13.092163134],[80.2697094760001,13.09216309],[80.269708945,13.092162794],[80.2697089200001,13.0921627820001],[80.269698727,13.092157188],[80.2696984930001,13.0921570580001],[80.2696937850001,13.0921544730001],[80.269681808,13.0921468780001],[80.2696815770001,13.0921467310001],[80.269680968,13.0921463440001],[80.2696687330001,13.092138585],[80.269628933,13.092109366],[80.2696142870001,13.092096177],[80.2696009520001,13.0920817140001],[80.2695890420001,13.0920661010001],[80.2695890200001,13.0920661370001],[80.2695788340001,13.0920498240001],[80.26957007,13.0920323240001],[80.2695629980001,13.0920141030001],[80.2695576790001,13.0919953170001],[80.2695436980001,13.091908346],[80.269539572,13.0918826760001],[80.269524645,13.091789813],[80.2695213550001,13.091769346],[80.2695087220001,13.091701164],[80.2694979070001,13.09163268],[80.2694889150001,13.0915639420001],[80.2694817550001,13.091494997],[80.269480168,13.0914737520001],[80.2694770130001,13.0914315100001],[80.2694764300001,13.0914258940001],[80.269467524,13.0913023850001],[80.2694624280001,13.091231723],[80.2694665860001,13.0911500280001],[80.269466627,13.0911492290001],[80.2694686030001,13.091110412],[80.2694686280001,13.0911099140001],[80.2694687140001,13.0911082430001],[80.269469869,13.091085535],[80.269475653,13.091057091],[80.2694759940001,13.091055415],[80.26947655,13.091052674],[80.269476685,13.091052006],[80.2694781920001,13.091044593],[80.2694890240001,13.091004217],[80.2695023250001,13.0909645570001],[80.269511665,13.0909415100001],[80.2695131,13.0909379670001],[80.2695137250001,13.0909364250001],[80.269514928,13.090933454],[80.269515261,13.090932633],[80.269518046,13.0909257610001],[80.2695361280001,13.0908879740001],[80.269541443,13.0908796680001],[80.2695416170001,13.090879397],[80.269459096,13.0907862070001],[80.2691787570001,13.090614166],[80.2689249040001,13.0905912170001],[80.2688890260001,13.090587026],[80.2687526430001,13.0905697220001],[80.268648537,13.0905547950001],[80.2683597280001,13.0905228720001],[80.2682575540001,13.0905123650001],[80.268070616,13.090499628],[80.2679421980001,13.0904926150001],[80.267942099,13.090492609],[80.2678892430001,13.090498005],[80.267864085,13.0904978240001],[80.26768745,13.0904965510001],[80.2674539280001,13.090484496],[80.26712345,13.0904441340001],[80.2670639340001,13.090436808],[80.2670088180001,13.0904300230001],[80.26672302,13.0903945960001],[80.2666368650001,13.0903839170001],[80.266565959,13.0903741930001],[80.2663660530001,13.0903487590001],[80.266295776,13.0903402210001],[80.266225756,13.090329839],[80.266171312,13.090320295],[80.2661560450001,13.090317618],[80.266086692,13.0903035690001],[80.2659377690001,13.090279981],[80.2659340600001,13.09027946],[80.2659309650001,13.090278331],[80.2659306780001,13.0902782260001],[80.2659283410001,13.090276881],[80.2659262770001,13.090275159],[80.265903764,13.090265317],[80.2658207330001,13.09022902],[80.265728714,13.090214804],[80.265675302,13.0902065540001],[80.2654895300001,13.0901741970001],[80.2654652780001,13.0901690760001],[80.2654416650001,13.0901616150001],[80.2654189290001,13.0901518850001],[80.2653972950001,13.0901399850001],[80.2653769780001,13.090126033],[80.2653581820001,13.090110168],[80.2653254030001,13.090090001],[80.2652637790001,13.090200619],[80.265242093,13.090194513],[80.2652301670001,13.090191154],[80.2651959020001,13.09018393],[80.2651613300001,13.090179188],[80.265126443,13.090176747],[80.2650914750001,13.0901766860001],[80.2650839570001,13.0901770150001],[80.265064947,13.090177845],[80.264995722,13.0901808680001],[80.2648628090001,13.0901866740001],[80.2647459770001,13.090193417],[80.264692788,13.0901965620001],[80.264642956,13.090199511],[80.264642687,13.090199526],[80.2646212380001,13.090200795],[80.2645780930001,13.090202204],[80.264493606,13.090204961],[80.2644678230001,13.0902058030001],[80.2643806190001,13.09020865],[80.2642817710001,13.090211875],[80.264154326,13.0902133450001],[80.2641260760001,13.09021367],[80.2640710320001,13.0902140650001],[80.2640687890001,13.090214082],[80.264007903,13.0902145200001],[80.2640067,13.090214529],[80.2639769210001,13.090214743],[80.263945607,13.09021634],[80.263945489,13.090216347],[80.2639000090001,13.0902186650001],[80.2638378940001,13.090223667],[80.263822292,13.09022538],[80.263817143,13.0902258250001],[80.2638034300001,13.09022701],[80.2637852510001,13.09022917],[80.2637560640001,13.0902326360001],[80.263744913,13.090233961],[80.2637381200001,13.0902347680001],[80.263722015,13.090236681],[80.2636694000001,13.090244538],[80.2636450100001,13.0902481790001],[80.263603667,13.0902552060001],[80.2636034640001,13.090255241],[80.2635924260001,13.090257117],[80.2635558160001,13.09026404],[80.2635056980001,13.0902735180001],[80.2634931200001,13.090275618],[80.2634506430001,13.090282713],[80.263426134,13.090285533],[80.2634215,13.090286067],[80.2634080220001,13.090287618],[80.2632681010001,13.090310349],[80.26322307,13.0903176640001],[80.2632168060001,13.0903183070001],[80.2632050240001,13.0903195180001],[80.2631290990001,13.0903270320001],[80.2630080980001,13.090335834],[80.2629671490001,13.090338337],[80.2629004340001,13.0903424160001],[80.2627657680001,13.090350647],[80.262765673,13.090350653],[80.2627447310001,13.090351933],[80.2626789760001,13.090355953],[80.262558595,13.0903668720001],[80.2625285880001,13.090369594],[80.2623771400001,13.090383332],[80.2622867330001,13.0903915330001],[80.262286702,13.090391536],[80.262221471,13.090397452],[80.2621946100001,13.090399889],[80.2621862490001,13.0904003910001],[80.2621861160001,13.090400399],[80.2621295270001,13.0904037930001],[80.2620246690001,13.0904100820001],[80.261995158,13.090410961],[80.2619594920001,13.0904119750001],[80.261880175,13.0904142810001],[80.2618189450001,13.09041597],[80.261789821,13.090416798],[80.2617581790001,13.0904180900001],[80.2617561050001,13.090417756],[80.2617525460001,13.090417857],[80.2617449540001,13.090418073],[80.2617427040001,13.0904181380001],[80.261738429,13.090418259],[80.2617272210001,13.090418578],[80.2617247320001,13.0904186490001],[80.2617245530001,13.090418653],[80.261718365,13.090418829],[80.2616821140001,13.0904198590001],[80.261656314,13.090420593],[80.2616408850001,13.0904218650001],[80.261604897,13.090424834],[80.261552872,13.090429127],[80.261516939,13.090432091],[80.261509157,13.0904327330001],[80.261444005,13.0904381070001],[80.261389217,13.0904426270001],[80.2613889680001,13.090442648],[80.2613283100001,13.090447652],[80.2613277400001,13.090447705],[80.261319454,13.090448382],[80.2612928250001,13.0904511860001],[80.2612927470001,13.090451194],[80.2612926840001,13.0904512010001],[80.2612100970001,13.090459895],[80.261209734,13.090459933],[80.26113845,13.090467437],[80.2610903450001,13.0904725020001],[80.2610847760001,13.090472871],[80.261084344,13.0904728990001],[80.2610705290001,13.090473816],[80.2610172080001,13.0904773550001],[80.2610170890001,13.090477363],[80.2610026280001,13.090478322],[80.2609101300001,13.0904844610001],[80.2609071860001,13.0904846560001],[80.2608074020001,13.0904912780001],[80.2607849250001,13.09049277],[80.2607180730001,13.0904972050001],[80.2606966330001,13.0904978720001],[80.260664772,13.090498864],[80.260664395,13.090498876],[80.2606543360001,13.0904991890001],[80.2606005220001,13.090500864],[80.260562543,13.090502046],[80.260523575,13.0905032590001],[80.2604902880001,13.0905042950001],[80.2604900750001,13.0905043020001],[80.2603682490001,13.090508094],[80.2603450110001,13.0905088170001],[80.2602508360001,13.090511748],[80.2602323900001,13.0905109190001],[80.2601800610001,13.0905085650001],[80.2601063800001,13.0905052520001],[80.260046177,13.0905025440001],[80.2600458430001,13.090502529],[80.2600156290001,13.09050117],[80.25996517,13.090498902],[80.2599650820001,13.090498898],[80.2599209350001,13.0904969110001],[80.259833803,13.0904929930001],[80.2598027700001,13.090491597],[80.259602095,13.0904929060001],[80.2595773190001,13.0904930670001],[80.2594432120001,13.0904955730001],[80.2593639090001,13.0904970550001],[80.259242493,13.090499326],[80.259114411,13.090501719],[80.25893841,13.0905051410001],[80.2588958330001,13.090505969],[80.25872115,13.0905103920001],[80.258702274,13.090510871],[80.2587003720001,13.090511516],[80.2586988310001,13.090512786],[80.2586978560001,13.090514511],[80.2586975740001,13.0905164640001],[80.2586982880001,13.090533011],[80.2587042380001,13.090671001],[80.258712857,13.0908934280001],[80.2586366720001,13.090897774],[80.2586365500001,13.090897781],[80.258636021,13.0908959180001],[80.2586348080001,13.090894344],[80.2586341860001,13.0908939620001],[80.258633101,13.090893298],[80.2586311260001,13.090892921],[80.258629506,13.090892905],[80.2586093020001,13.0908927090001],[80.258600222,13.090892621],[80.2585719830001,13.0908923490001],[80.258563323,13.090892265],[80.258537136,13.090892012],[80.2585088770001,13.090891739],[80.258498778,13.090891641],[80.258477747,13.090891438],[80.2584542340001,13.0908912100001],[80.25841918,13.0908908710001],[80.258400303,13.0908906880001],[80.2583870120001,13.0908905590001],[80.2583395770001,13.090890415],[80.258323906,13.090890557],[80.2583072050001,13.090890707],[80.2582900960001,13.090890861],[80.2582384890001,13.0908913270001],[80.2582358610001,13.09089135],[80.2581534770001,13.090892035],[80.2581534330001,13.090892035],[80.258015802,13.090891922],[80.2579623870001,13.090891878],[80.2577653800001,13.090889777],[80.2577260740001,13.090888971],[80.2576664160001,13.0908877480001],[80.2575684030001,13.0908857380001],[80.2575115880001,13.0908822050001],[80.257493648,13.090881089],[80.2574111590001,13.0908759600001],[80.257384379,13.090874295],[80.2572959830001,13.090868798],[80.2572414780001,13.0908654080001],[80.2571568760001,13.090854773],[80.257006006,13.090835955],[80.2569864230001,13.0908318],[80.256980662,13.090831118],[80.2569806290001,13.090831098],[80.256936146,13.0908041640001],[80.256964429,13.0907559620001],[80.256971074,13.090751921],[80.256974045,13.090739537],[80.2569925710001,13.0906623330001],[80.257008994,13.0905994610001],[80.257015526,13.090574455],[80.2570216980001,13.0905513070001],[80.2570267470001,13.090532372],[80.2570471660001,13.0904627470001],[80.2570491810001,13.090455976],[80.2570533800001,13.0904418640001],[80.2570656680001,13.0904005630001],[80.2571034250001,13.090277186],[80.257108283,13.0902613110001],[80.257126854,13.090197194],[80.2571425420001,13.090143035],[80.2571425510001,13.090143004],[80.2571566820001,13.090093811],[80.257164109,13.0900666520001],[80.2571641390001,13.0900665400001],[80.2571759690001,13.090023274],[80.2571986300001,13.0899403980001],[80.2572022940001,13.089925586],[80.2572187480001,13.089859075],[80.257236676,13.089790296],[80.2572465550001,13.089753258],[80.2572505620001,13.089738235],[80.2572614540001,13.0896999120001],[80.257265212,13.0896867820001],[80.257281064,13.0896314080001],[80.2572988790001,13.0895856700001],[80.2573012500001,13.089579583],[80.2573196750001,13.089532279],[80.2573293390001,13.089500888],[80.2573598120001,13.0893904220001],[80.2573645050001,13.089372779],[80.2573645130001,13.089372751],[80.257401477,13.0892338090001],[80.257419009,13.089168747],[80.2574260390001,13.089143209],[80.2574522960001,13.0890478310001],[80.2574775530001,13.088956081],[80.2574908230001,13.088906077],[80.2575155970001,13.08881272],[80.257534632,13.0887409920001],[80.257539454,13.088722825],[80.2575395980001,13.088720858],[80.2575390150001,13.0887189690001],[80.257537782,13.0887174100001],[80.2575354190001,13.0887161910001],[80.257531628,13.0887152780001],[80.257515487,13.0887113900001],[80.2575050120001,13.088708867],[80.2574756450001,13.088701794],[80.25746867,13.0887001140001],[80.2574501880001,13.0886956630001],[80.257438924,13.0886929490001],[80.2574177120001,13.08868784],[80.257406954,13.08868525],[80.2573917110001,13.088681578],[80.2573845220001,13.088679847],[80.2573629400001,13.088674649],[80.2573368980001,13.088668376],[80.2573308360001,13.088666916],[80.2573307100001,13.0886668850001],[80.2573114030001,13.0886622350001],[80.2572716290001,13.088652467],[80.257247787,13.088646613],[80.257243428,13.0886455420001],[80.2572123290001,13.088637905],[80.257191774,13.088632858],[80.257166037,13.088626538],[80.2571461060001,13.0886216430001],[80.2571121840001,13.0886133120001],[80.257073598,13.0886038370001],[80.257070341,13.088603037],[80.2570386740001,13.088595261],[80.257009651,13.088587556],[80.2569923610001,13.088582966],[80.2569874420001,13.0885816260001],[80.2569591810001,13.0885739300001],[80.2569591020001,13.0885739080001],[80.2569280610001,13.088565455],[80.256875203,13.0885510590001],[80.2568688520001,13.0885493280001],[80.256861341,13.088547283],[80.2568202940001,13.0885361040001],[80.2567732580001,13.088523293],[80.2567263380001,13.0885105150001],[80.256708335,13.0885056120001],[80.256651134,13.088490037],[80.2566088190001,13.088478508],[80.256583547,13.088471628],[80.2565744010001,13.088469139],[80.2565396310001,13.088459689],[80.2564899800001,13.088388359],[80.2564909170001,13.088386288],[80.2564909370001,13.088386246],[80.256499617,13.088354308],[80.256500164,13.0883522940001],[80.256509834,13.0883167430001],[80.256522638,13.0882696730001],[80.2565226510001,13.0882696240001],[80.2565425990001,13.0881962930001],[80.2565608500001,13.0881291970001],[80.2565685600001,13.088100852],[80.2565888870001,13.0880261250001],[80.2566069120001,13.087959862],[80.2566069280001,13.0879598],[80.2566107690001,13.087945683],[80.256610794,13.087945592],[80.2566207850001,13.087908858],[80.2566208090001,13.0879087760001],[80.2566335500001,13.0878710980001],[80.2566335960001,13.087870932],[80.2566343140001,13.0878680430001],[80.2566343340001,13.087867965],[80.2566412050001,13.087840322],[80.2566471380001,13.08781645],[80.25666004,13.0877645480001],[80.256666834,13.087741652],[80.2566688210001,13.0877349560001],[80.2566778400001,13.0877045600001],[80.2566917240001,13.0876577710001],[80.256691738,13.0876577240001],[80.2566917520001,13.0876576740001],[80.256701294,13.0876245490001],[80.256701691,13.087623153],[80.2567165820001,13.0875700500001],[80.2567302190001,13.0875214210001],[80.2567302460001,13.087521327],[80.2567309770001,13.087518717],[80.256741241,13.087479882],[80.256746272,13.0874608450001],[80.2567566390001,13.0874216170001],[80.2567566590001,13.0874215430001],[80.2567636590001,13.087395053],[80.2567698720001,13.0873700240001],[80.2567776400001,13.0873387300001],[80.256785655,13.0873064420001],[80.256794471,13.0872709270001],[80.2567991810001,13.0872506490001],[80.25679947,13.087249408],[80.2568234060001,13.0871463670001],[80.256842545,13.087077724],[80.2568549950001,13.087033074],[80.25686197,13.087008058],[80.2568666550001,13.086991251],[80.2568783510001,13.0869463220001],[80.256882472,13.0869304930001],[80.2568955340001,13.086880314],[80.256908127,13.0868322700001],[80.2569252980001,13.08677255],[80.2569310060001,13.0867526970001],[80.256946004,13.086700534],[80.2569494970001,13.086690778],[80.2569563120001,13.08667174],[80.256956771,13.0866666860001],[80.25695742,13.0866595430001],[80.2569557940001,13.0866564520001],[80.2569529350001,13.086653719],[80.2569501720001,13.0866510760001],[80.2569348330001,13.0866440080001],[80.2569142560001,13.086636105],[80.256882896,13.0866240600001],[80.256849856,13.0866113710001],[80.2568383650001,13.0866069570001],[80.256805779,13.0865962400001],[80.2567829000001,13.086588717],[80.2567392330001,13.086574356],[80.2567088740001,13.0865643720001],[80.2566541570001,13.086546378],[80.256604651,13.0865338610001],[80.256534951,13.0865162380001],[80.2565115450001,13.086510466],[80.2564808670001,13.086492148],[80.2564808800001,13.086491935],[80.2564811890001,13.0864869490001],[80.2564788170001,13.08648229],[80.256474385,13.086479415],[80.2564682130001,13.0864773600001],[80.256441183,13.0864683610001],[80.2564110850001,13.086458341],[80.2563703280001,13.086444772],[80.256343858,13.086435959],[80.256321336,13.0864284620001],[80.2563072710001,13.086423779],[80.2562838280001,13.086415975],[80.256266602,13.086409663],[80.256230734,13.086396522],[80.2562095360001,13.0863887560001],[80.2561832650001,13.0863791310001],[80.256145368,13.0863652460001],[80.2561078900001,13.086351515],[80.2560695130001,13.086337454],[80.2560159080001,13.086312112],[80.25591281,13.0862605790001],[80.255561534,13.0861302660001],[80.255561152,13.086130118],[80.2554329960001,13.08607936],[80.2554344920001,13.0860904140001],[80.255367301,13.086319883],[80.2553481680001,13.0863852270001],[80.2553479760001,13.086386287],[80.2553416360001,13.086421365],[80.255341521,13.0864219960001],[80.255336818,13.0864366070001],[80.255320956,13.086485882],[80.2553116890001,13.086514672],[80.2553013030001,13.086553816],[80.2552913910001,13.086591174],[80.255278107,13.0866412440001],[80.255258822,13.0867139280001],[80.255253366,13.0867344930001],[80.2552526320001,13.086735946],[80.25522585,13.0867889080001],[80.255207403,13.086858433],[80.2551871430001,13.086934795],[80.2551654520001,13.087015765],[80.255154083,13.0870567870001],[80.255138849,13.0871117500001],[80.2551354780001,13.0871239140001],[80.25512481,13.0871623940001],[80.2551247640001,13.087162569],[80.255119607,13.087181174],[80.255098559,13.0872571150001],[80.255070183,13.087359497],[80.2550386830001,13.0874724280001],[80.2550336880001,13.0874903380001],[80.2550230210001,13.08752858],[80.2550094580001,13.087577207],[80.254975969,13.0876972660001],[80.254947728,13.087798515],[80.2549191510001,13.0878765570001],[80.2549065730001,13.0879109050001],[80.2549008330001,13.087926581],[80.2548699110001,13.0880110250001],[80.254839734,13.088124233],[80.2548124580001,13.088226558],[80.2548015120001,13.088267608],[80.2548014490001,13.0882678570001],[80.2547966770001,13.0882857620001],[80.2547635160001,13.088410159],[80.254719886,13.0885738370001],[80.254714307,13.0885947680001],[80.2547053330001,13.0886330920001],[80.2547020270001,13.0886472080001],[80.2546636280001,13.088808597],[80.254623844,13.0889668840001],[80.254620926,13.08897762],[80.254606585,13.089030377],[80.2546065660001,13.0890304480001],[80.254565675,13.089183355],[80.2545380500001,13.08928316],[80.2545201070001,13.089347364],[80.254517594,13.089356357],[80.254504991,13.0894014400001],[80.2545049220001,13.089401701],[80.2545029240001,13.0894088470001],[80.2544979470001,13.0894235660001],[80.2544615080001,13.0895313140001],[80.2544565000001,13.0895461210001],[80.2544462880001,13.089578024],[80.25441233,13.089684108],[80.2544034920001,13.0897133560001],[80.254400939,13.089721803],[80.254387718,13.089765551],[80.2543836770001,13.0897789250001],[80.254370425,13.089822773],[80.2543375640001,13.089938294],[80.2543345380001,13.089948932],[80.2543307980001,13.0899620800001],[80.254317933,13.0899984120001],[80.254297486,13.0900561560001],[80.2542880760001,13.0900843640001],[80.25427197,13.090131462],[80.2542691460001,13.0901404680001],[80.2542404910001,13.090231907],[80.2542360780001,13.090245989],[80.2542123520001,13.090326872],[80.2542080060001,13.0903416850001],[80.254190534,13.090405538],[80.2541671870001,13.09049953],[80.254167174,13.090499591],[80.2537029100001,13.09042994],[80.253682482,13.090606547],[80.2536794490001,13.0906327610001],[80.2541579830001,13.09066847],[80.254153328,13.0907890720001],[80.254149388,13.0908911650001],[80.2541480190001,13.0909266190001],[80.2541455140001,13.0909915],[80.2541446920001,13.091005308],[80.2541435860001,13.091013343],[80.2541380200001,13.0910538150001],[80.2541357310001,13.091082772],[80.2541341630001,13.0911026150001],[80.254133885,13.091171982],[80.254134933,13.091200443],[80.2541355640001,13.0912342290001],[80.254134273,13.0912651250001],[80.254134171,13.0912675760001],[80.2541339790001,13.091267643],[80.2541305350001,13.091301269],[80.254127182,13.0913217250001],[80.2541250660001,13.0913346340001],[80.254122646,13.091345318],[80.2541175950001,13.0913676210001],[80.2541156130001,13.0913744330001],[80.254108145,13.0914001140001],[80.2540994030001,13.091412876],[80.254093379,13.091419758],[80.2540891900001,13.091424541],[80.2540776450001,13.0914349440001],[80.2540649310001,13.0914439420001],[80.254051223,13.091451411],[80.2540367140001,13.091457244],[80.254021605,13.09146136],[80.2540061070001,13.091463704],[80.253990435,13.0914642430001],[80.253982309,13.0914654800001],[80.2539470580001,13.091470843],[80.253937234,13.091471891],[80.2539034170001,13.0914754930001],[80.2538596040001,13.091478178],[80.2538157130001,13.0914788960001],[80.253771837,13.0914776440001],[80.253752493,13.0914762210001],[80.253729402,13.091474523],[80.2537280670001,13.0914744250001],[80.253698243,13.0914705770001],[80.253538554,13.0914499790001],[80.2534496120001,13.091438506],[80.2533280540001,13.0914228250001],[80.2532690080001,13.091415209],[80.2531851090001,13.0914043870001],[80.2531291660001,13.0913971700001],[80.2530640860001,13.091388775],[80.2530004810001,13.0913810270001],[80.2529939010001,13.091381879],[80.2529874580001,13.091380325],[80.252971819,13.091379182],[80.2528928740001,13.0913731850001],[80.2528155570001,13.091364308],[80.2528144600001,13.0913641820001],[80.252783875,13.0913638280001],[80.2526097030001,13.091361808],[80.252465526,13.0913643760001],[80.252334428,13.091366712],[80.252220396,13.0913684070001],[80.2521688260001,13.091369174],[80.2521249000001,13.0913699880001],[80.2521015630001,13.091370419],[80.2520058310001,13.091374407],[80.251956496,13.09137621],[80.251815691,13.091381357],[80.251749858,13.091383765],[80.2517495590001,13.0913837750001],[80.2517492870001,13.091383787],[80.2516590850001,13.091387083],[80.2516304580001,13.091390088],[80.251630477,13.0913901100001],[80.2516300280001,13.0913901340001],[80.251628995,13.0913902410001],[80.2516286810001,13.091390275],[80.2516091860001,13.0913923210001],[80.2515550360001,13.09138998],[80.2515203890001,13.091388185],[80.2514859020001,13.0913845040001],[80.2514516740001,13.091378949],[80.25138443,13.091362298],[80.2513504350001,13.0913501100001],[80.2513302020001,13.091342856],[80.251280163,13.0913224670001],[80.251276885,13.09132113],[80.2512495400001,13.0913086],[80.2512245770001,13.091297162],[80.2512043510001,13.0912868250001],[80.2512040770001,13.0912866850001],[80.2512009180001,13.091285068],[80.2511991260001,13.091284151],[80.2511990100001,13.091284095],[80.251173378,13.0912709940001],[80.2511549820001,13.0912590240001],[80.2511450520001,13.0912509350001],[80.251138004,13.0912451950001],[80.2511241620001,13.091231201],[80.2511230490001,13.0912295630001],[80.2511226080001,13.091227643],[80.2511226020001,13.0912276170001],[80.2510516720001,13.091323486],[80.2510516720001,13.091323727],[80.2510522250001,13.091369721],[80.2510524360001,13.0913873380001],[80.2510524370001,13.0913874820001],[80.2510526120001,13.091402024],[80.251051504,13.0914797950001],[80.2510515750001,13.091315362],[80.2510374440001,13.091113588],[80.2510351180001,13.0910805770001],[80.2509138790001,13.091094374],[80.2507853550001,13.091104671],[80.250505719,13.091120948],[80.250228716,13.0911510670001],[80.250020933,13.0911685470001],[80.2497734740001,13.091190071],[80.249489252,13.0912347450001],[80.2492662290001,13.0912485480001],[80.2491009030001,13.091294078],[80.249217512,13.0916629880001],[80.249043214,13.091309966],[80.2490082310001,13.0912404160001],[80.248897883,13.091040702],[80.248684509,13.0906666720001],[80.2484593950001,13.0902837630001],[80.2483589400001,13.0900924690001],[80.248101133,13.0897364360001],[80.2479002430001,13.0895245520001],[80.2478364390001,13.089457257],[80.2477116260001,13.089326127],[80.247665119,13.0892265030001],[80.247588873,13.089128384],[80.247562083,13.0890729430001],[80.2473972450001,13.0888298510001],[80.2472115,13.0885715960001],[80.247053855,13.0884021690001],[80.2468727,13.088237776],[80.2467271,13.088073224],[80.2465434910001,13.087843804],[80.2463954610001,13.087634302],[80.2462511910001,13.0874531150001],[80.2461118780001,13.0873103210001],[80.2459749540001,13.087216724],[80.245810304,13.0871211840001],[80.2456501670001,13.0870317750001],[80.24550564,13.086953055],[80.245400654,13.086881825],[80.2452625450001,13.0867754080001],[80.245121517,13.086670538],[80.244944053,13.0865826580001],[80.2448512720001,13.0865509430001],[80.2447583220001,13.0864716950001],[80.2446124780001,13.0863322160001],[80.244468753,13.0865131090001],[80.2444212460001,13.086574636],[80.2444085110001,13.0865765880001],[80.244309586,13.08669064],[80.2442923120001,13.0867104970001],[80.2442055160001,13.086810271],[80.244145244,13.0868834250001],[80.2440862490001,13.0869614650001],[80.2439885680001,13.087081798],[80.2438563370001,13.08724941],[80.2438223550001,13.08729744],[80.2437865050001,13.0873441470001],[80.2437488420001,13.0873894600001],[80.2437094220001,13.087433311],[80.2436683060001,13.0874756310001],[80.2436408570001,13.087503753],[80.2436119800001,13.0875304690001],[80.243584776,13.087553186],[80.243581755,13.0875557100001],[80.243550257,13.0875794090001],[80.2435175700001,13.0876015050001],[80.2434460700001,13.0876458970001],[80.2433730110001,13.0876877760001],[80.243298483,13.0877270890001],[80.2432763040001,13.0877385520001],[80.2432533250001,13.0877483850001],[80.2432296690001,13.0877565340001],[80.2432054650001,13.0877629550001],[80.243178464,13.087767909],[80.2430556130001,13.0877904490001],[80.2430552430001,13.0877905180001],[80.2429824220001,13.087802024],[80.2426949520001,13.0878475660001],[80.24246334,13.087876001],[80.242360192,13.087883474],[80.2421847210001,13.087895249],[80.242184191,13.0878952850001],[80.242089063,13.0880146910001],[80.2420804880001,13.0880323050001],[80.2420551210001,13.088074449],[80.242045778,13.088086628],[80.241885756,13.0882952260001],[80.2418142750001,13.08839249],[80.2417574240001,13.0884738990001],[80.2417196420001,13.0885307200001],[80.2416939330001,13.0885705470001],[80.241639676,13.088650133],[80.2415834120001,13.088728367],[80.241525175,13.088805198],[80.2413374400001,13.089087373],[80.2413185400001,13.089115948],[80.241060437,13.089506843],[80.2409517790001,13.089671991],[80.2409253440001,13.0897177370001],[80.240911526,13.0897463470001],[80.2408976300001,13.0897751200001],[80.2408887170001,13.089796946],[80.2408553050001,13.0898641200001],[80.2408505720001,13.0898745550001],[80.240846977,13.089885419],[80.2408445980001,13.089896368],[80.2407987730001,13.090046387],[80.2407888590001,13.0900794470001],[80.2407801520001,13.0901084810001],[80.2407666030001,13.090153656],[80.2407580140001,13.090195491],[80.2407517280001,13.09023691],[80.2407472580001,13.09027895],[80.2407450100001,13.0903258170001],[80.2407450600001,13.090387617],[80.240745088,13.0903880230001],[80.240749464,13.0904538290001],[80.240750049,13.0904704750001],[80.2407581860001,13.0905594340001],[80.240765206,13.0906361830001],[80.240766513,13.090648222],[80.2407709170001,13.0908841630001],[80.240810368,13.091435657],[80.240840292,13.0918151440001],[80.2408695300001,13.0922084330001],[80.2408793220001,13.092340144],[80.2408792470001,13.0923414910001],[80.240863694,13.0926041220001],[80.2408796570001,13.092786274],[80.240882701,13.092807556],[80.2409500030001,13.093278195],[80.2409625610001,13.0933660150001],[80.2409748270001,13.09343448],[80.240984073,13.093491719],[80.2409840820001,13.0934917750001],[80.2409978890001,13.093577248],[80.241036245,13.0937937350001],[80.241062798,13.0939413090001],[80.24106735,13.0939666080001],[80.241067366,13.0939667010001],[80.2410734110001,13.094000292],[80.2410820330001,13.094048216],[80.241090872,13.094097338],[80.2411178840001,13.0942330180001],[80.241122718,13.09425845],[80.241157764,13.094442864],[80.2411760000001,13.0945388220001],[80.2411760110001,13.0945388810001],[80.241194072,13.094633925],[80.2412168700001,13.094753886],[80.2412297920001,13.0948117930001],[80.2412678840001,13.0949486050001],[80.2412914700001,13.0950333210001],[80.241317531,13.0951266380001],[80.241325853,13.0951564590001],[80.241348965,13.095239249],[80.2413611920001,13.095281336],[80.2413788970001,13.0953412750001],[80.241404624,13.095431547],[80.2414309170001,13.095523804],[80.241468834,13.0956386240001],[80.24150733,13.0957551990001],[80.2415075980001,13.095756765],[80.2415072700001,13.0957587120001],[80.2415242660001,13.0958046430001],[80.2415384390001,13.095842948],[80.2416635110001,13.0961716190001],[80.2416968840001,13.096268556],[80.2417297850001,13.0963610810001],[80.2417298130001,13.0963611600001],[80.2417549830001,13.0964319440001],[80.2418567510001,13.0967181390001],[80.2419129470001,13.0968929040001],[80.2419582300001,13.097046569],[80.241972918,13.0970955770001],[80.2419840890001,13.097128384],[80.241989415,13.097144029],[80.2420077,13.0971918590001],[80.2420277470001,13.0972390050001],[80.242032109,13.0972533350001],[80.2420345130001,13.097268104],[80.242034919,13.097283055],[80.2420333210001,13.09729793],[80.242029744,13.097312473],[80.2420345140001,13.0975139190001],[80.242024035,13.0975132940001],[80.2420136220001,13.097514743],[80.2414750780001,13.097612815],[80.241450033,13.0976174410001],[80.241363391,13.0976347170001],[80.241131958,13.0976619750001],[80.240926357,13.097688315],[80.240700476,13.097709803],[80.2406542260001,13.097714065],[80.2406008660001,13.0977189820001],[80.2405160270001,13.0977268020001],[80.2401775600001,13.097749918],[80.2399522870001,13.0977694540001],[80.239624124,13.0977834890001],[80.2394304650001,13.097800034],[80.2393082980001,13.0978089920001],[80.239093788,13.097820534],[80.2389758850001,13.0978262950001],[80.2389003800001,13.0978303380001],[80.2386617110001,13.097854663],[80.2383626910001,13.0979020720001],[80.238180431,13.0979408200001],[80.238094962,13.097958992],[80.2379342550001,13.097993779],[80.237821802,13.0980181200001],[80.2377270760001,13.098038441],[80.2376704120001,13.0980506],[80.2375432310001,13.0980778850001],[80.2373796740001,13.098107138],[80.237362875,13.098110143],[80.237311102,13.098119341],[80.237084935,13.09816177],[80.2370339290001,13.09817029],[80.236950962,13.0981841460001],[80.2369453690001,13.0981850810001],[80.236858919,13.09819952],[80.23680833,13.098207971],[80.2366480420001,13.098238017],[80.236608265,13.0982454730001],[80.236560641,13.098253227],[80.236468728,13.0982681890001],[80.236381932,13.0982823190001],[80.236369659,13.098284307],[80.2363246890001,13.0982917430001],[80.236283939,13.0982984820001],[80.236165154,13.098318125],[80.236099933,13.0983289110001],[80.2360871010001,13.098330716],[80.2360868430001,13.098330751],[80.2360149420001,13.0983408590001],[80.2359196400001,13.098354295],[80.2359190010001,13.098354349],[80.235635336,13.0983942350001],[80.2354633030001,13.098419301],[80.235461399,13.098419936],[80.235460667,13.098420413],[80.235452454,13.0984267470001],[80.2354447060001,13.098435662],[80.2354388960001,13.0984459110001],[80.235436989,13.0984517630001],[80.235435253,13.098457089],[80.2354339240001,13.098468747],[80.235484441,13.0987179150001],[80.2355497710001,13.0990529490001],[80.2356274940001,13.099472217],[80.2356315810001,13.0994817540001],[80.2356358750001,13.099488577],[80.2356405020001,13.099495927],[80.2356461200001,13.099498258],[80.2356543000001,13.099500521],[80.235656238,13.099501033],[80.235656948,13.0995010460001],[80.2357301470001,13.0994977440001],[80.2357406880001,13.099496797],[80.2357550360001,13.0994998850001],[80.235767755,13.0995070870001],[80.2357776490001,13.099517728],[80.2357837930001,13.099530809],[80.2357851580001,13.099541582],[80.235825038,13.099878925],[80.2358606000001,13.1001091860001],[80.2358606620001,13.100109538],[80.235865146,13.1001386180001],[80.2358653900001,13.100140196],[80.2359109390001,13.100352704],[80.2359487090001,13.1005436290001],[80.235994131,13.1008103360001],[80.2360228310001,13.101015412],[80.2360233260001,13.1010164310001],[80.236024334,13.101016961],[80.23602478,13.1010169840001],[80.2360567490001,13.1010146570001],[80.2362336530001,13.100992305],[80.2363416150001,13.100977331],[80.2363420990001,13.1009772420001],[80.236369402,13.100973477],[80.236540318,13.1009497740001],[80.2365404380001,13.100949756],[80.236617928,13.10093901],[80.2366261510001,13.100937951],[80.236626184,13.100937948],[80.2366946610001,13.1009291400001],[80.236775897,13.100918689],[80.236776739,13.100918581],[80.2368535640001,13.1009086990001],[80.236854463,13.100908583],[80.2369217240001,13.1008999320001],[80.2369236370001,13.1008993240001],[80.2369252030001,13.100898085],[80.2369262140001,13.1008963790001],[80.236926537,13.1008944320001],[80.2369309910001,13.1009322150001],[80.236944576,13.101048081],[80.236944684,13.1010489710001],[80.236970253,13.101253737],[80.2369710720001,13.1012601680001],[80.2369764050001,13.1012999810001],[80.236976918,13.1013038040001],[80.2370437160001,13.101549499],[80.2370612130001,13.101613855],[80.2370622020001,13.101634835],[80.237064645,13.101686667],[80.2370755690001,13.1019183340001],[80.2370847860001,13.102091049],[80.237100362,13.1022763710001],[80.237104306,13.102323244],[80.2371043260001,13.1023235380001],[80.2371126850001,13.1024229880001],[80.2371182700001,13.102559355],[80.2371353830001,13.10297709],[80.2371394350001,13.1030759610001],[80.2371394520001,13.1030762610001],[80.2371746460001,13.1037249620001],[80.2371766960001,13.1037627490001],[80.2371965250001,13.1041152],[80.237216441,13.104449935],[80.237226455,13.1046472],[80.237245375,13.104928971],[80.2372453980001,13.1049292590001],[80.237270445,13.1053561730001],[80.2372770440001,13.105492968],[80.2372852120001,13.105659298],[80.2373446020001,13.105865029],[80.2373043910001,13.106101342],[80.2373040320001,13.1061034460001],[80.2373054970001,13.1061346000001],[80.237327662,13.1065743660001],[80.2373292620001,13.106606114],[80.2373449350001,13.1068875340001],[80.2373546260001,13.1070615470001],[80.2373279540001,13.107208766],[80.2372743620001,13.107334258],[80.237098518,13.1076498350001],[80.2367417440001,13.1076670160001],[80.236080391,13.107705293],[80.2356227650001,13.1077294350001],[80.2349689850001,13.1077646570001],[80.2342981340001,13.1078014080001],[80.2334646190001,13.107847894],[80.2328217290001,13.1078815160001],[80.232273127,13.10791162],[80.231850007,13.1079341390001],[80.2314142430001,13.1079584290001],[80.231005882,13.1079809],[80.230558122,13.1080065090001],[80.2301408220001,13.108025969],[80.229818906,13.108045803],[80.229684933,13.1080552490001],[80.2295606470001,13.108064019],[80.2289906010001,13.1081076150001],[80.228677056,13.108135068],[80.2282275540001,13.1081867080001],[80.227908078,13.108222642],[80.227453682,13.1082756220001],[80.2270492050001,13.1083244110001],[80.226799488,13.1083544950001],[80.2263778550001,13.108402418],[80.2259708020001,13.108448937],[80.2257376000001,13.108477894],[80.225431412,13.108512508],[80.2250863670001,13.108553516],[80.2250709560001,13.108555332],[80.2247825730001,13.108589312],[80.22448368,13.1086214160001],[80.224097376,13.108670074],[80.223721884,13.108712616],[80.2234120900001,13.108749658],[80.222972272,13.1088013180001],[80.2226199340001,13.108843657],[80.22229187,13.1088820900001],[80.222068081,13.108909715],[80.221652082,13.108955296],[80.2211764630001,13.109009557],[80.2207555590001,13.1090599140001],[80.2204782490001,13.1090927110001],[80.220165965,13.1091293810001],[80.2198411310001,13.1091670970001],[80.219469508,13.1092110910001],[80.2192116740001,13.1092399670001],[80.218735033,13.1092963],[80.2183486490001,13.109340338],[80.2180042530001,13.109379801],[80.2177436490001,13.109409752],[80.216964578,13.1095014530001],[80.2163482460001,13.1095739310001],[80.215902509,13.109626565],[80.2158366680001,13.109629957],[80.2154939760001,13.1096741700001],[80.2150684630001,13.109722966],[80.2146339010001,13.1097744470001],[80.2141534730001,13.109831754],[80.2136796020001,13.1098864590001],[80.2131972430001,13.10994177],[80.2129387800001,13.1099740600001],[80.212940191,13.1099809510001],[80.2124690480001,13.1100262590001],[80.212194593,13.110057607],[80.211823511,13.110104666],[80.2114633360001,13.1101448850001],[80.211166361,13.110182314],[80.210836181,13.1102179220001],[80.2103001090001,13.110280658],[80.2095368430001,13.1103672900001],[80.209136431,13.1104126270001],[80.208557903,13.1104815580001],[80.2076994780001,13.1105881460001],[80.2074938440001,13.1106162670001],[80.2066470670001,13.1107564330001],[80.2066498040001,13.1107775080001],[80.2066723010001,13.110953712],[80.206691796,13.111116978],[80.2067313480001,13.1112680160001],[80.2067335730001,13.1113597300001],[80.2067641780001,13.1115670410001],[80.2067770300001,13.1116359000001],[80.206824979,13.1119945670001],[80.2068303170001,13.112033765],[80.206839126,13.112098449],[80.206855089,13.112298536],[80.206859385,13.1123915530001],[80.2068612020001,13.112432031],[80.2068661210001,13.112539434],[80.2068679430001,13.112813895],[80.2068535880001,13.1130321970001],[80.2068486030001,13.113122392],[80.2068442030001,13.1131863140001],[80.2068376330001,13.1132502200001],[80.206835013,13.1132906290001],[80.206834912,13.1133002230001],[80.2068429930001,13.1133911090001],[80.2068412620001,13.113643371],[80.20683777,13.1138694970001],[80.2068230500001,13.11417362],[80.206819244,13.1142146340001],[80.2068075920001,13.114340176],[80.206776614,13.114673763],[80.2067714170001,13.1147965760001],[80.2067690200001,13.1148463920001],[80.206764476,13.115106197],[80.2067669030001,13.115205631],[80.2067704840001,13.1153787960001],[80.2067732620001,13.115377558],[80.2067704660001,13.115434312],[80.206765626,13.11549152],[80.206762263,13.1155263430001],[80.2067575720001,13.1155832270001],[80.2067489250001,13.1156526880001],[80.206730194,13.115718401],[80.2066978070001,13.1158311950001],[80.206683534,13.115865989],[80.2066623870001,13.1159068160001],[80.206623941,13.1159733220001],[80.2066116600001,13.1159926340001],[80.2065875660001,13.116031193],[80.2065386990001,13.116101311],[80.2065151910001,13.116139735],[80.206493471,13.116179157],[80.2064735860001,13.116219501],[80.2064555740001,13.116260681],[80.206439474,13.1163026150001],[80.206424186,13.1163468940001],[80.206410879,13.1163917860001],[80.206399579,13.116437208],[80.206390308,13.116483069],[80.206383083,13.116529282],[80.206377918,13.1165757590001],[80.206372404,13.116680681],[80.2063693740001,13.116785701],[80.2063688280001,13.116890761],[80.2063710830001,13.1171301680001],[80.206371641,13.117189511],[80.2063721200001,13.1172403150001],[80.206375634,13.117312731],[80.2063876380001,13.117424009],[80.2063909290001,13.1174545120001],[80.2064085040001,13.117617421],[80.2064137550001,13.1176660580001],[80.2064170940001,13.1177081050001],[80.2064230110001,13.1177497570001],[80.2064314930001,13.1177909800001],[80.2064425090001,13.1178316240001],[80.2064560200001,13.117871538],[80.2064799600001,13.117947228],[80.206501717,13.11802355],[80.2065212730001,13.11810044],[80.206538612,13.118177836],[80.2065452480001,13.11824095],[80.2065496700001,13.1183042500001],[80.2065518730001,13.118367661],[80.2065518530001,13.118431109],[80.2065496110001,13.118494519],[80.2065390240001,13.11874126],[80.2065393070001,13.1187432130001],[80.206540283,13.1187449390001],[80.2065418240001,13.1187462080001],[80.2065442530001,13.118746905],[80.2064799780001,13.118743458],[80.2064293910001,13.118740745],[80.2063742080001,13.1187439770001],[80.2063189400001,13.118745324],[80.2062636570001,13.1187447830001],[80.206208426,13.1187423540001],[80.206153316,13.1187380420001],[80.2060983950001,13.1187318510001],[80.2057645150001,13.1186845240001],[80.205729498,13.118680779],[80.20557009,13.1186649840001],[80.2051624420001,13.118630002],[80.2050755270001,13.118619457],[80.2047070850001,13.118574278],[80.204705167,13.118573682],[80.204703592,13.118572452],[80.204702572,13.118570752],[80.204702238,13.118568806],[80.20471107,13.118309089],[80.204713993,13.118237822],[80.2046771810001,13.1182363720001],[80.2046742540001,13.1183077630001],[80.2046618430001,13.1185628650001],[80.2046617400001,13.1185636810001],[80.204660989,13.118565511],[80.2046596210001,13.118566958],[80.204657814,13.118567828],[80.2046558100001,13.1185680080001],[80.2046205460001,13.1185648470001],[80.2046204390001,13.1185648370001],[80.2044949620001,13.118553589],[80.204334047,13.1185414890001],[80.204173503,13.118531734],[80.2041596980001,13.118533703],[80.204114039,13.118531935],[80.2040638510001,13.1185326840001],[80.2040110020001,13.118529446],[80.2039632240001,13.1185268570001],[80.203917145,13.1185204880001],[80.2038708040001,13.1185163110001],[80.2038243100001,13.1185143380001],[80.2037777740001,13.118514572],[80.203731303,13.1185170140001],[80.2036850090001,13.118521657],[80.2036625370001,13.1185252080001],[80.203660525,13.1185251630001],[80.2036586630001,13.1185244160001],[80.2036571960001,13.118523065],[80.2036563190001,13.1185212890001],[80.2036562100001,13.1185208200001],[80.2036484800001,13.118478974],[80.2036419880001,13.11843155],[80.2036377140001,13.1183838850001],[80.203633144,13.118352412],[80.2036306900001,13.118320711],[80.203630359,13.118288922],[80.2036321560001,13.118257181],[80.2035903660001,13.118254909],[80.203588493,13.1182879940001],[80.2035888510001,13.1183224750001],[80.203591514,13.118356858],[80.2035961190001,13.1183885740001],[80.203600378,13.118436076],[80.2036071250001,13.118485359],[80.2036148430001,13.1185271460001],[80.203614836,13.118529118],[80.2036141090001,13.1185309570001],[80.2036127590001,13.1185324210001],[80.203610966,13.118533314],[80.203610278,13.1185334670001],[80.2035673170001,13.1185402560001],[80.2034500140001,13.118561084],[80.2034007350001,13.1185708030001],[80.2033987230001,13.118570834],[80.2033968320001,13.1185701580001],[80.203395313,13.1185688640001],[80.203394367,13.118567124],[80.203394109,13.118565442],[80.2033944560001,13.1185252120001],[80.2033951000001,13.118472388],[80.203398544,13.118418999],[80.2034073680001,13.118318646],[80.203360552,13.1183058020001],[80.2033509120001,13.1184155130001],[80.203347357,13.118470631],[80.2033466830001,13.11852585],[80.2033470440001,13.1185348670001],[80.2033487080001,13.1185764090001],[80.2033484190001,13.1185783610001],[80.203347438,13.118580083],[80.2033458940001,13.118581347],[80.2033442680001,13.1185819400001],[80.2033432700001,13.118582136],[80.2033380810001,13.1185831610001],[80.2033378390001,13.1185832090001],[80.203333146,13.1185841380001],[80.203236985,13.1186018180001],[80.203140481,13.1186176000001],[80.2030436730001,13.1186314710001],[80.202946604,13.1186434270001],[80.202807545,13.118665546],[80.2027837900001,13.1186662480001],[80.2027639830001,13.118668241],[80.202744389,13.1186716450001],[80.2027358390001,13.118673331],[80.2027271220001,13.1186726660001],[80.2027189120001,13.1186697040001],[80.202711847,13.118664672],[80.202693804,13.118637999],[80.202677328,13.1186103700001],[80.202662473,13.1185818760001],[80.2026591530001,13.118574161],[80.2026550680001,13.118559642],[80.2026394090001,13.118505708],[80.2026242100001,13.118460618],[80.2026078790001,13.1184178620001],[80.202570946,13.1184303060001],[80.2025873800001,13.1184733320001],[80.2026020820001,13.1185169500001],[80.2026177210001,13.1185708200001],[80.202635457,13.1186240710001],[80.202655258,13.118676613],[80.2026558740001,13.1186807500001],[80.2026564160001,13.1186843940001],[80.2026556970001,13.1186922260001],[80.2026531390001,13.118699679],[80.202648884,13.1187063460001],[80.2026431640001,13.1187118610001],[80.2026362940001,13.118715921],[80.2027132310001,13.1187456210001],[80.2027322800001,13.11889224],[80.2027389670001,13.1189542810001],[80.202747587,13.1190159550001],[80.2027581450001,13.119077341],[80.202770732,13.1191287120001],[80.202770882,13.119129796],[80.2027705830001,13.119131747],[80.202769592,13.119133463],[80.2027680400001,13.119134719],[80.2027661320001,13.119135348],[80.202673572,13.119148292],[80.202463042,13.1191802810001],[80.2024495150001,13.1191886020001],[80.202437204,13.1191985680001],[80.2024263230001,13.1192100060001],[80.202382255,13.1192684820001],[80.2023582250001,13.119325841],[80.2023492880001,13.119349808],[80.202336163,13.1193909250001],[80.202208404,13.1196130490001],[80.2021784500001,13.1196651280001],[80.2021639370001,13.1196855580001],[80.202151218,13.119707109],[80.2021403850001,13.1197296290001],[80.202131513,13.11975296],[80.202124666,13.1197769360001],[80.202119892,13.119801388],[80.202108411,13.119967661],[80.2021059750001,13.1200029300001],[80.2021046990001,13.1200214190001],[80.2021021290001,13.1202470600001],[80.2021017330001,13.120281855],[80.2021013520001,13.1203152680001],[80.2020921580001,13.1204667600001],[80.2020898920001,13.120497507],[80.202086863,13.120538578],[80.202080999,13.120618124],[80.2020678760001,13.120769336],[80.2020421720001,13.1208918680001],[80.202034025,13.1209307120001],[80.202028431,13.120957375],[80.2019680240001,13.1212376660001],[80.20196409,13.121255918],[80.201942552,13.121337323],[80.201934114,13.1213712040001],[80.2019162830001,13.121445801],[80.2018958240001,13.1215415190001],[80.2018470100001,13.1217742850001],[80.201844925,13.121791278],[80.201829026,13.1218687570001],[80.2018194940001,13.121908961],[80.201814251,13.1219316610001],[80.2017998260001,13.122004582],[80.2017905930001,13.1220605350001],[80.2017877260001,13.1220779070001],[80.2017469190001,13.122311842],[80.2017386030001,13.12235951],[80.2017377220001,13.1223645600001],[80.201725852,13.122429616],[80.2017120150001,13.122494304],[80.2016962280001,13.122558559],[80.201640507,13.1227585730001],[80.2016389550001,13.1227647900001],[80.2016200690001,13.1228312960001],[80.2016108290001,13.122858174],[80.2015996740001,13.122884345],[80.2015866630001,13.1229096770001],[80.2015718580001,13.122934043],[80.2015602050001,13.1229509300001],[80.201546798,13.1229665170001],[80.201531785,13.122980629],[80.201515337,13.122993109],[80.2015005690001,13.123002039],[80.2014986930001,13.123002753],[80.20149668,13.1230027610001],[80.2014947980001,13.123002064],[80.2015482630001,13.123271179],[80.2015497690001,13.1232724870001],[80.2015507,13.123274236],[80.201550931,13.1232761960001],[80.201550431,13.123278107],[80.2015501820001,13.1232785730001],[80.2015039080001,13.123355862],[80.2014874750001,13.123390386],[80.2014690820001,13.1234387960001],[80.2014653210001,13.123612469],[80.2014593430001,13.123804867],[80.201461216,13.1238984820001],[80.2014627940001,13.123977305],[80.201465882,13.124131667],[80.2014708550001,13.12438016],[80.201471773,13.12442602],[80.20147295,13.1244848320001],[80.2014864500001,13.1250776210001],[80.2014991730001,13.125438307],[80.2015011220001,13.1254935700001],[80.201508333,13.125698028],[80.2015134490001,13.126083151],[80.201514209,13.12614043],[80.2015153770001,13.126228387],[80.2015185120001,13.1264278090001],[80.2015198230001,13.126511104],[80.20152204,13.1266522130001],[80.201527012,13.126838573],[80.2015288810001,13.126908665],[80.2015347180001,13.127127478],[80.2015442860001,13.127533606],[80.20155013,13.127914032],[80.201550909,13.1279647420001],[80.2015516810001,13.128014938],[80.201560435,13.1283777940001],[80.201561918,13.128426032],[80.2015756040001,13.128652925],[80.2015887860001,13.128836504],[80.2016478560001,13.128837028],[80.201943628,13.1287970060001],[80.2020232580001,13.128782245],[80.2020236990001,13.1287821450001],[80.202025511,13.1287812850001],[80.2020268900001,13.128779851],[80.2020326420001,13.1287711140001],[80.2020414780001,13.1287617680001],[80.2020518360001,13.1287540600001],[80.2020634,13.128748225],[80.2020758150001,13.1287444430001],[80.2022441380001,13.12870066],[80.202251372,13.1286973530001],[80.2023251790001,13.1287051150001],[80.2023288950001,13.128704537],[80.2023457210001,13.1287002070001],[80.2024794340001,13.128664316],[80.2025239160001,13.128655866],[80.202621713,13.128637288],[80.202755096,13.1286199890001],[80.2028160030001,13.1286120890001],[80.2028781270001,13.128604033],[80.203055239,13.1285756500001],[80.2032570430001,13.128540705],[80.203558856,13.1284970620001],[80.203779399,13.128458836],[80.204042799,13.128413746],[80.204089444,13.128404806],[80.2042111960001,13.1283792460001],[80.2042431790001,13.128369859],[80.2042788570001,13.128356561],[80.2042729130001,13.128349885],[80.2050154460001,13.1282282720001],[80.205311425,13.128191057],[80.2053556640001,13.1281899900001],[80.2053999730001,13.128191123],[80.2054441700001,13.1281944510001],[80.205552261,13.1282044590001],[80.205646614,13.1282152840001],[80.2057406800001,13.1282282820001],[80.2058344070001,13.128243449],[80.2059277440001,13.128260773],[80.2059377890001,13.1282660540001],[80.205946818,13.1282728730001],[80.205954589,13.1282810480001],[80.2059608920001,13.128290357],[80.2059655570001,13.1283005490001],[80.2059684600001,13.1283113530001],[80.205969522,13.128322477],[80.2059753300001,13.128430317],[80.2059996290001,13.1284284020001],[80.2060000020001,13.1284317980001],[80.2060020900001,13.1284393170001],[80.2060054,13.12844612],[80.206009893,13.128452237],[80.2060154270001,13.1284574700001],[80.2060218250001,13.128461653],[80.2060288800001,13.1284646500001],[80.206036366,13.128466367],[80.2060441850001,13.128466754],[80.206129543,13.128456898],[80.206425348,13.1284227400001],[80.206439813,13.1284193130001],[80.2064533650001,13.1284132230001],[80.206507006,13.128414304],[80.20650907,13.1284213000001],[80.2065249080001,13.1284354370001],[80.206535129,13.128440771],[80.2065575070001,13.128453297],[80.2065661030001,13.1284581080001],[80.206622784,13.128499017],[80.2066777960001,13.1285418310001],[80.2067327660001,13.1285879050001],[80.2067499500001,13.128607285],[80.206764331,13.128628174],[80.2067760090001,13.1286506160001],[80.206785939,13.128677324],[80.2067922130001,13.1286815400001],[80.2067972730001,13.1286832110001],[80.2068895350001,13.128667783],[80.2070549570001,13.1286599810001],[80.207234025,13.1286479990001],[80.2073672490001,13.128668508],[80.2073848480001,13.1286717840001],[80.207395804,13.128677609],[80.207408463,13.128689401],[80.2074092940001,13.1286898220001],[80.2074202330001,13.128693404],[80.2075648730001,13.1286957680001],[80.2076035520001,13.128687069],[80.2079620480001,13.1286726590001],[80.207993431,13.1286727560001],[80.2085143790001,13.1286061500001],[80.2092399920001,13.128937933],[80.209351278,13.1289976040001],[80.2096647450001,13.12916568],[80.2097535940001,13.12920962],[80.2101072670001,13.1294126770001],[80.210452236,13.1295882220001],[80.2105812600001,13.1296650460001],[80.210617825,13.129703374],[80.2106144260001,13.1297099820001],[80.210606887,13.1297137610001],[80.2107443030001,13.1297047],[80.210843954,13.129697734],[80.2109903180001,13.1296784400001],[80.2112053420001,13.1296323060001],[80.2112055430001,13.129633056],[80.2113126680001,13.1296055940001],[80.211313461,13.129605353],[80.2113149210001,13.129604692],[80.2113162410001,13.1296037920001],[80.2113173810001,13.1296026800001],[80.211318308,13.129601392],[80.211318992,13.1295999660001],[80.2113194130001,13.1295984450001],[80.2113195590001,13.1295968750001],[80.2113193500001,13.129594932],[80.2113064380001,13.1295365450001],[80.211304091,13.1294402660001],[80.211339137,13.1294394450001],[80.211341406,13.1295324600001],[80.2113692180001,13.1296582310001],[80.2114150150001,13.129774003],[80.2114242210001,13.129791116],[80.211425413,13.1297933440001],[80.2114506400001,13.129848742],[80.21146887,13.129906717],[80.2114730110001,13.129924863],[80.2114861480001,13.1299878880001],[80.211480593,13.1301210990001],[80.2114968440001,13.1302216720001],[80.21154426,13.130366501],[80.211579321,13.130430275],[80.211605724,13.1304715790001],[80.211639668,13.1305114790001],[80.211678949,13.130546361],[80.2116825950001,13.1305491360001],[80.2116980470001,13.130560749],[80.2118182880001,13.130614505],[80.211847726,13.130626594],[80.2119067020001,13.130644804],[80.2119125560001,13.130646201],[80.2119541150001,13.1306558680001],[80.212051187,13.130678448],[80.212342382,13.1307348670001],[80.21260763,13.130841306],[80.2126574210001,13.1308800150001],[80.2127486700001,13.1307573230001],[80.2128954870001,13.130624922],[80.2128967850001,13.130623755],[80.2129486740001,13.130582138],[80.2130049200001,13.1305463680001],[80.2130552070001,13.130521082],[80.2132671160001,13.1304264410001]],[[80.2132093540001,13.1101657740001],[80.2133729510001,13.110144618],[80.213377349,13.110146022],[80.2132093540001,13.1101657740001],[80.2129945390001,13.110214458],[80.212994359,13.1102135350001],[80.2129945200001,13.1102115690001],[80.2129953880001,13.110209791],[80.2129968460001,13.1102084350001],[80.212998703,13.1102076820001],[80.213064618,13.110193936],[80.2132093540001,13.1101657740001]]]},"properties":{"OBJECTID":6,"Name":"THIRU-VIKA-NAGAR","FolderPath":"GCC_ZONE_UPDATED","SymbolID":0,"AltMode":0,"Base":0,"Clamped":-1,"Extruded":0,"Snippet":"","PopupInfo":"","Shape__Area":0.0014273864759388744,"Shape__Length":0.272164288060652}},{"type":"Feature","id":7,"geometry":{"type":"Polygon","coordinates":[[[80.172879976,13.0814249540001],[80.171895605,13.081751755],[80.171864752,13.0817619970001],[80.1718636700001,13.081760311],[80.1718627920001,13.081758967],[80.171861795,13.0817592980001],[80.1718544920001,13.0817571000001],[80.171820767,13.0817469470001],[80.17173632,13.081721526],[80.17157726,13.081673644],[80.171117156,13.0815351370001],[80.1704917690001,13.081346873],[80.170310112,13.0812921880001],[80.170253191,13.0812750530001],[80.1701993980001,13.081455143],[80.1701398100001,13.081654632],[80.1700215440001,13.0820505630001],[80.1699948360001,13.082140512],[80.1699946000001,13.0821413050001],[80.169994306,13.082142296],[80.169973186,13.0822134260001],[80.16992715,13.082367544],[80.169909514,13.082426587],[80.169744144,13.082377153],[80.169743881,13.082377074],[80.1695683460001,13.0823246],[80.1694184830001,13.082279801],[80.1693313790001,13.0822537620001],[80.1692512280001,13.082229802],[80.1692497430001,13.0822293580001],[80.169215562,13.0822191400001],[80.169189256,13.0822112760001],[80.169182194,13.0822091650001],[80.1691750860001,13.0822070400001],[80.1691693990001,13.08220534],[80.1691433010001,13.0821975380001],[80.1690872720001,13.0821807890001],[80.1690797300001,13.082178535],[80.1688730320001,13.0821192180001],[80.1685393000001,13.082023447],[80.1685082180001,13.0820145270001],[80.1683596620001,13.081971896],[80.168013601,13.081872585],[80.1678580910001,13.0818279580001],[80.167838235,13.0818225460001],[80.1678114000001,13.081814889],[80.1678095780001,13.081814369],[80.167701154,13.0817834310001],[80.167681417,13.0817777670001],[80.1673571040001,13.0816846970001],[80.1670222210001,13.081588593],[80.1669162920001,13.081558193],[80.166913761,13.081557467],[80.1668482470001,13.081538225],[80.1668471820001,13.081537896],[80.1668139770001,13.0816756300001],[80.1668117470001,13.081682604],[80.166783927,13.0817696180001],[80.1667529360001,13.081866549],[80.1667528630001,13.0818667770001],[80.1667527710001,13.0818670630001],[80.1667492980001,13.0818779270001],[80.16675567,13.081877639],[80.1667356020001,13.0819263920001],[80.166733961,13.0819258970001],[80.1665638690001,13.0818751850001],[80.1665630420001,13.081874939],[80.1665623810001,13.081874742],[80.166486331,13.081852068],[80.16645821,13.081843656],[80.1664007940001,13.0818264810001],[80.1661210660001,13.081742805],[80.1659944610001,13.0817049340001],[80.165982258,13.0817463220001],[80.165938683,13.081869499],[80.1659380200001,13.0818715140001],[80.165877166,13.0818522760001],[80.165872617,13.081861121],[80.1658755510001,13.0818617530001],[80.1658164770001,13.082048957],[80.165838605,13.0820448440001],[80.165820534,13.082109396],[80.1658072810001,13.082156739],[80.1658012940001,13.0821781280001],[80.165789019,13.0821850020001],[80.1657887870001,13.082186956],[80.1657812430001,13.082250404],[80.1657312340001,13.0824310670001],[80.165731221,13.082431113],[80.165731205,13.0824311700001],[80.165727071,13.0824461060001],[80.1656952370001,13.082511653],[80.1656611550001,13.0825818280001],[80.1656503120001,13.082604154],[80.1656147450001,13.082724677],[80.1656147250001,13.082724736],[80.1656132200001,13.0827291890001],[80.1655624680001,13.0827129190001],[80.1654699470001,13.0826832600001],[80.1654239270001,13.0826146960001],[80.1653801460001,13.0825809200001],[80.165319061,13.0825337950001],[80.1653127500001,13.0825302920001],[80.165231835,13.082485381],[80.1651187530001,13.0824137660001],[80.1648891090001,13.0822683320001],[80.1648589930001,13.0822941280001],[80.1648316850001,13.082282739],[80.1648264830001,13.082280569],[80.16482232,13.082278833],[80.1648119270001,13.0822744980001],[80.164717367,13.082426287],[80.1647059530001,13.0824465100001],[80.1646953650001,13.082465272],[80.164645615,13.0825534260001],[80.1646282830001,13.082584135],[80.1646244620001,13.0825909070001],[80.1646196840001,13.0825993720001],[80.1645844550001,13.082661796],[80.1645840020001,13.0826622820001],[80.1645837240001,13.082663091],[80.164583276,13.0826638840001],[80.16458134,13.082663241],[80.164550584,13.082653017],[80.1642502880001,13.082886145],[80.1638869650001,13.0830528560001],[80.163572662,13.083315854],[80.163575983,13.0833642420001],[80.1635814940001,13.0834445630001],[80.163440527,13.0834796570001],[80.1633656710001,13.083498293],[80.1633033350001,13.08351793],[80.163293421,13.0835136050001],[80.163217983,13.0835464780001],[80.163214608,13.083545526],[80.1631470400001,13.0835674150001],[80.1631258890001,13.0835742670001],[80.163028694,13.083605753],[80.1630135240001,13.083611779],[80.162681471,13.0837436840001],[80.1625559380001,13.0835724190001],[80.1622525720001,13.083158537],[80.162247011,13.0831509500001],[80.1621207310001,13.083057678],[80.161725351,13.0827889070001],[80.1616329720001,13.082416557],[80.1613796060001,13.0822666340001],[80.1611229700001,13.0818315810001],[80.1612733900001,13.0812414640001],[80.1610248850001,13.0804116750001],[80.1610354800001,13.080095746],[80.1607223720001,13.0795873710001],[80.1602960050001,13.079813438],[80.160258114,13.0803298450001],[80.1573829480001,13.0807734000001],[80.156431593,13.081154908],[80.1563273140001,13.0812335320001],[80.155609305,13.081496256],[80.155609972,13.081664572],[80.1554079590001,13.081901155],[80.1542045400001,13.082041002],[80.153567448,13.0821896370001],[80.153610159,13.082840715],[80.152818649,13.083174005],[80.15239639,13.083343514],[80.1521808510001,13.0835427760001],[80.1520399340001,13.083647043],[80.1514680500001,13.0839467870001],[80.1507871900001,13.084179106],[80.1511705720001,13.0848213840001],[80.1509480010001,13.085177274],[80.1508220280001,13.085215857],[80.1508387810001,13.0852562810001],[80.150351872,13.0856539000001],[80.1502300170001,13.085700429],[80.150045891,13.0859712060001],[80.1498250910001,13.0861518150001],[80.1498257600001,13.0862059630001],[80.1494893970001,13.086417484],[80.1487049890001,13.086409851],[80.1486032160001,13.08630687],[80.1481656380001,13.0864129290001],[80.1478150090001,13.0863020680001],[80.1472376200001,13.086271416],[80.1463797470001,13.0867635860001],[80.1459824300001,13.0869153140001],[80.1458523920001,13.086884664],[80.14559582,13.086993754],[80.1455715960001,13.087157575],[80.1456134150001,13.0876418030001],[80.1457318220001,13.087614678],[80.14593976,13.0877441960001],[80.145830038,13.0878958210001],[80.1458400330001,13.087979494],[80.145579228,13.0885713370001],[80.1454169350001,13.088673514],[80.1452689870001,13.089124005],[80.145321096,13.0893752860001],[80.144887183,13.089639081],[80.144870939,13.089732369],[80.1443024820001,13.089923347],[80.1441626650001,13.0898912370001],[80.144200389,13.090405801],[80.1440582060001,13.091135599],[80.1441451110001,13.0914706900001],[80.144252905,13.091565367],[80.144592613,13.092522445],[80.1444907370001,13.0928383150001],[80.1443396600001,13.0932038990001],[80.1442549540001,13.0933938960001],[80.1442475640001,13.0935052950001],[80.1437831010001,13.094028124],[80.143782716,13.0941395460001],[80.143223246,13.094898632],[80.1433106920001,13.0952202880001],[80.1430989230001,13.0953720480001],[80.1430962490001,13.095436755],[80.142465444,13.0958473900001],[80.142476162,13.095920807],[80.1421833850001,13.0960676490001],[80.142123999,13.096217973],[80.14122059,13.096698121],[80.1411847970001,13.0968620620001],[80.1404619310001,13.0976885170001],[80.1398564400001,13.0979091200001],[80.1398121450001,13.1018998860001],[80.139690289,13.1056706050001],[80.140747859,13.108596752],[80.1411853850001,13.114230219],[80.1413579860001,13.115150478],[80.1419119810001,13.115239989],[80.1421432430001,13.11620924],[80.142919313,13.120479044],[80.1435053340001,13.12176069],[80.1432604350001,13.123164381],[80.1431174750001,13.1232894520001],[80.1430865180001,13.12399363],[80.1462023280001,13.1263650060001],[80.146585465,13.1265884800001],[80.147305445,13.127451289],[80.1472250610001,13.1290709250001],[80.146847617,13.131639335],[80.14676876,13.132732532],[80.1449221610001,13.136092885],[80.144984864,13.1383268010001],[80.1460993380001,13.1382191340001],[80.147393682,13.138085055],[80.1487686340001,13.137934812],[80.1495017820001,13.137852513],[80.1500190500001,13.1391803450001],[80.1503922580001,13.1397417650001],[80.151491272,13.1403009850001],[80.1523701990001,13.1409627360001],[80.152793854,13.1411655470001],[80.1534010070001,13.1413965360001],[80.154397982,13.1414423160001],[80.15537777,13.14146615],[80.1567788550001,13.1410185140001],[80.1573270970001,13.140987191],[80.1583297110001,13.1407777810001],[80.159123417,13.1408640440001],[80.159970925,13.1405246350001],[80.160339719,13.1403864010001],[80.161217191,13.139874949],[80.1614251830001,13.1388868400001],[80.1617409980001,13.1383723600001],[80.1624885780001,13.13782035],[80.1629055800001,13.13722911],[80.1632374440001,13.136508114],[80.1634578580001,13.1356395600001],[80.1635121950001,13.1338486830001],[80.164442453,13.133752169],[80.165653094,13.1349846690001],[80.1663660190001,13.136299825],[80.1666978370001,13.13799506],[80.1671240850001,13.1390953690001],[80.167142411,13.139433518],[80.1671986600001,13.139521959],[80.1680565450001,13.140630824],[80.168413098,13.141119083],[80.1691821150001,13.1408634860001],[80.170409223,13.1402828230001],[80.171066898,13.1399768000001],[80.171503289,13.139769147],[80.1733579660001,13.1390322620001],[80.1737334430001,13.138879257],[80.174929423,13.1382047750001],[80.1755087920001,13.137797962],[80.175836529,13.1375504750001],[80.176122277,13.137306811],[80.1762419390001,13.137142593],[80.1762426700001,13.1371421370001],[80.1768711060001,13.136749809],[80.177503394,13.1365780780001],[80.177605139,13.136550444],[80.1782008220001,13.1364097900001],[80.178399847,13.1362768060001],[80.1787820390001,13.136167636],[80.18151642,13.1353865630001],[80.1819574940001,13.135344811],[80.182379994,13.135204361],[80.183072967,13.1359362260001],[80.1851221780001,13.138043376],[80.1874631800001,13.139086062],[80.1880901710001,13.1389274960001],[80.1880857150001,13.1384227410001],[80.1883607220001,13.1380831180001],[80.189116228,13.137505108],[80.1890417640001,13.1364881270001],[80.1884987350001,13.135714708],[80.1886024470001,13.135220299],[80.1893229200001,13.1351618420001],[80.18933415,13.135075241],[80.189979619,13.1351843580001],[80.190196105,13.1352355400001],[80.1908449430001,13.1351743930001],[80.191131017,13.1351913500001],[80.1914346190001,13.1350030840001],[80.1915311610001,13.134701217],[80.1919049540001,13.134185673],[80.192627638,13.1334863750001],[80.1932700890001,13.131594825],[80.193509749,13.1312612670001],[80.1938300950001,13.129997095],[80.194553349,13.1300257300001],[80.194461813,13.1288473750001],[80.1944344030001,13.128384618],[80.1946799880001,13.1282771410001],[80.1954694250001,13.1283078110001],[80.1961972180001,13.128206215],[80.196694698,13.1280325770001],[80.1969703060001,13.128425812],[80.1975150530001,13.1283856750001],[80.197960176,13.128345794],[80.198501003,13.128402255],[80.1988557320001,13.128497419],[80.1989253730001,13.12892401],[80.1998009590001,13.128891792],[80.2001272320001,13.129035108],[80.200331722,13.12902001],[80.2006647270001,13.1289660260001],[80.2015894680001,13.1287610470001],[80.2015817060001,13.1286529450001],[80.2015680210001,13.1284260520001],[80.201557784,13.1280149570001],[80.2015570120001,13.127964761],[80.2015562330001,13.1279140510001],[80.2015503900001,13.1275336260001],[80.201540821,13.1271274970001],[80.2015349850001,13.126908685],[80.2015331540001,13.1268400710001],[80.2015331150001,13.1268385920001],[80.2015281430001,13.1266522330001],[80.2015259250001,13.1265111230001],[80.2015246780001,13.126431855],[80.201524614,13.126427827],[80.2015214800001,13.1262284050001],[80.2015203120001,13.12614045],[80.2015203120001,13.1261403980001],[80.201519552,13.1260831700001],[80.2015144360001,13.1256980470001],[80.2015072250001,13.125493589],[80.201505276,13.125438327],[80.201492552,13.1250776410001],[80.2014790530001,13.12448485],[80.2014778760001,13.1244260390001],[80.201477874,13.1244259740001],[80.2014769570001,13.1243801790001],[80.2014719850001,13.124131687],[80.2014688960001,13.1239773240001],[80.201467414,13.1239032560001],[80.2014673180001,13.123898502],[80.2014654450001,13.1238048860001],[80.201471423,13.123612488],[80.201475185,13.123438815],[80.2014935780001,13.1233904050001],[80.201510011,13.1233558810001],[80.2015562860001,13.1232785920001],[80.2015565340001,13.123278127],[80.2015570330001,13.123276215],[80.2015568030001,13.1232742560001],[80.2015558720001,13.123272506],[80.201554365,13.123271199],[80.2015009,13.1230020840001],[80.2015027830001,13.123002781],[80.2015047960001,13.1230027720001],[80.2015066710001,13.123002059],[80.201521439,13.1229931280001],[80.201537887,13.1229806480001],[80.2015529000001,13.122966537],[80.2015663080001,13.122950949],[80.2015779610001,13.1229340630001],[80.201592765,13.122909695],[80.2016057770001,13.1228843640001],[80.201616932,13.1228581940001],[80.201626172,13.122831316],[80.2016450570001,13.1227648080001],[80.2016466100001,13.1227585930001],[80.2016481790001,13.1227529610001],[80.201702331,13.122558579],[80.201718118,13.1224943240001],[80.2017319550001,13.1224296350001],[80.2017438250001,13.1223645790001],[80.2017447050001,13.1223595290001],[80.201753022,13.1223118610001],[80.201779979,13.1221573230001],[80.2017938290001,13.1220779270001],[80.201796695,13.122060554],[80.201805929,13.1220046010001],[80.2018203530001,13.12193168],[80.201825596,13.1219089790001],[80.2018351290001,13.121868776],[80.2018510280001,13.1217912970001],[80.2018531130001,13.121774305],[80.2019019270001,13.1215415390001],[80.201922386,13.1214458200001],[80.2019402160001,13.121371224],[80.2019486290001,13.1213374390001],[80.201948654,13.1213373420001],[80.2019701930001,13.121255938],[80.2019741270001,13.121237685],[80.2020345340001,13.1209573950001],[80.2020401280001,13.120930731],[80.202048275,13.1208918880001],[80.202073979,13.120769356],[80.2020871020001,13.1206181430001],[80.2020929650001,13.1205385970001],[80.202095995,13.1204975250001],[80.2020982600001,13.120466779],[80.202107455,13.120315288],[80.202107836,13.1202818740001],[80.2021082320001,13.120247079],[80.202110802,13.120021439],[80.202112077,13.120002949],[80.2021145140001,13.1199676800001],[80.2021259950001,13.1198014070001],[80.2021307690001,13.1197769550001],[80.2021330800001,13.119768865],[80.2021376160001,13.1197529790001],[80.2021464870001,13.119729648],[80.202150068,13.119722203],[80.2021573210001,13.1197071280001],[80.2021700390001,13.119685577],[80.2021845530001,13.119665148],[80.2022145070001,13.119613069],[80.2023422660001,13.1193909450001],[80.2023540900001,13.1193539020001],[80.2023553910001,13.1193498270001],[80.202364328,13.1193258600001],[80.2023883580001,13.1192685020001],[80.202432426,13.1192100260001],[80.2024359010001,13.1192063720001],[80.2024433060001,13.119198587],[80.202455618,13.119188621],[80.2024691450001,13.119180301],[80.2026796750001,13.119148312],[80.2027722340001,13.1191353670001],[80.2027741420001,13.1191347380001],[80.2027756940001,13.1191334820001],[80.2027766850001,13.1191317660001],[80.2027769850001,13.1191298150001],[80.2027768350001,13.119128732],[80.2027642480001,13.1190773600001],[80.2027536890001,13.119015975],[80.20274507,13.118954301],[80.2027383830001,13.1188922590001],[80.2027193330001,13.118745641],[80.202716954,13.1187425410001],[80.202714912,13.118741813],[80.202642397,13.1187159410001],[80.2026478280001,13.118712729],[80.202649266,13.11871188],[80.2026549870001,13.118706364],[80.202659242,13.118699699],[80.2026618,13.118692246],[80.2026625190001,13.118684414],[80.202661977,13.118680769],[80.2026613610001,13.1186766330001],[80.2026415600001,13.1186240910001],[80.2026238230001,13.118570839],[80.202612495,13.118531816],[80.202608185,13.11851697],[80.2025934820001,13.118473352],[80.2025770490001,13.1184303250001],[80.2025639140001,13.1183996520001],[80.2025589090001,13.1183879600001],[80.202539093,13.118346321],[80.20251763,13.118305472],[80.2024715690001,13.118211511],[80.2024475480001,13.118166058],[80.202424061,13.118118403],[80.2024077040001,13.118076095],[80.2023853480001,13.118027673],[80.202382749,13.118022045],[80.2023574300001,13.117975632],[80.202331089,13.117927347],[80.2022772930001,13.1178337910001],[80.202221384,13.117741429],[80.202100493,13.117562794],[80.2020701480001,13.117517956],[80.2019865240001,13.117394388],[80.2019658660001,13.117363864],[80.201835611,13.1171584850001],[80.2018106830001,13.1171192410001],[80.2018105910001,13.117119095],[80.2018022930001,13.1171060360001],[80.201729948,13.116992171],[80.2017225540001,13.1169805330001],[80.2017115720001,13.116964162],[80.2016949470001,13.116939383],[80.201667113,13.116897793],[80.201642969,13.11686554],[80.201605171,13.116826002],[80.201578053,13.116764146],[80.2015626,13.116721978],[80.2015500360001,13.116679758],[80.20152999,13.1166103940001],[80.2015129690001,13.116539674],[80.201501196,13.116478783],[80.201499293,13.1164689440001],[80.2014917970001,13.1164300570001],[80.2014826370001,13.1163922580001],[80.2014716950001,13.1163549130001],[80.2014589920001,13.116318108],[80.2014445610001,13.116281923],[80.2014278180001,13.1162450890001],[80.2014161970001,13.116215719],[80.2014091620001,13.1161979390001],[80.201389046,13.1161529120001],[80.20136698,13.116108766],[80.201343007,13.116065586],[80.20131717,13.116023451],[80.2012885820001,13.1159810500001],[80.2012684890001,13.1159465690001],[80.201252954,13.1159230550001],[80.2012377350001,13.1159016780001],[80.2012247440001,13.115884223],[80.2012002870001,13.115854933],[80.201173672,13.115826452],[80.2011444290001,13.1157955],[80.201116105,13.115762686],[80.2010890810001,13.1157283680001],[80.2009981790001,13.115594856],[80.2009908590001,13.11558347],[80.200965469,13.115543965],[80.2009653200001,13.115543701],[80.2009352310001,13.115491902],[80.200920142,13.115463005],[80.200905591,13.1154347240001],[80.2007872520001,13.1151800420001],[80.200782684,13.115170903],[80.2007649070001,13.1151353440001],[80.2007410300001,13.11508758],[80.200703042,13.115011585],[80.2006530690001,13.114932406],[80.2006178440001,13.114870293],[80.200601217,13.11483371],[80.200591069,13.114809915],[80.2005641810001,13.1147505210001],[80.2005324610001,13.1146775780001],[80.2005230830001,13.114656014],[80.200508514,13.1146225110001],[80.2004976490001,13.114595169],[80.200481347,13.114547374],[80.200416676,13.1143711830001],[80.2003774140001,13.1142742230001],[80.2003118330001,13.114128626],[80.2003084390001,13.1141225580001],[80.2003040170001,13.1141161030001],[80.2002682340001,13.114067339],[80.200265588,13.114062372],[80.2002610380001,13.1140589820001],[80.200181387,13.1139872590001],[80.200099831,13.113917653],[80.19998775,13.113821445],[80.1999554210001,13.113793199],[80.1999240550001,13.113762799],[80.1998943350001,13.1137308470001],[80.1998663420001,13.113697432],[80.1998401530001,13.113662644],[80.1998158580001,13.11362661],[80.1997081370001,13.113448181],[80.1996982430001,13.113431092],[80.199679561,13.1133988290001],[80.1995599940001,13.1131923340001],[80.1995586990001,13.1131908240001],[80.1995569380001,13.1131898670001],[80.199554946,13.113189592],[80.1995538090001,13.1131898360001],[80.199515196,13.1131742360001],[80.1994362040001,13.1130139410001],[80.1993649200001,13.1128638060001],[80.199349802,13.112829612],[80.1993487460001,13.112828042],[80.1993471210001,13.112826878],[80.199345178,13.112826362],[80.1993431750001,13.11282656],[80.1990538920001,13.1129091340001],[80.1990465790001,13.1128845170001],[80.199331343,13.1128032140001],[80.1993331410001,13.1128023260001],[80.1993344960001,13.112800867],[80.1993352310001,13.1127990300001],[80.1993352470001,13.1127970590001],[80.199334874,13.1127958480001],[80.1989338540001,13.1120668400001],[80.1989042150001,13.112011898],[80.1988298570001,13.1118761500001],[80.1987313240001,13.111731696],[80.1961334870001,13.1080217250001],[80.195628974,13.10725039],[80.1953013400001,13.106608781],[80.19510117,13.1060281850001],[80.1949670540001,13.105391492],[80.1949307250001,13.1050745520001],[80.1948850570001,13.1041398460001],[80.1948141450001,13.102684702],[80.1948693780001,13.1019534800001],[80.194779248,13.1019412650001],[80.1947742670001,13.101700011],[80.194780285,13.101506264],[80.1948161590001,13.1011853900001],[80.1948810870001,13.1009053870001],[80.194951555,13.1007085850001],[80.194964015,13.1006783340001],[80.1950497510001,13.1004953230001],[80.1951585840001,13.100301444],[80.195257494,13.1001521100001],[80.1951324730001,13.099157271],[80.195155646,13.098763961],[80.195152212,13.098599931],[80.195143741,13.098368162],[80.1951310170001,13.0980540090001],[80.1951256200001,13.097784274],[80.195121934,13.0976104980001],[80.1951409600001,13.0975593270001],[80.1952917300001,13.0971538200001],[80.1953003360001,13.09707853],[80.1953105310001,13.097075386],[80.195320049,13.0970703130001],[80.195328391,13.0970635360001],[80.195335248,13.097055315],[80.195340361,13.0970459530001],[80.1953435410001,13.097035799],[80.195422652,13.0970418810001],[80.1954094720001,13.0966089410001],[80.1954081820001,13.0964952690001],[80.195412321,13.096294008],[80.195384027,13.095932652],[80.19538019,13.0956821360001],[80.1953754730001,13.0955851430001],[80.1953704160001,13.0953465420001],[80.1953636280001,13.095162923],[80.195362479,13.095061436],[80.1953481410001,13.0947632740001],[80.195345579,13.094622203],[80.19534665,13.09452379],[80.195336389,13.0944339330001],[80.195338834,13.0943628160001],[80.195333615,13.0942655650001],[80.1953305480001,13.09406813],[80.195321074,13.093864565],[80.195309637,13.0937241550001],[80.195286158,13.093609085],[80.1952847150001,13.0935407330001],[80.1952749920001,13.093217103],[80.1952747280001,13.0931432840001],[80.195411967,13.093140126],[80.1956205600001,13.093135326],[80.1958431990001,13.0931322910001],[80.1958341500001,13.093005438],[80.195826218,13.092835145],[80.195818725,13.0926143190001],[80.1958131630001,13.0924676430001],[80.1958048750001,13.092249076],[80.1957957720001,13.091984031],[80.195788689,13.091835813],[80.1957832590001,13.0916329880001],[80.1957819890001,13.0915987440001],[80.19729012,13.091549296],[80.1974059720001,13.0915582690001],[80.1975325640001,13.0915638340001],[80.1975455190001,13.0914084],[80.198483406,13.091391491],[80.1984827690001,13.0910694930001],[80.198482767,13.091069299],[80.198481428,13.0909385140001],[80.1984762590001,13.090333743],[80.1984759630001,13.090271225],[80.1984747810001,13.090042039],[80.1984727650001,13.089571189],[80.1984702080001,13.0893187630001],[80.1984696640001,13.0892664260001],[80.1984693910001,13.089240026],[80.198467609,13.0889687870001],[80.1984667980001,13.0889577930001],[80.1984674170001,13.088939957],[80.1984662730001,13.088754528],[80.1984658090001,13.0886792480001],[80.198465174,13.0885762360001],[80.1984627670001,13.0881787650001],[80.1984622890001,13.0879549590001],[80.198462218,13.087921667],[80.1984640690001,13.087886713],[80.198467711,13.0877391110001],[80.198467297,13.0876105],[80.1984664240001,13.0875209590001],[80.1984501960001,13.086965994],[80.198442415,13.0869805780001],[80.198432928,13.086994158],[80.1984218630001,13.087006542],[80.198409381,13.0870175580001],[80.1983956540001,13.0870270450001],[80.198380876,13.087034875],[80.1983652590001,13.087040937],[80.198349018,13.087045141],[80.1983323840001,13.0870474330001],[80.1982797140001,13.0870521430001],[80.1980388140001,13.0870736850001],[80.1977997710001,13.0870885850001],[80.1976439430001,13.087096511],[80.197516632,13.087102535],[80.1974720970001,13.087104863],[80.197213038,13.087118407],[80.197064095,13.0871239890001],[80.1969358250001,13.0871283550001],[80.196725363,13.0871334760001],[80.1964566030001,13.087140515],[80.1962766570001,13.087145978],[80.196275923,13.0871459530001],[80.1962739910001,13.0871453990001],[80.19627239,13.087144204],[80.1962713290001,13.0871425280001],[80.1962709520001,13.08714059],[80.1962686320001,13.0867662250001],[80.196265661,13.086690425],[80.1962636470001,13.0866390250001],[80.1962643210001,13.0866408840001],[80.196265628,13.086642383],[80.196267398,13.0866433260001],[80.196269149,13.086643554],[80.196269391,13.086643585],[80.1963863700001,13.0866377610001],[80.196554453,13.0866353380001],[80.1968258250001,13.0866278010001],[80.1971147530001,13.0865825540001],[80.1971143110001,13.0865554870001],[80.197076715,13.0863308190001],[80.1970764970001,13.086308215],[80.1970829690001,13.086218323],[80.1970830800001,13.086195719],[80.1970334170001,13.086124763],[80.1970326320001,13.086088445],[80.1970980840001,13.0859007170001],[80.197097661,13.085867433],[80.197178808,13.0858639],[80.1971813040001,13.085863241],[80.1971828650001,13.085861998],[80.197183871,13.085860289],[80.1971841870001,13.0858583400001],[80.197182377,13.0857883040001],[80.19717841,13.085654495],[80.1971762740001,13.0856173940001],[80.197174278,13.085582701],[80.1971702590001,13.085512887],[80.197167581,13.0853188680001],[80.1971672910001,13.085282014],[80.1971637010001,13.0852395910001],[80.197163055,13.0852004180001],[80.1971606810001,13.0850722910001],[80.197157351,13.0849463860001],[80.1971323550001,13.084945856],[80.1971248410001,13.0849443880001],[80.197118204,13.084940633],[80.1971131480001,13.0849349870001],[80.1971102090001,13.0849280520001],[80.197108611,13.08484917],[80.197106885,13.0846910770001],[80.1971066950001,13.084581471],[80.1971068120001,13.08441873],[80.1971039740001,13.084232738],[80.197105337,13.084091835],[80.197103843,13.0839242650001],[80.197102408,13.0838718250001],[80.1970987560001,13.083723489],[80.1970935420001,13.0836088930001],[80.1968974310001,13.083616019],[80.1968735310001,13.0830221480001],[80.1979101790001,13.0829393390001],[80.198010744,13.0829321310001],[80.198214265,13.0829270950001],[80.198270226,13.0829364480001],[80.1983006140001,13.0829365550001],[80.1983987410001,13.0829336090001],[80.198406575,13.0829337380001],[80.198414213,13.0829320290001],[80.1984212120001,13.082928582],[80.1984271700001,13.0829235950001],[80.198431741,13.082917358],[80.19843466,13.082909188],[80.1984348170001,13.0828241240001],[80.1984350380001,13.082702496],[80.198435197,13.0826157160001],[80.1984170650001,13.0821552520001],[80.1984162300001,13.0819444000001],[80.1984290220001,13.0815404530001],[80.1984321960001,13.0814402250001],[80.1984340970001,13.081380171],[80.198447366,13.0810848580001],[80.1984470890001,13.081082904],[80.1984463260001,13.0810814430001],[80.1983426350001,13.0809406230001],[80.1983318010001,13.0809270680001],[80.198321289,13.080910644],[80.19831263,13.080893331],[80.1983070630001,13.0808816520001],[80.1983010500001,13.08086904],[80.1982907280001,13.080841128],[80.1982684960001,13.0807745490001],[80.1982602900001,13.080733282],[80.198245915,13.080640961],[80.198222747,13.080450614],[80.198212809,13.080386194],[80.198195098,13.08024464],[80.1981594900001,13.079973022],[80.198140698,13.0798552580001],[80.19812505,13.0797378990001],[80.1981173950001,13.079671627],[80.1981176140001,13.079629363],[80.198107812,13.0795702020001],[80.1981018920001,13.079516068],[80.1980966180001,13.079438011],[80.1980896050001,13.0793188110001],[80.1980811080001,13.079205797],[80.1980758990001,13.0791514430001],[80.1980742280001,13.0791395950001],[80.1980092360001,13.0786787750001],[80.1979864300001,13.0785431670001],[80.1979372000001,13.0782219380001],[80.197912031,13.07804708],[80.1978856170001,13.077886415],[80.197871852,13.0778234860001],[80.1978553860001,13.0777611830001],[80.197836249,13.0776996170001],[80.1978261520001,13.0776415660001],[80.1978149380001,13.077577094],[80.197811061,13.077541314],[80.1978100870001,13.077532316],[80.1978091120001,13.0775233200001],[80.197792468,13.0773696540001],[80.1977558250001,13.0771172560001],[80.1977534900001,13.077101171],[80.1977354460001,13.077004819],[80.1977174830001,13.076883421],[80.197708898,13.076803452],[80.1976821200001,13.076609433],[80.1976558370001,13.0764084420001],[80.1976186740001,13.0761490960001],[80.197593467,13.075957601],[80.19758962,13.075909272],[80.197589926,13.0758815180001],[80.1975923630001,13.075853861],[80.1975969200001,13.07582646],[80.1976038620001,13.075798266],[80.1976130360001,13.075776521],[80.19762374,13.075755906],[80.1976263000001,13.0757509750001],[80.1976272090001,13.075749224],[80.197627132,13.075747286],[80.197626341,13.075745495],[80.1976249420001,13.0757440890001],[80.1976233300001,13.075743312],[80.1975834990001,13.075731343],[80.1975089520001,13.075709143],[80.1973536850001,13.075662906],[80.1971692920001,13.075615192],[80.1971325440001,13.075604835],[80.1970338070001,13.075578907],[80.1967662370001,13.075520027],[80.196487689,13.0754622870001],[80.1962506120001,13.075410434],[80.196204424,13.0754003320001],[80.196168964,13.0753925770001],[80.1956824650001,13.0752652910001],[80.1956146940001,13.075243953],[80.19554757,13.0752207300001],[80.1954811460001,13.075195642],[80.1954154800001,13.0751687060001],[80.1952948790001,13.0751079],[80.195175712,13.075044437],[80.19505804,13.0749783470001],[80.194998459,13.0749371220001],[80.1949986880001,13.07493677],[80.194940462,13.074893688],[80.194903186,13.074864587],[80.1948833960001,13.0748491370001],[80.1948512000001,13.0748179130001],[80.1948289570001,13.0747963420001],[80.19482544,13.074794786],[80.194789261,13.0747923750001],[80.194751194,13.074788052],[80.1946759150001,13.074774126],[80.194638878,13.074764557],[80.194630267,13.074764615],[80.1946218990001,13.0747666030001],[80.194614216,13.074770415],[80.1946024790001,13.074782617],[80.1945955020001,13.074857824],[80.1945839480001,13.075073586],[80.1945831790001,13.075073886],[80.1945824060001,13.075097783],[80.1945840500001,13.0751216580001],[80.1945880910001,13.075145274],[80.194594491,13.0751683890001],[80.1946031840001,13.0751907690001],[80.1946070120001,13.0751999290001],[80.194609509,13.0752059010001],[80.1946138590001,13.0752217090001],[80.1946161690001,13.075237943],[80.1946163980001,13.0752543420001],[80.1946145470001,13.0752706440001],[80.1945835220001,13.0753948730001],[80.1945298270001,13.0756266290001],[80.194526158,13.0756401030001],[80.1945201140001,13.075652731],[80.1945118890001,13.075664111],[80.19450211,13.0756742670001],[80.1944845500001,13.075682934],[80.194417425,13.075705058],[80.1943440270001,13.0757256960001],[80.194269896,13.075743634],[80.1942357710001,13.075750323],[80.1942012750001,13.075754865],[80.1941665480001,13.0757572360001],[80.193962024,13.0757688950001],[80.1938198940001,13.0757707670001],[80.193684568,13.0757725500001],[80.1935080870001,13.075782939],[80.1933364990001,13.0757920780001],[80.193175819,13.0757940180001],[80.1931113680001,13.075801949],[80.1930472610001,13.0758122120001],[80.1929958590001,13.075822369],[80.1929835920001,13.075824793],[80.1925431710001,13.076134371],[80.1925130050001,13.076137074],[80.1925053400001,13.0760548600001],[80.192489907,13.075893867],[80.1924711670001,13.0757853960001],[80.1923792200001,13.075385007],[80.192303198,13.0750226430001],[80.1922484630001,13.074779608],[80.1922380010001,13.0747287310001],[80.192230044,13.074677428],[80.1922246130001,13.074625822],[80.1921934520001,13.0743726430001],[80.1921779740001,13.0742469],[80.1921761280001,13.074243471],[80.1921723710001,13.074242127],[80.1918279380001,13.0742488020001],[80.191567164,13.0742567570001],[80.1914778840001,13.0742585460001],[80.1913885850001,13.0742578250001],[80.191299347,13.0742545950001],[80.1912102430001,13.0742488600001],[80.1911213530001,13.074240623],[80.1910975310001,13.074236087],[80.1910347740001,13.074220702],[80.1910312030001,13.074216832],[80.1910126650001,13.074210527],[80.1910037010001,13.0742074780001],[80.190965894,13.0741923250001],[80.1909289800001,13.0741751900001],[80.190878162,13.0741428640001],[80.1908286870001,13.0741085980001],[80.1907806300001,13.074072444],[80.190734068,13.074034457],[80.1906890710001,13.073994698],[80.190645712,13.07395323],[80.1903388650001,13.073664738],[80.1903059900001,13.073632828],[80.1902435220001,13.073572196],[80.1901578100001,13.0734890030001],[80.1884836620001,13.0737796290001],[80.1877978370001,13.073454402],[80.187300152,13.073178985],[80.18673511,13.0729117110001],[80.1862256250001,13.0728793760001],[80.1850858000001,13.0730078010001],[80.1812056700001,13.0726207920001],[80.1808593260001,13.072600645],[80.1795341960001,13.072327321],[80.1777382120001,13.072256871],[80.1771276150001,13.0720983730001],[80.177177757,13.072674195],[80.1771393770001,13.072876407],[80.1769825540001,13.0733288710001],[80.176199452,13.0735076870001],[80.1762619300001,13.0737089420001],[80.176232972,13.073805056],[80.1763169660001,13.0740615570001],[80.1762279150001,13.0743044760001],[80.1753023320001,13.074858137],[80.1752075640001,13.07499979],[80.174507728,13.0755489260001],[80.1744203200001,13.075653962],[80.1741763750001,13.0758031070001],[80.1742307690001,13.0759620580001],[80.174117628,13.0766211980001],[80.1740771680001,13.077094102],[80.174096745,13.0776211370001],[80.1740165680001,13.0776625280001],[80.1738095420001,13.0783482640001],[80.1737056600001,13.07835999],[80.173628669,13.0787415680001],[80.173631083,13.07947797],[80.173631426,13.079582622],[80.1736253270001,13.0795831130001],[80.1735721910001,13.0797560240001],[80.1735456170001,13.0798424980001],[80.1735399140001,13.079861056],[80.1735397940001,13.079845549],[80.1735350340001,13.0798610410001],[80.17353503,13.0798605210001],[80.1735294800001,13.0798783860001],[80.1735013040001,13.0799684720001],[80.17346932,13.080070732],[80.173469825,13.080070902],[80.1734683760001,13.0800737500001],[80.173465594,13.0800792200001],[80.1734665710001,13.0800795210001],[80.1734491230001,13.080135306],[80.173428399,13.0802015690001],[80.1733355650001,13.0804983850001],[80.1733316680001,13.0805108440001],[80.173314304,13.0805663630001],[80.1733022600001,13.080604868],[80.1732092930001,13.080902108],[80.173200658,13.080929719],[80.173152885,13.0810824600001],[80.1731454420001,13.0811052240001],[80.17314049,13.081120372],[80.1731321670001,13.081145829],[80.1731055340001,13.081227287],[80.1730912250001,13.081271051],[80.1730767190001,13.0813154210001],[80.173061885,13.081364562],[80.172879976,13.0814249540001]]]},"properties":{"OBJECTID":7,"Name":"AMBATTUR","FolderPath":"GCC_ZONE_UPDATED","SymbolID":0,"AltMode":0,"Base":0,"Clamped":-1,"Extruded":0,"Snippet":"","PopupInfo":"","Shape__Area":0.0032097842481562111,"Shape__Length":0.27673957358466561}},{"type":"Feature","id":8,"geometry":{"type":"Polygon","coordinates":[[[80.2284851640001,13.0681978430001],[80.228506232,13.0682278300001],[80.2284502910001,13.068217727],[80.2284851640001,13.0681978430001],[80.22845397,13.068153443],[80.22845347,13.068151534],[80.2283904920001,13.06791157],[80.2283639120001,13.0678494320001],[80.2283511420001,13.0677492350001],[80.2283354240001,13.0676872880001],[80.2283092170001,13.067536121],[80.228259962,13.067425811],[80.2281933690001,13.06734699],[80.2281609760001,13.0672770210001],[80.2281232560001,13.0671957490001],[80.228073302,13.067071889],[80.2280409860001,13.067022606],[80.2280052780001,13.066977685],[80.2279416490001,13.06695746],[80.227864949,13.0669582150001],[80.227758968,13.0669803960001],[80.227690248,13.0670003020001],[80.2275725360001,13.0670290350001],[80.2274730380001,13.067044078],[80.227275907,13.067108906],[80.2271783,13.0671261700001],[80.2270395880001,13.067147194],[80.226948968,13.067150796],[80.2268859310001,13.067141167],[80.2268067040001,13.067115695],[80.2267481590001,13.067081178],[80.2266849370001,13.0670261600001],[80.2266491940001,13.0670106480001],[80.2266190430001,13.067012665],[80.2264270750001,13.067081068],[80.2263445350001,13.0671005410001],[80.226255178,13.0671039850001],[80.2261705070001,13.067093964],[80.22612322,13.067083579],[80.225921219,13.0670018700001],[80.22565768,13.0670385980001],[80.225623919,13.0670520100001],[80.2256237890001,13.0670516870001],[80.2255807210001,13.0670670960001],[80.2255739570001,13.0670709090001],[80.225442479,13.067145005],[80.2253140330001,13.067187341],[80.2251638640001,13.0672082520001],[80.22503541,13.0672529620001],[80.2248002310001,13.0673614350001],[80.2246693260001,13.06741563],[80.2245652,13.0674224380001],[80.2244611340001,13.067410259],[80.224381292,13.0673934050001],[80.2243256250001,13.067388491],[80.2240421210001,13.0674659630001],[80.2238457820001,13.067541324],[80.2237996860001,13.067572039],[80.223634835,13.067642747],[80.2234482540001,13.067694402],[80.2233246480001,13.067736752],[80.2231842080001,13.06774345],[80.2231523180001,13.067625843],[80.2231429730001,13.067593817],[80.2230986160001,13.0674548760001],[80.223057232,13.067332085],[80.2230169490001,13.0672127830001],[80.2230110510001,13.067195316],[80.223006141,13.0671807740001],[80.2229919530001,13.0671348720001],[80.22301772,13.0671294590001],[80.2230183080001,13.0671293360001],[80.2230195930001,13.0671288990001],[80.223021207,13.06712772],[80.2230222840001,13.067126054],[80.223022681,13.0671241210001],[80.2230225770001,13.067123515],[80.223022348,13.0671221760001],[80.222968828,13.066978218],[80.222958314,13.0669505610001],[80.2229492480001,13.0669209650001],[80.222942162,13.0668908530001],[80.222937189,13.0668609730001],[80.2229297590001,13.066805012],[80.2229205780001,13.066750594],[80.222916529,13.0667308440001],[80.222900968,13.0666536270001],[80.2228900700001,13.0665987680001],[80.2228726750001,13.0665011780001],[80.222857338,13.066404103],[80.2228525070001,13.0663777390001],[80.2228460040001,13.066352652],[80.2228376990001,13.066328082],[80.2228276330001,13.066304153],[80.222815858,13.066280987],[80.2228024340001,13.0662587],[80.2227881960001,13.0662384950001],[80.2227789500001,13.0662286580001],[80.2227682130001,13.066219495],[80.2227565150001,13.0662115420001],[80.2227439970001,13.0662048940001],[80.2227308120001,13.066199634],[80.2227171170001,13.066195823],[80.22270308,13.066193508],[80.222693974,13.0661930000001],[80.2226926440001,13.066188389],[80.2226774760001,13.0661358310001],[80.2226749430001,13.066130491],[80.222672727,13.0661269280001],[80.222657773,13.0660986710001],[80.22264619,13.0660684000001],[80.2226439180001,13.066062688],[80.22264031,13.066052116],[80.222638325,13.066045651],[80.2226088570001,13.065926587],[80.2225959340001,13.065875056],[80.2225780190001,13.065795597],[80.2225625010001,13.0657291100001],[80.2225448440001,13.065662253],[80.222522778,13.065569489],[80.222515516,13.0655352410001],[80.222503089,13.065476689],[80.2224931870001,13.06542369],[80.2224856270001,13.065383228],[80.222470721,13.065291029],[80.2224333410001,13.065105314],[80.2224874760001,13.065094892],[80.2224747320001,13.0650315770001],[80.222410778,13.064689872],[80.222358441,13.0644266040001],[80.222346756,13.064367826],[80.222335957,13.0643135030001],[80.2223229420001,13.0642421800001],[80.2223078230001,13.064171253],[80.222290614,13.0641007850001],[80.222271327,13.0640308330001],[80.222249983,13.06396146],[80.2222315290001,13.06390793],[80.2222180480001,13.0638658620001],[80.2222178040001,13.0638639050001],[80.2222182900001,13.0638619910001],[80.222219441,13.0638603730001],[80.2222211060001,13.0638592660001],[80.222221436,13.0638591360001],[80.222216094,13.063818838],[80.2221607180001,13.063825654],[80.222158295,13.0638240000001],[80.222148243,13.0637419450001],[80.222123825,13.063536345],[80.222103421,13.0633335630001],[80.222092811,13.0632413270001],[80.2220922860001,13.063224324],[80.222096622,13.063207972],[80.222102668,13.0631921520001],[80.2221071640001,13.0631828460001],[80.2221177480001,13.063163096],[80.2221236870001,13.063149169],[80.2221295300001,13.0631184970001],[80.222133489,13.0630875360001],[80.222135549,13.0630563990001],[80.2221357020001,13.0630251960001],[80.2221339490001,13.062994041],[80.2221253590001,13.062941509],[80.222113828,13.062889521],[80.2221091070001,13.0628727550001],[80.222098036,13.062833842],[80.2220544680001,13.062692344],[80.2220095640001,13.0625410280001],[80.2219648880001,13.0623757880001],[80.2219626570001,13.0623659830001],[80.221951867,13.0623185490001],[80.2219449630001,13.062288202],[80.2219122500001,13.0621610650001],[80.2218988870001,13.062109966],[80.2218836550001,13.062059371],[80.221867037,13.0620106970001],[80.2218523270001,13.0619721200001],[80.2218476730001,13.061959959],[80.2217979540001,13.0618147770001],[80.2217475020001,13.061667965],[80.221719131,13.0615810040001],[80.2217060820001,13.061541006],[80.2216935020001,13.0615014360001],[80.221675319,13.0614409190001],[80.2216549380001,13.0613811910001],[80.221631954,13.0613220400001],[80.221606207,13.0612599130001],[80.221582094,13.0611962420001],[80.221571242,13.0611646720001],[80.221556439,13.0611204740001],[80.221540227,13.0610681000001],[80.221510869,13.060987073],[80.2214814770001,13.0608996870001],[80.221457043,13.0608217110001],[80.2214213250001,13.060713799],[80.221406131,13.060667896],[80.2213448790001,13.060482844],[80.2213114740001,13.0603640620001],[80.2212942070001,13.060297115],[80.2212942790001,13.060297114],[80.221292562,13.060291649],[80.221275711,13.0602370660001],[80.2212748760001,13.0602339820001],[80.2212740570001,13.0602309510001],[80.221258769,13.060226207],[80.2212264520001,13.060215956],[80.2211949570001,13.0602034830001],[80.22116673,13.0601924210001],[80.2211459260001,13.060183938],[80.2210730350001,13.060132154],[80.2210388680001,13.060106223],[80.2210058840001,13.060078859],[80.2209741450001,13.0600501170001],[80.220944016,13.060019773],[80.220916184,13.0599873830001],[80.220890796,13.0599531170001],[80.2208135100001,13.059834435],[80.2207389060001,13.0597427970001],[80.2206849790001,13.059685314],[80.2206773180001,13.059677148],[80.220664814,13.059666636],[80.220651263,13.0596574620001],[80.2206426320001,13.059652612],[80.220612229,13.0596396400001],[80.2202174670001,13.059471214],[80.2201782130001,13.0594559300001],[80.2201379630001,13.059442377],[80.2200971060001,13.059430703],[80.220055732,13.059420931],[80.2200139340001,13.0594130850001],[80.219971806,13.0594071830001],[80.2199294430001,13.059403237],[80.2198869370001,13.0594012560001],[80.219871502,13.059401252],[80.2197850580001,13.0593973090001],[80.2197670890001,13.0593955730001],[80.2197277820001,13.059389783],[80.2196888270001,13.059382041],[80.2196503230001,13.059372367],[80.219613494,13.059361128],[80.2195952880001,13.0593532720001],[80.2195779610001,13.0593436940001],[80.219561684,13.0593324860001],[80.2195466140001,13.0593197580001],[80.2195328990001,13.0593056340001],[80.219520672,13.059290251],[80.2195100550001,13.059273761],[80.2195011490001,13.059256324],[80.2194940410001,13.05923811],[80.219488803,13.0592192980001],[80.219470368,13.059131499],[80.219448959,13.0590443570001],[80.2194246010001,13.0589579730001],[80.219418821,13.0589439460001],[80.2194113510001,13.058930709],[80.2194023000001,13.058918455],[80.2193918030001,13.0589073670001],[80.219380013,13.0588976060001],[80.2193671050001,13.058889316],[80.2193532680001,13.0588826200001],[80.2192842700001,13.058866509],[80.2192148140001,13.0588524090001],[80.219144961,13.058840332],[80.2190747750001,13.0588302900001],[80.2190043150001,13.05882229],[80.218933646,13.0588163420001],[80.2188016040001,13.0587997980001],[80.2186698570001,13.058781132],[80.218538439,13.0587603490001],[80.21840739,13.058737454],[80.218299765,13.0587168600001],[80.218276743,13.058712454],[80.2181681910001,13.058704581],[80.2181490940001,13.0587031960001],[80.2180503980001,13.058694568],[80.2179777970001,13.058687567],[80.2178942800001,13.0586790190001],[80.2177722160001,13.0586702520001],[80.217650022,13.0586634320001],[80.2175277310001,13.05865856],[80.217336946,13.058646508],[80.2171459880001,13.05863745],[80.2169549060001,13.058631387],[80.216913837,13.0586266020001],[80.2168731300001,13.0586194360001],[80.216832927,13.058609916],[80.216793372,13.0585980750001],[80.216754601,13.058583954],[80.216716755,13.0585676050001],[80.2166788260001,13.058549348],[80.216639995,13.05853302],[80.216600359,13.0585186640001],[80.2165600260001,13.05850632],[80.2165191000001,13.0584960190001],[80.216477689,13.058487789],[80.2164359020001,13.058481649],[80.216323306,13.058480081],[80.216210699,13.058480505],[80.216097824,13.0584829270001],[80.215985673,13.0584873240001],[80.215873183,13.0584937250001],[80.2157609020001,13.0585021090001],[80.2156487940001,13.058512477],[80.2155821440001,13.0585160690001],[80.215515397,13.0585176540001],[80.2154486260001,13.0585172290001],[80.215381902,13.058514797],[80.2153153,13.058510359],[80.2152413730001,13.0585081130001],[80.215238571,13.0585081150001],[80.2151674250001,13.0585082060001],[80.2150934960001,13.058510594],[80.2150196810001,13.0585152950001],[80.2149460570001,13.0585223050001],[80.2148723830001,13.0585259850001],[80.2147986350001,13.0585274690001],[80.2147272560001,13.058526758],[80.2147269870001,13.0585267550001],[80.2142887690001,13.058512771],[80.2142200010001,13.0585093940001],[80.2141511630001,13.058507938],[80.2141503860001,13.0585079430001],[80.2140823110001,13.0585084040001],[80.2140135000001,13.0585107900001],[80.213976841,13.0585110760001],[80.213976066,13.058511035],[80.2139402220001,13.0585090980001],[80.2139014030001,13.058504837],[80.213865325,13.0584983680001],[80.2138297450001,13.0584896890001],[80.213648875,13.0584314020001],[80.2134686430001,13.0583712170001],[80.2132890770001,13.058309143],[80.213121152,13.0582607260001],[80.213083935,13.0582541100001],[80.213045261,13.0582493900001],[80.213006379,13.058246781],[80.2129674070001,13.058246291],[80.212928468,13.058247922],[80.212890063,13.0582516320001],[80.2128611240001,13.0582554910001],[80.2128314080001,13.058262357],[80.212802256,13.0582712510001],[80.2127738120001,13.0582821260001],[80.2127462170001,13.058294932],[80.2127196070001,13.058309604],[80.2126728250001,13.0583303820001],[80.2126251290001,13.058349057],[80.2125766170001,13.0583655890001],[80.2125619230001,13.0583698730001],[80.2125139250001,13.058383226],[80.2124775510001,13.0583920930001],[80.212385682,13.058414945],[80.2122933590001,13.0584359690001],[80.21220063,13.0584551540001],[80.2121031080001,13.0584771430001],[80.2120060410001,13.058500985],[80.2119094670001,13.058526671],[80.2118506150001,13.058538911],[80.2117913440001,13.0585490390001],[80.211731736,13.058557039],[80.2117171620001,13.058554342],[80.2117075830001,13.058551188],[80.2114485330001,13.05875925],[80.2114350190001,13.058774359],[80.2113918200001,13.058822653],[80.2113616460001,13.0588563860001],[80.211290972,13.058951834],[80.2112114880001,13.0590626260001],[80.2111264150001,13.0591906710001],[80.211011511,13.0593603080001],[80.210938549,13.0594792580001],[80.2108893430001,13.0595673230001],[80.2108719840001,13.059599448],[80.2108506980001,13.059639664],[80.210827318,13.059683084],[80.2108061820001,13.0597160240001],[80.210788644,13.0597417270001],[80.2107758870001,13.0597598740001],[80.210670382,13.0599180080001],[80.210338639,13.0598973140001],[80.210251746,13.059898414],[80.210019673,13.0598981580001],[80.2098323850001,13.0598966800001],[80.209596914,13.059893877],[80.2093374070001,13.0598833400001],[80.2093189350001,13.059881471],[80.2092948260001,13.0598781580001],[80.209274829,13.059996708],[80.2092682950001,13.0600706990001],[80.209268379,13.0600722180001],[80.2092818460001,13.0601393200001],[80.2092731450001,13.060148762],[80.2093120820001,13.0602360090001],[80.209320281,13.0602622270001],[80.2089748880001,13.060492326],[80.2086500780001,13.0605943200001],[80.2084639920001,13.060628717],[80.2080208080001,13.060733584],[80.2079692410001,13.0607577050001],[80.2078743820001,13.0608020780001],[80.2078392290001,13.06083326],[80.20777745,13.0608870460001],[80.2077150200001,13.0609112770001],[80.207649851,13.060921665],[80.207567741,13.0609340410001],[80.207492427,13.0609362220001],[80.2073894860001,13.0609295300001],[80.2073586660001,13.0609351310001],[80.2071694530001,13.0609695200001],[80.207184397,13.0610257070001],[80.207197616,13.061098342],[80.207210978,13.0611598670001],[80.2072317290001,13.061275848],[80.207233907,13.06128984],[80.207238471,13.0613032680001],[80.2072452880001,13.061315746],[80.2072541620001,13.0613269130001],[80.207259874,13.061331243],[80.207266879,13.0613365520001],[80.207280842,13.0613443610001],[80.2072957760001,13.0613501880001],[80.20730617,13.0613542630001],[80.2073152990001,13.0613606200001],[80.2073226480001,13.061368897],[80.2073729130001,13.061455853],[80.207417966,13.061527595],[80.2087335950001,13.0627930690001],[80.208957238,13.0638997500001],[80.2089543110001,13.063983407],[80.2091257260001,13.0647104240001],[80.2091145860001,13.0661521100001],[80.2086180750001,13.0674688500001],[80.2087997350001,13.0693799320001],[80.2088120540001,13.0694749470001],[80.2088337040001,13.069674655],[80.2088379100001,13.069673887],[80.2088599310001,13.0698548180001],[80.2088661230001,13.069903292],[80.2088843830001,13.0700462400001],[80.208884992,13.07004812],[80.2088862460001,13.070049662],[80.208887981,13.0700506630001],[80.208889964,13.07005099],[80.208891135,13.0700508480001],[80.2089293490001,13.0700420740001],[80.2090403020001,13.0700166680001],[80.2090806620001,13.0700062020001],[80.209081526,13.0700059010001],[80.209085573,13.0700048040001],[80.20911598,13.0699970690001],[80.209321817,13.0707330020001],[80.2095024640001,13.0712403650001],[80.209512438,13.071274053],[80.2094007790001,13.071305824],[80.2093989800001,13.07130671],[80.209397623,13.071308167],[80.2093968880001,13.0713100030001],[80.2093968190001,13.0713116200001],[80.2094169870001,13.071493548],[80.2094397380001,13.0716771670001],[80.2094751650001,13.071819324],[80.209490314,13.0718744210001],[80.2095025930001,13.0719238990001],[80.2095025340001,13.071921703],[80.2095032430001,13.0719198570001],[80.2095045790001,13.071918382],[80.209506364,13.0719174720001],[80.2095806240001,13.071895237],[80.209669101,13.071869067],[80.209692746,13.0718613660001],[80.209715782,13.071856328],[80.209740197,13.0718534870001],[80.2098291290001,13.071847775],[80.209983965,13.071837938],[80.210131802,13.07182821],[80.2101338000001,13.0718284390001],[80.2101355840001,13.0718293520001],[80.2101369150001,13.0718308300001],[80.2101376210001,13.071832677],[80.210137693,13.071833213],[80.2101499450001,13.071991376],[80.2101566420001,13.0720945630001],[80.210165181,13.072281033],[80.2101717770001,13.072367668],[80.210175362,13.0724153090001],[80.210174624,13.0724134750001],[80.2101732680001,13.072412021],[80.210171475,13.0724111380001],[80.210169481,13.072410946],[80.210145862,13.072412926],[80.210058513,13.0724225180001],[80.209908973,13.0724410240001],[80.209877351,13.0724484290001],[80.2098457500001,13.072458317],[80.2098149880001,13.072470486],[80.2097833490001,13.0724857770001],[80.2097450790001,13.0725026580001],[80.2097056920001,13.0725177050001],[80.2096655700001,13.072530756],[80.20962516,13.072541684],[80.209413822,13.072591593],[80.2091366210001,13.072659963],[80.2090812150001,13.0726739630001],[80.2089459890001,13.0727082780001],[80.208825366,13.0727318460001],[80.2086857020001,13.0727557160001],[80.2085474230001,13.072770582],[80.2084544960001,13.072789652],[80.2082436310001,13.0728423080001],[80.2082020880001,13.0728542480001],[80.2081062610001,13.0728826220001],[80.2078790040001,13.0729478920001],[80.2078541650001,13.072954156],[80.207768925,13.072969813],[80.2077221000001,13.072980773],[80.2076755350001,13.0729935480001],[80.2076293800001,13.0730081130001],[80.2075277040001,13.073043737],[80.207425647,13.0730814250001],[80.2071951180001,13.0731608730001],[80.2071580040001,13.073172474],[80.207125471,13.073182264],[80.2070647,13.073197372],[80.207002742,13.0732096140001],[80.2068812080001,13.073224484],[80.2067391850001,13.0732392140001],[80.2067343100001,13.0732398270001],[80.206598339,13.073256906],[80.2064575810001,13.0732776900001],[80.206317218,13.073299063],[80.2062564720001,13.0733092840001],[80.2061099810001,13.073338703],[80.2058866090001,13.0733911240001],[80.205758051,13.0734264490001],[80.205502509,13.073499801],[80.2054437560001,13.073518048],[80.205382951,13.073534061],[80.2053210940001,13.0735475000001],[80.2051252110001,13.0735773070001],[80.205024296,13.073601318],[80.2049754080001,13.0736089120001],[80.2049270790001,13.073614616],[80.204913989,13.073615295],[80.2048776770001,13.073616691],[80.204813336,13.0736178540001],[80.2047505370001,13.0736218500001],[80.2046876190001,13.073628738],[80.2045209880001,13.07365155],[80.2043401180001,13.0736745790001],[80.2042476280001,13.0736841200001],[80.204239026,13.073685197],[80.2041781730001,13.073693081],[80.2040642810001,13.073709105],[80.203862047,13.073741779],[80.2038263540001,13.073747547],[80.2038080790001,13.073750499],[80.2035402760001,13.0738018050001],[80.2034428870001,13.0738236930001],[80.2033154860001,13.0738526760001],[80.2031454510001,13.0738951390001],[80.2030406430001,13.0739245670001],[80.2030001530001,13.073932536],[80.202999956,13.0739444550001],[80.202983309,13.0749521060001],[80.2030897880001,13.075137275],[80.2030925810001,13.0751407170001],[80.2030947820001,13.0751445820001],[80.203095761,13.0751469890001],[80.2030980790001,13.0751535960001],[80.2031060840001,13.0751842500001],[80.2031115330001,13.0752154360001],[80.203112656,13.0752230050001],[80.2031164700001,13.075257677],[80.2031186280001,13.0753900560001],[80.2031183980001,13.0753928350001],[80.203116467,13.0754064720001],[80.2031132270001,13.0754199],[80.2031087130001,13.0754329750001],[80.2030830250001,13.075504869],[80.203044585,13.0756129810001],[80.2030098270001,13.075723366],[80.2029749650001,13.0758373670001],[80.202950833,13.0759128820001],[80.2029150590001,13.076052378],[80.2028861890001,13.076167212],[80.2028662430001,13.0762485390001],[80.2028652530001,13.076250255],[80.202863703,13.0762515120001],[80.202861796,13.076252142],[80.2028598040001,13.076252083],[80.2028845620001,13.0762575960001],[80.2028598270001,13.0763896440001],[80.202859818,13.0763896940001],[80.202859695,13.0763903500001],[80.2028593910001,13.0763919680001],[80.2028199820001,13.076602359],[80.20264968,13.0775115340001],[80.202405205,13.0774755200001],[80.2019619320001,13.077426513],[80.2015184470001,13.0774430060001],[80.200971393,13.0775544530001],[80.2006492230001,13.0776249140001],[80.200411844,13.0777730460001],[80.2000714310001,13.0778494030001],[80.1998488250001,13.0779293910001],[80.1996787940001,13.0779129850001],[80.1995736330001,13.077872961],[80.1994629870001,13.0779057410001],[80.199360212,13.0779891600001],[80.19921664,13.0780088120001],[80.1989877570001,13.077994704],[80.1988001450001,13.077896987],[80.1985538320001,13.0779900090001],[80.198303874,13.07815336],[80.1982216210001,13.078230143],[80.1980880620001,13.078323515],[80.1980435030001,13.0783669200001],[80.198012567,13.078423765],[80.197966901,13.0784555280001],[80.1979803280001,13.0785431470001],[80.198003134,13.0786787550001],[80.1980697980001,13.079151424],[80.1980750070001,13.0792057780001],[80.1980835040001,13.079318791],[80.1980905170001,13.0794379920001],[80.1980957910001,13.0795160480001],[80.198101711,13.079570183],[80.1981115130001,13.079629343],[80.1981112930001,13.0796716080001],[80.198118949,13.079737879],[80.198134597,13.079855239],[80.198153388,13.0799730030001],[80.1981889960001,13.0802446210001],[80.1982067070001,13.0803861740001],[80.1982166450001,13.0804505950001],[80.198239813,13.0806409410001],[80.1982541880001,13.080733262],[80.198262394,13.08077453],[80.198284626,13.0808411080001],[80.1982949490001,13.08086902],[80.198300961,13.0808816320001],[80.198306529,13.0808933110001],[80.198315188,13.0809106240001],[80.1983256990001,13.080927049],[80.1983365340001,13.080940604],[80.1984402240001,13.081081424],[80.1984409870001,13.0810828850001],[80.198441265,13.081084838],[80.1984279960001,13.0813801520001],[80.1984260940001,13.081440205],[80.19842292,13.081540433],[80.1984101290001,13.08194438],[80.1984109630001,13.082155232],[80.198429096,13.0826156970001],[80.1984289370001,13.0827024760001],[80.198428715,13.0828241040001],[80.198428559,13.0829091690001],[80.198425639,13.0829173390001],[80.1984210690001,13.082923576],[80.198415111,13.0829285630001],[80.198408111,13.08293201],[80.198400473,13.082933719],[80.1983926400001,13.08293359],[80.1982945130001,13.082936535],[80.198264124,13.082936429],[80.1982081630001,13.082927075],[80.1980046420001,13.082932111],[80.197904077,13.08293932],[80.1968674290001,13.083022128],[80.1968913300001,13.0836159990001],[80.1970874410001,13.083608874],[80.1970926540001,13.0837234700001],[80.197096307,13.083871806],[80.1970977410001,13.083924246],[80.197099236,13.0840918160001],[80.197097872,13.0842327180001],[80.1971007110001,13.0844187110001],[80.1971005930001,13.0845814510001],[80.1971007830001,13.084691058],[80.197102509,13.0848491510001],[80.197104107,13.0849280320001],[80.197107047,13.084934968],[80.1971121020001,13.0849406130001],[80.1971187390001,13.084944368],[80.1971262530001,13.084945836],[80.1971512480001,13.0849463660001],[80.197154578,13.0850722710001],[80.197156953,13.085200398],[80.1971576000001,13.085239571],[80.197161189,13.0852819950001],[80.197161479,13.085318849],[80.197164157,13.085512867],[80.197168176,13.0855826820001],[80.1971701730001,13.085617375],[80.1971723090001,13.0856544750001],[80.1971762750001,13.085788285],[80.1971780860001,13.085858321],[80.1971777690001,13.0858602700001],[80.1971767640001,13.085861978],[80.197175202,13.0858632210001],[80.197172707,13.085863881],[80.19709156,13.0858674130001],[80.1970919830001,13.085900698],[80.1970265310001,13.0860884250001],[80.1970273160001,13.086124743],[80.197076978,13.086195699],[80.1970768680001,13.0862183030001],[80.197070394,13.0863081960001],[80.1970706130001,13.0863307990001],[80.1971082100001,13.086555468],[80.1971086520001,13.086582535],[80.196819723,13.0866277810001],[80.196548352,13.086635319],[80.196380268,13.0866377420001],[80.19626329,13.086643565],[80.196261296,13.086643306],[80.1962595270001,13.0866423640001],[80.1962582190001,13.0866408640001],[80.1962575460001,13.086639006],[80.1962595590001,13.0866904050001],[80.1962625300001,13.0867662050001],[80.1962648510001,13.0871405710001],[80.1962652280001,13.0871425080001],[80.1962662880001,13.0871441850001],[80.1962678890001,13.087145379],[80.196269821,13.087145934],[80.1962705560001,13.0871459590001],[80.1964505020001,13.0871404960001],[80.196719262,13.087133457],[80.196929723,13.087128336],[80.197057994,13.0871239690001],[80.197206937,13.087118387],[80.1974659950001,13.0871048430001],[80.197510531,13.087102515],[80.1976378400001,13.0870964910001],[80.1977936690001,13.087088566],[80.198032712,13.087073666],[80.1983262830001,13.087047414],[80.1983429160001,13.0870451220001],[80.1983591570001,13.087040917],[80.198374775,13.0870348560001],[80.198389552,13.087027026],[80.198403279,13.0870175380001],[80.198415761,13.0870065230001],[80.1984268260001,13.0869941390001],[80.198436314,13.086980559],[80.1984440940001,13.0869659740001],[80.1984603230001,13.08752094],[80.198461196,13.0876104810001],[80.198461609,13.0877390910001],[80.1984579670001,13.087886693],[80.198456117,13.0879216480001],[80.1984561880001,13.087954939],[80.198456665,13.088178746],[80.198459072,13.088576216],[80.198459707,13.088679229],[80.1984601710001,13.0887545100001],[80.198461315,13.0889399380001],[80.198460697,13.0889577740001],[80.198461508,13.088968767],[80.1984632890001,13.0892400070001],[80.1984635600001,13.089266406],[80.1984641060001,13.089318744],[80.198466663,13.0895711700001],[80.198468679,13.0900420190001],[80.1984698570001,13.0902712060001],[80.198470157,13.0903337230001],[80.198475327,13.090938495],[80.198476666,13.0910694740001],[80.1984758990001,13.0910694780001],[80.1984773040001,13.0913914720001],[80.1975394180001,13.0914083810001],[80.197526462,13.091563815],[80.1973998710001,13.09155825],[80.1972840180001,13.0915492770001],[80.195835861,13.091600403],[80.1957758870001,13.091598725],[80.1957771570001,13.0916329680001],[80.1957825870001,13.091835793],[80.1957896700001,13.091984011],[80.195798772,13.0922490560001],[80.195807061,13.0924676230001],[80.1958126230001,13.0926143],[80.195820116,13.092835125],[80.1958280480001,13.0930054190001],[80.195829072,13.0930053450001],[80.1958277730001,13.093007373],[80.1958880660001,13.0930100890001],[80.1958284460001,13.093011002],[80.1958370980001,13.093132272],[80.195614457,13.093135306],[80.1952690310001,13.093143255],[80.1952688900001,13.0932170840001],[80.1952786140001,13.093540714],[80.195280057,13.0936090660001],[80.1953035350001,13.093724136],[80.195309873,13.093843007],[80.1953149730001,13.0938645460001],[80.1953244470001,13.0940681110001],[80.1953275130001,13.094265546],[80.1953287580001,13.094341151],[80.1953327320001,13.094362797],[80.195330287,13.094433914],[80.195340548,13.0945237710001],[80.1953394780001,13.0946221840001],[80.1953420400001,13.094763255],[80.195356378,13.0950614170001],[80.1953575260001,13.0951629040001],[80.1953643140001,13.095346523],[80.1953693710001,13.095585124],[80.1953740880001,13.095682117],[80.195377926,13.0959326330001],[80.1954062200001,13.0962939890001],[80.1954020810001,13.09649525],[80.1954033710001,13.096608922],[80.1954165500001,13.097041862],[80.195313947,13.0970702930001],[80.1953044300001,13.0970753670001],[80.1952942340001,13.0970785100001],[80.1952856290001,13.097153801],[80.1951348580001,13.097559307],[80.1951158320001,13.097610479],[80.1951195180001,13.097784254],[80.1951249140001,13.0980539890001],[80.1951376380001,13.0983681430001],[80.1951461100001,13.0985999110001],[80.1951495440001,13.0987639410001],[80.1951187720001,13.0992862140001],[80.195251393,13.100152091],[80.1951524830001,13.1003014250001],[80.1951003500001,13.1003911380001],[80.1950436500001,13.100495304],[80.1950088350001,13.100563913],[80.1949579130001,13.100678315],[80.194945454,13.100708566],[80.194898186,13.1008338290001],[80.1948749850001,13.1009053670001],[80.194840049,13.10103953],[80.1948229180001,13.101116694],[80.194810057,13.101185371],[80.194797899,13.101264992],[80.1947878510001,13.1013478740001],[80.194774183,13.1015062450001],[80.194769986,13.101594028],[80.1947681660001,13.101699992],[80.1947679370001,13.101798638],[80.194773147,13.101941246],[80.1948073010001,13.1019481320001],[80.1948632770001,13.1019534610001],[80.1948080440001,13.1026846830001],[80.194878955,13.1041398260001],[80.1949246230001,13.105074533],[80.1949609530001,13.1053914730001],[80.1950950680001,13.106028166],[80.1952952380001,13.1066087620001],[80.1956228720001,13.1072503710001],[80.1961273850001,13.108021706],[80.1987252220001,13.111731677],[80.1987946130001,13.1118334060001],[80.1987912650001,13.1118332680001],[80.1987961710001,13.1118356920001],[80.198799738,13.1118409200001],[80.1988237560001,13.111876131],[80.1989277530001,13.1120668200001],[80.1993287720001,13.1127958280001],[80.199329144,13.112797039],[80.199329128,13.112799011],[80.1993283950001,13.1128008480001],[80.1993270390001,13.112802307],[80.1993252410001,13.112803194],[80.1990404760001,13.112884498],[80.1990477900001,13.112909114],[80.199337073,13.1128265400001],[80.1993390760001,13.1128263420001],[80.199341018,13.1128268590001],[80.1993426430001,13.112828022],[80.1993437,13.1128295930001],[80.1993588170001,13.112863786],[80.1994301010001,13.1130139210001],[80.1995090940001,13.1131742160001],[80.1995477070001,13.113189816],[80.1995488430001,13.1131895730001],[80.1995508360001,13.113189848],[80.199552597,13.113190805],[80.199553892,13.113192315],[80.1996734580001,13.11339881],[80.1996921410001,13.1134310730001],[80.199702035,13.1134481620001],[80.199809756,13.1136265910001],[80.199834051,13.1136626250001],[80.1998602400001,13.1136974130001],[80.1998882340001,13.113730828],[80.1999179530001,13.1137627790001],[80.1999493180001,13.1137931800001],[80.1999816480001,13.1138214260001],[80.2000937290001,13.113917633],[80.2001752840001,13.113987239],[80.200254935,13.1140589620001],[80.2002594850001,13.1140623530001],[80.200262132,13.1140673190001],[80.2002979150001,13.114116084],[80.200302337,13.1141225380001],[80.2003057300001,13.1141286060001],[80.2003713110001,13.114274203],[80.2004105730001,13.114371163],[80.2004752450001,13.1145473550001],[80.2004915470001,13.114595149],[80.2005024110001,13.114622492],[80.2005169810001,13.1146559960001],[80.200526359,13.114677558],[80.2005580790001,13.1147505010001],[80.2005849670001,13.1148098950001],[80.2005951140001,13.1148336910001],[80.200611741,13.1148702730001],[80.2006469660001,13.114932386],[80.2006969390001,13.115011565],[80.2007349290001,13.1150875600001],[80.2007588050001,13.1151353240001],[80.2007765820001,13.1151708840001],[80.2007811500001,13.1151800220001],[80.2008994880001,13.1154347040001],[80.20091404,13.115462985],[80.200929129,13.1154918820001],[80.2009593660001,13.1155439450001],[80.2009847580001,13.1155834510001],[80.2009920770001,13.1155948370001],[80.201082978,13.1157283480001],[80.2011100020001,13.115762666],[80.201138326,13.1157954810001],[80.2011675690001,13.1158264320001],[80.201194184,13.115854913],[80.2012186410001,13.1158842040001],[80.201231632,13.115901658],[80.2012468520001,13.115923035],[80.201262387,13.11594655],[80.20128248,13.1159810300001],[80.2013110680001,13.116023431],[80.2013369040001,13.116065567],[80.2013608780001,13.116108748],[80.201382944,13.116152893],[80.2014030610001,13.116197921],[80.2014217160001,13.1162450690001],[80.201438458,13.1162819040001],[80.20145289,13.1163180890001],[80.201465592,13.116354895],[80.201476535,13.1163922380001],[80.201485695,13.116430039],[80.2014931900001,13.116468925],[80.201506866,13.1165396540001],[80.2015238870001,13.1166103750001],[80.2015439340001,13.1166797400001],[80.2015564980001,13.116721958],[80.2015719500001,13.116764126],[80.2015990690001,13.116825982],[80.201636867,13.116865521],[80.2016610100001,13.1168977740001],[80.201688844,13.116939363],[80.2017164520001,13.116980513],[80.201804489,13.1171190760001],[80.2018295080001,13.117158465],[80.201959763,13.1173638440001],[80.201980421,13.1173943690001],[80.202064045,13.1175179360001],[80.2020943900001,13.1175627750001],[80.2022152810001,13.1177414090001],[80.20227119,13.117833772],[80.2023249870001,13.1179273270001],[80.2023766470001,13.1180220250001],[80.2024016020001,13.118076075],[80.2024179590001,13.1181183840001],[80.2024414460001,13.118166038],[80.2024654670001,13.118211493],[80.2025115270001,13.1183054520001],[80.2025329900001,13.118346301],[80.2025528070001,13.118387941],[80.202570946,13.1184303060001],[80.2026078790001,13.1184178620001],[80.2026242100001,13.118460618],[80.2026394090001,13.118505708],[80.2026550680001,13.118559642],[80.2026591530001,13.118574161],[80.202662473,13.1185818760001],[80.202677328,13.1186103700001],[80.202693804,13.118637999],[80.202711847,13.118664672],[80.2027189120001,13.1186697040001],[80.202744389,13.1186716450001],[80.2027639830001,13.118668241],[80.2027837900001,13.1186662480001],[80.202807545,13.118665546],[80.202946604,13.1186434270001],[80.2030436730001,13.1186314710001],[80.203140481,13.1186176000001],[80.203236985,13.1186018180001],[80.203333146,13.1185841380001],[80.2033378390001,13.1185832090001],[80.2033380810001,13.1185831610001],[80.2033432700001,13.118582136],[80.2033442680001,13.1185819400001],[80.2033458940001,13.118581347],[80.203347438,13.118580083],[80.2033484190001,13.1185783610001],[80.2033487080001,13.1185764090001],[80.2033470440001,13.1185348670001],[80.2033466830001,13.11852585],[80.203347357,13.118470631],[80.2033509120001,13.1184155130001],[80.203360552,13.1183058020001],[80.203407375,13.11831849],[80.2034073680001,13.118318646],[80.203398544,13.118418999],[80.2033951000001,13.118472388],[80.2033944560001,13.1185252120001],[80.203394109,13.118565442],[80.203394367,13.118567124],[80.203395313,13.1185688640001],[80.2033968320001,13.1185701580001],[80.2033987230001,13.118570834],[80.2034007350001,13.1185708030001],[80.2034500140001,13.118561084],[80.2035673170001,13.1185402560001],[80.203610278,13.1185334670001],[80.203610966,13.118533314],[80.2036127590001,13.1185324210001],[80.2036141090001,13.1185309570001],[80.203614836,13.118529118],[80.2036148430001,13.1185271460001],[80.2036071250001,13.118485359],[80.203600378,13.118436076],[80.2035961190001,13.1183885740001],[80.203591514,13.118356858],[80.2035888510001,13.1183224750001],[80.203588493,13.1182879940001],[80.2035903660001,13.118254909],[80.2036321560001,13.118257181],[80.203630359,13.118288922],[80.2036306900001,13.118320711],[80.203633144,13.118352412],[80.2036377140001,13.1183838850001],[80.2036419880001,13.11843155],[80.2036484800001,13.118478974],[80.2036562100001,13.1185208200001],[80.2036563190001,13.1185212890001],[80.2036571960001,13.118523065],[80.2036586630001,13.1185244160001],[80.203660525,13.1185251630001],[80.2036625370001,13.1185252080001],[80.2036850090001,13.118521657],[80.203731303,13.1185170140001],[80.2037777740001,13.118514572],[80.2038243100001,13.1185143380001],[80.2038708040001,13.1185163110001],[80.203917145,13.1185204880001],[80.2039632240001,13.1185268570001],[80.2040110020001,13.118529446],[80.2040638510001,13.1185326840001],[80.204114039,13.118531935],[80.2041596980001,13.118533703],[80.204173503,13.118531734],[80.204334047,13.1185414890001],[80.2044949620001,13.118553589],[80.2046204390001,13.1185648370001],[80.2046205460001,13.1185648470001],[80.2046558100001,13.1185680080001],[80.204657814,13.118567828],[80.2046596210001,13.118566958],[80.204660989,13.118565511],[80.2046617400001,13.1185636810001],[80.2046618430001,13.1185628650001],[80.2046742540001,13.1183077630001],[80.2046771810001,13.1182363720001],[80.204713993,13.118237822],[80.20471107,13.118309089],[80.204702238,13.118568806],[80.204702572,13.118570752],[80.204703592,13.118572452],[80.204705167,13.118573682],[80.2047070850001,13.118574278],[80.2050755270001,13.118619457],[80.2051624420001,13.118630002],[80.20557009,13.1186649840001],[80.205729498,13.118680779],[80.2057645150001,13.1186845240001],[80.2060983950001,13.1187318510001],[80.206153316,13.1187380420001],[80.206208426,13.1187423540001],[80.2062636570001,13.1187447830001],[80.2063189400001,13.118745324],[80.2063742080001,13.1187439770001],[80.2064293910001,13.118740745],[80.2064799780001,13.118743458],[80.2065442530001,13.118746905],[80.2065418240001,13.1187462080001],[80.206540283,13.1187449390001],[80.2065393070001,13.1187432130001],[80.2065390240001,13.11874126],[80.2065496110001,13.118494519],[80.2065518530001,13.118431109],[80.2065518730001,13.118367661],[80.2065496700001,13.1183042500001],[80.2065452480001,13.11824095],[80.206538612,13.118177836],[80.2065212730001,13.11810044],[80.206501717,13.11802355],[80.2064799600001,13.117947228],[80.2064560200001,13.117871538],[80.2064425090001,13.1178316240001],[80.2064314930001,13.1177909800001],[80.2064230110001,13.1177497570001],[80.2064170940001,13.1177081050001],[80.2064137550001,13.1176660580001],[80.2064085040001,13.117617421],[80.2063909290001,13.1174545120001],[80.2063876380001,13.117424009],[80.206375634,13.117312731],[80.2063721200001,13.1172403150001],[80.206371641,13.117189511],[80.2063710830001,13.1171301680001],[80.2063688280001,13.116890761],[80.2063693740001,13.116785701],[80.206372404,13.116680681],[80.206377918,13.1165757590001],[80.206383083,13.116529282],[80.206390308,13.116483069],[80.206399579,13.116437208],[80.206410879,13.1163917860001],[80.206424186,13.1163468940001],[80.206439474,13.1163026150001],[80.2064555740001,13.116260681],[80.2064735860001,13.116219501],[80.206493471,13.116179157],[80.2065151910001,13.116139735],[80.2065386990001,13.116101311],[80.2065875660001,13.116031193],[80.2066116600001,13.1159926340001],[80.206623941,13.1159733220001],[80.2066623870001,13.1159068160001],[80.206683534,13.115865989],[80.2066978070001,13.1158311950001],[80.206730194,13.115718401],[80.2067489250001,13.1156526880001],[80.2067575720001,13.1155832270001],[80.206762263,13.1155263430001],[80.206765626,13.11549152],[80.2067704660001,13.115434312],[80.2067732620001,13.115377558],[80.2067704840001,13.1153787960001],[80.2067669030001,13.115205631],[80.206764476,13.115106197],[80.2067690200001,13.1148463920001],[80.2067714170001,13.1147965760001],[80.206776614,13.114673763],[80.2068075920001,13.114340176],[80.206819244,13.1142146340001],[80.2068230500001,13.11417362],[80.20683777,13.1138694970001],[80.2068412620001,13.113643371],[80.2068429930001,13.1133911090001],[80.206834912,13.1133002230001],[80.206835013,13.1132906290001],[80.2068376330001,13.1132502200001],[80.2068442030001,13.1131863140001],[80.2068486030001,13.113122392],[80.2068535880001,13.1130321970001],[80.2068679430001,13.112813895],[80.2068661210001,13.112539434],[80.2068612020001,13.112432031],[80.206859385,13.1123915530001],[80.206855089,13.112298536],[80.206839126,13.112098449],[80.2068303170001,13.112033765],[80.206824979,13.1119945670001],[80.2067770300001,13.1116359000001],[80.2067641780001,13.1115670410001],[80.2067335730001,13.1113597300001],[80.2067313480001,13.1112680160001],[80.206691796,13.111116978],[80.2066723010001,13.110953712],[80.2066498040001,13.1107775080001],[80.206644801,13.110738987],[80.206714483,13.110744885],[80.2074938440001,13.1106162670001],[80.2076994780001,13.1105881460001],[80.208557903,13.1104815580001],[80.209136431,13.1104126270001],[80.2095368430001,13.1103672900001],[80.2103001090001,13.110280658],[80.210836181,13.1102179220001],[80.212194593,13.110057607],[80.2126055260001,13.1100106700001],[80.2131972430001,13.10994177],[80.2136796020001,13.1098864590001],[80.2146339010001,13.1097744470001],[80.2158366680001,13.109629957],[80.216964578,13.1095014530001],[80.2170138640001,13.109466275],[80.2170255830001,13.109491016],[80.2175091970001,13.1094082860001],[80.218735033,13.1092963],[80.220165965,13.1091293810001],[80.2211764630001,13.109009557],[80.2226199340001,13.108843657],[80.223721884,13.108712616],[80.2247825730001,13.108589312],[80.2259708020001,13.108448937],[80.227908078,13.108222642],[80.228677056,13.108135068],[80.2289906010001,13.1081076150001],[80.2295606470001,13.108064019],[80.229684933,13.1080552490001],[80.2301408220001,13.108025969],[80.230558122,13.1080065090001],[80.231005882,13.1079809],[80.2314142430001,13.1079584290001],[80.231850007,13.1079341390001],[80.232273127,13.10791162],[80.2328217290001,13.1078815160001],[80.2334646190001,13.107847894],[80.2346959130001,13.107757239],[80.2356227650001,13.1077294350001],[80.236080391,13.107705293],[80.2367417440001,13.1076670160001],[80.237098518,13.1076498350001],[80.2372743610001,13.107334257],[80.237327953,13.1072087650001],[80.2373546260001,13.1070615470001],[80.2373449340001,13.1068875340001],[80.2373292610001,13.1066061130001],[80.2373054970001,13.1061346000001],[80.2373040320001,13.106103445],[80.2373446020001,13.105865028],[80.2372852110001,13.105659298],[80.2372493650001,13.1049944640001],[80.2372264540001,13.1046472],[80.237216441,13.1044499340001],[80.2371965250001,13.104115199],[80.2371766960001,13.1037627490001],[80.2371394340001,13.1030759600001],[80.2371353830001,13.102977089],[80.2371182700001,13.1025593540001],[80.2371126840001,13.1024229870001],[80.2371043260001,13.1023235380001],[80.2370847860001,13.102091054],[80.2370755690001,13.1019183330001],[80.237064644,13.101686666],[80.2370612120001,13.101613854],[80.236976918,13.1013038040001],[80.2369710720001,13.1012601680001],[80.236970253,13.101253737],[80.236950445,13.1010981370001],[80.236944679,13.10104897],[80.2369445750001,13.101048081],[80.2369309900001,13.1009322150001],[80.2369265360001,13.100894431],[80.2369262140001,13.1008963790001],[80.2369252030001,13.100898085],[80.2369236370001,13.100899323],[80.2369217230001,13.1008999310001],[80.236854463,13.100908583],[80.2368535640001,13.1009086990001],[80.2367992760001,13.100915662],[80.2367767380001,13.100918581],[80.236775896,13.100918689],[80.2366946600001,13.1009291390001],[80.236626184,13.100937947],[80.2366261500001,13.100937951],[80.2366179270001,13.1009390090001],[80.236540437,13.100949756],[80.236540318,13.100949773],[80.236369402,13.100973477],[80.2363420990001,13.1009772420001],[80.2363416140001,13.100977331],[80.2362336520001,13.100992304],[80.2360567480001,13.1010146560001],[80.236024779,13.101016983],[80.236024334,13.101016961],[80.2360233260001,13.1010164300001],[80.2360228300001,13.101015412],[80.2359941300001,13.1008103350001],[80.2359487090001,13.1005436290001],[80.2359109380001,13.1003527030001],[80.2358653890001,13.100140196],[80.235860599,13.1001091860001],[80.235825037,13.0998789240001],[80.2357851580001,13.099541581],[80.2357837920001,13.0995308080001],[80.2357776490001,13.099517728],[80.2357677540001,13.0995070870001],[80.2357550350001,13.0994998850001],[80.2357406880001,13.099496796],[80.235730146,13.0994977440001],[80.2356569470001,13.0995010460001],[80.2356562370001,13.099501033],[80.235654299,13.09950052],[80.2356461190001,13.099498258],[80.235640501,13.099495926],[80.2356358740001,13.0994885760001],[80.2356315810001,13.0994817540001],[80.2356274940001,13.099472216],[80.2355497710001,13.0990529490001],[80.2354844400001,13.0987179140001],[80.2354339230001,13.098468747],[80.235435253,13.098457088],[80.235436989,13.0984517630001],[80.2354388960001,13.0984459110001],[80.2354447060001,13.098435662],[80.235452454,13.098426746],[80.235460667,13.098420413],[80.235461399,13.098419936],[80.2354633030001,13.0984193],[80.235635335,13.0983942340001],[80.2359190010001,13.098354348],[80.2359196400001,13.098354295],[80.2360149410001,13.098340858],[80.2360868430001,13.098330751],[80.2360871010001,13.098330715],[80.236099933,13.0983289100001],[80.2361651530001,13.098318125],[80.236283939,13.098298481],[80.2363246880001,13.0982917420001],[80.236369659,13.098284306],[80.236381932,13.098282322],[80.236468728,13.0982681890001],[80.236560641,13.0982532260001],[80.236608265,13.0982454730001],[80.2366480420001,13.098238017],[80.236808329,13.09820797],[80.236858919,13.09819952],[80.2369453680001,13.0981850810001],[80.2370339290001,13.0981702890001],[80.2370849340001,13.09816177],[80.237311102,13.098119341],[80.237362875,13.0981101420001],[80.2373796730001,13.0981071370001],[80.2375432310001,13.0980778840001],[80.2376704110001,13.098050599],[80.2377270760001,13.098038441],[80.2378218010001,13.0980181190001],[80.2379342550001,13.097993778],[80.238094962,13.097958992],[80.2381804300001,13.0979408200001],[80.23836269,13.0979020720001],[80.2386617110001,13.097854663],[80.2389003800001,13.0978303380001],[80.2389758850001,13.0978262950001],[80.2390937870001,13.0978205330001],[80.239308297,13.0978089920001],[80.2394304650001,13.0978000330001],[80.2396241230001,13.0977834880001],[80.2399522860001,13.0977694540001],[80.2401775600001,13.097749917],[80.2405160260001,13.097726801],[80.240600865,13.0977189820001],[80.2406542250001,13.097714065],[80.240700475,13.0977098020001],[80.240926356,13.097688314],[80.241131958,13.0976619750001],[80.241363391,13.0976347160001],[80.241450033,13.0976174410001],[80.2414750780001,13.0976128140001],[80.2420136210001,13.097514742],[80.242024035,13.0975132940001],[80.2420345140001,13.0975139190001],[80.2420333210001,13.09729793],[80.242034919,13.097283055],[80.2420345130001,13.097268104],[80.242032109,13.0972533350001],[80.2420277470001,13.0972390050001],[80.2420077,13.0971918590001],[80.241989415,13.097144029],[80.2419840890001,13.097128384],[80.241972918,13.0970955770001],[80.2419582300001,13.097046569],[80.2419129470001,13.0968929040001],[80.2418567510001,13.0967181390001],[80.2417549830001,13.0964319440001],[80.2417297850001,13.0963610810001],[80.2416968840001,13.096268556],[80.2416635110001,13.0961716190001],[80.2415384390001,13.095842948],[80.2415242660001,13.0958046430001],[80.2415072700001,13.0957587120001],[80.2415075980001,13.095756765],[80.24150733,13.0957551990001],[80.241468834,13.0956386240001],[80.2414309170001,13.095523804],[80.241404624,13.095431547],[80.2413788970001,13.0953412750001],[80.2413611920001,13.095281336],[80.241348965,13.095239249],[80.241325853,13.0951564590001],[80.241317531,13.0951266380001],[80.2412914700001,13.0950333210001],[80.2412678840001,13.0949486050001],[80.2412297920001,13.0948117930001],[80.2412168700001,13.094753886],[80.241194072,13.094633925],[80.2411760110001,13.0945388810001],[80.2411760000001,13.0945388220001],[80.241157764,13.094442864],[80.241122718,13.09425845],[80.2411178840001,13.0942330180001],[80.241090872,13.094097338],[80.2410820330001,13.094048216],[80.2410734110001,13.094000292],[80.241067366,13.0939667010001],[80.24106735,13.0939666080001],[80.241062798,13.0939413090001],[80.241036245,13.0937937350001],[80.2409978890001,13.093577248],[80.2409840820001,13.0934917750001],[80.240984073,13.093491719],[80.2409695540001,13.093401842],[80.2409625610001,13.0933660150001],[80.2409500030001,13.093278195],[80.240882701,13.092807556],[80.2408796570001,13.092786274],[80.240863694,13.0926041220001],[80.2408792470001,13.0923414910001],[80.2408793220001,13.092340144],[80.2408695300001,13.0922084330001],[80.240840292,13.0918151440001],[80.240810368,13.091435657],[80.2407709170001,13.0908841630001],[80.240766513,13.090648222],[80.240765206,13.0906361830001],[80.2407581860001,13.0905594340001],[80.240750049,13.0904704750001],[80.240749464,13.0904538290001],[80.240745088,13.0903880230001],[80.2407450600001,13.090387617],[80.2407450100001,13.0903258170001],[80.2407472580001,13.09027895],[80.2407517280001,13.09023691],[80.2407580140001,13.090195491],[80.2407666030001,13.090153656],[80.2407801520001,13.0901084810001],[80.2407888590001,13.0900794470001],[80.2407987730001,13.090046387],[80.2408445980001,13.089896368],[80.240846977,13.089885419],[80.2408505720001,13.0898745550001],[80.2408553050001,13.0898641200001],[80.2408887170001,13.089796946],[80.2408976300001,13.0897751200001],[80.240911526,13.0897463470001],[80.2409253440001,13.0897177370001],[80.2409517790001,13.089671991],[80.241060437,13.089506843],[80.2413185400001,13.089115948],[80.2413374400001,13.089087373],[80.241525175,13.088805198],[80.2415834120001,13.088728367],[80.241639676,13.088650133],[80.2416939330001,13.0885705470001],[80.2417196420001,13.0885307200001],[80.2417574240001,13.0884738990001],[80.2418142750001,13.08839249],[80.241885756,13.0882952260001],[80.242045778,13.088086628],[80.2420551210001,13.088074449],[80.2420804880001,13.0880323050001],[80.242089063,13.0880146910001],[80.242184191,13.0878952850001],[80.2421847210001,13.087895249],[80.242360192,13.087883474],[80.24246334,13.087876001],[80.2426949520001,13.0878475660001],[80.2429824220001,13.087802024],[80.2430552430001,13.0877905180001],[80.2430556130001,13.0877904490001],[80.243178464,13.087767909],[80.2432054650001,13.0877629550001],[80.2432296690001,13.0877565340001],[80.2432533250001,13.0877483850001],[80.2432763040001,13.0877385520001],[80.243298483,13.0877270890001],[80.2433730110001,13.0876877760001],[80.2434460700001,13.0876458970001],[80.2435175700001,13.0876015050001],[80.243550257,13.0875794090001],[80.243581755,13.0875557100001],[80.243584776,13.087553186],[80.2436119800001,13.0875304690001],[80.2436408570001,13.087503753],[80.2436683060001,13.0874756310001],[80.2437094220001,13.087433311],[80.2437488420001,13.0873894600001],[80.2437865050001,13.0873441470001],[80.2438223550001,13.08729744],[80.2438563370001,13.08724941],[80.2439885680001,13.087081798],[80.2440862490001,13.0869614650001],[80.244145244,13.0868834250001],[80.2442055160001,13.086810271],[80.2442923120001,13.0867104970001],[80.244309586,13.08669064],[80.2444085110001,13.0865765880001],[80.2444212460001,13.086574636],[80.244468753,13.0865131090001],[80.2446124780001,13.0863322160001],[80.2447583220001,13.0864716950001],[80.2448512720001,13.0865509430001],[80.244944053,13.0865826580001],[80.245121517,13.086670538],[80.2452625450001,13.0867754080001],[80.245400654,13.086881825],[80.24550564,13.086953055],[80.2456501670001,13.0870317750001],[80.245810304,13.0871211840001],[80.2459749540001,13.087216724],[80.2461118780001,13.0873103210001],[80.2462511910001,13.0874531150001],[80.2463954610001,13.087634302],[80.2465434910001,13.087843804],[80.2467271,13.088073224],[80.2468727,13.088237776],[80.247053855,13.0884021690001],[80.2472115,13.0885715960001],[80.2473099680001,13.0887085030001],[80.247452406,13.0889070690001],[80.2477321700001,13.0892970780001],[80.2477116260001,13.089326127],[80.2478364390001,13.089457257],[80.2479002430001,13.0895245520001],[80.248101133,13.0897364360001],[80.2483589400001,13.0900924690001],[80.2484593950001,13.0902837630001],[80.248684509,13.0906666720001],[80.248897883,13.091040702],[80.2490082310001,13.0912404160001],[80.249043214,13.091309966],[80.2492662290001,13.0912485480001],[80.249399569,13.0912437910001],[80.2494315180001,13.0912435130001],[80.249489252,13.0912347450001],[80.2497734740001,13.091190071],[80.250020933,13.0911685470001],[80.250228716,13.0911510670001],[80.250505719,13.091120948],[80.2507853550001,13.091104671],[80.2509138790001,13.091094374],[80.250999091,13.091087498],[80.2510351180001,13.0910805770001],[80.2510374440001,13.091113588],[80.2510483070001,13.091229831],[80.2510495860001,13.0912633180001],[80.2510495880001,13.091263365],[80.2510515750001,13.091315362],[80.2510516720001,13.091323486],[80.2511226020001,13.0912276170001],[80.2511226080001,13.091227643],[80.2511230490001,13.0912295630001],[80.2511241620001,13.091231201],[80.251138004,13.0912451950001],[80.2511450520001,13.0912509350001],[80.2511549820001,13.0912590240001],[80.251173378,13.0912709940001],[80.2511990100001,13.091284095],[80.2511991260001,13.091284151],[80.2512009180001,13.091285068],[80.2512040770001,13.0912866850001],[80.2512043510001,13.0912868250001],[80.2512245770001,13.091297162],[80.2512495400001,13.0913086],[80.251276885,13.09132113],[80.251280163,13.0913224670001],[80.2513302020001,13.091342856],[80.2513504350001,13.0913501100001],[80.25138443,13.091362298],[80.2514516740001,13.091378949],[80.2514859020001,13.0913845040001],[80.2515203890001,13.091388185],[80.2515550360001,13.09138998],[80.2516091860001,13.0913923210001],[80.2516286810001,13.091390275],[80.251628995,13.0913902410001],[80.2516300280001,13.0913901340001],[80.251630477,13.0913901100001],[80.2516304580001,13.091390088],[80.2516590850001,13.091387083],[80.2517492870001,13.091383787],[80.2517495590001,13.0913837750001],[80.251749858,13.091383765],[80.251815691,13.091381357],[80.251956496,13.09137621],[80.2520058310001,13.091374407],[80.2521015630001,13.091370419],[80.2521249000001,13.0913699880001],[80.2521688260001,13.091369174],[80.252220396,13.0913684070001],[80.252334428,13.091366712],[80.252465526,13.0913643760001],[80.2526097030001,13.091361808],[80.252783875,13.0913638280001],[80.2528144600001,13.0913641820001],[80.2528155570001,13.091364308],[80.2528928740001,13.0913731850001],[80.252971819,13.091379182],[80.2529874580001,13.091380325],[80.2529939010001,13.091381879],[80.2530004810001,13.0913810270001],[80.2530640860001,13.091388775],[80.2531291660001,13.0913971700001],[80.2531851090001,13.0914043870001],[80.2532690080001,13.091415209],[80.2533280540001,13.0914228250001],[80.2534496120001,13.091438506],[80.253538554,13.0914499790001],[80.253698243,13.0914705770001],[80.2537280670001,13.0914744250001],[80.253729402,13.091474523],[80.253752493,13.0914762210001],[80.253771837,13.0914776440001],[80.2538157130001,13.0914788960001],[80.2538596040001,13.091478178],[80.2539034170001,13.0914754930001],[80.253937234,13.091471891],[80.2539470580001,13.091470843],[80.253982309,13.0914654800001],[80.253990435,13.0914642430001],[80.2540061070001,13.091463704],[80.254021605,13.09146136],[80.2540367140001,13.091457244],[80.254051223,13.091451411],[80.2540649310001,13.0914439420001],[80.2540776450001,13.0914349440001],[80.2540891900001,13.091424541],[80.254093379,13.091419758],[80.2540994030001,13.091412876],[80.254108145,13.0914001140001],[80.2541156130001,13.0913744330001],[80.2541175950001,13.0913676210001],[80.254122646,13.091345318],[80.2541250660001,13.0913346340001],[80.254127182,13.0913217250001],[80.2541305350001,13.091301269],[80.2541339790001,13.091267643],[80.2541340990001,13.091264773],[80.2541353890001,13.091233878],[80.2541347580001,13.0912000910001],[80.2541337100001,13.0911716310001],[80.254133988,13.091102263],[80.254135557,13.0910824210001],[80.254137846,13.091053463],[80.2541434120001,13.0910129910001],[80.254144517,13.0910049560001],[80.25414534,13.090991149],[80.254147845,13.090926267],[80.2541492130001,13.090890813],[80.2541531540001,13.09078872],[80.254157809,13.0906681180001],[80.2536792750001,13.0906324100001],[80.2536823070001,13.0906061960001],[80.253702735,13.0904295890001],[80.2541669990001,13.0904992390001],[80.254167012,13.0904991790001],[80.2541903590001,13.0904051860001],[80.254207831,13.0903413340001],[80.2542121770001,13.0903265200001],[80.2542359030001,13.0902456380001],[80.2542403160001,13.090231556],[80.254268971,13.090140117],[80.2542717950001,13.0901311100001],[80.2542879010001,13.090084013],[80.2542973120001,13.0900558050001],[80.2543177580001,13.08999806],[80.254330624,13.089961728],[80.254334364,13.0899485800001],[80.25433739,13.0899379430001],[80.2543702510001,13.0898224220001],[80.2543835020001,13.089778573],[80.2543875440001,13.0897651990001],[80.2544007650001,13.0897214510001],[80.2544033170001,13.089713005],[80.2544121550001,13.089683757],[80.2544461130001,13.0895776720001],[80.254456325,13.089545769],[80.2544613330001,13.089530962],[80.2544977730001,13.089423214],[80.2545027500001,13.089408495],[80.2545047470001,13.0894013490001],[80.2545048160001,13.089401089],[80.2545174190001,13.0893560050001],[80.2545199320001,13.0893470130001],[80.254537875,13.0892828090001],[80.2545655000001,13.0891830040001],[80.254606391,13.089030097],[80.2546064110001,13.0890300250001],[80.2546207510001,13.0889772680001],[80.2546236690001,13.0889665330001],[80.2546634540001,13.0888082450001],[80.2547018530001,13.088646856],[80.2547051590001,13.088632741],[80.254714133,13.088594416],[80.2547197120001,13.088573485],[80.254763342,13.0884098070001],[80.254796502,13.0882854110001],[80.254801275,13.088267505],[80.2548013370001,13.0882672560001],[80.254812283,13.088226207],[80.2548395600001,13.088123882],[80.254869737,13.088010673],[80.2549006580001,13.0879262300001],[80.2549063980001,13.087910553],[80.2549189760001,13.087876206],[80.2549475540001,13.087798164],[80.2549757950001,13.087696915],[80.255009283,13.0875768550001],[80.2550228470001,13.0875282280001],[80.255033514,13.087489986],[80.255038509,13.087472076],[80.2550700080001,13.0873591450001],[80.2550983850001,13.0872567640001],[80.2551194320001,13.0871808220001],[80.255124589,13.0871622170001],[80.2551246360001,13.087162043],[80.2551353040001,13.087123562],[80.2551386750001,13.087111398],[80.2551539080001,13.0870564360001],[80.255165278,13.0870154130001],[80.2551869690001,13.0869344440001],[80.2552072290001,13.0868580810001],[80.2552256750001,13.086788557],[80.255252457,13.0867355950001],[80.2552531920001,13.086734141],[80.2552586480001,13.086713576],[80.2552779320001,13.086640892],[80.255291217,13.0865908220001],[80.255301129,13.0865534640001],[80.2553115140001,13.08651432],[80.2553207820001,13.0864855300001],[80.2553366440001,13.086436255],[80.2553413470001,13.086421644],[80.2553414610001,13.0864210140001],[80.2553478020001,13.0863859360001],[80.255347993,13.0863848760001],[80.2553671260001,13.0863195310001],[80.255434317,13.086090063],[80.255432822,13.0860790080001],[80.2555609770001,13.086129767],[80.2555613590001,13.086129914],[80.2559126360001,13.086260227],[80.2559538780001,13.0860911660001],[80.2564199830001,13.0843961640001],[80.2564213800001,13.0843928780001],[80.2564227700001,13.0843909450001],[80.2564264590001,13.0843879280001],[80.2564309800001,13.08438633],[80.2564357850001,13.0843863430001],[80.256437012,13.0843866160001],[80.2564659550001,13.0843953720001],[80.2567995140001,13.084509589],[80.2568150660001,13.0844851680001],[80.2564453780001,13.0843513130001],[80.2564412240001,13.084348945],[80.2564381450001,13.084345328],[80.2564371330001,13.084343183],[80.2564365150001,13.0843408970001],[80.2564363120001,13.084338541],[80.2564359520001,13.0843380910001],[80.2564367890001,13.084335051],[80.2565610510001,13.0838831620001],[80.2565721140001,13.083821401],[80.2562219550001,13.0837304180001],[80.256140202,13.083704606],[80.256118266,13.0836798600001],[80.2561185650001,13.0836202290001],[80.2561227950001,13.0833251400001],[80.256096513,13.083124119],[80.2560504470001,13.082884855],[80.255974812,13.082551483],[80.255909177,13.0822413490001],[80.2558501350001,13.081950783],[80.2557605330001,13.081485394],[80.2557594670001,13.081479861],[80.2557598070001,13.081470634],[80.255759847,13.081457373],[80.255759868,13.08145009],[80.25576462,13.0814443030001],[80.2557697670001,13.0814380350001],[80.255772354,13.0814330000001],[80.2557747270001,13.0814283820001],[80.2557883160001,13.081418753],[80.2557990940001,13.081416039],[80.2558030170001,13.0814150460001],[80.2558033170001,13.081414975],[80.2558034990001,13.081414932],[80.255793834,13.081367931],[80.2557849010001,13.081324485],[80.254910717,13.081509808],[80.254903051,13.0815092770001],[80.2548958190001,13.081503293],[80.254894203,13.0814941510001],[80.254897779,13.081479394],[80.2548694640001,13.0810626590001],[80.2548300880001,13.0808158830001],[80.254821737,13.0804807590001],[80.254733716,13.080082083],[80.2546090390001,13.0794760150001],[80.2546141620001,13.079316659],[80.254672203,13.0790364700001],[80.2546672430001,13.078821788],[80.2542667220001,13.0787645180001],[80.254130477,13.078745036],[80.2536600440001,13.078689614],[80.2533357230001,13.078655778],[80.2531891070001,13.078655354],[80.2531493690001,13.078656971],[80.253104793,13.078658784],[80.253033062,13.078661702],[80.253042845,13.0785833470001],[80.253112817,13.078206989],[80.2532261810001,13.077389721],[80.2533038280001,13.0766968720001],[80.2521300450001,13.0765076930001],[80.2519116490001,13.076466387],[80.2516225580001,13.076423404],[80.2512240330001,13.0763801050001],[80.2509026330001,13.076322528],[80.250953859,13.07620601],[80.2511897090001,13.0757286890001],[80.25136896,13.0756961610001],[80.2515694420001,13.075736476],[80.251897365,13.07578527],[80.2519888260001,13.075802504],[80.2520161090001,13.0757836440001],[80.252128134,13.0750462660001],[80.2521486090001,13.074949729],[80.252159486,13.074690156],[80.2521796120001,13.0742636910001],[80.252188318,13.0742175240001],[80.2521883730001,13.0742172270001],[80.2522121580001,13.074122119],[80.252231862,13.074043331],[80.2522581710001,13.0739805870001],[80.252262435,13.0739704170001],[80.2504218280001,13.073866647],[80.250634162,13.072447094],[80.2506772510001,13.072159019],[80.250767377,13.071991785],[80.2501078880001,13.071788414],[80.249785236,13.071702251],[80.2495598620001,13.071639315],[80.249557162,13.0716384780001],[80.2495550030001,13.071569046],[80.2495543210001,13.0715471070001],[80.249546944,13.071546031],[80.2495555250001,13.0710785740001],[80.2494904640001,13.0710929270001],[80.2490337980001,13.071090197],[80.2484312660001,13.0709590110001],[80.2477203620001,13.070692713],[80.2472417640001,13.070449109],[80.246524703,13.0700601730001],[80.2459962560001,13.069775619],[80.2456612140001,13.0695899190001],[80.245236693,13.069370722],[80.2448806370001,13.0691739540001],[80.2442713020001,13.068847256],[80.243215601,13.06838606],[80.2427453820001,13.068230998],[80.242702024,13.0683980310001],[80.2426370430001,13.068650119],[80.2425807320001,13.0688256780001],[80.2425789980001,13.0688298590001],[80.242344501,13.069395485],[80.24216397,13.069403863],[80.242163497,13.0694021100001],[80.2421349570001,13.069353312],[80.2421146550001,13.06933329],[80.2420911140001,13.0693170280001],[80.2420372550001,13.069297631],[80.2420085740001,13.0692950870001],[80.2415733890001,13.06929381],[80.2388478880001,13.0693146040001],[80.2379448190001,13.0693488260001],[80.237406026,13.069368362],[80.2373383090001,13.0693634200001],[80.2370289930001,13.0693408430001],[80.23635212,13.0693125080001],[80.2356540380001,13.069273589],[80.235361154,13.069272723],[80.2349504090001,13.069344679],[80.2345925590001,13.069448246],[80.234222521,13.069604665],[80.2325686880001,13.070273645],[80.2323063680001,13.070317029],[80.232415528,13.0698187990001],[80.2324248400001,13.0693714810001],[80.2324151160001,13.069317116],[80.2323943960001,13.0692464430001],[80.232353672,13.0691075390001],[80.232348603,13.0690921820001],[80.2323311590001,13.0690549080001],[80.232268817,13.068946732],[80.23224658,13.068913911],[80.2322154560001,13.068880565],[80.2321791590001,13.068852696],[80.2321386770001,13.0688310640001],[80.2321132210001,13.068821455],[80.2319681640001,13.0687745450001],[80.2317291730001,13.0687700720001],[80.2316670370001,13.068394649],[80.2316368,13.068212299],[80.231516077,13.068175728],[80.2313892540001,13.068178344],[80.2312242100001,13.068146068],[80.231122236,13.0681396460001],[80.231008595,13.0681199050001],[80.230859749,13.068116301],[80.2307119750001,13.068059996],[80.2305101030001,13.0679918060001],[80.2303429740001,13.067952185],[80.2301131740001,13.067903551],[80.2300128110001,13.0678631050001],[80.229863015,13.067836076],[80.2297592910001,13.0678237860001],[80.2296497670001,13.0678078170001],[80.229582506,13.0677854640001],[80.2295175020001,13.0677641120001],[80.2294143500001,13.0677455850001],[80.229323358,13.067778731],[80.229202758,13.0677815990001],[80.2290949360001,13.0678485510001],[80.2290884710001,13.0678523770001],[80.228930523,13.067945851],[80.228844644,13.067971879],[80.2287586840001,13.0680241920001],[80.2286942710001,13.068045027],[80.2286512580001,13.068081697],[80.2285545080001,13.0681550050001],[80.2284851640001,13.0681978430001]]]},"properties":{"OBJECTID":8,"Name":"ANNA NAGAR","FolderPath":"GCC_ZONE_UPDATED","SymbolID":0,"AltMode":0,"Base":0,"Clamped":-1,"Extruded":0,"Snippet":"","PopupInfo":"","Shape__Area":0.0021091424222277055,"Shape__Length":0.25573158776868621}},{"type":"Feature","id":9,"geometry":{"type":"Polygon","coordinates":[[[80.2091767320001,13.060357859],[80.209320281,13.0602622270001],[80.2093120820001,13.0602360090001],[80.2092731450001,13.060148762],[80.2092818460001,13.0601393200001],[80.209268379,13.0600722180001],[80.2092682950001,13.0600706990001],[80.209274829,13.059996708],[80.2092948260001,13.0598781580001],[80.2095693950001,13.059892759],[80.210338639,13.0598973140001],[80.210670382,13.0599180080001],[80.2107758870001,13.0597598740001],[80.210788644,13.0597417270001],[80.2108061820001,13.0597160240001],[80.210827318,13.059683084],[80.2108506980001,13.059639664],[80.2108719840001,13.059599448],[80.2108893430001,13.0595673230001],[80.210938549,13.0594792580001],[80.211011511,13.0593603080001],[80.2111264150001,13.0591906710001],[80.2112114880001,13.0590626260001],[80.211290972,13.058951834],[80.2113616460001,13.0588563860001],[80.2113918200001,13.058822653],[80.2114485330001,13.05875925],[80.2117075830001,13.058551188],[80.2117171620001,13.058554342],[80.211731736,13.058557039],[80.2117913440001,13.0585490390001],[80.2118506150001,13.058538911],[80.2119094670001,13.058526671],[80.2120060410001,13.058500985],[80.2121031080001,13.0584771430001],[80.21220063,13.0584551540001],[80.2122933590001,13.0584359690001],[80.212385682,13.058414945],[80.2124775510001,13.0583920930001],[80.2125139250001,13.058383226],[80.2125619230001,13.0583698730001],[80.2125766170001,13.0583655890001],[80.2126251290001,13.058349057],[80.2126728250001,13.0583303820001],[80.2127196070001,13.058309604],[80.2127462170001,13.058294932],[80.2127738120001,13.0582821260001],[80.212802256,13.0582712510001],[80.2128314080001,13.058262357],[80.2128611240001,13.0582554910001],[80.212890063,13.0582516320001],[80.212928468,13.058247922],[80.2129674070001,13.058246291],[80.213006379,13.058246781],[80.213045261,13.0582493900001],[80.213083935,13.0582541100001],[80.213121152,13.0582607260001],[80.2132890770001,13.058309143],[80.213417183,13.058353428],[80.2134686430001,13.0583712170001],[80.213648875,13.0584314020001],[80.2138297450001,13.0584896890001],[80.213865325,13.0584983680001],[80.2139014030001,13.058504837],[80.2139402220001,13.0585090980001],[80.213976066,13.058511035],[80.213976841,13.0585110760001],[80.2140135000001,13.0585107900001],[80.2140823110001,13.0585084040001],[80.2140850380001,13.058508385],[80.2141503860001,13.0585079430001],[80.2141511630001,13.058507938],[80.2142200010001,13.0585093940001],[80.2142887690001,13.058512771],[80.2147269870001,13.0585267550001],[80.2147272560001,13.058526758],[80.2147986350001,13.0585274690001],[80.2148723830001,13.0585259850001],[80.2149460570001,13.0585223050001],[80.2150196810001,13.0585152950001],[80.2150934960001,13.058510594],[80.2151674250001,13.0585082060001],[80.215238571,13.0585081150001],[80.2152413730001,13.0585081130001],[80.2153153,13.058510359],[80.215381902,13.058514797],[80.2154486260001,13.0585172290001],[80.215515397,13.0585176540001],[80.2155821440001,13.0585160690001],[80.2156487940001,13.058512477],[80.2157519310001,13.058502939],[80.2157609020001,13.0585021090001],[80.215873183,13.0584937250001],[80.215985673,13.0584873240001],[80.216097824,13.0584829270001],[80.216210699,13.058480505],[80.216323306,13.058480081],[80.2164359020001,13.058481649],[80.216477689,13.058487789],[80.2165191000001,13.0584960190001],[80.2165600260001,13.05850632],[80.216600359,13.0585186640001],[80.216639995,13.05853302],[80.2166788260001,13.058549348],[80.216716755,13.0585676050001],[80.216754601,13.058583954],[80.216793372,13.0585980750001],[80.216832927,13.058609916],[80.2168731300001,13.0586194360001],[80.216913837,13.0586266020001],[80.2169549060001,13.058631387],[80.2171459880001,13.05863745],[80.217336946,13.058646508],[80.2175277310001,13.05865856],[80.217650022,13.0586634320001],[80.2177722160001,13.0586702520001],[80.2178942800001,13.0586790190001],[80.2177811780001,13.058039788],[80.2177633460001,13.0578918890001],[80.217743377,13.057744251],[80.2177212730001,13.057596905],[80.2177160900001,13.0575654630001],[80.217697038,13.0574498830001],[80.217670679,13.057303215],[80.217659364,13.057220402],[80.2176457090001,13.0571379310001],[80.2176297250001,13.057055862],[80.217611424,13.0569742600001],[80.2175787630001,13.0568159530001],[80.2175786550001,13.056815004],[80.217578974,13.0568130560001],[80.2175799830001,13.056811349],[80.2175815470001,13.056810109],[80.2175834610001,13.0568094990001],[80.217594584,13.056808055],[80.2176118020001,13.0568054620001],[80.217630925,13.056799954],[80.2176491330001,13.056792004],[80.2176661010001,13.0567817520001],[80.21768153,13.05676938],[80.2176951440001,13.0567551080001],[80.217706703,13.0567391880001],[80.217716001,13.056721904],[80.217722875,13.0567035620001],[80.2177272000001,13.056684487],[80.217728902,13.056665018],[80.2177280820001,13.05664821],[80.2177182550001,13.0564796730001],[80.2177112800001,13.0563673520001],[80.2177078010001,13.056311308],[80.2177015720001,13.056216771],[80.217989302,13.0561655130001],[80.2181293690001,13.0561451190001],[80.2183646990001,13.056111888],[80.21836927,13.0561059890001],[80.2183386030001,13.0558120530001],[80.2183275240001,13.0557082880001],[80.2183069450001,13.055522013],[80.2183034650001,13.0554980200001],[80.2183029010001,13.055474245],[80.218298132,13.055417468],[80.2182956500001,13.055388163],[80.2182866730001,13.055281071],[80.2182729240001,13.0550864250001],[80.218257915,13.0548917080001],[80.2182591760001,13.05482197],[80.218259231,13.0547830740001],[80.218259238,13.054778008],[80.218259274,13.054752072],[80.218259742,13.0547327210001],[80.217664809,13.0546885690001],[80.2176763640001,13.0546001650001],[80.2182653200001,13.054640743],[80.2182673890001,13.0546143930001],[80.2182683600001,13.0545102680001],[80.218282108,13.054263618],[80.2182821010001,13.0542629170001],[80.2182815880001,13.0542610100001],[80.2182804130001,13.0542594080001],[80.218278732,13.054258324],[80.2182767670001,13.0542579],[80.218261904,13.0542574130001],[80.2178287420001,13.0542531150001],[80.2178492850001,13.0542084090001],[80.2178407810001,13.0542082920001],[80.217832532,13.054206236],[80.2178249930001,13.0542023530001],[80.217818578,13.054196856],[80.2178136370001,13.0541900470001],[80.217810442,13.054182299],[80.217814392,13.0539426230001],[80.2178200590001,13.0537705790001],[80.217822491,13.053597903],[80.2178216730001,13.0534262510001],[80.2178231120001,13.053392128],[80.2178226440001,13.053385001],[80.2178210430001,13.0533748300001],[80.2178183680001,13.053364878],[80.217816428,13.0533515700001],[80.217815747,13.053336256],[80.2178167020001,13.053320957],[80.2178178300001,13.053294196],[80.2178201350001,13.0531614080001],[80.217819214,13.053037788],[80.2178193180001,13.053036702],[80.2178200590001,13.0530348680001],[80.2178214190001,13.0530334150001],[80.2178232190001,13.0530325340001],[80.217833989,13.0530330830001],[80.2178802870001,13.0530354430001],[80.2178985940001,13.0530357970001],[80.2179406650001,13.053034584],[80.2179826240001,13.053031348],[80.2180243700001,13.053026097],[80.2180658030001,13.0530188440001],[80.2180768860001,13.053017771],[80.2180879480001,13.0530190220001],[80.2180044880001,13.052936561],[80.2180018980001,13.052949902],[80.2180048020001,13.0529229850001],[80.2180028320001,13.0529095420001],[80.217994176,13.052870817],[80.2179828490001,13.0528327590001],[80.2179689010001,13.0527955470001],[80.2179533980001,13.05276094],[80.217940319,13.0527253820001],[80.2179297220001,13.0526890370001],[80.217918737,13.0526386610001],[80.2179097000001,13.0525879150001],[80.217902624,13.05253687],[80.217888047,13.0522903620001],[80.2178869160001,13.0522775220001],[80.2178850160001,13.0522602730001],[80.217879178,13.052189942],[80.217873599,13.05210111],[80.217872318,13.052014188],[80.2178734610001,13.0519272660001],[80.217881031,13.0518808300001],[80.2178851150001,13.0518469190001],[80.217886655,13.0518341280001],[80.217890325,13.0517872400001],[80.2178920330001,13.0517402450001],[80.21789333,13.051730638],[80.217894023,13.0517156380001],[80.217893324,13.0517041470001],[80.2178916930001,13.0517006150001],[80.2178898070001,13.0516994220001],[80.2179541530001,13.0517234380001],[80.2179541950001,13.051723457],[80.2181779260001,13.0518314400001],[80.2181779690001,13.051831458],[80.218220704,13.051847937],[80.218220746,13.051847954],[80.21847288,13.0519451760001],[80.218472923,13.0519451910001],[80.2187775990001,13.052037227],[80.2187776420001,13.0520372400001],[80.2189807660001,13.0520973810001],[80.2189808090001,13.05209739],[80.2190828390001,13.052127598],[80.219151421,13.052147495],[80.2192298680001,13.052170254],[80.2193393430001,13.052202014],[80.2193885840001,13.0522163000001],[80.219553422,13.052254422],[80.2197177460001,13.0522946150001],[80.2198815300001,13.052336869],[80.2200135100001,13.0523708910001],[80.220144856,13.0524072170001],[80.2202024140001,13.05242423],[80.2202557150001,13.0524399820001],[80.2202755210001,13.0524458370001],[80.2204054650001,13.0524867350001],[80.2206070270001,13.052531286],[80.2206344850001,13.052539482],[80.220677503,13.0525562730001],[80.2207260420001,13.05257414],[80.220775201,13.052590299],[80.220824915,13.05260473],[80.2212786790001,13.052720928],[80.2213858540001,13.052749276],[80.2214398500001,13.052763559],[80.2215815800001,13.0528010470001],[80.221790297,13.0528580970001],[80.2220382580001,13.052929641],[80.2222866650001,13.05300542],[80.2225091490001,13.0530769270001],[80.222650973,13.053117592],[80.22265113,13.0531176380001],[80.222727966,13.053139667],[80.2227566550001,13.0531478930001],[80.222920193,13.0531927710001],[80.223080817,13.053232629],[80.22324861,13.0532722],[80.2234293800001,13.0533137190001],[80.2235986330001,13.053350261],[80.2237499080001,13.053384238],[80.2239949020001,13.053435399],[80.2241254780001,13.053468326],[80.2241256710001,13.053468378],[80.2242002410001,13.05348718],[80.2244094740001,13.053539942],[80.224525919,13.0535646000001],[80.2245688880001,13.053573698],[80.224630489,13.053586743],[80.224890572,13.05364201],[80.225094115,13.053684005],[80.2252422000001,13.0537145280001],[80.225415947,13.0537503410001],[80.225633106,13.053793193],[80.225693219,13.053805057],[80.2256934170001,13.053805094],[80.2256997480001,13.0538063430001],[80.226020878,13.0538604880001],[80.226358572,13.0539079320001],[80.2266448920001,13.053946707],[80.2267413330001,13.053959063],[80.2268417560001,13.053966772],[80.226967378,13.0539785350001],[80.227054357,13.053986681],[80.227311522,13.0540107630001],[80.2275974300001,13.054040189],[80.2278156520001,13.054066429],[80.2279394870001,13.0540815480001],[80.227983259,13.0540868910001],[80.2281261590001,13.0541043370001],[80.22832715,13.0541259140001],[80.2284658620001,13.054139336],[80.2285012400001,13.05414276],[80.2285759380001,13.0541499880001],[80.228846897,13.054166395],[80.228898541,13.054169791],[80.22890627,13.0541702990001],[80.2289581860001,13.0541737140001],[80.2291033480001,13.0541836520001],[80.229209676,13.0541871360001],[80.2294121020001,13.054191899],[80.2298469460001,13.054205622],[80.2298520800001,13.054205735],[80.230090751,13.054211008],[80.23037823,13.054205144],[80.2304389070001,13.0542039050001],[80.2305014930001,13.0542014370001],[80.230599494,13.0542070060001],[80.230612686,13.054209036],[80.2306154990001,13.0542094690001],[80.2306179660001,13.054210804],[80.2306295440001,13.0542170740001],[80.230637318,13.0542243470001],[80.2306433140001,13.0542330870001],[80.230715074,13.0542216330001],[80.230725147,13.0542142],[80.2307373580001,13.0542126600001],[80.230785595,13.0542120800001],[80.2307856090001,13.054202146],[80.230785638,13.0541825130001],[80.230714081,13.0541802330001],[80.2307098000001,13.054180096],[80.2307083800001,13.0541782060001],[80.230705008,13.0541737190001],[80.2307028750001,13.0541671280001],[80.2307015520001,13.0541619860001],[80.2307000100001,13.0541561920001],[80.2306987210001,13.0541507890001],[80.2306964810001,13.054144023],[80.2306967590001,13.054144025],[80.2306971510001,13.054144029],[80.230720481,13.054144266],[80.2308217930001,13.0541452910001],[80.2309394960001,13.05414832],[80.231016287,13.054150296],[80.231149654,13.054153811],[80.2311366470001,13.054064887],[80.2311241500001,13.053979445],[80.2310673650001,13.053613134],[80.23098917,13.053070055],[80.2309613190001,13.052860561],[80.2309202230001,13.052580139],[80.230884712,13.0523426820001],[80.2308414450001,13.0520482380001],[80.2308175570001,13.0518856840001],[80.2307680750001,13.0515574040001],[80.2307433770001,13.0514021710001],[80.230704524,13.051141828],[80.2306523540001,13.050793374],[80.230631154,13.050650994],[80.2305837110001,13.0503354700001],[80.230550189,13.0501111300001],[80.2305049190001,13.0498086330001],[80.2304325480001,13.0493228660001],[80.2303937730001,13.0490674060001],[80.2303656890001,13.0488740960001],[80.2303192310001,13.048575004],[80.2302977900001,13.0484334610001],[80.2302556960001,13.048147972],[80.2302298370001,13.0479807090001],[80.23021292,13.047870865],[80.230377563,13.0477995420001],[80.2303987550001,13.0477913880001],[80.2304008290001,13.0477848670001],[80.230404907,13.0477793090001],[80.2304172360001,13.047773211],[80.2304835670001,13.047766718],[80.230528194,13.047763672],[80.2306816170001,13.047753201],[80.2307262460001,13.047749077],[80.2307266220001,13.047749056],[80.230759762,13.047745982],[80.230838276,13.0477387280001],[80.230838632,13.0477387070001],[80.230869365,13.047735856],[80.2308703360001,13.0477357660001],[80.230901126,13.047732922],[80.2309878950001,13.047724906],[80.231192949,13.0476832890001],[80.231282128,13.047675079],[80.231282434,13.0476750600001],[80.2313082740001,13.047672673],[80.2313471030001,13.0476690990001],[80.2314083670001,13.0476604190001],[80.2315381270001,13.0476446870001],[80.231570494,13.0476405580001],[80.231728423,13.047620319],[80.231860839,13.047605231],[80.231889848,13.047601926],[80.2319565780001,13.0475943220001],[80.2321563300001,13.047567337],[80.232184159,13.0475636900001],[80.23221892,13.047559135],[80.2324200410001,13.0475327790001],[80.232454445,13.0475281560001],[80.2324596560001,13.047527421],[80.2324998700001,13.0475217490001],[80.2326160090001,13.0475053660001],[80.2326532550001,13.0475007580001],[80.232911684,13.0474697540001],[80.2329520430001,13.0474628650001],[80.2331522430001,13.047428693],[80.2333650050001,13.0473996640001],[80.233511175,13.0473849580001],[80.2335396230001,13.0473823250001],[80.2336444360001,13.0473743150001],[80.233652358,13.047373119],[80.2336769250001,13.0473694090001],[80.233723899,13.0473622060001],[80.2338670890001,13.0473413780001],[80.2340761450001,13.0473178710001],[80.2344848880001,13.047254777],[80.234532448,13.0472474360001],[80.2345646040001,13.047241785],[80.2347294630001,13.0472161050001],[80.2347394770001,13.04721426],[80.234769826,13.04720867],[80.2348846620001,13.0471875210001],[80.2349150100001,13.0471819310001],[80.2350192310001,13.0471627360001],[80.2350308010001,13.047161488],[80.235059585,13.047158381],[80.2355636550001,13.047103985],[80.235696783,13.0470951680001],[80.235835346,13.047076034],[80.2359805010001,13.0470506400001],[80.236031675,13.0470416860001],[80.2360320120001,13.0470416320001],[80.236061034,13.047036431],[80.2361802790001,13.0470130350001],[80.2362923360001,13.046989882],[80.2363236840001,13.046983405],[80.2364805720001,13.046950989],[80.236591956,13.0469288030001],[80.2368617340001,13.0468679480001],[80.2369783930001,13.0468426470001],[80.2378961380001,13.046651893],[80.2382266490001,13.046584302],[80.2383257610001,13.04655332],[80.238675834,13.046483978],[80.238717089,13.046475807],[80.239098792,13.0464001990001],[80.2391425340001,13.0463915340001],[80.239421985,13.04632861],[80.2393052090001,13.0462406940001],[80.2393302510001,13.04622706],[80.2393542770001,13.0462117650001],[80.2393771690001,13.04619488],[80.2393988210001,13.046176487],[80.2394105430001,13.046165049],[80.2394191270001,13.0461566750001],[80.239437991,13.046135534],[80.2394553230001,13.0461131700001],[80.239471042,13.046089685],[80.2395461790001,13.0459778760001],[80.239687152,13.045775114],[80.239714614,13.0457360460001],[80.2397329770001,13.0457099230001],[80.239733001,13.045709889],[80.2398098450001,13.045600571],[80.2399663,13.0453686660001],[80.2400583400001,13.045244908],[80.2401641710001,13.0453068080001],[80.2402317630001,13.0452056250001],[80.2404180070001,13.0449268250001],[80.2404199210001,13.044920631],[80.2404369010001,13.044886864],[80.2404823350001,13.0448068860001],[80.2405629410001,13.0446856880001],[80.24063841,13.044574056],[80.2406678130001,13.0445305650001],[80.2407662950001,13.044384102],[80.2408162140001,13.0443150420001],[80.2408400940001,13.044282007],[80.240883039,13.0442128880001],[80.240971104,13.0440889400001],[80.2409939410001,13.0439683820001],[80.2410116240001,13.043875035],[80.2410150250001,13.0438816500001],[80.2410203740001,13.0438868850001],[80.241027128,13.04389021],[80.2410360540001,13.043891263],[80.241041421,13.0438909060001],[80.2411841300001,13.0438814180001],[80.2414692460001,13.043825773],[80.2414730570001,13.0438250290001],[80.241628995,13.0438008360001],[80.2416629780001,13.043795564],[80.241780218,13.0437773740001],[80.2418030690001,13.0437737940001],[80.241833274,13.0437690630001],[80.241853006,13.043765971],[80.2418849310001,13.043760971],[80.2419447570001,13.0437515990001],[80.2419657940001,13.0437483040001],[80.242089595,13.04372891],[80.2421173370001,13.0437246870001],[80.2421562500001,13.0437187630001],[80.242188904,13.0437137920001],[80.242711608,13.0436342190001],[80.242799269,13.0436208740001],[80.2430527920001,13.0435822790001],[80.243080944,13.043577993],[80.243641934,13.043492589],[80.2436727640001,13.043487065],[80.2436747580001,13.043487326],[80.2436753640001,13.043487263],[80.2437189450001,13.043480344],[80.2439559580001,13.0434427120001],[80.2439850900001,13.0434380890001],[80.244070859,13.043424472],[80.2444530480001,13.0433604850001],[80.2444946320001,13.043353473],[80.244502932,13.043350682],[80.244510292,13.0433460040001],[80.244516274,13.043339717],[80.244520519,13.0433321960001],[80.2445227750001,13.043323892],[80.2445228990001,13.0433158290001],[80.244522907,13.043315299],[80.244520648,13.0432924790001],[80.2445143960001,13.0432503380001],[80.2444768540001,13.0429972750001],[80.2444579340001,13.042883897],[80.2444162510001,13.0426750030001],[80.244381822,13.042487744],[80.2443559530001,13.042305888],[80.244343971,13.042243182],[80.244318262,13.042081658],[80.244315403,13.042069251],[80.2442932970001,13.041909036],[80.2442832400001,13.041836142],[80.2442773230001,13.041793269],[80.2442263450001,13.0415125480001],[80.2441954490001,13.0413407250001],[80.2441883450001,13.0413012170001],[80.2441794490001,13.041254624],[80.2442679000001,13.0412127020001],[80.2445097780001,13.0411681800001],[80.2447154540001,13.041126062],[80.2450540780001,13.0410796740001],[80.2453360170001,13.0410378350001],[80.2455081050001,13.0410090620001],[80.2455233330001,13.0410069390001],[80.2455387360001,13.041006601],[80.245554085,13.041008053],[80.2455691530001,13.041011273],[80.245583718,13.041016213],[80.245597564,13.041022803],[80.2456084930001,13.041029687],[80.2456099550001,13.0410310340001],[80.2456107460001,13.0410326250001],[80.2455552920001,13.0408567220001],[80.2455509600001,13.0408794480001],[80.2455499440001,13.0408825120001],[80.245546543,13.040892774],[80.2455404090001,13.0409054300001],[80.24553266,13.040917204],[80.245523426,13.0409278980001],[80.2455128620001,13.040937335],[80.2455011440001,13.0409453570001],[80.2454884680001,13.0409518280001],[80.245326349,13.0409789340001],[80.245090496,13.041013934],[80.245053779,13.041019384],[80.2450454940001,13.0410206130001],[80.244702562,13.041065546],[80.244497514,13.041107535],[80.244286559,13.041146366],[80.244279024,13.041146729],[80.2442688190001,13.041144542],[80.2442610430001,13.0411411870001],[80.24425776,13.041139769],[80.2442476400001,13.0411332850001],[80.244238737,13.0411252660001],[80.2442312900001,13.0411159290001],[80.2442255010001,13.0411055270001],[80.2442215280001,13.0410943430001],[80.2441242570001,13.041113422],[80.2441152820001,13.041067163],[80.244115155,13.0410665470001],[80.2440980000001,13.040971131],[80.2440565350001,13.0407120080001],[80.2439869,13.040320352],[80.2439682780001,13.0402156170001],[80.2439674810001,13.0402071610001],[80.2439639790001,13.0401993620001],[80.243958137,13.0401930260001],[80.2439340710001,13.0401747280001],[80.2435998460001,13.0399264820001],[80.243176508,13.039936088],[80.24317267,13.039936175],[80.2431694570001,13.0399362480001],[80.2430220890001,13.039954659],[80.242273444,13.04004819],[80.2422041510001,13.040054658],[80.2420098570001,13.040072793],[80.2419314780001,13.040080473],[80.241539876,13.0401166610001],[80.2411369700001,13.0401714500001],[80.2408768450001,13.0402045760001],[80.2407710370001,13.0402184430001],[80.2405449440001,13.040246843],[80.240420552,13.040265446],[80.2402358420001,13.0402952860001],[80.240133981,13.040311742],[80.2399970440001,13.040324479],[80.239986666,13.0403254440001],[80.239983554,13.040325734],[80.239983217,13.040325759],[80.239892189,13.040334166],[80.2398940150001,13.040333338],[80.239895419,13.040331925],[80.239896215,13.040330114],[80.239896297,13.0403281430001],[80.2398570240001,13.0400583540001],[80.239809559,13.039732277],[80.2397758860001,13.0394038640001],[80.2397393530001,13.0391488230001],[80.2397393410001,13.0391487360001],[80.2397274020001,13.0390534950001],[80.239715731,13.0389590940001],[80.2396859980001,13.038699502],[80.2396628320001,13.0384336000001],[80.2396579000001,13.0384147610001],[80.2396364130001,13.0383326890001],[80.2396346640001,13.0383260080001],[80.2396257400001,13.03828882],[80.239619931,13.0382353570001],[80.2396193710001,13.0382302090001],[80.2395961380001,13.038016569],[80.2395728390001,13.0378242690001],[80.2395576430001,13.037666713],[80.2395487910001,13.0376058530001],[80.239548739,13.037605534],[80.2395404550001,13.0375485330001],[80.2395207000001,13.0374127060001],[80.2394966370001,13.037198974],[80.2394781560001,13.037028938],[80.239475736,13.03700668],[80.2394557100001,13.036857534],[80.2394480550001,13.0368008630001],[80.239436422,13.036713876],[80.239408354,13.0364827710001],[80.2393843040001,13.03629526],[80.2393588570001,13.036088116],[80.2393467380001,13.0360024980001],[80.2393443380001,13.035985598],[80.2393329290001,13.0359050390001],[80.2393192490001,13.0357341060001],[80.2393007840001,13.0355901030001],[80.239300896,13.035581225],[80.2392989670001,13.0355725490001],[80.2392950980001,13.0355645220001],[80.2392894860001,13.0355575560001],[80.2392824180001,13.035552007],[80.2392742600001,13.0355481610001],[80.239139391,13.035470908],[80.239132209,13.0354673150001],[80.239046547,13.035424463],[80.2389007780001,13.0353316860001],[80.2386987500001,13.0352016090001],[80.2386202180001,13.0351531580001],[80.2385900790001,13.035134564],[80.2385336070001,13.035099587],[80.2382188290001,13.034900458],[80.2380240580001,13.034771332],[80.237990096,13.034748823],[80.23798981,13.0347486270001],[80.2379207290001,13.034702828],[80.2379135400001,13.034698147],[80.237725905,13.034575992],[80.2373694070001,13.0343810750001],[80.2374306080001,13.034269722],[80.2375379790001,13.034231248],[80.2376097170001,13.0342045140001],[80.2376272640001,13.034196969],[80.2376433360001,13.034186746],[80.2376575000001,13.03417412],[80.2376653260001,13.034161586],[80.2377182750001,13.034074741],[80.2378780010001,13.033822647],[80.237909013,13.033773701],[80.238068996,13.033523157],[80.238074194,13.0335150180001],[80.238151525,13.0333924990001],[80.2382284650001,13.0332696250001],[80.238252641,13.033230706],[80.2382603510001,13.033218296],[80.2383056720001,13.033145339],[80.2384571320001,13.032903139],[80.238512933,13.0328181460001],[80.2385398150001,13.0327771990001],[80.2386567020001,13.0325991610001],[80.238726329,13.0324932840001],[80.238793705,13.0323869320001],[80.2388075580001,13.0323642170001],[80.23884997,13.032294678],[80.2388596060001,13.032278879],[80.238956123,13.032098347],[80.2390697590001,13.0319369580001],[80.23907884,13.031922497],[80.2391410750001,13.0318574840001],[80.2391432430001,13.0318552200001],[80.239143035,13.0318553560001],[80.239142922,13.0318554300001],[80.2391412410001,13.0318565270001],[80.2391392660001,13.0318568920001],[80.23913729,13.0318565420001],[80.238991463,13.031802365],[80.2387209930001,13.0317256450001],[80.2384954720001,13.031663666],[80.2382688310001,13.0315996730001],[80.2380116620001,13.0315275360001],[80.2377842760001,13.031462209],[80.23763812,13.0314168040001],[80.2376632960001,13.0312517450001],[80.2376742210001,13.0312187760001],[80.2374575150001,13.031149741],[80.237282775,13.031089077],[80.2371817550001,13.031042311],[80.2371813500001,13.0310421240001],[80.2371805340001,13.031041746],[80.237177601,13.0310417900001],[80.237172355,13.0310400600001],[80.237167996,13.0310367160001],[80.2371069500001,13.0310750190001],[80.237009744,13.0309773870001],[80.2368031380001,13.030777674],[80.2366318620001,13.03060492],[80.2364986310001,13.030475951],[80.236288179,13.030275306],[80.2360495930001,13.0300501730001],[80.235982956,13.029985047],[80.2359300400001,13.0299333310001],[80.2358094630001,13.029815491],[80.2355679340001,13.029590247],[80.2354181440001,13.02944096],[80.2352871370001,13.029318333],[80.2352619340001,13.0292939560001],[80.2351820220001,13.0292166580001],[80.2349517040001,13.028988199],[80.234816144,13.0288541190001],[80.2347028520001,13.0287470430001],[80.2347011740001,13.028745956],[80.23469921,13.0287455280001],[80.23469722,13.0287458170001],[80.2346960720001,13.028746482],[80.2346022780001,13.028746836],[80.2346031160001,13.028745895],[80.2346039350001,13.028744094],[80.2346040420001,13.0287421240001],[80.2346034240001,13.028740247],[80.234602163,13.028738709],[80.234541968,13.0286879540001],[80.2345029680001,13.0286550700001],[80.2343008000001,13.028482857],[80.2341409270001,13.0283516370001],[80.2340407360001,13.028275208],[80.2340264700001,13.028266124],[80.2340198260001,13.028262931],[80.23401253,13.028261726],[80.2340051850001,13.028262608],[80.2339984010001,13.028265504],[80.233992738,13.0282701740001],[80.233989637,13.028274788],[80.234008519,13.028223933],[80.234004542,13.028221946],[80.2339908550001,13.02821493],[80.2339781260001,13.0282079420001],[80.2339632140001,13.028200326],[80.233958047,13.0281971220001],[80.2339334430001,13.028183278],[80.233898384,13.028158859],[80.2338938400001,13.028153042],[80.2338924910001,13.0281506200001],[80.233890757,13.0281472510001],[80.2338905550001,13.028146619],[80.233890285,13.028145382],[80.2338902880001,13.028144308],[80.2338902910001,13.028143448],[80.2338904630001,13.0281412160001],[80.233892472,13.02813088],[80.2338968380001,13.028113133],[80.2339265620001,13.0280140470001],[80.2339318080001,13.027992726],[80.2339346840001,13.027968881],[80.2339346520001,13.0279448690001],[80.2339317110001,13.0279210320001],[80.2339261860001,13.0278988360001],[80.2339090240001,13.0278479580001],[80.2338892930001,13.027798768],[80.2338668190001,13.027750719],[80.2338423240001,13.027705177],[80.2338099940001,13.0276463930001],[80.233775187,13.027588091],[80.2337383160001,13.027531019],[80.2337002580001,13.0274764390001],[80.2336811340001,13.027448212],[80.2336584160001,13.0274193920001],[80.2336336530001,13.0273922370001],[80.2336069710001,13.027366886],[80.2335785080001,13.0273434700001],[80.2335491520001,13.027322639],[80.233493357,13.0272864070001],[80.233436069,13.027252484],[80.23337739,13.0272209290001],[80.2333186770001,13.0271924090001],[80.2332082770001,13.027138187],[80.2330963090001,13.027085604],[80.2329700020001,13.0270306900001],[80.232968342,13.0270295770001],[80.232967198,13.0270279550001],[80.2329667210001,13.027026038],[80.232966774,13.027024925],[80.232985081,13.026905936],[80.2330149840001,13.0267161940001],[80.2330156470001,13.0267143340001],[80.233016945,13.0267128300001],[80.233018707,13.0267118800001],[80.2330206990001,13.026711612],[80.233022658,13.026712059],[80.2330233000001,13.0267123840001],[80.2329577580001,13.026677347],[80.2328487400001,13.026599859],[80.2327261360001,13.026539612],[80.232657046,13.0265086690001],[80.232628241,13.026495767],[80.2325866580001,13.026478936],[80.23252095,13.0264529400001],[80.2324568120001,13.026428663],[80.232416179,13.0264139180001],[80.232369174,13.026397048],[80.232302824,13.0263765080001],[80.2322157680001,13.026350565],[80.2321390050001,13.0263288790001],[80.2320296930001,13.026297621],[80.231931638,13.026270319],[80.23193129,13.026270224],[80.231882919,13.0262570620001],[80.2318326380001,13.026243386],[80.2316973810001,13.0262057480001],[80.2315981410001,13.0261781560001],[80.2315491080001,13.026164904],[80.2314827800001,13.026149918],[80.2313424770001,13.0260958100001],[80.231240674,13.026081984],[80.231246721,13.0260852910001],[80.2312515310001,13.0260901880001],[80.2312546900001,13.0260962520001],[80.231255923,13.0261029590001],[80.2312551260001,13.02610973],[80.2312494920001,13.026142355],[80.231213435,13.02635166],[80.231197126,13.0264488180001],[80.2311900430001,13.0264910170001],[80.231157737,13.026649879],[80.2311126920001,13.026829498],[80.2311015910001,13.026873822],[80.231074144,13.026988493],[80.231018196,13.027243798],[80.2309902440001,13.027364705],[80.2309637870001,13.027487696],[80.230938843,13.0276129480001],[80.2309242380001,13.0277086830001],[80.2309124720001,13.027803686],[80.2309035230001,13.0278975680001],[80.2308987960001,13.027950848],[80.230894601,13.027998124],[80.2308783980001,13.02818074],[80.2308268500001,13.0287181260001],[80.2307843350001,13.029124972],[80.230768051,13.0292806570001],[80.2307656290001,13.0293038080001],[80.230761773,13.0293406760001],[80.2307537930001,13.029416962],[80.2307480160001,13.0294743010001],[80.2307396740001,13.029558799],[80.2307295530001,13.029676507],[80.230702191,13.029951453],[80.2306897440001,13.0300844540001],[80.2306866750001,13.0301239140001],[80.2306736450001,13.030396426],[80.2306549250001,13.0306755410001],[80.2306548920001,13.0306761680001],[80.2306548550001,13.0306761150001],[80.2306541550001,13.0306779640001],[80.2306528280001,13.0306794470001],[80.230651047,13.0306803660001],[80.2306490490001,13.0306806],[80.230544523,13.0306740190001],[80.230434689,13.030664066],[80.2303251910001,13.030651098],[80.2302747680001,13.0306440890001],[80.2302246620001,13.0306351560001],[80.2301749480001,13.030624313],[80.230125705,13.0306115770001],[80.230078624,13.030592852],[80.2300324240001,13.030575619],[80.2299253400001,13.0305274670001],[80.2298448290001,13.03049867],[80.2296915380001,13.030437325],[80.2295391320001,13.030373906],[80.2294674870001,13.0303429370001],[80.2294458850001,13.0303336010001],[80.2293876400001,13.030308425],[80.229369836,13.030303646],[80.2293430620001,13.030296461],[80.229342623,13.030296343],[80.2292971200001,13.0302861540001],[80.2292512170001,13.030277875],[80.2292049960001,13.0302715230001],[80.2291585410001,13.030267109],[80.2291541060001,13.0302668740001],[80.229121843,13.0302651640001],[80.229111936,13.03026464],[80.2290652680001,13.03026412],[80.229018619,13.030265553],[80.2288567630001,13.0302837240001],[80.2286152890001,13.030312999],[80.2286115700001,13.030313316],[80.2285749070001,13.0303164440001],[80.2282895760001,13.030340783],[80.228208366,13.030350524],[80.2281600160001,13.030356323],[80.228071857,13.0303668980001],[80.2277741650001,13.030399376],[80.2276276860001,13.030410423],[80.2276139320001,13.030411406],[80.227600168,13.0304105610001],[80.2275866460001,13.030407902],[80.227354065,13.030442249],[80.2270416470001,13.030479573],[80.227009959,13.030483358],[80.2266272250001,13.0305204640001],[80.226293388,13.0305512050001],[80.2260857470001,13.0305688490001],[80.2260770490001,13.03056718],[80.2260689460001,13.03056366],[80.226061842,13.0305584650001],[80.2260192570001,13.030564317],[80.2258302600001,13.0306308830001],[80.2258302230001,13.0306308950001],[80.225725626,13.0302500830001],[80.225550899,13.029610168],[80.2254022070001,13.0290633000001],[80.225205815,13.028344609],[80.2251329250001,13.028077662],[80.225036564,13.027723974],[80.224932434,13.027339155],[80.224819359,13.0269273860001],[80.2247346790001,13.026615716],[80.224684628,13.026430845],[80.224622975,13.026203724],[80.2245488330001,13.025933475],[80.2244621550001,13.025616142],[80.2243768170001,13.0252983550001],[80.2243735530001,13.0252862030001],[80.224545424,13.0253026520001],[80.2247331020001,13.025313093],[80.2249787330001,13.02532122],[80.225183261,13.0253336320001],[80.225220516,13.025335865],[80.2256052990001,13.0253124450001],[80.2257664360001,13.0253070050001],[80.225977308,13.0252946840001],[80.226134491,13.0252797690001],[80.226212274,13.0252722020001],[80.2264104370001,13.0252528950001],[80.226639408,13.025233197],[80.2267846380001,13.0252221380001],[80.2269288830001,13.025203252],[80.2270625620001,13.025185751],[80.2271986310001,13.025168358],[80.2272425800001,13.0251630060001],[80.2273535080001,13.025149497],[80.227529196,13.0251300730001],[80.2276878060001,13.0251133400001],[80.2277764070001,13.0251012850001],[80.2278778990001,13.025084807],[80.2278992080001,13.025080874],[80.2279493930001,13.025071612],[80.2280288910001,13.025056212],[80.2280899850001,13.025043069],[80.228163866,13.025027175],[80.2281982630001,13.025019775],[80.2282320290001,13.025012503],[80.2282789710001,13.025002209],[80.2283609990001,13.024984223],[80.2284163410001,13.024972087],[80.2284907120001,13.024955779],[80.228521936,13.024948932],[80.2285818110001,13.024939628],[80.2286443560001,13.024927443],[80.2287063690001,13.0249128770001],[80.228729108,13.024906608],[80.2287677560001,13.0248959530001],[80.2287994150001,13.02488778],[80.228852213,13.0248741500001],[80.2288911420001,13.0248641000001],[80.228943615,13.0248505540001],[80.2289658650001,13.0248441840001],[80.2290116570001,13.0248373860001],[80.2290562620001,13.024838545],[80.2290569930001,13.0248379510001],[80.2288880620001,13.0247094310001],[80.228793206,13.0246379020001],[80.2287406390001,13.024599579],[80.228698578,13.0245745280001],[80.2286550860001,13.0245519490001],[80.228610313,13.024531919],[80.2285666800001,13.0245146240001],[80.2285236450001,13.0244958590001],[80.2284812840001,13.0244756600001],[80.2284396760001,13.0244540620001],[80.2283988950001,13.0244311050001],[80.228295948,13.024352224],[80.228206507,13.024289658],[80.228093524,13.0242057740001],[80.2279992640001,13.0241388960001],[80.2279693340001,13.024117125],[80.227839229,13.023984393],[80.227795149,13.023944478],[80.2277691090001,13.0239208990001],[80.227727223,13.023882971],[80.2276489750001,13.023786655],[80.2277012920001,13.0237462750001],[80.2274606730001,13.023493914],[80.2274183550001,13.0234389770001],[80.2273515700001,13.023367664],[80.2272811600001,13.0232909310001],[80.2272257340001,13.0232327160001],[80.2271393720001,13.0231883340001],[80.2270956150001,13.0231436170001],[80.2270407560001,13.023087554],[80.226998635,13.023044509],[80.226970141,13.023010014],[80.2269283320001,13.0229594],[80.2268476740001,13.0228671250001],[80.226802815,13.02282086],[80.2267302820001,13.022741898],[80.2266786660001,13.022680445],[80.2265474580001,13.022524236],[80.226494637,13.022461349],[80.2264770990001,13.02244047],[80.2264204790001,13.0223730610001],[80.2263683300001,13.022310974],[80.2263109770001,13.0222443690001],[80.2262511810001,13.022174928],[80.2261824890001,13.022095156],[80.2261109790001,13.022011166],[80.2260310890001,13.021914931],[80.2259780240001,13.0218578860001],[80.2259225810001,13.0217956990001],[80.225888657,13.0217563360001],[80.2258729380001,13.0217232850001],[80.225849811,13.0216746610001],[80.225824908,13.021631621],[80.225801156,13.0215905700001],[80.225771696,13.02153965],[80.2257393770001,13.0214905500001],[80.225718192,13.0214610630001],[80.2256568620001,13.021375698],[80.2256129200001,13.021314536],[80.225561419,13.021236512],[80.2255320830001,13.0211925830001],[80.2254790060001,13.0211182900001],[80.225429627,13.0210491720001],[80.2253755880001,13.0209887830001],[80.2253250850001,13.020947004],[80.2252759250001,13.0208778150001],[80.2252244630001,13.020805388],[80.225181471,13.0207449280001],[80.2251226750001,13.0206622420001],[80.2250354160001,13.020536056],[80.2249675350001,13.020438384],[80.224921011,13.020371443],[80.224814419,13.020220968],[80.224664601,13.0200257450001],[80.2244965240001,13.0197739720001],[80.224476667,13.0197432910001],[80.224437375,13.0196780700001],[80.224400228,13.019611658],[80.224377297,13.019576753],[80.224361818,13.0195556480001],[80.224361564,13.019555328],[80.2242425090001,13.0193165920001],[80.2242405810001,13.0193072380001],[80.224232881,13.0192771920001],[80.2242273190001,13.019246695],[80.2242239240001,13.019215893],[80.22422271,13.0191849340001],[80.224223684,13.019153966],[80.2242268410001,13.0191231380001],[80.2242321670001,13.019092599],[80.224255294,13.019018965],[80.224281105,13.018946193],[80.2243095690001,13.018874377],[80.2243774020001,13.018708389],[80.224529783,13.018331301],[80.2246542090001,13.0180203080001],[80.2248283480001,13.017587997],[80.2249351870001,13.0173208260001],[80.225019531,13.0171105750001],[80.2249014910001,13.017036923],[80.2247876900001,13.016905926],[80.2245985230001,13.016739396],[80.2244115300001,13.0165559180001],[80.2241775940001,13.0164631260001],[80.223939532,13.016318783],[80.2237348640001,13.016140496],[80.223470671,13.0160366270001],[80.2233064170001,13.01602854],[80.2231277010001,13.0160156170001],[80.2227441410001,13.015969711],[80.2223608570001,13.015935198],[80.221999403,13.0160075060001],[80.2218259320001,13.0160407220001],[80.2206792480001,13.0163253920001],[80.220268462,13.016464222],[80.219573526,13.0165175830001],[80.2189950330001,13.016594191],[80.219000253,13.0166384720001],[80.219051269,13.017071263],[80.219074311,13.0170865370001],[80.2192638480001,13.01789168],[80.2192667690001,13.0179149040001],[80.2192698480001,13.017950711],[80.219273979,13.0179760290001],[80.2192784430001,13.0179973680001],[80.2192805670001,13.018020243],[80.2192839560001,13.0180675070001],[80.2192893380001,13.018090344],[80.219301283,13.0181287190001],[80.2193078400001,13.0181569370001],[80.219311836,13.0181962390001],[80.219311551,13.0182318670001],[80.2192953950001,13.018305893],[80.219286874,13.0183587180001],[80.2192880330001,13.018407482],[80.2192943910001,13.018445389],[80.2193068890001,13.018491247],[80.219319715,13.018538307],[80.2193485190001,13.018612913],[80.2194236170001,13.0187004810001],[80.219522403,13.01888218],[80.2195562200001,13.019023372],[80.2195881470001,13.0192824800001],[80.2194386020001,13.019427514],[80.2194315130001,13.0194965110001],[80.2193344470001,13.0194866030001],[80.2192662200001,13.0194840300001],[80.2191981270001,13.019479044],[80.2191317310001,13.019471809],[80.2190589570001,13.019467338],[80.218986467,13.019469391],[80.218916258,13.01948027],[80.218892257,13.0194851580001],[80.218830579,13.019496233],[80.2187675220001,13.0195052060001],[80.2187041890001,13.0195120490001],[80.2186050120001,13.0195183710001],[80.2185211390001,13.019522189],[80.2184448660001,13.019526054],[80.2183259670001,13.0195324700001],[80.2181899710001,13.019539654],[80.2181089270001,13.019545796],[80.218076104,13.0195543080001],[80.217923715,13.0195657400001],[80.2177683780001,13.0195901020001],[80.2176554700001,13.01962253],[80.2175542830001,13.0196515910001],[80.217395175,13.019697289],[80.2173505950001,13.0197100930001],[80.2172868360001,13.019728405],[80.2171705480001,13.0197618030001],[80.2170508350001,13.0197961860001],[80.2168900250001,13.019842372],[80.2167929650001,13.0198702480001],[80.2167547440001,13.0198812250001],[80.2165251260001,13.0199471720001],[80.21636089,13.019994341],[80.2162517630001,13.020025682],[80.2161619390001,13.0200514800001],[80.216014516,13.0200938200001],[80.2159078390001,13.0201244580001],[80.2158370390001,13.0201447910001],[80.215755943,13.0201680820001],[80.2156958520001,13.0201853410001],[80.2156135000001,13.0202089920001],[80.2154724600001,13.0202494980001],[80.2153862970001,13.0202742440001],[80.2153469790001,13.0202937820001],[80.21533572,13.020294935],[80.2152811430001,13.0203005180001],[80.2151885650001,13.0203225330001],[80.215060512,13.0203529830001],[80.214924824,13.0203852490001],[80.214763271,13.0204236650001],[80.214636205,13.020453881],[80.214412322,13.0205071180001],[80.214285611,13.020537249],[80.2141506500001,13.0205569820001],[80.2140012140001,13.0205788320001],[80.21387479,13.0205973170001],[80.213788487,13.020609935],[80.213776636,13.020692984],[80.213741014,13.0207095870001],[80.213734317,13.0207034150001],[80.212674065,13.020456977],[80.212025017,13.020151475],[80.2120481410001,13.020112414],[80.2117324530001,13.0206185480001],[80.2115625040001,13.021352446],[80.2114255990001,13.021991035],[80.2113306420001,13.0223877350001],[80.2111513230001,13.0228472480001],[80.2110599000001,13.0233050410001],[80.2109562080001,13.023758431],[80.2108232910001,13.024189462],[80.2107068190001,13.024589857],[80.21059433,13.024917251],[80.210414535,13.025272355],[80.210018953,13.0256239],[80.2097475150001,13.025843304],[80.2097495130001,13.0258456650001],[80.2096372710001,13.025932411],[80.2092391960001,13.026299732],[80.2090425660001,13.026432555],[80.2088469890001,13.0265646670001],[80.2085311170001,13.02675665],[80.2083635220001,13.026858513],[80.2078294770001,13.027081557],[80.207370116,13.027146338],[80.207192202,13.02716359],[80.2071909960001,13.0271637060001],[80.2070256120001,13.027179742],[80.206562331,13.0272720340001],[80.2062346280001,13.027317237],[80.2058353720001,13.02736351],[80.2053356430001,13.0274518040001],[80.2049238910001,13.0275442450001],[80.2045293730001,13.0276839690001],[80.204075581,13.0277730380001],[80.203686782,13.02783492],[80.203495392,13.027939997],[80.202865569,13.0280962520001],[80.201125248,13.0285280040001],[80.200876468,13.028589722],[80.2008010110001,13.028600662],[80.2003108740001,13.028730035],[80.2002068900001,13.0287533000001],[80.1998836720001,13.0288181780001],[80.1995801690001,13.0288629830001],[80.1992444800001,13.028907379],[80.198964549,13.028927604],[80.1986520240001,13.0289102030001],[80.1984665100001,13.028840529],[80.1982421640001,13.028792287],[80.197944325,13.028813557],[80.1976506930001,13.0288740560001],[80.197327133,13.028853812],[80.197189393,13.0288375220001],[80.196769316,13.0288133330001],[80.1963491880001,13.028804403],[80.195835817,13.028757037],[80.1956182320001,13.028672445],[80.1953694260001,13.02861827],[80.1949571050001,13.028601732],[80.1947627630001,13.0285477260001],[80.1944362740001,13.028455165],[80.1941643000001,13.0283475160001],[80.1940322520001,13.0282784460001],[80.1939624250001,13.028217198],[80.1938384540001,13.0280566070001],[80.193644754,13.0278042520001],[80.1934899830001,13.0275443890001],[80.193330502,13.0273195390001],[80.193142928,13.0271947370001],[80.1919055920001,13.026235286],[80.1912269150001,13.0255452440001],[80.191064334,13.0261004440001],[80.1910135050001,13.026274017],[80.1910889270001,13.027045554],[80.1908104980001,13.0271983640001],[80.190548891,13.027341942],[80.1904519870001,13.027879915],[80.1899348850001,13.028078658],[80.1886115470001,13.028587266],[80.1886120930001,13.029108626],[80.188614289,13.0312054520001],[80.1884825670001,13.0316706140001],[80.188556556,13.0322329420001],[80.188884391,13.0322234230001],[80.188915643,13.0334493140001],[80.1889098400001,13.0335784750001],[80.1889083030001,13.0335784700001],[80.1888734,13.0343896420001],[80.1888997880001,13.034543946],[80.1889121570001,13.0345968550001],[80.1889068400001,13.0345977650001],[80.188916915,13.034674646],[80.1888332980001,13.0346953960001],[80.1887007670001,13.034705117],[80.1887014040001,13.0348754670001],[80.1887087530001,13.034918691],[80.1887113330001,13.0351869630001],[80.1887107860001,13.035354968],[80.1887062340001,13.0355748640001],[80.1887071070001,13.0357536060001],[80.1886951880001,13.0357904480001],[80.188694265,13.0358571780001],[80.188678522,13.036162426],[80.188668555,13.0364314],[80.1886396450001,13.0364915640001],[80.1886409520001,13.036491809],[80.1886359360001,13.0367452190001],[80.188634419,13.0368356770001],[80.188633543,13.0368878850001],[80.1886318200001,13.036990603],[80.188624981,13.0372511210001],[80.1886233930001,13.0373116220001],[80.1886246320001,13.0373674050001],[80.1886531390001,13.037925339],[80.1886025470001,13.037930988],[80.1885248500001,13.0378905160001],[80.188512233,13.037963066],[80.188505245,13.038085075],[80.1884952190001,13.038290126],[80.1884934460001,13.0383264050001],[80.1884909440001,13.0383775710001],[80.188482498,13.038550302],[80.1884716050001,13.0386605200001],[80.188468416,13.0386927970001],[80.1884556900001,13.03882157],[80.188454171,13.0388487010001],[80.188452064,13.0388863360001],[80.1884366070001,13.0391624260001],[80.188435665,13.039177603],[80.188404163,13.0392433280001],[80.188132631,13.0416002740001],[80.1881267080001,13.041630583],[80.1873029590001,13.0438740710001],[80.1874321710001,13.0439252730001],[80.1875969150001,13.043995222],[80.1875972620001,13.043995383],[80.18759885,13.0439965940001],[80.187599892,13.0439982820001],[80.1876002490001,13.0440002230001],[80.187599875,13.044002161],[80.1875069610001,13.04423709],[80.1874513650001,13.044384919],[80.1874088070001,13.044491979],[80.1872869760001,13.0447832510001],[80.187188748,13.044955643],[80.187169124,13.045000019],[80.1869359020001,13.0454971620001],[80.1868591370001,13.045609444],[80.186753078,13.0455124320001],[80.1867603090001,13.045558284],[80.1867605,13.045601918],[80.1866933310001,13.045997001],[80.1866920950001,13.04599704],[80.186235459,13.0459380880001],[80.186229923,13.045977823],[80.186682955,13.046058035],[80.1866822110001,13.0460624090001],[80.1866013430001,13.046670019],[80.186570273,13.046869858],[80.1865702650001,13.046872271],[80.1865262160001,13.0472344880001],[80.186034201,13.0471648590001],[80.185939278,13.047728116],[80.18574026,13.0490675340001],[80.1857411770001,13.0491830460001],[80.185661462,13.0496857050001],[80.185618171,13.0500087890001],[80.185531772,13.050642952],[80.1854543600001,13.0511602290001],[80.185418197,13.0516124650001],[80.1854190880001,13.051652076],[80.1856842540001,13.0516370500001],[80.185692246,13.051853523],[80.185714691,13.0522230830001],[80.185836957,13.0522059080001],[80.1859354800001,13.0526753880001],[80.1860152830001,13.053238815],[80.186426118,13.053201492],[80.186438953,13.0532227],[80.1864513020001,13.053574305],[80.18647194,13.053790356],[80.1864693960001,13.053799424],[80.1864428800001,13.0538349020001],[80.186439831,13.0538474270001],[80.1864395380001,13.0538602940001],[80.1864400010001,13.053899352],[80.1863229400001,13.053914347],[80.186318408,13.053945664],[80.1863320750001,13.054015941],[80.186338886,13.0540383530001],[80.1863794510001,13.054165137],[80.186414235,13.054260474],[80.1864898970001,13.0544572200001],[80.186523197,13.054551873],[80.186602544,13.0547522150001],[80.1866046040001,13.054749821],[80.186606049,13.0547538810001],[80.1866326790001,13.0548010530001],[80.1868289450001,13.0547048440001],[80.1868695310001,13.054693242],[80.187127177,13.0546587160001],[80.18716563,13.0551352570001],[80.188306411,13.0551308570001],[80.189381176,13.0549859810001],[80.1894156450001,13.055050996],[80.189447842,13.0550950590001],[80.1894949800001,13.0551214070001],[80.1895913500001,13.0551707230001],[80.189613335,13.055197919],[80.1896200560001,13.0552139440001],[80.1896267920001,13.0552299990001],[80.189633234,13.0552924740001],[80.189629374,13.0553686700001],[80.189617581,13.055428116],[80.189586611,13.0555145120001],[80.1895193980001,13.0556557100001],[80.1894988380001,13.0556902380001],[80.1894610510001,13.0557663480001],[80.189445134,13.0558056950001],[80.1894181590001,13.055883839],[80.1894102030001,13.0559766710001],[80.1894110220001,13.055991541],[80.1894097220001,13.055995339],[80.1894062580001,13.0559972090001],[80.1893845370001,13.0560001530001],[80.1893575270001,13.056001091],[80.1893305500001,13.055999329],[80.189249482,13.0559805250001],[80.1891944960001,13.055968428],[80.1891390370001,13.055958617],[80.1890832020001,13.055951108],[80.189027094,13.0559459150001],[80.1890165400001,13.0563171790001],[80.189046723,13.056627667],[80.1891551780001,13.0566308750001],[80.189403897,13.056637261],[80.1894022170001,13.0566462680001],[80.189420517,13.0566419640001],[80.189414233,13.057078528],[80.1894072850001,13.057201503],[80.189402978,13.057499654],[80.189406783,13.057660851],[80.1894003880001,13.0579834070001],[80.189398312,13.0581239960001],[80.1893733520001,13.058254934],[80.189369345,13.0583016190001],[80.1893739700001,13.0583482480001],[80.1894021790001,13.058465429],[80.189410148,13.0585386930001],[80.1894175290001,13.058710497],[80.1894198310001,13.058708891],[80.189426053,13.0589049820001],[80.1893773850001,13.0590392130001],[80.189554925,13.059187148],[80.189716058,13.059513435],[80.1898378100001,13.0597853030001],[80.1898883530001,13.060056947],[80.1899745640001,13.060309311],[80.1901317690001,13.06062783],[80.1902535720001,13.060884184],[80.19053311,13.061296166],[80.1906393040001,13.0614865380001],[80.1908313390001,13.061943759],[80.190849536,13.0619823050001],[80.1908622350001,13.06199013],[80.190873541,13.0619997850001],[80.1908831800001,13.062011039],[80.190912192,13.062062844],[80.1909428660001,13.062113729],[80.1909751680001,13.062163641],[80.1910090640001,13.0622125240001],[80.191052546,13.06227721],[80.1910962960001,13.0623459010001],[80.1911392380001,13.0624113820001],[80.1911647540001,13.062442833],[80.1911952460001,13.062472153],[80.1912275760001,13.0624995040001],[80.1912622940001,13.06252528],[80.1912769720001,13.0625340080001],[80.1912945350001,13.0625406460001],[80.1913130170001,13.0625441440001],[80.191315004,13.0625444470001],[80.191316751,13.06254542],[80.191318025,13.0625469390001],[80.1913186580001,13.0625488050001],[80.1913185670001,13.06255077],[80.191317763,13.062552575],[80.1912823600001,13.062603897],[80.1912102690001,13.0627071100001],[80.1910142460001,13.0629438460001],[80.1907600590001,13.063170402],[80.190572268,13.0633304560001],[80.19042928,13.06348009],[80.190349036,13.0636030810001],[80.190253554,13.0637753670001],[80.190243815,13.0637893320001],[80.1902326620001,13.06380197],[80.1902201190001,13.0638132870001],[80.1902063490001,13.063823137],[80.1901915280001,13.063831395],[80.190176185,13.0638378130001],[80.190010364,13.063882705],[80.1899808030001,13.0638945800001],[80.189952976,13.0639077390001],[80.1899238760001,13.063923695],[80.189897612,13.0639453860001],[80.1897903080001,13.0640353920001],[80.1897816420001,13.0640948400001],[80.1897675530001,13.064113413],[80.18975512,13.0641330940001],[80.189744434,13.0641537390001],[80.1897363140001,13.0641756650001],[80.1897299600001,13.064198144],[80.189725412,13.0642210400001],[80.1897226950001,13.064244214],[80.1897218280001,13.064267526],[80.189722815,13.0642908310001],[80.1897240900001,13.064301249],[80.1897256500001,13.0643139920001],[80.1897289080001,13.0643370510001],[80.1897300320001,13.064360304],[80.189729012,13.064383562],[80.1897258560001,13.0644066350001],[80.18972059,13.0644293340001],[80.189713259,13.064451476],[80.1897080860001,13.06446333],[80.18962743,13.065280151],[80.1896376610001,13.0653447030001],[80.189651327,13.0653438570001],[80.1896767910001,13.0653448360001],[80.189699085,13.065347951],[80.1897098730001,13.0653483730001],[80.189724723,13.065352078],[80.1897504940001,13.065368033],[80.18976029,13.0653795850001],[80.1897674210001,13.065392881],[80.1897717160001,13.065407823],[80.1897727310001,13.0654404310001],[80.1897753870001,13.0654685650001],[80.189779812,13.0654964840001],[80.1897858580001,13.065523506],[80.189798217,13.0655601780001],[80.189812556,13.065597032],[80.1898285830001,13.0656332130001],[80.1898462650001,13.0656686450001],[80.189867791,13.0657072440001],[80.1898717940001,13.0657241760001],[80.1898722770001,13.0657404840001],[80.189869469,13.065756564],[80.1898634780001,13.065771786],[80.189854541,13.0657855470001],[80.189846398,13.0657938530001],[80.1897787220001,13.065885248],[80.189738714,13.0659540730001],[80.189869356,13.0659515610001],[80.190244292,13.0659581030001],[80.1906348360001,13.0659632970001],[80.19111931,13.0659722500001],[80.191258535,13.06597214],[80.1912311580001,13.066005956],[80.1912578700001,13.066014007],[80.1912512590001,13.066378414],[80.1912445390001,13.0666861770001],[80.191278686,13.067359722],[80.191269579,13.0680606180001],[80.1912683130001,13.0683078180001],[80.1912630400001,13.068794073],[80.191280507,13.0692648460001],[80.1904499130001,13.072699415],[80.1904725530001,13.0727622750001],[80.190450952,13.0728748540001],[80.190439095,13.0729055360001],[80.1904033580001,13.0730033470001],[80.1903618310001,13.0731513220001],[80.1903376670001,13.073254439],[80.1903130470001,13.07337827],[80.1902700030001,13.073457359],[80.190237768,13.0734808760001],[80.1901517090001,13.0734889830001],[80.1903327640001,13.073664718],[80.1906396100001,13.0739532100001],[80.1906829700001,13.0739946790001],[80.190727967,13.0740344380001],[80.1907745290001,13.0740724240001],[80.1908225860001,13.074108579],[80.1908720610001,13.074142845],[80.190922878,13.07417517],[80.190959793,13.074192306],[80.1909976000001,13.074207458],[80.191025101,13.074216812],[80.1910286730001,13.074220682],[80.191091429,13.0742360670001],[80.191115251,13.074240603],[80.1912041420001,13.0742488400001],[80.1912932450001,13.074254576],[80.191382484,13.0742578050001],[80.1914717820001,13.0742585260001],[80.1915610620001,13.074256737],[80.191821836,13.074248782],[80.192170026,13.074243451],[80.192151616,13.0742576060001],[80.1921718730001,13.074246881],[80.19218735,13.074372623],[80.1922185110001,13.0746258020001],[80.192223943,13.0746774090001],[80.192231899,13.074728712],[80.1922423610001,13.0747795880001],[80.1922970960001,13.0750226230001],[80.192373118,13.0753849870001],[80.1924650650001,13.0757853760001],[80.1924838050001,13.075893847],[80.192499238,13.07605484],[80.192506903,13.0761370540001],[80.1925370690001,13.0761343520001],[80.192968969,13.075825625],[80.193169717,13.0757939980001],[80.1935019850001,13.0757829190001],[80.1941604460001,13.0757572160001],[80.1941951730001,13.0757548450001],[80.1942296700001,13.0757503040001],[80.1942637940001,13.075743614],[80.1943379260001,13.075725676],[80.194411324,13.075705038],[80.194478448,13.0756829150001],[80.1944973280001,13.0756722400001],[80.194520056,13.0756400830001],[80.1945237250001,13.075626609],[80.19457742,13.075394853],[80.1946084450001,13.075270624],[80.194610067,13.075237924],[80.19458839,13.075168369],[80.1945819900001,13.0751452550001],[80.194576306,13.075097763],[80.194596377,13.074782597],[80.194632777,13.074764537],[80.194712183,13.074788647],[80.19481934,13.074794766],[80.194929212,13.0748934120001],[80.1950519380001,13.0749783270001],[80.1954093780001,13.075168686],[80.195541468,13.075220711],[80.1956763640001,13.075265271],[80.1961628620001,13.075392558],[80.1971631910001,13.075615172],[80.1976204640001,13.0757510340001],[80.197590818,13.0758264400001],[80.197583519,13.075909252],[80.1975873650001,13.0759575820001],[80.1976125720001,13.076149076],[80.1976276780001,13.076280237],[80.1976497350001,13.076408422],[80.197663316,13.0764985660001],[80.197676018,13.0766094140001],[80.1976945110001,13.076685707],[80.197702797,13.0768034320001],[80.197711381,13.076883401],[80.197729344,13.0770047990001],[80.197778912,13.077278275],[80.1978053490001,13.077532203],[80.1978283890001,13.077703565],[80.1978492850001,13.077761163],[80.1978657510001,13.077823467],[80.1978795150001,13.0778863950001],[80.1979059290001,13.0780470600001],[80.1979310980001,13.0782219180001],[80.197966901,13.0784555280001],[80.198012567,13.078423765],[80.1980435030001,13.0783669200001],[80.1980880620001,13.078323515],[80.1982216210001,13.078230143],[80.198303874,13.07815336],[80.1985538320001,13.0779900090001],[80.1988001450001,13.077896987],[80.1989877570001,13.077994704],[80.19921664,13.0780088120001],[80.199360212,13.0779891600001],[80.1994629870001,13.0779057410001],[80.1995736330001,13.077872961],[80.1996787940001,13.0779129850001],[80.1998488250001,13.0779293910001],[80.2000714310001,13.0778494030001],[80.200411844,13.0777730460001],[80.2005579730001,13.0776663130001],[80.2006492230001,13.0776249140001],[80.200971393,13.0775544530001],[80.2015184470001,13.0774430060001],[80.2019619320001,13.077426513],[80.202405205,13.0774755200001],[80.20264968,13.0775115340001],[80.2028593910001,13.0763919680001],[80.202859695,13.0763903500001],[80.202859818,13.0763896940001],[80.2028598270001,13.0763896440001],[80.2028845620001,13.0762575960001],[80.2028598040001,13.076252083],[80.202861796,13.076252142],[80.202863703,13.0762515120001],[80.2028652530001,13.076250255],[80.2028662430001,13.0762485390001],[80.2028861890001,13.076167212],[80.2029150590001,13.076052378],[80.202950833,13.0759128820001],[80.2029749650001,13.0758373670001],[80.2030098270001,13.075723366],[80.203044585,13.0756129810001],[80.2030830250001,13.075504869],[80.2031087130001,13.0754329750001],[80.2031132270001,13.0754199],[80.203116467,13.0754064720001],[80.2031183980001,13.0753928350001],[80.2031186280001,13.0753900560001],[80.2031164700001,13.075257677],[80.203112656,13.0752230050001],[80.2031115330001,13.0752154360001],[80.2031060840001,13.0751842500001],[80.2030980790001,13.0751535960001],[80.203095761,13.0751469890001],[80.2030947820001,13.0751445820001],[80.2030925810001,13.0751407170001],[80.2030897880001,13.075137275],[80.202983309,13.0749521060001],[80.202999956,13.0739444550001],[80.2030001530001,13.073932536],[80.2030406430001,13.0739245670001],[80.2031454510001,13.0738951390001],[80.2033154860001,13.0738526760001],[80.2034428870001,13.0738236930001],[80.2035402760001,13.0738018050001],[80.2038080790001,13.073750499],[80.2038263540001,13.073747547],[80.203862047,13.073741779],[80.2040642810001,13.073709105],[80.2041781730001,13.073693081],[80.204239026,13.073685197],[80.2042476280001,13.0736841200001],[80.2043401180001,13.0736745790001],[80.2045209880001,13.07365155],[80.2046876190001,13.073628738],[80.2047505370001,13.0736218500001],[80.204813336,13.0736178540001],[80.2048776770001,13.073616691],[80.204913989,13.073615295],[80.2049270790001,13.073614616],[80.2049754080001,13.0736089120001],[80.205024296,13.073601318],[80.2051252110001,13.0735773070001],[80.2053210940001,13.0735475000001],[80.205382951,13.073534061],[80.2054437560001,13.073518048],[80.205502509,13.073499801],[80.205758051,13.0734264490001],[80.2058866090001,13.0733911240001],[80.2061099810001,13.073338703],[80.2062564720001,13.0733092840001],[80.206317218,13.073299063],[80.2064575810001,13.0732776900001],[80.206598339,13.073256906],[80.2067343100001,13.0732398270001],[80.2067391850001,13.0732392140001],[80.2068812080001,13.073224484],[80.207002742,13.0732096140001],[80.2070647,13.073197372],[80.207125471,13.073182264],[80.2071580040001,13.073172474],[80.2071951180001,13.0731608730001],[80.207425647,13.0730814250001],[80.2075277040001,13.073043737],[80.2076293800001,13.0730081130001],[80.2076755350001,13.0729935480001],[80.2077221000001,13.072980773],[80.207768925,13.072969813],[80.2078541650001,13.072954156],[80.2078790040001,13.0729478920001],[80.2081062610001,13.0728826220001],[80.2082020880001,13.0728542480001],[80.2082436310001,13.0728423080001],[80.2084544960001,13.072789652],[80.2085474230001,13.072770582],[80.2086857020001,13.0727557160001],[80.208825366,13.0727318460001],[80.2089459890001,13.0727082780001],[80.2090812150001,13.0726739630001],[80.2091366210001,13.072659963],[80.209413822,13.072591593],[80.20962516,13.072541684],[80.2096655700001,13.072530756],[80.2097056920001,13.0725177050001],[80.2097450790001,13.0725026580001],[80.2097833490001,13.0724857770001],[80.2098149880001,13.072470486],[80.2098457500001,13.072458317],[80.209877351,13.0724484290001],[80.209908973,13.0724410240001],[80.210058513,13.0724225180001],[80.210145862,13.072412926],[80.210169481,13.072410946],[80.210171475,13.0724111380001],[80.2101732680001,13.072412021],[80.210174624,13.0724134750001],[80.210175362,13.0724153090001],[80.2101717770001,13.072367668],[80.210165181,13.072281033],[80.2101566420001,13.0720945630001],[80.2101499450001,13.071991376],[80.210137693,13.071833213],[80.2101376210001,13.071832677],[80.2101369150001,13.0718308300001],[80.2101355840001,13.0718293520001],[80.2101338000001,13.0718284390001],[80.210131802,13.07182821],[80.209983965,13.071837938],[80.2098291290001,13.071847775],[80.209740197,13.0718534870001],[80.209715782,13.071856328],[80.209692746,13.0718613660001],[80.209669101,13.071869067],[80.2095806240001,13.071895237],[80.209506364,13.0719174720001],[80.2095045790001,13.071918382],[80.2095032430001,13.0719198570001],[80.2095025340001,13.071921703],[80.2095025930001,13.0719238990001],[80.209490314,13.0718744210001],[80.2094751650001,13.071819324],[80.2094397380001,13.0716771670001],[80.2094169870001,13.071493548],[80.2093968190001,13.0713116200001],[80.2093968880001,13.0713100030001],[80.209397623,13.071308167],[80.2093989800001,13.07130671],[80.2094007790001,13.071305824],[80.209512438,13.071274053],[80.2095024640001,13.0712403650001],[80.209321817,13.0707330020001],[80.20911598,13.0699970690001],[80.209085573,13.0700048040001],[80.209081526,13.0700059010001],[80.2090806620001,13.0700062020001],[80.2090403020001,13.0700166680001],[80.2089293490001,13.0700420740001],[80.208891135,13.0700508480001],[80.208889964,13.07005099],[80.208887981,13.0700506630001],[80.2088862460001,13.070049662],[80.208884992,13.07004812],[80.2088843830001,13.0700462400001],[80.2088661230001,13.069903292],[80.2088599310001,13.0698548180001],[80.2088379100001,13.069673887],[80.2088337040001,13.069674655],[80.2088120540001,13.0694749470001],[80.2087997350001,13.0693799320001],[80.2086180750001,13.0674688500001],[80.2091145860001,13.0661521100001],[80.2091257260001,13.0647104240001],[80.2089543110001,13.063983407],[80.208957238,13.0638997500001],[80.2087335950001,13.0627930690001],[80.207417966,13.061527595],[80.2073729130001,13.061455853],[80.2073226480001,13.061368897],[80.2073152990001,13.0613606200001],[80.20730617,13.0613542630001],[80.2072957760001,13.0613501880001],[80.207280842,13.0613443610001],[80.207266879,13.0613365520001],[80.207259874,13.061331243],[80.2072541620001,13.0613269130001],[80.2072452880001,13.061315746],[80.207238471,13.0613032680001],[80.207233907,13.06128984],[80.2072317290001,13.061275848],[80.207210978,13.0611598670001],[80.207197616,13.061098342],[80.207184397,13.0610257070001],[80.2071695750001,13.0609699770001],[80.20723351,13.0609578780001],[80.2073586660001,13.0609351310001],[80.2073894860001,13.0609295300001],[80.207492427,13.0609362220001],[80.207567741,13.0609340410001],[80.207649851,13.060921665],[80.2077150200001,13.0609112770001],[80.20777745,13.0608870460001],[80.2078392290001,13.06083326],[80.2078743820001,13.0608020780001],[80.2079692410001,13.0607577050001],[80.2080208080001,13.060733584],[80.2084639920001,13.060628717],[80.2086500780001,13.0605943200001],[80.2089748880001,13.060492326],[80.209119571,13.060395939],[80.2091767320001,13.060357859]]]},"properties":{"OBJECTID":9,"Name":"KODAMBAKKAM","FolderPath":"GCC_ZONE_UPDATED","SymbolID":0,"AltMode":0,"Base":0,"Clamped":-1,"Extruded":0,"Snippet":"","PopupInfo":"","Shape__Area":0.0018601097556256718,"Shape__Length":0.26673944797624849}},{"type":"Feature","id":10,"geometry":{"type":"Polygon","coordinates":[[[80.1620721890001,13.0830288080001],[80.162189439,13.083108512],[80.162247011,13.0831509500001],[80.1622525720001,13.083158537],[80.1625559380001,13.0835724190001],[80.162681471,13.0837436840001],[80.1630135240001,13.083611779],[80.163028694,13.083605753],[80.1631258890001,13.0835742670001],[80.1631470400001,13.0835674150001],[80.163214608,13.083545526],[80.163217983,13.0835464780001],[80.163293421,13.0835136050001],[80.1633033350001,13.08351793],[80.1633656710001,13.083498293],[80.163440527,13.0834796570001],[80.1635814940001,13.0834445630001],[80.163575983,13.0833642420001],[80.1635723300001,13.0833110070001],[80.1638808640001,13.083052837],[80.1642441870001,13.0828861250001],[80.164546294,13.0826515910001],[80.16458134,13.082663241],[80.164583276,13.0826638840001],[80.1645837240001,13.082663091],[80.1645840020001,13.0826622820001],[80.1645844550001,13.082661796],[80.1646244620001,13.0825909070001],[80.1646282830001,13.082584135],[80.164645615,13.0825534260001],[80.1647059530001,13.0824465100001],[80.164717367,13.082426287],[80.1648119270001,13.0822744980001],[80.16482232,13.082278833],[80.1648264830001,13.082280569],[80.1648589930001,13.0822941280001],[80.1648891090001,13.0822683320001],[80.1651187530001,13.0824137660001],[80.165231835,13.082485381],[80.1653127500001,13.0825302920001],[80.165319061,13.0825337950001],[80.1654239270001,13.0826146960001],[80.1654699470001,13.0826832600001],[80.1655624680001,13.0827129190001],[80.1656132200001,13.0827291890001],[80.1656147250001,13.082724736],[80.1656147450001,13.082724677],[80.1656503120001,13.082604154],[80.1656952370001,13.082511653],[80.165727071,13.0824461060001],[80.165731221,13.082431113],[80.1657312340001,13.0824310670001],[80.1657812430001,13.082250404],[80.165789019,13.0821850020001],[80.1658012940001,13.0821781280001],[80.1658072810001,13.082156739],[80.165820534,13.082109396],[80.165838605,13.0820448440001],[80.1658164770001,13.082048957],[80.1658755510001,13.0818617530001],[80.165872617,13.081861121],[80.165877166,13.0818522760001],[80.1659380200001,13.0818715140001],[80.165938683,13.081869499],[80.165982258,13.0817463220001],[80.1659944610001,13.0817049340001],[80.1664007940001,13.0818264810001],[80.16645821,13.081843656],[80.166486331,13.081852068],[80.1665623810001,13.081874742],[80.1665630420001,13.081874939],[80.166733961,13.0819258970001],[80.1667356020001,13.0819263920001],[80.16675567,13.081877639],[80.1667492980001,13.0818779270001],[80.1667528630001,13.0818667770001],[80.1667529360001,13.081866549],[80.166783927,13.0817696180001],[80.1668139770001,13.0816756300001],[80.1668471820001,13.081537896],[80.1668482470001,13.081538225],[80.166913761,13.081557467],[80.1669162920001,13.081558193],[80.1670222210001,13.081588593],[80.167701154,13.0817834310001],[80.1678095780001,13.081814369],[80.167838235,13.0818225460001],[80.1678580910001,13.0818279580001],[80.168013601,13.081872585],[80.1683596620001,13.081971896],[80.1688730320001,13.0821192180001],[80.1690797300001,13.082178535],[80.1690872720001,13.0821807890001],[80.1691433010001,13.0821975380001],[80.1691693990001,13.08220534],[80.1691750860001,13.0822070400001],[80.169189256,13.0822112760001],[80.169215562,13.0822191400001],[80.1692497430001,13.0822293580001],[80.1693313790001,13.0822537620001],[80.169743881,13.082377074],[80.169744144,13.082377153],[80.169909514,13.082426587],[80.16992715,13.082367544],[80.169973186,13.0822134260001],[80.1699946000001,13.0821413050001],[80.1699948360001,13.082140512],[80.1700215440001,13.0820505630001],[80.170253191,13.0812750530001],[80.170310112,13.0812921880001],[80.17157726,13.081673644],[80.17173632,13.081721526],[80.1718525920001,13.081756528],[80.171861795,13.0817592980001],[80.1718627920001,13.081758967],[80.1718636700001,13.081760311],[80.1718750300001,13.0817565400001],[80.1728897140001,13.0814196760001],[80.1729500010001,13.081399662],[80.1729910190001,13.0813860440001],[80.1730612520001,13.0813627270001],[80.1731055340001,13.081227287],[80.1731321670001,13.081145829],[80.17314049,13.081120372],[80.173152885,13.0810824600001],[80.173314304,13.0805663630001],[80.1733316680001,13.0805108440001],[80.1734665710001,13.0800795210001],[80.173465594,13.0800792200001],[80.1734683760001,13.0800737500001],[80.173469825,13.080070902],[80.17346932,13.080070732],[80.1735013040001,13.0799684720001],[80.1735294800001,13.0798783860001],[80.17353503,13.0798605210001],[80.1735350340001,13.0798610410001],[80.1735397940001,13.079845549],[80.1735399140001,13.079861056],[80.1736253270001,13.0795831130001],[80.1736249090001,13.079455565],[80.1736246930001,13.079389814],[80.173624514,13.079335235],[80.173622569,13.078741549],[80.1736995590001,13.0783599700001],[80.1738034410001,13.078348244],[80.1740104670001,13.0776625080001],[80.174090644,13.077621118],[80.1740710670001,13.077094082],[80.174111527,13.076621178],[80.1742246680001,13.075962039],[80.1741702740001,13.0758030870001],[80.1744142190001,13.0756539430001],[80.174501627,13.075548907],[80.1752014630001,13.07499977],[80.1752962310001,13.0748581180001],[80.176221814,13.074304457],[80.1763108650001,13.074061537],[80.176226871,13.0738050370001],[80.1762558290001,13.073708922],[80.1761933510001,13.073507668],[80.1769764530001,13.073328851],[80.1771332770001,13.0728763880001],[80.177171656,13.072674176],[80.1771215140001,13.072098354],[80.1777321110001,13.0722568520001],[80.1795280950001,13.0723273020001],[80.1808532250001,13.0726006260001],[80.1811995690001,13.072620773],[80.1850796990001,13.073007782],[80.1862195240001,13.072879357],[80.186729009,13.072911692],[80.187294051,13.0731789660001],[80.1877917360001,13.0734543830001],[80.1884775610001,13.07377961],[80.1901517090001,13.0734889830001],[80.190237768,13.0734808770001],[80.1902700030001,13.073457359],[80.1903130470001,13.073378271],[80.190337668,13.07325444],[80.1903618320001,13.073151323],[80.1904033590001,13.073003348],[80.190441062,13.0729055360001],[80.190439096,13.0729055360001],[80.190450952,13.0728748550001],[80.1904725530001,13.0727622750001],[80.1904499140001,13.072699416],[80.191280508,13.0692648470001],[80.19127926,13.0692312260001],[80.1912630410001,13.068794073],[80.1912683140001,13.068307819],[80.19126958,13.0680606190001],[80.1912786870001,13.067359722],[80.1912647010001,13.067037698],[80.1912445400001,13.0666861780001],[80.1912512600001,13.066378414],[80.1912578700001,13.066014007],[80.191258427,13.0659789750001],[80.1912585360001,13.06597214],[80.1911193110001,13.0659722500001],[80.1906348370001,13.065963298],[80.190244293,13.0659581030001],[80.1898693570001,13.0659515610001],[80.189738715,13.065954074],[80.1897787230001,13.065885248],[80.189846398,13.065793854],[80.189854542,13.0657855480001],[80.1898634780001,13.065771786],[80.189869469,13.0657565650001],[80.1898722770001,13.065740485],[80.1898717940001,13.065724177],[80.189867791,13.0657072440001],[80.1898462660001,13.0656686450001],[80.1898285830001,13.0656332130001],[80.189812556,13.0655970330001],[80.189798217,13.065560179],[80.189785859,13.065523506],[80.189779812,13.065496485],[80.1897753870001,13.065468566],[80.1897727310001,13.0654404320001],[80.189771717,13.065407824],[80.189767422,13.065392882],[80.18976029,13.0653795850001],[80.1897504950001,13.065368033],[80.189724724,13.065352078],[80.1897098740001,13.0653483730001],[80.189699085,13.065347952],[80.1896767910001,13.0653448370001],[80.189651327,13.0653438570001],[80.1896376610001,13.065344704],[80.18962743,13.065280151],[80.1897080850001,13.0644633310001],[80.189713259,13.064451477],[80.18972059,13.0644293340001],[80.1897258560001,13.0644066350001],[80.189729012,13.064383562],[80.1897300320001,13.064360304],[80.1897289080001,13.0643370510001],[80.1897256500001,13.0643139920001],[80.1897240900001,13.064301249],[80.189722815,13.0642908310001],[80.1897218280001,13.064267526],[80.1897226950001,13.064244214],[80.189725412,13.0642210400001],[80.1897299600001,13.064198144],[80.1897363140001,13.0641756650001],[80.189744434,13.0641537390001],[80.18975512,13.0641330940001],[80.1897675530001,13.064113413],[80.1897816420001,13.0640948400001],[80.1897903080001,13.0640353920001],[80.189897612,13.0639453860001],[80.1899238760001,13.063923695],[80.189952976,13.0639077390001],[80.1899808030001,13.0638945800001],[80.190010364,13.063882705],[80.1901136820001,13.0638547340001],[80.190176185,13.0638378130001],[80.1901915280001,13.063831395],[80.1902063490001,13.063823137],[80.1902201190001,13.0638132870001],[80.1902326620001,13.06380197],[80.190243815,13.0637893320001],[80.190253554,13.0637753670001],[80.190271565,13.063742867],[80.190320329,13.0636548800001],[80.190349036,13.0636030810001],[80.19042928,13.06348009],[80.190572268,13.0633304560001],[80.1907600590001,13.063170402],[80.1910142460001,13.0629438460001],[80.1911137060001,13.0628237290001],[80.1912102690001,13.0627071100001],[80.1912823600001,13.062603897],[80.191317763,13.062552575],[80.1913185670001,13.06255077],[80.1913186580001,13.0625488050001],[80.191318025,13.0625469390001],[80.191316751,13.06254542],[80.191315004,13.0625444470001],[80.1913130170001,13.0625441440001],[80.1912945350001,13.0625406460001],[80.1912769720001,13.0625340080001],[80.1912622940001,13.06252528],[80.1912275760001,13.0624995040001],[80.1911952460001,13.062472153],[80.1911647540001,13.062442833],[80.191158434,13.0624350430001],[80.1911392380001,13.0624113820001],[80.1910962960001,13.0623459010001],[80.191052546,13.06227721],[80.1910090640001,13.0622125240001],[80.1909751680001,13.062163641],[80.1909428660001,13.062113729],[80.190912192,13.062062844],[80.1908831800001,13.062011039],[80.190873541,13.0619997850001],[80.1908622350001,13.06199013],[80.190849536,13.0619823050001],[80.1908313390001,13.061943759],[80.1906393040001,13.0614865380001],[80.19053311,13.061296166],[80.1902535720001,13.060884184],[80.1901317690001,13.06062783],[80.1899745640001,13.060309311],[80.1898883530001,13.060056947],[80.1898378100001,13.0597853030001],[80.189716058,13.059513435],[80.189554925,13.059187148],[80.1893773850001,13.0590392130001],[80.189426053,13.0589049820001],[80.1894198310001,13.058708891],[80.189410148,13.0585386930001],[80.1894021790001,13.058465429],[80.1893739700001,13.0583482480001],[80.189369345,13.0583016190001],[80.1893733520001,13.058254934],[80.189398312,13.0581239960001],[80.1894003880001,13.0579834070001],[80.189399956,13.057971918],[80.189406783,13.057660851],[80.189402978,13.057499654],[80.1894072850001,13.057201503],[80.189414233,13.057078528],[80.18941677,13.0570366850001],[80.189422676,13.0566452090001],[80.189420517,13.0566419640001],[80.189403897,13.056637261],[80.1893700630001,13.0566335390001],[80.1891551790001,13.056630876],[80.189046724,13.056627668],[80.1890165410001,13.0563171790001],[80.1890167990001,13.056306563],[80.189025067,13.0559669730001],[80.1890270950001,13.055945916],[80.1890832020001,13.055951108],[80.1891390370001,13.055958618],[80.1891944960001,13.055968428],[80.189249482,13.0559805250001],[80.1893038960001,13.0559948860001],[80.1893305500001,13.055999329],[80.1893575270001,13.056001092],[80.1893845380001,13.0560001530001],[80.1894062580001,13.0559972090001],[80.189408165,13.0559965890001],[80.189409723,13.055995339],[80.1894107200001,13.0559936270001],[80.189411029,13.0559916770001],[80.1894110220001,13.0559915420001],[80.1894102040001,13.055976672],[80.189413051,13.055926485],[80.1894143420001,13.055905866],[80.1894181600001,13.055883839],[80.1894243560001,13.055862339],[80.1894318320001,13.0558441110001],[80.1894451350001,13.0558056950001],[80.1894610510001,13.0557663480001],[80.189478969,13.05572783],[80.1894988390001,13.0556902380001],[80.1895193990001,13.0556557100001],[80.1895866120001,13.055514513],[80.189598716,13.05548614],[80.1896090120001,13.055457399],[80.189617581,13.055428116],[80.1896243960001,13.055398391],[80.189629374,13.0553686700001],[80.189632616,13.0553307320001],[80.189633235,13.0552924740001],[80.189631246,13.0552549220001],[80.1896299650001,13.055247095],[80.1896267930001,13.0552300000001],[80.1896200560001,13.0552139440001],[80.189613335,13.0551979200001],[80.189603316,13.055183567],[80.189591351,13.055170724],[80.189577677,13.055159643],[80.189558779,13.05514671],[80.18953852,13.055135937],[80.1895171620001,13.055127467],[80.1894949810001,13.055121408],[80.189478023,13.05511489],[80.1894622,13.055106046],[80.189447842,13.0550950590001],[80.1894352530001,13.05508216],[80.1894156450001,13.055050996],[80.189381176,13.0549859810001],[80.188306412,13.0551308570001],[80.188262766,13.0551371650001],[80.1872647650001,13.055134875],[80.1871917330001,13.055134707],[80.1871656310001,13.0551352580001],[80.187143883,13.054877703],[80.187142936,13.0548540190001],[80.1871394780001,13.0547675120001],[80.1871332860001,13.054663792],[80.187127177,13.0546587160001],[80.187023675,13.0546695200001],[80.1868695310001,13.054693242],[80.1868489620001,13.0546981140001],[80.1868289450001,13.0547048440001],[80.186745396,13.054745799],[80.1866326790001,13.0548010530001],[80.186606049,13.0547538810001],[80.1866046040001,13.054749821],[80.186602544,13.0547522150001],[80.186523197,13.054551873],[80.1864898970001,13.0544572200001],[80.186414235,13.054260474],[80.1863794510001,13.054165137],[80.18637096,13.0541386],[80.186338886,13.0540383530001],[80.1863320750001,13.054015941],[80.186318408,13.053945664],[80.1863229400001,13.053914347],[80.186366944,13.0539087110001],[80.1864303620001,13.0539039780001],[80.1864357430001,13.0539027880001],[80.1864400010001,13.053899352],[80.1864422260001,13.0538944050001],[80.1864419390001,13.053889005],[80.1864395380001,13.0538602940001],[80.186439831,13.0538474270001],[80.1864428800001,13.0538349020001],[80.1864485470001,13.053823284],[80.1864565750001,13.053813099],[80.1864627580001,13.0538083050001],[80.1864693960001,13.053799424],[80.18647194,13.053790356],[80.1864634550001,13.0537015310001],[80.1864628700001,13.0536954070001],[80.1864513020001,13.053574305],[80.186438953,13.0532227],[80.1864304860001,13.0532087080001],[80.186423426,13.0532017360001],[80.1860152830001,13.053238815],[80.186014732,13.0532349270001],[80.186011367,13.0532353150001],[80.186004709,13.0531996980001],[80.1859909710001,13.053094834],[80.1859860550001,13.053050838],[80.185976333,13.052963821],[80.1859740720001,13.0529478510001],[80.1859543510001,13.0528131180001],[80.1859531310001,13.052805973],[80.185942858,13.05274581],[80.18592571,13.0526461040001],[80.1859196890001,13.0526111040001],[80.1859017800001,13.052514796],[80.1858852490001,13.052425909],[80.1858519620001,13.0522768180001],[80.185849896,13.0522675620001],[80.1858448140001,13.0522447980001],[80.1858409120001,13.052225478],[80.185836958,13.0522059080001],[80.185836775,13.052207873],[80.1858358870001,13.052209642],[80.1858344130001,13.052210985],[80.1858322780001,13.0522117690001],[80.1857179880001,13.0522277260001],[80.185714691,13.052223084],[80.1856930480001,13.0518835290001],[80.1856927150001,13.0518710590001],[80.185692246,13.051853524],[80.1856864640001,13.0517267860001],[80.185682645,13.0516430800001],[80.1856240440001,13.0516429670001],[80.1855838500001,13.051643509],[80.1855660190001,13.05164375],[80.1855220520001,13.0516443440001],[80.1854190880001,13.051652076],[80.1854161700001,13.0516081760001],[80.1854146050001,13.05158462],[80.185423357,13.051491195],[80.1854391160001,13.051323015],[80.185448239,13.0512255840001],[80.185454361,13.0511602300001],[80.185505108,13.0508436540001],[80.1855194990001,13.0507297720001],[80.1855227520001,13.050703232],[80.1855312390001,13.0506339720001],[80.1855541640001,13.0504786000001],[80.18558004,13.0503032230001],[80.185618171,13.05000879],[80.185661462,13.0496857050001],[80.1857411770001,13.0491830460001],[80.18574026,13.0490675350001],[80.185785986,13.0487432100001],[80.185814818,13.0485657510001],[80.1858804840001,13.0481615740001],[80.1859087080001,13.047933861],[80.185927716,13.047780496],[80.185934951,13.0477221300001],[80.185949807,13.0476370600001],[80.1860222430001,13.0472222380001],[80.186032061,13.0471660150001],[80.1860339620001,13.047166277],[80.1861419790001,13.0471811640001],[80.1864100340001,13.0472180460001],[80.186491086,13.047229198],[80.18652172,13.0472334900001],[80.1865262160001,13.0472344880001],[80.186527416,13.0472306180001],[80.1865278210001,13.047229314],[80.1865280010001,13.04722873],[80.1865415180001,13.047111774],[80.186571745,13.0468665600001],[80.186602034,13.0466702570001],[80.1866449650001,13.0463556450001],[80.1866844890001,13.0460583060001],[80.1866843810001,13.046056337],[80.1866835590001,13.0460545350001],[80.1866821410001,13.046053138],[80.186680305,13.046052333],[80.1866796610001,13.0460522180001],[80.186229923,13.045977823],[80.18623546,13.0459380890001],[80.1866890250001,13.045999362],[80.1866920960001,13.045997041],[80.18670181,13.0459279930001],[80.186753932,13.0456350740001],[80.186757356,13.045619394],[80.1867581390001,13.0456158050001],[80.1867583320001,13.045614921],[80.1867584490001,13.04561398],[80.1867587200001,13.045611815],[80.1867604820001,13.045597667],[80.1867608590001,13.0455946390001],[80.1867615560001,13.045573867],[80.1867603540001,13.045553291],[80.1867572830001,13.045532904],[80.1867545490001,13.04552176],[80.1867527050001,13.0455142440001],[80.186751391,13.0455118310001],[80.186753249,13.045513514],[80.186859138,13.045609445],[80.1869359020001,13.0454971620001],[80.1870564610001,13.0452401750001],[80.187169124,13.045000021],[80.187188749,13.044955643],[80.1872078810001,13.0449637740001],[80.1872106150001,13.0449641970001],[80.187212548,13.044963653],[80.187214156,13.0449624680001],[80.187215226,13.044960797],[80.187286977,13.0447832520001],[80.187357637,13.044614317],[80.187408808,13.044491979],[80.1874513650001,13.044384919],[80.187506962,13.0442370910001],[80.187599875,13.044002162],[80.1876002500001,13.0440002230001],[80.1875998930001,13.0439982830001],[80.1875988510001,13.0439965940001],[80.187597263,13.043995383],[80.1875969150001,13.043995223],[80.1874321720001,13.0439252730001],[80.1873812110001,13.0439050790001],[80.1873029590001,13.0438740710001],[80.1881267080001,13.041630583],[80.1881326320001,13.0416002750001],[80.188404163,13.039243329],[80.188435665,13.039177603],[80.1884366070001,13.0391624260001],[80.188452065,13.0388863360001],[80.1884541640001,13.038848877],[80.188454172,13.0388487010001],[80.1884556900001,13.03882157],[80.188468416,13.0386927970001],[80.1884716050001,13.0386605210001],[80.188482498,13.038550302],[80.188488804,13.03842135],[80.1884909340001,13.038377855],[80.1884909440001,13.0383775710001],[80.1884934460001,13.0383264050001],[80.18849522,13.038290126],[80.1884999380001,13.0381936370001],[80.188505245,13.038085075],[80.188512233,13.037963066],[80.1885248510001,13.0378905170001],[80.1885311240001,13.037896161],[80.188541006,13.0379053620001],[80.1885519360001,13.0379133390001],[80.1885529140001,13.037913888],[80.188563759,13.03791998],[80.1885763070001,13.0379251890001],[80.188589397,13.037928892],[80.1886025470001,13.037930988],[80.188647598,13.037931154],[80.1886486110001,13.0379310650001],[80.188650491,13.0379303660001],[80.1886519930001,13.037929052],[80.1886529160001,13.037927299],[80.18865314,13.0379253400001],[80.188642137,13.0377755390001],[80.188634612,13.0376831780001],[80.1886289590001,13.0375904040001],[80.1886252050001,13.037497536],[80.1886233480001,13.037404612],[80.1886246320001,13.0373674050001],[80.1886233930001,13.0373116220001],[80.188623583,13.0373044180001],[80.1886235870001,13.037304141],[80.188624981,13.037251122],[80.188628672,13.0371104980001],[80.1886318200001,13.036990604],[80.1886335440001,13.0368878850001],[80.188634419,13.036835678],[80.1886359360001,13.0367452190001],[80.1886409520001,13.036491809],[80.1886396460001,13.0364915640001],[80.1886406250001,13.0364898620001],[80.188666771,13.0364351370001],[80.188668555,13.0364314],[80.1886785230001,13.036162426],[80.188694265,13.0358571780001],[80.188695189,13.035790449],[80.1887071080001,13.0357536060001],[80.188706235,13.0355748640001],[80.1887107860001,13.035354969],[80.1887113330001,13.0351869630001],[80.1887087540001,13.0349186920001],[80.1887014050001,13.0348754670001],[80.188700768,13.034705118],[80.1888332980001,13.0346953970001],[80.188916916,13.034674647],[80.1889068400001,13.0345977650001],[80.1889066210001,13.034596095],[80.1888997880001,13.034543946],[80.1888734010001,13.0343896430001],[80.1889224860001,13.03345848],[80.1889236530001,13.0334364290001],[80.188923673,13.033436024],[80.1889236750001,13.0334359030001],[80.188914475,13.0330515420001],[80.1889108300001,13.032951213],[80.188884391,13.0322234230001],[80.1888655480001,13.0322242080001],[80.1885613920001,13.0322368770001],[80.1885565570001,13.0322329420001],[80.188482568,13.0316706150001],[80.188614289,13.0312054520001],[80.1886120930001,13.029108627],[80.188612075,13.02909042],[80.1886118780001,13.0289019420001],[80.1886115470001,13.028587266],[80.1895730960001,13.0282177080001],[80.1899348850001,13.028078658],[80.1904519870001,13.027879915],[80.190548891,13.027341942],[80.1908104980001,13.0271983640001],[80.1910889270001,13.027045554],[80.1910135050001,13.026274017],[80.191064334,13.0261004440001],[80.1912269150001,13.0255452440001],[80.191032131,13.0253288690001],[80.1908519240001,13.025128684],[80.190753025,13.0250188210001],[80.190623998,13.024873502],[80.190488943,13.024747704],[80.1903223050001,13.0245766260001],[80.1902818460001,13.02453509],[80.1902376360001,13.024489701],[80.190226996,13.0244787780001],[80.189997691,13.024243363],[80.1899324550001,13.024254054],[80.1898812260001,13.024262449],[80.1898184770001,13.0242727310001],[80.1898131840001,13.0242023320001],[80.1897956350001,13.023968951],[80.1897688340001,13.023612509],[80.1892622650001,13.0228572350001],[80.189049577,13.022540126],[80.1890420380001,13.0225240350001],[80.1887156320001,13.022420611],[80.1876330800001,13.022154331],[80.187003841,13.022637677],[80.1868685270001,13.022671718],[80.1868283970001,13.022727903],[80.1863870500001,13.022863194],[80.186056669,13.022942077],[80.1858710390001,13.0231455310001],[80.185699604,13.023629364],[80.1856549440001,13.023978804],[80.1855822200001,13.0240464840001],[80.1855224390001,13.024191451],[80.1852060670001,13.024165371],[80.1850968540001,13.0238572860001],[80.1848193750001,13.023872172],[80.184453675,13.024267918],[80.184293262,13.0245349250001],[80.1837114960001,13.0246881730001],[80.183074063,13.0243484860001],[80.1827742120001,13.023792983],[80.1817057090001,13.0241943610001],[80.1815949670001,13.024307267],[80.180062696,13.0244100400001],[80.1798515460001,13.024358369],[80.1797757990001,13.024369182],[80.179292398,13.0242569330001],[80.178852083,13.0242994760001],[80.178264879,13.024246792],[80.1777145410001,13.024244282],[80.1772590420001,13.024465865],[80.1768518740001,13.023630445],[80.1766368620001,13.0235727850001],[80.1763652060001,13.0235672380001],[80.175290316,13.0240399510001],[80.1748147100001,13.0247959480001],[80.1741881090001,13.024893601],[80.1737990680001,13.024800344],[80.1731633410001,13.024555653],[80.1704197440001,13.0247431780001],[80.168515638,13.025268769],[80.1683325650001,13.025138741],[80.1672860480001,13.0253080140001],[80.1671651010001,13.0242646360001],[80.1672095770001,13.0242259790001],[80.167177753,13.02400428],[80.167181919,13.023953899],[80.1669883370001,13.0231867210001],[80.1666925320001,13.0231966010001],[80.1663382940001,13.022678065],[80.1660883960001,13.0215613510001],[80.1651546400001,13.0216102700001],[80.1651989710001,13.022033874],[80.165339289,13.022090088],[80.165253089,13.022457189],[80.165018595,13.0229396660001],[80.1651588890001,13.0236260070001],[80.1651201610001,13.0236744440001],[80.1651585210001,13.0239123330001],[80.1651350820001,13.0241297540001],[80.1649187730001,13.0242292200001],[80.164666341,13.024304268],[80.1645917710001,13.0242901460001],[80.1638711680001,13.0245219760001],[80.1635461380001,13.0245791620001],[80.1630738550001,13.0245699220001],[80.163054957,13.024456775],[80.1629362560001,13.024432441],[80.162423054,13.024545936],[80.1621965160001,13.0233304450001],[80.1620654550001,13.02333413],[80.1619492,13.0229620750001],[80.1595406330001,13.023265016],[80.1594936980001,13.0238201650001],[80.159660396,13.0243846220001],[80.159489476,13.024456716],[80.1592513460001,13.024468056],[80.1589847530001,13.0243049470001],[80.1588474260001,13.0242213670001],[80.1586951100001,13.0242732030001],[80.1577870980001,13.0243292260001],[80.1576707450001,13.0242847750001],[80.1569611570001,13.0245206500001],[80.156901561,13.024625997],[80.156379041,13.024720616],[80.1560032630001,13.024750673],[80.1559603790001,13.02489947],[80.1557221200001,13.0249322230001],[80.1553854370001,13.0249650850001],[80.155205096,13.0250324530001],[80.15484122,13.0250867710001],[80.1547492160001,13.024886919],[80.1536801970001,13.0250125050001],[80.1535429030001,13.025072584],[80.1529068090001,13.0252552810001],[80.1526548790001,13.025463679],[80.152349406,13.025541461],[80.151552832,13.025711632],[80.1510632170001,13.0257691200001],[80.1509342620001,13.0252416590001],[80.150524385,13.0251949670001],[80.1495410410001,13.0254029650001],[80.14927491,13.02552819],[80.1479470460001,13.0243277070001],[80.147800622,13.024389592],[80.1465588200001,13.0243458090001],[80.1464554120001,13.0248650950001],[80.1448892400001,13.0246460220001],[80.144817731,13.0258893810001],[80.1448690650001,13.02683785],[80.1449823460001,13.0289221250001],[80.1449808240001,13.029708108],[80.1450241680001,13.0297381500001],[80.1449938040001,13.030605059],[80.1450360630001,13.030631801],[80.1450338810001,13.0309840480001],[80.1449973540001,13.031469939],[80.1456064480001,13.031520297],[80.146968787,13.0316933730001],[80.1470700120001,13.032281147],[80.1472434200001,13.032323949],[80.1473988050001,13.033133618],[80.1474999340001,13.033541062],[80.1475385970001,13.03388291],[80.146719266,13.0338945030001],[80.1463044110001,13.0339582170001],[80.146265257,13.034245329],[80.1465907340001,13.0356803080001],[80.146634227,13.0359566880001],[80.1466246910001,13.0362738540001],[80.1458749750001,13.037207451],[80.1457099100001,13.0372267700001],[80.1437306490001,13.0374584040001],[80.14364786,13.0377390460001],[80.1428467100001,13.03779472],[80.142385969,13.037826737],[80.142333545,13.03845498],[80.141564443,13.0385381680001],[80.141510763,13.0392046260001],[80.1415290350001,13.039868063],[80.1415338530001,13.0400297460001],[80.141538037,13.040170135],[80.1414875410001,13.040204132],[80.1411202310001,13.040236179],[80.1410930370001,13.040293025],[80.14089405,13.040277514],[80.140782696,13.0402882600001],[80.1407394600001,13.040436636],[80.140770294,13.040482738],[80.1407350640001,13.0408679720001],[80.1407267480001,13.0409589060001],[80.1406748790001,13.041061459],[80.140527826,13.041103928],[80.1401397390001,13.041126589],[80.14005474,13.041131552],[80.1398309300001,13.0411972380001],[80.1398185740001,13.0414882590001],[80.1398352860001,13.041872611],[80.139836211,13.04189387],[80.1398107110001,13.0421335190001],[80.139693014,13.0422946460001],[80.139563272,13.042472264],[80.1398473670001,13.0432171620001],[80.1399741220001,13.043549512],[80.140103756,13.043889408],[80.1401767940001,13.0440809130001],[80.140178662,13.044085093],[80.1406237560001,13.0450812920001],[80.1406255590001,13.045085328],[80.1406708630001,13.045317734],[80.140044882,13.0456566410001],[80.139798537,13.045657025],[80.139531789,13.0456574410001],[80.1394776280001,13.045750867],[80.1391618750001,13.0457498320001],[80.1391210030001,13.0457866740001],[80.1385887230001,13.0456498130001],[80.1382632310001,13.045671661],[80.1382305560001,13.045716999],[80.1376300430001,13.045568383],[80.1371995820001,13.045567523],[80.1350127640001,13.0450626050001],[80.1343476500001,13.044909032],[80.1342751760001,13.044900795],[80.1340947910001,13.0448802930001],[80.1341318090001,13.04505966],[80.134183357,13.045309425],[80.1343373060001,13.0460550660001],[80.134407589,13.0463954790001],[80.1344450810001,13.046577067],[80.1345483570001,13.047077272],[80.1345709010001,13.0471864620001],[80.1346759960001,13.0475684310001],[80.1348021620001,13.047806043],[80.1354513200001,13.048818823],[80.1356652380001,13.0488060970001],[80.1364735510001,13.0486256240001],[80.1370916750001,13.0485171020001],[80.138820159,13.0482136310001],[80.1399438720001,13.04806096],[80.1401188820001,13.0480869890001],[80.1402952240001,13.0481059700001],[80.1403339760001,13.0481735390001],[80.1403289510001,13.0483402630001],[80.1407800380001,13.0484150720001],[80.14087835,13.048483656],[80.1410203020001,13.048479387],[80.1410329490001,13.0485603870001],[80.1411514420001,13.0485766260001],[80.1419042160001,13.0488161910001],[80.141934436,13.0488796380001],[80.1419850710001,13.0489139150001],[80.141843647,13.0500113690001],[80.1418792170001,13.050661195],[80.1418574140001,13.0508727180001],[80.1419604230001,13.051060138],[80.1419442630001,13.0512678160001],[80.1419220210001,13.05155366],[80.1418853580001,13.0520248290001],[80.1420179850001,13.0523462900001],[80.141960585,13.052654272],[80.141999625,13.053019932],[80.142042056,13.053226454],[80.1422634360001,13.0532892200001],[80.142589575,13.0531572040001],[80.1426694570001,13.053124869],[80.1427433060001,13.0530552010001],[80.143085043,13.0530994810001],[80.1433822260001,13.0529998330001],[80.1437722220001,13.0530698590001],[80.143913771,13.0531407130001],[80.1452628150001,13.0533816490001],[80.1471366160001,13.05356863],[80.1480798300001,13.053569704],[80.148933033,13.0535289220001],[80.149085627,13.0554892870001],[80.1491128070001,13.05583847],[80.1491522310001,13.05634494],[80.149171698,13.0565950290001],[80.1492522290001,13.05709639],[80.1494288870001,13.058196208],[80.1494956820001,13.0590402660001],[80.149564706,13.059713866],[80.149546791,13.060519947],[80.1495409280001,13.061099998],[80.1495454660001,13.0614439400001],[80.14959717,13.061987443],[80.1496883330001,13.06224367],[80.14984022,13.062744681],[80.149837249,13.0635195290001],[80.152187418,13.0627666820001],[80.1527982960001,13.062076403],[80.153390684,13.061737054],[80.154610694,13.0613546700001],[80.1546508710001,13.060753033],[80.1546831640001,13.0605282980001],[80.1545643170001,13.059436577],[80.154731634,13.059261642],[80.1546956940001,13.058294286],[80.154582422,13.0580658800001],[80.1545482930001,13.057821222],[80.154629271,13.0575077020001],[80.1545738030001,13.057116229],[80.154521764,13.0569136570001],[80.154425259,13.05591244],[80.1545498730001,13.0557634100001],[80.154555148,13.0555503750001],[80.154560163,13.0553478730001],[80.1544834040001,13.0551188740001],[80.154540732,13.0549364010001],[80.1545300990001,13.0546468250001],[80.1544861470001,13.053449953],[80.15458871,13.0532572160001],[80.1545805360001,13.0531034320001],[80.154638241,13.0530370320001],[80.154674012,13.0525895220001],[80.1546621430001,13.0524899700001],[80.1546425480001,13.052325615],[80.15470902,13.0520989070001],[80.1540541950001,13.0520129880001],[80.1538126290001,13.0520316240001],[80.1536103920001,13.0520472260001],[80.15351343,13.052054706],[80.1531956330001,13.052079222],[80.1528718390001,13.052078926],[80.1527776670001,13.05207884],[80.1524934660001,13.0520284410001],[80.152243153,13.0520844650001],[80.1518869050001,13.05207821],[80.1514149400001,13.052069924],[80.1504689800001,13.051969748],[80.1505660700001,13.05155383],[80.1504441650001,13.051389333],[80.1504585970001,13.050864447],[80.149913014,13.0508166820001],[80.149699771,13.05087716],[80.149594436,13.0507693390001],[80.1493240880001,13.0506992800001],[80.1493126300001,13.049462062],[80.149713799,13.049463862],[80.1506758720001,13.049533663],[80.1515137210001,13.049571277],[80.1528735630001,13.0495660180001],[80.1531305720001,13.049527143],[80.153130263,13.049285549],[80.1531298450001,13.0489585500001],[80.1531291680001,13.048428933],[80.152325665,13.048287988],[80.1511640130001,13.0481497550001],[80.1509187460001,13.0483120280001],[80.1501279880001,13.0482420230001],[80.1500329140001,13.0483191490001],[80.1493307310001,13.048229936],[80.1492566730001,13.0481163760001],[80.1492932990001,13.047079341],[80.1492402330001,13.0470389180001],[80.149263449,13.045962779],[80.1470268730001,13.0457169270001],[80.146996367,13.0445389010001],[80.146545035,13.0444811240001],[80.1464326620001,13.0437669630001],[80.146118534,13.043625417],[80.1461549780001,13.0431695570001],[80.1457426710001,13.043081198],[80.145446684,13.043076333],[80.1456101510001,13.0413258200001],[80.1456186790001,13.041065454],[80.145632838,13.0406331790001],[80.1456439680001,13.0402933620001],[80.1466405130001,13.040404612],[80.1467838030001,13.040674672],[80.1468527660001,13.040992875],[80.1474435320001,13.0410198000001],[80.148323352,13.041225422],[80.148397275,13.0409418560001],[80.149133088,13.0409319840001],[80.149201449,13.040821269],[80.1492182530001,13.039731863],[80.1493295450001,13.039707691],[80.149365935,13.039581915],[80.1499663960001,13.0395356340001],[80.150047407,13.0401164960001],[80.1500255490001,13.0405101600001],[80.150072745,13.0409220870001],[80.150536892,13.0409571660001],[80.151872402,13.0409513980001],[80.151901928,13.0409865720001],[80.1522020290001,13.0410133020001],[80.1523783050001,13.0410271220001],[80.1528385010001,13.041051322],[80.1532766930001,13.0410539960001],[80.1548620440001,13.041058938],[80.155076315,13.041135619],[80.1558737030001,13.041151826],[80.155977685,13.0411235020001],[80.156723969,13.0411713230001],[80.1570426810001,13.041088469],[80.1570751260001,13.041093437],[80.1578801490001,13.041088888],[80.1582467110001,13.041013375],[80.158727103,13.0411616480001],[80.1592915140001,13.041221481],[80.1592811290001,13.0410497030001],[80.1597204660001,13.041000723],[80.1599475680001,13.0409882820001],[80.160252213,13.040978465],[80.1604421360001,13.040973314],[80.160715199,13.0410293580001],[80.160979362,13.042621594],[80.1609585360001,13.0439946540001],[80.1608273690001,13.0440973880001],[80.1609403580001,13.044841575],[80.1611869990001,13.046153917],[80.162046203,13.046197684],[80.1622759910001,13.0476542010001],[80.162055627,13.048468874],[80.162141171,13.048502511],[80.1620422770001,13.048894789],[80.162103453,13.049186568],[80.1619389310001,13.049271822],[80.1618368040001,13.0504302190001],[80.161097473,13.0505257140001],[80.161113884,13.051427448],[80.1611532490001,13.052186347],[80.1611554020001,13.0525417470001],[80.1611505340001,13.053750527],[80.161127241,13.0538336970001],[80.161186328,13.054322535],[80.161288331,13.0546907250001],[80.161257343,13.0553391650001],[80.161127525,13.056339646],[80.161247309,13.057680889],[80.161256274,13.0581379760001],[80.1613861490001,13.05983502],[80.1614350550001,13.0611329120001],[80.161364372,13.0616097330001],[80.161374912,13.0624197700001],[80.1614416020001,13.0629669960001],[80.1614141590001,13.063501095],[80.1619427640001,13.063539411],[80.162614343,13.063740678],[80.1626803230001,13.064073465],[80.1628757570001,13.0644026320001],[80.1627891420001,13.065930307],[80.1626629420001,13.067389823],[80.162461228,13.067350794],[80.16172815,13.067087961],[80.161799349,13.0680871910001],[80.162334501,13.068391499],[80.1627404010001,13.0692089140001],[80.16271384,13.0706452110001],[80.162447614,13.0710162670001],[80.162370551,13.0716396650001],[80.1617329050001,13.071770879],[80.1617896380001,13.0725445850001],[80.161559292,13.0726276950001],[80.1611672550001,13.072619397],[80.160735559,13.0727770830001],[80.160661121,13.0727164730001],[80.160238715,13.072777247],[80.1601071540001,13.073832182],[80.1601496060001,13.074196386],[80.1600886560001,13.0750022570001],[80.1599550190001,13.076342246],[80.1599904030001,13.076944828],[80.160076571,13.077635537],[80.159997182,13.0787678310001],[80.1601344110001,13.078962173],[80.1608004990001,13.079050626],[80.1609642330001,13.0794653460001],[80.1607162710001,13.079587351],[80.1610293790001,13.080095726],[80.1610187840001,13.080411655],[80.1612672890001,13.0812414440001],[80.1611168690001,13.0818315610001],[80.1613735050001,13.082266614],[80.1614295410001,13.0822997720001],[80.1616268710001,13.082416537],[80.16171925,13.082788887],[80.1619399800001,13.0829389350001],[80.1620721890001,13.0830288080001]]]},"properties":{"OBJECTID":10,"Name":"VALASARVAKKAM","FolderPath":"GCC_ZONE_UPDATED","SymbolID":0,"AltMode":0,"Base":0,"Clamped":-1,"Extruded":0,"Snippet":"","PopupInfo":"","Shape__Area":0.0018987307636280093,"Shape__Length":0.34274690367499883}},{"type":"Feature","id":11,"geometry":{"type":"Polygon","coordinates":[[[80.1886350130001,13.009552948],[80.1879034020001,13.0089918780001],[80.1878989890001,13.0089884940001],[80.187851687,13.008959211],[80.1863981440001,13.008059374],[80.186260448,13.0083201300001],[80.185905662,13.008287377],[80.1856568270001,13.008264404],[80.185119511,13.007714756],[80.1837322920001,13.007145958],[80.1827588780001,13.0061102600001],[80.1817494620001,13.005067234],[80.1773565120001,13.0009458700001],[80.17596308,12.999588509],[80.1772367560001,12.9952735730001],[80.1768947350001,12.9948094690001],[80.1766325070001,12.994567643],[80.176353743,12.9942381820001],[80.1739862890001,12.99138205],[80.175675122,12.9902154100001],[80.177844587,12.988834776],[80.1783457590001,12.9890024440001],[80.178375675,12.988728671],[80.1783193960001,12.9885868320001],[80.1788246660001,12.987666528],[80.1791621350001,12.987321642],[80.1798369090001,12.987346713],[80.1809093580001,12.9871998670001],[80.181445357,12.987477938],[80.1814785820001,12.987425859],[80.181708912,12.987536687],[80.1820176940001,12.9876756740001],[80.1820698970001,12.9876960070001],[80.1825035580001,12.9878837640001],[80.182720261,12.9879767620001],[80.1831592770001,12.988176996],[80.183208725,12.9881842950001],[80.1833248630001,12.98823423],[80.183363742,12.988245439],[80.1834744400001,12.9882956330001],[80.183545059,12.988318325],[80.1835994730001,12.988358389],[80.1837323,12.988425192],[80.183815956,12.9884575470001],[80.1838912370001,12.988496264],[80.1839617430001,12.988512928],[80.184225563,12.988625128],[80.1842678770001,12.9886421250001],[80.1841850750001,12.9889148880001],[80.1852333840001,12.9894606230001],[80.1851366330001,12.9898420850001],[80.1849948180001,12.990405077],[80.184946805,12.990180101],[80.184785554,12.9904429700001],[80.1848795230001,12.990874626],[80.184872834,12.990897982],[80.1848419900001,12.99118257],[80.1852927740001,12.9927772],[80.1854045840001,12.9931525390001],[80.185499722,12.9938036930001],[80.1856590770001,12.9938767510001],[80.1868444570001,12.994482998],[80.1869194550001,12.9945304620001],[80.187296313,12.9947125190001],[80.1875522080001,12.9948322770001],[80.1880917700001,12.995087584],[80.188844137,12.995439033],[80.189121119,12.9955727180001],[80.189480868,12.9957599590001],[80.1897725740001,12.9958775640001],[80.1900237400001,12.995959742],[80.1903089510001,12.996021908],[80.1904998860001,12.996068919],[80.1913594230001,12.9962725950001],[80.191910223,12.9964121520001],[80.192648895,12.9965959260001],[80.1926863140001,12.9965685450001],[80.193158284,12.996660954],[80.1932064360001,12.99668225],[80.193432928,12.996716941],[80.1935196760001,12.996730228],[80.1938657100001,12.996792928],[80.194218477,12.9968507990001],[80.19449145,12.9968897140001],[80.194959091,12.9968960160001],[80.195176959,12.9969140060001],[80.1952747710001,12.9969210300001],[80.1955875,12.9969491900001],[80.1958701870001,12.99696906],[80.195934901,12.996977053],[80.196127914,12.9969996780001],[80.1962761670001,12.9970122130001],[80.196567697,12.997040629],[80.1966246360001,12.997053399],[80.196706308,12.997061095],[80.1967993050001,12.997066224],[80.196815293,12.997078249],[80.196990145,12.997082554],[80.1970218700001,12.9970942740001],[80.1972245630001,12.997086476],[80.19735044,12.997082483],[80.1974932780001,12.997079038],[80.1980645720001,12.997081816],[80.1985164420001,12.99705965],[80.1985443390001,12.997165002],[80.1985456310001,12.9971813670001],[80.1985466350001,12.997216553],[80.1985548630001,12.99734864],[80.1985573520001,12.997423547],[80.1985611380001,12.9974568000001],[80.198563892,12.997478793],[80.1985667710001,12.997513025],[80.198568337,12.9975254180001],[80.198572578,12.9975727890001],[80.1985738880001,12.9975993800001],[80.1985782990001,12.9976237870001],[80.1985815850001,12.9976745120001],[80.198585635,12.9977209680001],[80.198590568,12.997775212],[80.198598028,12.997862549],[80.1986028650001,12.9979219690001],[80.1986091220001,12.9979823360001],[80.1986112810001,12.9980073560001],[80.1986325980001,12.9980072550001],[80.198633279,12.9980534470001],[80.1986346020001,12.9981249740001],[80.198634569,12.9982027180001],[80.1986350190001,12.9982382700001],[80.1986380980001,12.998319398],[80.1986399020001,12.9983785210001],[80.1986386280001,12.998397546],[80.198634971,12.9984277790001],[80.1986342320001,12.9984426520001],[80.1985830300001,12.9984420220001],[80.198585629,12.998487042],[80.198590429,12.9985435140001],[80.1985938440001,12.9985880680001],[80.1985945310001,12.9986099880001],[80.1986448690001,12.998612709],[80.1987042520001,12.9986157590001],[80.1987508970001,12.99861708],[80.198769149,12.9986191460001],[80.1988287940001,12.9986214090001],[80.198850937,12.9986215330001],[80.1988937570001,12.998622445],[80.1989856740001,12.9986265220001],[80.199092336,12.998630291],[80.199199004,12.998634441],[80.199324657,12.9986396530001],[80.1994152990001,12.998642999],[80.199550441,12.9986488540001],[80.1996141970001,12.998652054],[80.1996782420001,12.9986550040001],[80.1997199530001,12.9986541850001],[80.1997724020001,12.9986524020001],[80.1998394680001,12.998649917],[80.1999169370001,12.9986468990001],[80.1999456180001,12.998645402],[80.2000170220001,12.9986424590001],[80.200076417,12.9986412580001],[80.2001245810001,12.998639262],[80.2001553900001,12.9986378040001],[80.2002063640001,12.9986355250001],[80.2003108370001,12.998631985],[80.2003959130001,12.9986300750001],[80.200460901,12.9986271330001],[80.2005060820001,12.998612027],[80.200539398,12.998600793],[80.200571015,12.998592365],[80.2005708190001,12.9986466610001],[80.200565414,12.998741308],[80.200560856,12.9988189050001],[80.2005581270001,12.998868337],[80.2005535970001,12.998933451],[80.2005276680001,12.998934692],[80.200484401,12.99893575],[80.200486362,12.9990596170001],[80.2004868060001,12.9991483110001],[80.200486234,12.999212943],[80.2004874340001,12.999247159],[80.2004865120001,12.999270134],[80.200487308,12.999278266],[80.200486669,12.999294809],[80.2004873810001,12.999343525],[80.2004869070001,12.999469495],[80.2004879980001,12.9995327570001],[80.2004882260001,12.9995747140001],[80.200487706,12.9996321400001],[80.200487675,12.9996966840001],[80.200487867,12.999760349],[80.200487664,12.999825211],[80.2004871350001,12.999861256],[80.2004867420001,12.9999350570001],[80.2004863270001,12.999982964],[80.2004853460001,13.0000919300001],[80.2004859910001,13.0001608970001],[80.200486111,13.000245718],[80.2004858230001,13.0003038020001],[80.2004844370001,13.000333826],[80.2005418080001,13.000332026],[80.2006018050001,13.000329042],[80.200624319,13.000325843],[80.200644244,13.0003257060001],[80.2007352350001,13.000323619],[80.2008127540001,13.000321474],[80.200868336,13.000320157],[80.2009649030001,13.000317373],[80.2010159420001,13.0003171060001],[80.2010525650001,13.0003127100001],[80.2011191890001,13.0003028080001],[80.201145528,13.000300211],[80.2011820480001,13.000295985],[80.201197758,13.000292621],[80.201301706,13.0002933440001],[80.201363643,13.000294443],[80.201403579,13.000294872],[80.201433911,13.0002823240001],[80.2014616170001,13.0002727030001],[80.2014712020001,13.0003985930001],[80.201487355,13.0004062090001],[80.2014934330001,13.000490056],[80.201499702,13.0005998720001],[80.201505565,13.0007335650001],[80.201510403,13.0008216690001],[80.201514527,13.0008833520001],[80.201508055,13.0009260800001],[80.201503824,13.000959204],[80.2018102700001,13.0009366260001],[80.201925917,13.0009287840001],[80.2019290750001,13.000970979],[80.2019362790001,13.001039442],[80.2019450610001,13.001161799],[80.2019518490001,13.001232967],[80.2019554870001,13.0012900310001],[80.2019611970001,13.001316791],[80.2019857430001,13.001419544],[80.201987864,13.0014906380001],[80.2019763230001,13.001507039],[80.2019847220001,13.0017144920001],[80.2019831000001,13.0018090400001],[80.2019823320001,13.0018727570001],[80.2019821540001,13.001924355],[80.20198099,13.001979378],[80.201979754,13.0020553790001],[80.2019789220001,13.002124574],[80.2019759760001,13.002138561],[80.2019763530001,13.0021598500001],[80.2019746460001,13.002355591],[80.20197561,13.002418457],[80.2019552730001,13.002421171],[80.201955883,13.002431947],[80.2019581470001,13.002537116],[80.2019611050001,13.002618888],[80.2019641950001,13.002728145],[80.2019687910001,13.0028890790001],[80.2019694730001,13.0029505430001],[80.2020321730001,13.0029550850001],[80.202103149,13.0029599970001],[80.2021420090001,13.002963424],[80.2021690670001,13.002963],[80.2022485310001,13.002962929],[80.202250973,13.002970884],[80.2022844640001,13.0029738590001],[80.2023627500001,13.002980178],[80.202423282,13.002984767],[80.2024498160001,13.002987273],[80.2024934030001,13.0029927090001],[80.2025268680001,13.002997975],[80.202550564,13.003001372],[80.2025617150001,13.0030036860001],[80.2026304460001,13.003003774],[80.202635651,13.0030117850001],[80.202673921,13.003012074],[80.20274249,13.0030147190001],[80.2028261290001,13.003024662],[80.202893852,13.0030354950001],[80.2028969980001,13.0030874720001],[80.202901002,13.003136651],[80.202899432,13.003170396],[80.2029003970001,13.0032009290001],[80.2029016970001,13.00324303],[80.202901538,13.0032886830001],[80.2029023440001,13.0033173470001],[80.2028995350001,13.0033919270001],[80.202897835,13.0035007650001],[80.20272557,13.003493931],[80.2026120310001,13.003492748],[80.2024943260001,13.0034904830001],[80.2023842740001,13.0034822160001],[80.2023863040001,13.0035630630001],[80.2023876750001,13.003579863],[80.20238362,13.0036880710001],[80.202381566,13.0037872570001],[80.202376288,13.0039447660001],[80.2023740010001,13.004020955],[80.2022941690001,13.0040202430001],[80.202297404,13.004166694],[80.2022987770001,13.004255514],[80.202299936,13.00434576],[80.2023015820001,13.0044382250001],[80.202339502,13.004422489],[80.2023683890001,13.0044259430001],[80.2023534580001,13.004485806],[80.2023303930001,13.00457491],[80.2023154010001,13.004638001],[80.2023044630001,13.0046590630001],[80.2023016040001,13.004661173],[80.202088782,13.00469084],[80.2020093960001,13.004702078],[80.2020040450001,13.0048454020001],[80.202000566,13.0050049560001],[80.2019933980001,13.00520497],[80.201987853,13.0053887130001],[80.2019855840001,13.005478558],[80.2020803570001,13.005525415],[80.202151379,13.0055615790001],[80.202160275,13.005561562],[80.2021683300001,13.005564173],[80.202264196,13.005608856],[80.2023975290001,13.005676201],[80.2025063510001,13.005730892],[80.202521673,13.005740089],[80.20260132,13.005763066],[80.2026959350001,13.0057738720001],[80.2027397940001,13.0057781140001],[80.2029388560001,13.005805805],[80.2030829730001,13.005825487],[80.2031585730001,13.005834253],[80.2031740680001,13.0058632080001],[80.2032177190001,13.005951758],[80.2032298660001,13.005974506],[80.2032199160001,13.0060320440001],[80.203234771,13.0060429500001],[80.2032948080001,13.0060790310001],[80.203785747,13.0063787890001],[80.2039843370001,13.006481009],[80.2038424670001,13.007007555],[80.204175284,13.007037376],[80.2050083550001,13.007189587],[80.2061751150001,13.0074992630001],[80.207951316,13.0077422960001],[80.2093224870001,13.0079668170001],[80.21031843,13.008349346],[80.2113076080001,13.008729272],[80.2113351310001,13.008739844],[80.211340679,13.0087407890001],[80.211340712,13.0087407890001],[80.211344812,13.008740217],[80.2113466330001,13.008739968],[80.211352597,13.0087360960001],[80.2113538790001,13.008733594],[80.2113552800001,13.0087308560001],[80.211579354,13.008154712],[80.2116000330001,13.008162444],[80.2117006650001,13.0082050990001],[80.2116934140001,13.008221727],[80.2118637440001,13.008546645],[80.211883754,13.0085559140001],[80.2117562270001,13.008820631],[80.2117391800001,13.0088560200001],[80.2117376190001,13.008860166],[80.2117371360001,13.0088614630001],[80.211737079,13.0088625240001],[80.2117370710001,13.00886258],[80.211736746,13.0088687800001],[80.2117367340001,13.0088688720001],[80.2117368240001,13.008869541],[80.211736848,13.008869744],[80.2117369740001,13.008870701],[80.2117374730001,13.008874431],[80.2117393490001,13.0088788840001],[80.2117410760001,13.008881112],[80.2117430800001,13.0088836950001],[80.21174424,13.008885197],[80.2117450630001,13.008885692],[80.2117537350001,13.008890896],[80.2149860870001,13.010057257],[80.2126218450001,13.0083287620001],[80.211181604,13.006993836],[80.2102378060001,13.005545956],[80.2093173100001,13.003612721],[80.2092915800001,13.0035422030001],[80.2089593370001,13.0028322110001],[80.2088624180001,13.002631094],[80.2087233940001,13.0023317440001],[80.208589445,13.0020886510001],[80.208589143,13.0020881070001],[80.2084666750001,13.0018693710001],[80.2083694350001,13.001682268],[80.2082551650001,13.001486162],[80.2081462260001,13.0012954970001],[80.2080555800001,13.0011227910001],[80.207938255,13.000872605],[80.207854421,13.000703446],[80.20781358,13.0005935290001],[80.2077952540001,13.000548558],[80.2077818540001,13.00049969],[80.2077718,13.00045128],[80.2077466050001,13.000266679],[80.207724474,13.0000831470001],[80.2076994330001,12.9999514630001],[80.2076715260001,12.99981202],[80.207620089,12.9995561110001],[80.20761989,12.9995553790001],[80.207612865,12.999529465],[80.2075566840001,12.999256571],[80.2075377410001,12.99916877],[80.207494529,12.9990483070001],[80.2074654150001,12.998895771],[80.207427479,12.998704509],[80.20739209,12.9985532200001],[80.207375137,12.9984783670001],[80.2073471990001,12.998354976],[80.2072996210001,12.9981420720001],[80.2072529750001,12.99793514],[80.207194099,12.9976598150001],[80.2071763540001,12.997562831],[80.2071496880001,12.9974170840001],[80.2071163700001,12.9972594990001],[80.207106056,12.9972107770001],[80.2070219330001,12.996851302],[80.206978172,12.996665326],[80.2069590290001,12.9965671030001],[80.206903878,12.99630933],[80.2068369310001,12.995962186],[80.206832186,12.9959366460001],[80.206804187,12.995849424],[80.2067877690001,12.9958075220001],[80.2067811420001,12.9957865710001],[80.2067742070001,12.9957646510001],[80.206763563,12.9957209940001],[80.206746653,12.995632551],[80.2067279570001,12.995544454],[80.206714699,12.995487665],[80.206714623,12.995487353],[80.2066992320001,12.9954243780001],[80.2066992160001,12.9954243130001],[80.2066852350001,12.9953694440001],[80.206661222,12.9952826000001],[80.2066051740001,12.9950296440001],[80.206592373,12.994971875],[80.206592153,12.9949694050001],[80.2065302830001,12.9947046020001],[80.2065103310001,12.9946233200001],[80.2065102400001,12.9946229660001],[80.2064937660001,12.994555839],[80.2064301520001,12.9942966850001],[80.206413814,12.9942308190001],[80.206400165,12.9941757930001],[80.2063508560001,12.9939769910001],[80.2063232400001,12.993838956],[80.2062979670001,12.9937249380001],[80.2062883830001,12.993681699],[80.2062698230001,12.9936039],[80.2062604220001,12.9935644930001],[80.2062339600001,12.993464686],[80.2061488080001,12.993143522],[80.20611941,12.9930386360001],[80.206070765,12.9928650630001],[80.2060000720001,12.992594855],[80.2059799580001,12.992522982],[80.205962325,12.9924575370001],[80.205939228,12.9923684500001],[80.2059047960001,12.99225635],[80.205867712,12.992145066],[80.2058423870001,12.9920684360001],[80.205820798,12.992009351],[80.205795595,12.991945022],[80.2057846120001,12.9919176400001],[80.2057522160001,12.991843616],[80.2056720020001,12.9916680480001],[80.2055811820001,12.9914757],[80.205555406,12.9914178500001],[80.2054672690001,12.99121632],[80.2053888600001,12.991024301],[80.2053261880001,12.990870758],[80.2053023860001,12.990804757],[80.2052808000001,12.9907380280001],[80.2052614520001,12.990670643],[80.2051901950001,12.9904331650001],[80.2051741640001,12.9903834730001],[80.205161247,12.990332917],[80.2051600790001,12.990326779],[80.205151717,12.990282871],[80.20515149,12.990281684],[80.20511724,12.990120995],[80.2050473310001,12.9898369540001],[80.2049613190001,12.9895427380001],[80.2049518800001,12.98950017],[80.2049398240001,12.989445802],[80.2049066880001,12.989296359],[80.2048514910001,12.989053389],[80.2048415200001,12.989008413],[80.2048038610001,12.9888097690001],[80.204793157,12.9887306950001],[80.2047769110001,12.9885928250001],[80.204767566,12.988513535],[80.2047588400001,12.9884409920001],[80.2047418920001,12.9882907530001],[80.2047292550001,12.9882054490001],[80.204724324,12.988179212],[80.2047213560001,12.988153604],[80.2047163650001,12.9881324680001],[80.2047093180001,12.98811182],[80.2047002950001,12.988091884],[80.2046951950001,12.988080742],[80.204688133,12.98807068],[80.20467934,12.988062029],[80.2046691020001,12.988055069],[80.2046577510001,12.988050027],[80.2046456620001,12.9880470680001],[80.2046332240001,12.988046288],[80.2045179300001,12.9880606180001],[80.204450653,12.9880781000001],[80.2043916650001,12.9880949490001],[80.204344242,12.9881089250001],[80.2042974500001,12.9881248300001],[80.204251002,12.988142779],[80.2041765880001,12.98817416],[80.2040987080001,12.9882036930001],[80.204020605,12.9882300800001],[80.2039265380001,12.9882605400001],[80.2038346080001,12.9882928590001],[80.2037431640001,12.9883275920001],[80.20351787,12.9884168080001],[80.20347365,12.988357681],[80.2034758120001,12.9883562640001],[80.203477487,12.988354311],[80.2034785380001,12.988351978],[80.2034788810001,12.988349742],[80.2034796360001,12.9882263490001],[80.2034811180001,12.988198803],[80.203485415,12.988094855],[80.203495203,12.98791694],[80.2035026930001,12.987825086],[80.2035078260001,12.9877621590001],[80.2035082520001,12.9877569380001],[80.203527471,12.987628511],[80.2035652850001,12.9874224710001],[80.203600388,12.9872569300001],[80.2036260880001,12.987091089],[80.2036714390001,12.9868057740001],[80.2036833720001,12.9867490020001],[80.203689533,12.9867163800001],[80.203691324,12.986699592],[80.203698585,12.986510562],[80.2036985890001,12.9865103700001],[80.2036996960001,12.986449872],[80.2036997050001,12.9864495520001],[80.203700074,12.98641308],[80.2037198070001,12.986209697],[80.203726814,12.9861519460001],[80.2037388110001,12.986053068],[80.203746095,12.985993004],[80.203746155,12.9859925430001],[80.2037495390001,12.985964661],[80.2037515200001,12.985933361],[80.2037504780001,12.9859020050001],[80.2037464260001,12.985870887],[80.203708012,12.985628536],[80.2037045610001,12.985612772],[80.2036954550001,12.985571475],[80.2036880480001,12.9855373280001],[80.203684228,12.9855116410001],[80.2036724710001,12.9854424690001],[80.2036576200001,12.985373871],[80.203654424,12.9853617630001],[80.2036401830001,12.9853077970001],[80.2036404520001,12.9853094160001],[80.203640271,12.985311962],[80.2036393710001,12.9853143550001],[80.203637826,12.985316406],[80.2036357580001,12.985317954],[80.203633332,12.9853188720001],[80.2035272840001,12.98534289],[80.2034040440001,12.9853713900001],[80.203401452,12.985371619],[80.2033989000001,12.985371131],[80.203396587,12.9853699610001],[80.203394701,12.9853682040001],[80.203393389,12.985366001],[80.2033928420001,12.985364126],[80.2033788960001,12.9852848200001],[80.20336158,12.9851666970001],[80.2033461440001,12.9850166840001],[80.2033281810001,12.984838519],[80.203304793,12.984609811],[80.203291591,12.9844562530001],[80.2032604550001,12.984201264],[80.2032579940001,12.9841765630001],[80.2032507590001,12.9841039410001],[80.2032391980001,12.9839878870001],[80.2032384080001,12.9839799580001],[80.203229074,12.983864292],[80.203210094,12.983690924],[80.2032024860001,12.9836220550001],[80.203203145,12.983624524],[80.2032044810001,12.983626712],[80.203206386,12.983628449],[80.2032087110001,12.983629595],[80.2032112690001,12.983630057],[80.203212503,12.9836300260001],[80.2034819230001,12.983605343],[80.2037512350001,12.983578951],[80.2040270050001,12.983551585],[80.2042208700001,12.9835337330001],[80.204497872,12.9835052280001],[80.2045917730001,12.983499474],[80.204723094,12.98349011],[80.204788367,12.983486102],[80.2047909140001,12.983485585],[80.2047932130001,12.983484391],[80.2047950800001,12.983482614],[80.2047963670001,12.9834803970001],[80.2047969700001,12.983477916],[80.2047969660001,12.9834762],[80.204786009,12.9833653810001],[80.20476856,12.983181868],[80.204749506,12.9830268310001],[80.204747753,12.983009812],[80.204742605,12.9829598600001],[80.2047425910001,12.982959721],[80.2047334960001,12.982871442],[80.2047162800001,12.9826726910001],[80.204696987,12.9824695240001],[80.2046191100001,12.9816200720001],[80.204684618,12.9816166360001],[80.2048324190001,12.9815997380001],[80.2050565160001,12.981575621],[80.2051481770001,12.9815671850001],[80.2051842810001,12.9815638630001],[80.205318391,12.98155626],[80.2058509220001,12.98158204],[80.205866756,12.9815776990001],[80.20607606,12.98154666],[80.206092707,12.9815424510001],[80.2067504190001,12.981470652],[80.2067400860001,12.9814330940001],[80.206727416,12.9813941830001],[80.206689392,12.9812634140001],[80.2066820300001,12.981234667],[80.2066816110001,12.9812330350001],[80.206673886,12.9812028750001],[80.206669511,12.9811857920001],[80.206659308,12.9811327510001],[80.206649832,12.9810834840001],[80.2066442020001,12.9810475140001],[80.206637818,12.981006737],[80.2066276480001,12.980941779],[80.2066046950001,12.980860299],[80.2065959010001,12.980823683],[80.2065760240001,12.9807287040001],[80.2065567180001,12.980654013],[80.2065466650001,12.9806152520001],[80.206489817,12.980396043],[80.2064899250001,12.980396001],[80.206542471,12.980375506],[80.2066748490001,12.9803552110001],[80.2069048160001,12.980319926],[80.207030079,12.980302728],[80.2071193680001,12.9802904700001],[80.207293921,12.980270537],[80.2073368550001,12.980265635],[80.20748258,12.9802510330001],[80.2074872420001,12.980249201],[80.2075270010001,12.980233566],[80.207511068,12.9801347860001],[80.2074918530001,12.9800301120001],[80.207477495,12.979961513],[80.207472033,12.979941893],[80.207462638,12.979909675],[80.2074494510001,12.979844144],[80.207449206,12.9798424520001],[80.207443964,12.979813564],[80.207431189,12.9797590000001],[80.207417612,12.979687287],[80.2073821690001,12.97949558],[80.2073786440001,12.9794795650001],[80.2073634380001,12.9794104810001],[80.207352423,12.9793604440001],[80.2073465390001,12.979333711],[80.2073086770001,12.9791197530001],[80.207277687,12.9789731380001],[80.2072675050001,12.9789246870001],[80.2072538150001,12.978859088],[80.2072259320001,12.9786966090001],[80.207202565,12.9785620440001],[80.2071936990001,12.9785039830001],[80.2071737530001,12.9783745570001],[80.2071359970001,12.978156621],[80.207134603,12.9781419710001],[80.2071314120001,12.978108428],[80.2058414240001,12.9786836380001],[80.205706062,12.978370408],[80.205602217,12.978125544],[80.205531831,12.9779503560001],[80.2054578560001,12.977789983],[80.2053963210001,12.9776292010001],[80.205204445,12.9771849110001],[80.205103158,12.976904608],[80.2049859350001,12.9766432390001],[80.204884581,12.9764105040001],[80.2047810500001,12.976177348],[80.2045509740001,12.976247986],[80.2046309130001,12.976826228],[80.2044554990001,12.9768287100001],[80.204066799,12.976915047],[80.203694716,12.9769933920001],[80.2034305620001,12.9770318560001],[80.203326185,12.977053342],[80.2030959640001,12.97710233],[80.202972931,12.977132913],[80.2024126370001,12.9772635480001],[80.2020263250001,12.9773492310001],[80.2020723480001,12.977568595],[80.202104084,12.9777020830001],[80.2021065580001,12.9777431090001],[80.202147085,12.9780489820001],[80.2018401890001,12.9781117950001],[80.2015856940001,12.9782200010001],[80.2011943080001,12.978269068],[80.2012687610001,12.978944605],[80.201259905,12.9790568230001],[80.201254002,12.979149401],[80.2007497420001,12.979200726],[80.2000638490001,12.9793268120001],[80.1998861970001,12.979579695],[80.19951652,12.9797049160001],[80.1993880850001,12.9797532380001],[80.19933718,12.979755455],[80.1990095250001,12.979648904],[80.1987681210001,12.979685105],[80.198704445,12.979695985],[80.1984727430001,12.97972092],[80.1981908050001,12.979746694],[80.1981280670001,12.979749538],[80.1978552250001,12.979786561],[80.197740159,12.9798029670001],[80.1974870720001,12.979942394],[80.1974331800001,12.9799766310001],[80.1973221520001,12.979998225],[80.1972830330001,12.980008904],[80.1971514750001,12.980039544],[80.1970622430001,12.9800671400001],[80.1969659120001,12.980074804],[80.1968861780001,12.9800940820001],[80.196855666,12.980100282],[80.1967989610001,12.9801266430001],[80.196709454,12.980172942],[80.1966591670001,12.980188663],[80.1965196560001,12.9802127030001],[80.1964311460001,12.980230938],[80.1963965570001,12.9802380290001],[80.1963134590001,12.980258586],[80.196302136,12.980261387],[80.1962828210001,12.9802699300001],[80.1962121500001,12.980296094],[80.1960805890001,12.9803339960001],[80.1960222490001,12.980458045],[80.1959782440001,12.9805397430001],[80.195927494,12.9806140860001],[80.1958451080001,12.980773702],[80.195781077,12.9808980710001],[80.1957717130001,12.980928899],[80.1957653970001,12.9809285260001],[80.1956753410001,12.9809232150001],[80.195476817,12.9809308550001],[80.195313738,12.9810239500001],[80.193820761,12.9820459050001],[80.1935661590001,12.982124033],[80.193306523,12.982147931],[80.193093864,12.9821603350001],[80.192896149,12.9821769180001],[80.192611899,12.9822020240001],[80.1924349550001,12.982219458],[80.1922491590001,12.9822433190001],[80.1920544280001,12.982271659],[80.1919155860001,12.982282202],[80.1917530900001,12.9823012430001],[80.1915942260001,12.98232175],[80.1914546560001,12.9823401560001],[80.191362643,12.982349992],[80.1912837450001,12.9823582760001],[80.1911626820001,12.982315552],[80.1911205280001,12.9823017030001],[80.1911101430001,12.98229709],[80.191024945,12.982266596],[80.1909574700001,12.9822391390001],[80.1909231610001,12.9819391360001],[80.190502252,12.9820065640001],[80.1903999420001,12.9819882740001],[80.190322296,12.981971276],[80.1902408330001,12.9819097000001],[80.1901568850001,12.981881107],[80.1900818170001,12.9818544880001],[80.1898932070001,12.981851568],[80.1898759970001,12.9818513010001],[80.189769368,12.9818839340001],[80.1897527990001,12.98170456],[80.1897149660001,12.981654113],[80.1896443410001,12.981518721],[80.189552673,12.981368629],[80.1895286490001,12.9813278410001],[80.189552258,12.9812524760001],[80.189527829,12.981116468],[80.1895169380001,12.9810454710001],[80.189495026,12.980911884],[80.1894828760001,12.980826413],[80.189472724,12.980739987],[80.1894737420001,12.9807036350001],[80.1897301180001,12.980646075],[80.1897320630001,12.9806456380001],[80.189621731,12.980074356],[80.1897730580001,12.980055597],[80.1897099600001,12.9796862150001],[80.189691456,12.9794854510001],[80.1896770750001,12.979393886],[80.1896544520001,12.978449601],[80.1897803990001,12.978471025],[80.189779802,12.9781909330001],[80.189781672,12.9781013350001],[80.1897608100001,12.977704283],[80.1897539080001,12.9776529420001],[80.189750765,12.977616757],[80.1897709,12.9776061800001],[80.1901296490001,12.977445195],[80.1903652660001,12.9772696100001],[80.1905234650001,12.977159403],[80.1903891530001,12.976367882],[80.1903394030001,12.9760871710001],[80.1903126920001,12.9758649410001],[80.190275753,12.975689549],[80.1902626420001,12.975605364],[80.1902497470001,12.9755072360001],[80.1902563470001,12.9754814770001],[80.190353476,12.9751897620001],[80.1904078380001,12.975051262],[80.1904348640001,12.974988427],[80.190502785,12.9748358260001],[80.1905694000001,12.974687637],[80.1905972270001,12.97463127],[80.1906071660001,12.974609118],[80.190662171,12.9744940350001],[80.1906039400001,12.974450281],[80.190518244,12.974381705],[80.1904218270001,12.97430668],[80.1903415770001,12.9742387380001],[80.190254269,12.974170235],[80.1901710340001,12.9740942880001],[80.1901824010001,12.9740538790001],[80.18998652,12.9740059390001],[80.189942294,12.973979279],[80.189866303,12.9739331170001],[80.189798829,12.973896962],[80.1895791150001,12.973772286],[80.1893817870001,12.973613669],[80.1892810090001,12.973575033],[80.1893625220001,12.9720826240001],[80.189361149,12.972006639],[80.189329134,12.9718809560001],[80.189258324,12.9717076700001],[80.1891945740001,12.9715026260001],[80.189130237,12.9713141730001],[80.188935009,12.9706667130001],[80.1892650200001,12.9705342070001],[80.1895320520001,12.9704315990001],[80.1903967650001,12.9701045690001],[80.1904642270001,12.970094632],[80.1899775890001,12.968959147],[80.1893320990001,12.9691932750001],[80.188876604,12.9693557460001],[80.188739147,12.969375568],[80.188718565,12.9693945930001],[80.1884984910001,12.9694700950001],[80.18836701,12.9695088560001],[80.1882369910001,12.969533433],[80.1881328490001,12.9695609450001],[80.1880189610001,12.969591687],[80.1877948650001,12.969630975],[80.1875354580001,12.969662909],[80.1871446210001,12.969673883],[80.1870172600001,12.9696851370001],[80.186952449,12.9696831800001],[80.186743203,12.9697131240001],[80.1864235690001,12.9697178430001],[80.186381474,12.9697141130001],[80.1863393180001,12.969707677],[80.1852335120001,12.9698079830001],[80.1851017650001,12.9696184470001],[80.1850268050001,12.9696181580001],[80.1847783170001,12.9693829660001],[80.1847114400001,12.969381829],[80.1846458480001,12.9693257170001],[80.1845682410001,12.969287992],[80.184511924,12.9692919770001],[80.1844838010001,12.969171805],[80.1844439650001,12.968915839],[80.18411702,12.968937956],[80.18409581,12.968409336],[80.1839764280001,12.9683691540001],[80.183659219,12.968262908],[80.1832674060001,12.968105806],[80.183256348,12.9680970640001],[80.183125106,12.9680483610001],[80.182771185,12.968028965],[80.182586691,12.9680021230001],[80.1823736650001,12.968013914],[80.1817039800001,12.9680509770001],[80.1797545220001,12.969091646],[80.1764156130001,12.9709770270001],[80.176556524,12.972139199],[80.1772264050001,12.975908066],[80.177028303,12.9776182320001],[80.176444056,12.977897453],[80.176550112,12.978987298],[80.174835618,12.9798061390001],[80.173553693,12.9800573200001],[80.1729411840001,12.9797496],[80.171347772,12.9799027920001],[80.1705064290001,12.980013468],[80.1686977210001,12.9803260250001],[80.1668968370001,12.9805820760001],[80.165891118,12.9800593370001],[80.166976311,12.983874314],[80.1664801890001,12.9848307020001],[80.1655955780001,12.9868620290001],[80.1651083290001,12.9879005970001],[80.164200866,12.989638746],[80.163293712,12.9913435980001],[80.162144712,12.993439348],[80.1620886650001,12.993612609],[80.1614391680001,12.99520202],[80.1611713240001,12.9956627180001],[80.1602101280001,12.9970131850001],[80.161080934,12.99866174],[80.162369975,13.0014697870001],[80.163633528,13.002484989],[80.163919466,13.0027580560001],[80.1633542490001,13.0038586900001],[80.163258119,13.00591389],[80.1633091300001,13.006303836],[80.1620742710001,13.006390848],[80.160517509,13.006659287],[80.159854296,13.0068302080001],[80.1597813660001,13.0065973820001],[80.1595867,13.0066677730001],[80.1591666320001,13.006729539],[80.1588347590001,13.0068689350001],[80.159044281,13.0073893490001],[80.1592407680001,13.0077632260001],[80.1592830660001,13.0078241630001],[80.1593727360001,13.008247983],[80.1594423650001,13.008349519],[80.1594777430001,13.0088037680001],[80.1595336560001,13.0089279920001],[80.159565635,13.0098186600001],[80.159673905,13.0100967540001],[80.1596882140001,13.0102365270001],[80.160320896,13.010273354],[80.16035351,13.0104677370001],[80.1605505040001,13.0105152530001],[80.160605606,13.0114354720001],[80.1612956870001,13.011423603],[80.16179585,13.011479025],[80.1611917660001,13.012377864],[80.1611784090001,13.0125595910001],[80.1613109730001,13.012603198],[80.1617220790001,13.0125908260001],[80.161588899,13.013199206],[80.161540927,13.0132560270001],[80.1614671730001,13.013649877],[80.1612711210001,13.013695581],[80.1612480840001,13.0142052370001],[80.161368705,13.0142491350001],[80.1613767370001,13.014330865],[80.1612589110001,13.014398084],[80.1612092920001,13.014594893],[80.1611327410001,13.014623796],[80.1608996090001,13.0146057310001],[80.1608059660001,13.0146840680001],[80.1606977320001,13.014657426],[80.1605462190001,13.0145733140001],[80.1602667920001,13.014528338],[80.1601521440001,13.014484296],[80.1599734200001,13.014506172],[80.1597084370001,13.0144248020001],[80.159583168,13.0144336820001],[80.1592848760001,13.015166509],[80.1588217820001,13.015048967],[80.1586714470001,13.015011638],[80.158386691,13.0150447300001],[80.1581275190001,13.01473753],[80.1580878560001,13.0145000520001],[80.1578679240001,13.0144843140001],[80.157770467,13.014332473],[80.157709835,13.01366304],[80.1570126550001,13.0135043380001],[80.1568436410001,13.01343646],[80.156825084,13.013173581],[80.156770011,13.013122245],[80.1565240850001,13.013182375],[80.1563957290001,13.0131018180001],[80.15610781,13.0130751620001],[80.1558426830001,13.0129879410001],[80.15548246,13.0130469690001],[80.155265619,13.0131979540001],[80.1551311250001,13.0132032400001],[80.1548438120001,13.013271387],[80.1548373240001,13.0134602640001],[80.154117064,13.0140740640001],[80.1541191210001,13.014155938],[80.1535767330001,13.014449923],[80.1535922750001,13.014659979],[80.1533996750001,13.0147760420001],[80.1534137140001,13.0149017370001],[80.1532323960001,13.015058261],[80.1530526930001,13.015279116],[80.1530790790001,13.0153779560001],[80.1531769840001,13.0154692200001],[80.1531158440001,13.015652099],[80.15312571,13.016049975],[80.1524154320001,13.016078636],[80.1522821360001,13.016005781],[80.152127152,13.0160212280001],[80.152225107,13.01635241],[80.1519751500001,13.0165068320001],[80.1516410230001,13.016720397],[80.151457646,13.016795045],[80.1508049590001,13.0169805030001],[80.150769315,13.017069414],[80.150633079,13.0171194370001],[80.1505794820001,13.017044463],[80.1501005760001,13.01724913],[80.1500362310001,13.0171746720001],[80.1497769760001,13.017321372],[80.1496738330001,13.0172594920001],[80.1493727700001,13.017407201],[80.149269335,13.017333625],[80.1490230580001,13.017455161],[80.148707421,13.0174658660001],[80.1485948870001,13.016970228],[80.1472088880001,13.016986117],[80.14720004,13.0176280790001],[80.147153325,13.0184209490001],[80.1471709580001,13.0185782930001],[80.1470939920001,13.0186708850001],[80.1469846400001,13.019404464],[80.1471066010001,13.0198042590001],[80.1470660090001,13.020942463],[80.1468416720001,13.020933088],[80.1464756450001,13.021030571],[80.146287682,13.021207841],[80.145402796,13.0212840720001],[80.1453565900001,13.021347028],[80.1450189810001,13.021243515],[80.14494625,13.0212950650001],[80.1446611590001,13.021273987],[80.144500217,13.021406767],[80.144424315,13.0213874830001],[80.1444257250001,13.0216558120001],[80.1445560720001,13.022378368],[80.144606577,13.0231129490001],[80.145054357,13.0232303670001],[80.1451226360001,13.023678149],[80.1451418670001,13.0240807910001],[80.1448892400001,13.0246460220001],[80.1464554120001,13.0248650950001],[80.1465588200001,13.0243458090001],[80.147800622,13.024389592],[80.1479470460001,13.0243277070001],[80.14927491,13.02552819],[80.1495410410001,13.0254029650001],[80.150524385,13.0251949670001],[80.1509342620001,13.0252416590001],[80.1510632170001,13.0257691200001],[80.151552832,13.025711632],[80.152349406,13.025541461],[80.1526548790001,13.025463679],[80.1529068090001,13.0252552810001],[80.1535429030001,13.025072584],[80.1536801970001,13.0250125050001],[80.1547492160001,13.024886919],[80.15484122,13.0250867710001],[80.155205096,13.0250324530001],[80.1553854370001,13.0249650850001],[80.1557221200001,13.0249322230001],[80.1559603790001,13.02489947],[80.1560032630001,13.024750673],[80.156379041,13.024720616],[80.156901561,13.024625997],[80.1569611570001,13.0245206500001],[80.1576707450001,13.0242847750001],[80.1577870980001,13.0243292260001],[80.1586951100001,13.0242732030001],[80.1588474260001,13.0242213670001],[80.1589847530001,13.0243049470001],[80.1592513460001,13.024468056],[80.159489476,13.024456716],[80.159660396,13.0243846220001],[80.1594936980001,13.0238201650001],[80.1595406330001,13.023265016],[80.1619492,13.0229620750001],[80.1620654550001,13.02333413],[80.1621965160001,13.0233304450001],[80.162423054,13.024545936],[80.1629362560001,13.024432441],[80.163054957,13.024456775],[80.1630738550001,13.0245699220001],[80.1635461380001,13.0245791620001],[80.1638711680001,13.0245219760001],[80.1645917710001,13.0242901460001],[80.164666341,13.024304268],[80.1649187730001,13.0242292200001],[80.1651350820001,13.0241297540001],[80.1651585210001,13.0239123330001],[80.1651201610001,13.0236744440001],[80.1651588890001,13.0236260070001],[80.165018595,13.0229396660001],[80.165253089,13.022457189],[80.165339289,13.022090088],[80.1651989710001,13.022033874],[80.1651546400001,13.0216102700001],[80.1660883960001,13.0215613510001],[80.1663382940001,13.022678065],[80.1666925320001,13.0231966010001],[80.1669883370001,13.0231867210001],[80.167181919,13.023953899],[80.167177753,13.02400428],[80.1672095770001,13.0242259790001],[80.1671651010001,13.0242646360001],[80.1672860480001,13.0253080140001],[80.1683325650001,13.025138741],[80.168515638,13.025268769],[80.1704197440001,13.0247431780001],[80.1731633410001,13.024555653],[80.1737990680001,13.024800344],[80.1741881090001,13.024893601],[80.1748147100001,13.0247959480001],[80.175290316,13.0240399510001],[80.1763652060001,13.0235672380001],[80.1766368620001,13.0235727850001],[80.1768518740001,13.023630445],[80.1772590420001,13.024465865],[80.1777145410001,13.024244282],[80.178264879,13.024246792],[80.178852083,13.0242994760001],[80.179292398,13.0242569330001],[80.1797757990001,13.024369182],[80.1798515460001,13.024358369],[80.180062696,13.0244100400001],[80.1815949670001,13.024307267],[80.1817057090001,13.0241943610001],[80.1827742120001,13.023792983],[80.183074063,13.0243484860001],[80.1837114960001,13.0246881730001],[80.184293262,13.0245349250001],[80.184453675,13.024267918],[80.1848193750001,13.023872172],[80.1850968540001,13.0238572860001],[80.1852060670001,13.024165371],[80.1855224390001,13.024191451],[80.1855822200001,13.0240464840001],[80.1856549440001,13.023978804],[80.185699604,13.023629364],[80.1858710390001,13.0231455310001],[80.186056669,13.022942077],[80.1863870500001,13.022863194],[80.1868283970001,13.022727903],[80.1868685270001,13.022671718],[80.187003841,13.022637677],[80.1876330800001,13.022154331],[80.1887156320001,13.022420611],[80.1890420380001,13.0225240350001],[80.189049577,13.022540126],[80.189643463,13.0234255870001],[80.1897259690001,13.0235486],[80.1897688340001,13.023612509],[80.1898131840001,13.0242023320001],[80.1898184770001,13.0242727310001],[80.1898384240001,13.0242694630001],[80.1898812260001,13.024262449],[80.1899324550001,13.024254054],[80.189997691,13.024243363],[80.190226996,13.0244787780001],[80.1902376360001,13.024489701],[80.190259235,13.0245118760001],[80.1902818460001,13.02453509],[80.1903223050001,13.0245766260001],[80.190488943,13.024747704],[80.190551849,13.024812286],[80.1906400880001,13.0249028760001],[80.190753025,13.0250188210001],[80.1908404430001,13.02511593],[80.190926527,13.025211557],[80.191032131,13.0253288690001],[80.1912269160001,13.0255452440001],[80.191281732,13.025600979],[80.1919055920001,13.026235286],[80.193142928,13.0271947370001],[80.193330502,13.0273195390001],[80.1934899830001,13.0275443890001],[80.193644754,13.0278042520001],[80.1938384540001,13.0280566070001],[80.1939624250001,13.028217198],[80.1941643000001,13.0283475160001],[80.1944362740001,13.028455165],[80.1947627630001,13.0285477260001],[80.1949571050001,13.028601732],[80.1953694260001,13.02861827],[80.1956182320001,13.028672445],[80.195835817,13.028757037],[80.1963491880001,13.028804403],[80.196769316,13.0288133330001],[80.197189393,13.0288375220001],[80.1976506930001,13.0288740560001],[80.197944325,13.028813557],[80.1982421640001,13.028792287],[80.1984665100001,13.028840529],[80.1986520240001,13.0289102030001],[80.198964549,13.028927604],[80.1992444800001,13.028907379],[80.1995801690001,13.0288629830001],[80.1998836720001,13.0288181780001],[80.2002068900001,13.0287533000001],[80.2008010110001,13.028600662],[80.201125248,13.0285280040001],[80.2002845420001,13.024603574],[80.2000393450001,13.023056572],[80.199818828,13.0194605770001],[80.1997103460001,13.0172202100001],[80.1995001240001,13.016045671],[80.199602553,13.016019429],[80.1992679830001,13.014367669],[80.19886346,13.0144906510001],[80.197972706,13.014901825],[80.198349078,13.0178411910001],[80.1984528180001,13.018053885],[80.1985351660001,13.018504545],[80.1986591830001,13.019264645],[80.1988669680001,13.0205525000001],[80.198890894,13.0206682400001],[80.1990878620001,13.021769636],[80.200148433,13.027676017],[80.200221776,13.0280786060001],[80.2002677280001,13.02833084],[80.196925691,13.028498347],[80.1944316700001,13.027437698],[80.1945601410001,13.0272601570001],[80.1945591320001,13.027172009],[80.1945578030001,13.02705603],[80.194181557,13.02302137],[80.1940836480001,13.0219432640001],[80.1940041920001,13.021068347],[80.1938689250001,13.0195934610001],[80.193621104,13.0174624740001],[80.1934837250001,13.016733141],[80.1931496560001,13.014959576],[80.1931461410001,13.014940913],[80.1931044080001,13.0148966630001],[80.192705366,13.0144735590001],[80.1920503000001,13.014484628],[80.1919793430001,13.014485827],[80.191748911,13.01448972],[80.1914801840001,13.013091757],[80.1911303480001,13.0126313370001],[80.190371627,13.011863423],[80.1902169730001,13.011403612],[80.1898698140001,13.0101202340001],[80.1895177900001,13.0094243410001],[80.1886350130001,13.009552948]]]},"properties":{"OBJECTID":11,"Name":"ALANDUR","FolderPath":"GCC_ZONE_UPDATED","SymbolID":0,"AltMode":0,"Base":0,"Clamped":-1,"Extruded":0,"Snippet":"","PopupInfo":"","Shape__Area":0.0016877804181376632,"Shape__Length":0.40879529294846517}},{"type":"Feature","id":12,"geometry":{"type":"Polygon","coordinates":[[[80.2395194490001,13.0312076490001],[80.239853463,13.030857864],[80.2396267110001,13.029261568],[80.239812934,13.0284640720001],[80.240007425,13.0270740660001],[80.2408251640001,13.0263047180001],[80.240825187,13.026304178],[80.2412483580001,13.0264045930001],[80.2417005570001,13.0264151440001],[80.242319448,13.0263647370001],[80.2428576340001,13.0263343460001],[80.2433690870001,13.02620907],[80.2440715010001,13.0258480840001],[80.2445074010001,13.02547271],[80.2448744860001,13.025042612],[80.245570377,13.0243519310001],[80.2461808530001,13.023789215],[80.2471557170001,13.022751543],[80.24778624,13.0220246760001],[80.2482135980001,13.021328054],[80.2488158180001,13.0204706280001],[80.248928328,13.019945937],[80.249090923,13.019222498],[80.2491744310001,13.0184703580001],[80.2497906570001,13.018814666],[80.249889866,13.018874613],[80.2499589780001,13.018935436],[80.2501161280001,13.0190241440001],[80.2502925790001,13.0191423260001],[80.250404185,13.0192164860001],[80.2504800940001,13.019272766],[80.250597428,13.0193374840001],[80.2509994390001,13.019600285],[80.2510938730001,13.019682297],[80.251134633,13.0197161740001],[80.2512424620001,13.019827708],[80.251319901,13.019911849],[80.2513917800001,13.0199923860001],[80.2515181860001,13.0201318380001],[80.2516032290001,13.0202470030001],[80.251656616,13.020338168],[80.2517009420001,13.020401027],[80.2517648910001,13.0204915900001],[80.2518131460001,13.0205714690001],[80.2518471280001,13.020632618],[80.2518823950001,13.0206898010001],[80.2519291410001,13.0207274680001],[80.2519711460001,13.0207824440001],[80.2520047360001,13.020866627],[80.252004787,13.020924763],[80.2520302440001,13.02099278],[80.2520588840001,13.021056881],[80.2520896650001,13.021109316],[80.252101295,13.021148851],[80.2521221630001,13.021189608],[80.252147032,13.0212272910001],[80.25218197,13.0212814830001],[80.25221322,13.0213219840001],[80.2522357970001,13.021355468],[80.2522470860001,13.021378912],[80.2522625620001,13.0213997990001],[80.2522874150001,13.0214147900001],[80.252317674,13.0214108530001],[80.252352607,13.0214267700001],[80.2523813130001,13.0214637620001],[80.2525866670001,13.0217893650001],[80.252732156,13.0219164330001],[80.252757892,13.0219248400001],[80.252813922,13.0219281510001],[80.2528653570001,13.0219539290001],[80.2528795050001,13.021963871],[80.2529024560001,13.022002521],[80.2529079880001,13.0220162250001],[80.2529298050001,13.0220728260001],[80.2529809210001,13.0222158820001],[80.2530623920001,13.0222965340001],[80.2531329890001,13.0223556060001],[80.253275634,13.0224619740001],[80.2534683310001,13.0225892300001],[80.2536658760001,13.022699753],[80.2537752740001,13.022746661],[80.2539197310001,13.022789446],[80.254048841,13.022845827],[80.254213711,13.022912913],[80.254382864,13.022973064],[80.2545519670001,13.0230369500001],[80.254729915,13.023094321],[80.2548818430001,13.023123207],[80.255054805,13.023186179],[80.2553038890001,13.023288227],[80.2555989190001,13.0233962720001],[80.2560298390001,13.023537129],[80.2562405780001,13.023658654],[80.256755658,13.0239028190001],[80.2570391040001,13.024026566],[80.2572855920001,13.024148951],[80.257565765,13.024287305],[80.2577588710001,13.024389061],[80.257984375,13.0244947910001],[80.2581168080001,13.0245404930001],[80.2581697470001,13.0245619830001],[80.258241334,13.024591043],[80.2583356960001,13.0246812620001],[80.258498876,13.024785088],[80.258632882,13.024894655],[80.258814903,13.0250151830001],[80.2589067970001,13.0250814300001],[80.2590315470001,13.025163772],[80.2591532270001,13.0252811980001],[80.259317647,13.025400883],[80.2594283780001,13.0255017920001],[80.2594507150001,13.025521323],[80.2595513430001,13.02560931],[80.259557816,13.0256076160001],[80.2597179810001,13.025565708],[80.259784708,13.02554825],[80.2597839200001,13.025546434],[80.259783848,13.0255444630001],[80.259784498,13.025542597],[80.2597857860001,13.025541081],[80.2597875420001,13.025540118],[80.2597931400001,13.025538254],[80.2599531500001,13.025484981],[80.260188504,13.0254109260001],[80.260497087,13.0253255330001],[80.260736847,13.025253752],[80.260916487,13.0252007980001],[80.2610462430001,13.025159747],[80.2610482380001,13.0251594920001],[80.2610501940001,13.0251599540001],[80.2610518530001,13.0251610710001],[80.2610529930001,13.025162697],[80.2610532780001,13.0251634750001],[80.2610364340001,13.025103259],[80.2610143900001,13.025024456],[80.2610745760001,13.02500013],[80.2612461910001,13.0249553370001],[80.261475256,13.0248932420001],[80.2616860580001,13.0248284080001],[80.2618333920001,13.0247862580001],[80.261949245,13.024757159],[80.26198893,13.0247497140001],[80.262017164,13.0247340780001],[80.2620926270001,13.0247084330001],[80.2622196340001,13.024662441],[80.2623230360001,13.0246265430001],[80.262397869,13.0246017850001],[80.2625553440001,13.024551568],[80.26267033,13.0245195200001],[80.2627275180001,13.024509369],[80.2628201250001,13.024486229],[80.2632440890001,13.0244003230001],[80.2632829,13.0243924590001],[80.2632949630001,13.0243900150001],[80.263539021,13.0243419720001],[80.263829355,13.0242951490001],[80.2638797330001,13.024287024],[80.263947279,13.02427613],[80.264069711,13.024255005],[80.264192365,13.024234677],[80.2643151990001,13.024215155],[80.264387399,13.024204169],[80.2643903540001,13.0242040790001],[80.2644006800001,13.0242037630001],[80.2644138780001,13.024205319],[80.2644266900001,13.0242088000001],[80.264438823,13.0242141270001],[80.264449998,13.0242211790001],[80.2644599610001,13.024229792],[80.2644799450001,13.024260366],[80.2645519480001,13.024363797],[80.264625494,13.0244654680001],[80.2647008960001,13.024565834],[80.26477751,13.024664065],[80.264904034,13.024826418],[80.264919111,13.024846837],[80.2649641730001,13.0249054810001],[80.264964396,13.0249057680001],[80.2650282600001,13.0249897200001],[80.2651239300001,13.0251059990001],[80.2652701600001,13.0253195400001],[80.265397331,13.025514066],[80.265449012,13.025593121],[80.265506508,13.0256810710001],[80.265555621,13.025757164],[80.2656237410001,13.0258608880001],[80.265651092,13.025905181],[80.2656929410001,13.025973747],[80.265828179,13.026208771],[80.2658412930001,13.026233764],[80.2658437320001,13.0262425550001],[80.2659087660001,13.026213652],[80.2659871930001,13.026167447],[80.266005943,13.0261575540001],[80.266034022,13.0261422620001],[80.2660731830001,13.0261219380001],[80.2661079120001,13.0261033190001],[80.2661737830001,13.026063913],[80.2662439970001,13.02601938],[80.266315616,13.0259770550001],[80.266383369,13.0259398360001],[80.2665272580001,13.025844023],[80.2665286880001,13.025842637],[80.2665295200001,13.025840841],[80.266529641,13.0258388720001],[80.2665290350001,13.0258369900001],[80.266451907,13.02572064],[80.266367098,13.0255844980001],[80.2662150640001,13.025353496],[80.266238436,13.0253397280001],[80.2664193830001,13.0252181380001],[80.2664775430001,13.025333561],[80.2665456070001,13.0254365330001],[80.2667233720001,13.025706735],[80.2667238000001,13.0257073],[80.2667253610001,13.025708545],[80.2667272720001,13.0257091600001],[80.2667292820001,13.025709066],[80.266731124,13.025708272],[80.2668276460001,13.0256440000001],[80.2668708750001,13.0256152150001],[80.2669733880001,13.0255373860001],[80.2670615210001,13.025479073],[80.267109249,13.025447494],[80.26767977,13.02507001],[80.2676908970001,13.025062866],[80.26793044,13.025005945],[80.2679486100001,13.0250082920001],[80.2679669330001,13.025008612],[80.2680929950001,13.0250088780001],[80.268661084,13.025063286],[80.2688431970001,13.0250890030001],[80.2690255740001,13.025112877],[80.269208189,13.0251349050001],[80.2692579660001,13.0251439900001],[80.269308073,13.025151137],[80.2693584310001,13.0251563350001],[80.269408959,13.025159574],[80.2694595770001,13.0251608500001],[80.2695102060001,13.025160161],[80.2695607650001,13.0251575090001],[80.2696786160001,13.0251493060001],[80.269796596,13.0251431450001],[80.26991467,13.0251390280001],[80.270032798,13.025136957],[80.2701014680001,13.025131732],[80.270169953,13.025124534],[80.2702381930001,13.02511537],[80.2703061290001,13.025104248],[80.2703737040001,13.025091176],[80.270440858,13.0250761670001],[80.2708813310001,13.0249682690001],[80.271049405,13.02492404],[80.271217957,13.024881592],[80.271238736,13.024876593],[80.271440951,13.024828327],[80.2715004410001,13.024814436],[80.271600719,13.0247902290001],[80.271700454,13.0247638970001],[80.2718008640001,13.024735091],[80.271865404,13.024716701],[80.2719271440001,13.0246966920001],[80.2719881030001,13.0246744890001],[80.2720290820001,13.024651406],[80.272055251,13.0246271560001],[80.272086776,13.024600209],[80.2721056390001,13.0245828110001],[80.272129121,13.024562713],[80.2721458570001,13.0245476600001],[80.2721929090001,13.024499211],[80.2722252090001,13.024468326],[80.2722589540001,13.0244389650001],[80.2722940690001,13.0244111920001],[80.2723304770001,13.0243850680001],[80.2723680970001,13.024360652],[80.2724068460001,13.024337998],[80.272446637,13.0243171550001],[80.2725429690001,13.0242763300001],[80.272641519,13.0242470690001],[80.272841262,13.024203954],[80.2729937810001,13.024174137],[80.2731453690001,13.024147677],[80.2732734290001,13.024121565],[80.2734211850001,13.024091437],[80.2734780490001,13.024071249],[80.2735732370001,13.0240604320001],[80.27368391,13.02403487],[80.2739201790001,13.0238984430001],[80.274124408,13.023817099],[80.2743583760001,13.023716297],[80.2745055560001,13.023643656],[80.2746839110001,13.0235556270001],[80.274878684,13.023453091],[80.2750541400001,13.023360154],[80.2752414390001,13.023260422],[80.275412724,13.023169218],[80.2756891710001,13.0230355310001],[80.275940624,13.0229085120001],[80.276165291,13.0227904700001],[80.2763225410001,13.0227121780001],[80.2764785690001,13.02263157],[80.2766681680001,13.022520344],[80.2768623470001,13.022416992],[80.2770607640001,13.022321699],[80.2771966160001,13.022260122],[80.2773066230001,13.022219556],[80.277460476,13.0221909470001],[80.2776419310001,13.022195336],[80.2777964750001,13.022091748],[80.2779136360001,13.0219446990001],[80.278220446,13.0218265290001],[80.2782259050001,13.021827993],[80.2777349290001,13.0176244420001],[80.277037383,13.013830792],[80.276577672,13.011330571],[80.2746298280001,13.005467417],[80.2736112580001,13.002243343],[80.2730372930001,13.0019512100001],[80.27266195,13.0019243240001],[80.271912399,13.0020143880001],[80.271586235,13.001509535],[80.2715094180001,13.0013904800001],[80.2712027960001,13.000916245],[80.2707681110001,12.997598972],[80.270753396,12.997486667],[80.2716449480001,12.997232194],[80.2719041450001,12.9971582110001],[80.272012482,12.9971272880001],[80.2720710680001,12.9971105650001],[80.2720741850001,12.997097625],[80.2720752760001,12.9970843730001],[80.2720743150001,12.9970711130001],[80.2720625200001,12.997005164],[80.272033863,12.996871894],[80.2720177420001,12.9967917180001],[80.272004172,12.996711089],[80.2719931660001,12.996630085],[80.2719737840001,12.9965155630001],[80.271952415,12.9964013810001],[80.2719441680001,12.996361183],[80.271929066,12.9962875740001],[80.271876977,12.996094832],[80.2717786910001,12.9957127100001],[80.2716681250001,12.995336341],[80.271634798,12.995194487],[80.2715992030001,12.995053156],[80.271561352,12.994912389],[80.2715361400001,12.994842998],[80.2715285530001,12.9948202190001],[80.27148693,12.994695246],[80.2714401480001,12.994546739],[80.2713958100001,12.9943975140001],[80.271353923,12.9942476100001],[80.271305043,12.9940615680001],[80.2712444220001,12.9938225970001],[80.271180563,12.9935875050001],[80.2711166600001,12.9933674230001],[80.2710754390001,12.993228964],[80.271067626,12.9932027200001],[80.271027383,12.9930586580001],[80.2709903560001,12.9929185830001],[80.2700378550001,12.988882335],[80.2690004,12.9849838330001],[80.2689987580001,12.984977665],[80.2687626570001,12.9840904390001],[80.2685464510001,12.9830908380001],[80.2685429900001,12.983074835],[80.2666529410001,12.974336135],[80.2655680070001,12.9741532690001],[80.265511185,12.9741436910001],[80.2633938490001,12.973963606],[80.2633826380001,12.973982382],[80.2633697700001,12.9740001070001],[80.2633553470001,12.9740166390001],[80.263339483,12.9740318500001],[80.263325373,12.974037476],[80.2633105420001,12.9740408760001],[80.2632953510001,12.9740419680001],[80.2632801730001,12.9740407240001],[80.2631914830001,12.9740321040001],[80.263109689,12.9740264050001],[80.2630619500001,12.974024193],[80.2630135430001,12.974022147],[80.2629244340001,12.974020819],[80.262840608,12.974022532],[80.2627568550001,12.9740263530001],[80.262673229,12.974032279],[80.262589786,12.9740403060001],[80.2624313420001,12.9740558610001],[80.2623690840001,12.9740638260001],[80.2621831180001,12.974087619],[80.2621829510001,12.9740876400001],[80.262140291,12.974093098],[80.262028925,12.974107345],[80.26163138,12.974163544],[80.2614459920001,12.974190434],[80.2614457750001,12.974190465],[80.261406112,12.974196219],[80.261400875,12.9741969780001],[80.260988077,12.974235772],[80.2607447890001,12.974258138],[80.260602669,12.974272021],[80.260410703,12.974305654],[80.2596379340001,12.9743837500001],[80.2596529350001,12.9744554960001],[80.2596777210001,12.9745851390001],[80.2596983020001,12.974689112],[80.2596990370001,12.974690948],[80.259700394,12.9746924040001],[80.2597007520001,12.9746925800001],[80.2596638250001,12.9747028740001],[80.259346582,12.974776193],[80.2593287890001,12.97478169],[80.259308751,12.9747946140001],[80.259293073,12.9748124130001],[80.2592829480001,12.9748337360001],[80.2592802950001,12.9748499400001],[80.259278759,12.9748593210001],[80.2592870880001,12.9748979130001],[80.2593158650001,12.9750366910001],[80.259331446,12.975111667],[80.2593527920001,12.975214382],[80.2593855630001,12.975369529],[80.259385487,12.9753720420001],[80.2593846190001,12.9753738220001],[80.259383159,12.975375179],[80.2593813010001,12.975375935],[80.259239005,12.9754057230001],[80.2590367760001,12.9754485490001],[80.258873554,12.975479884],[80.258871555,12.975479906],[80.258869668,12.975479224],[80.258867213,12.975476182],[80.258822647,12.975336731],[80.258752933,12.97511002],[80.258742269,12.9750753390001],[80.2586156900001,12.974668256],[80.2585880680001,12.974568235],[80.2585620620001,12.9744673010001],[80.258404393,12.974466449],[80.2583500330001,12.974486321],[80.2582901550001,12.974505273],[80.258229439,12.9745216000001],[80.2581680120001,12.9745352680001],[80.2580368330001,12.974559578],[80.2577575290001,12.974601469],[80.257712057,12.9746083090001],[80.257110185,12.974698437],[80.2567866240001,12.9747504590001],[80.2567317780001,12.9747647680001],[80.256748873,12.974807759],[80.2567941990001,12.9749222350001],[80.2568533360001,12.9751046010001],[80.2568962770001,12.975237027],[80.2568965290001,12.975238984],[80.256896049,12.9752409000001],[80.256894903,12.975242521],[80.256893242,12.975243633],[80.2568926180001,12.97524386],[80.25668396,12.9753061930001],[80.256514295,12.975358118],[80.256479858,12.9753678330001],[80.2563826430001,12.975380305],[80.2560485050001,12.975499773],[80.25600187,12.9755167110001],[80.256001815,12.9755167320001],[80.255584157,12.9756717970001],[80.2555760800001,12.975671864],[80.2555682620001,12.9756698580001],[80.255561244,12.9756659190001],[80.2555555170001,12.9756603220001],[80.255554422,12.975658448],[80.2555442330001,12.975643145],[80.2555324680001,12.975628971],[80.2555165800001,12.9756065120001],[80.255503102,12.975582585],[80.2554921760001,12.9755574390001],[80.2554508690001,12.975339799],[80.2554277190001,12.975204207],[80.255395601,12.97520948],[80.2554188,12.975345358],[80.255424571,12.9753757670001],[80.2554245740001,12.9753777400001],[80.255423856,12.9753795830001],[80.2554225150001,12.975381053],[80.2554207270001,12.975381955],[80.2554194730001,12.975382175],[80.2552260430001,12.9753938710001],[80.254907378,12.9754042050001],[80.254407428,12.9754373100001],[80.254305512,12.9754440950001],[80.254020014,12.975460605],[80.2538035430001,12.9754732870001],[80.2537470510001,12.9754752600001],[80.253303869,12.975549841],[80.2533124860001,12.97575182],[80.2533616740001,12.975906535],[80.2534060660001,12.9761080280001],[80.2534324100001,12.9765027890001],[80.2534702130001,12.9769043640001],[80.2535029350001,12.97710813],[80.25354264,12.9772584770001],[80.2536003120001,12.9776135430001],[80.2536398830001,12.977808738],[80.2536586690001,12.978079058],[80.253670136,12.978484898],[80.2536972350001,12.9788431760001],[80.253695555,12.979035405],[80.2537207830001,12.9791861630001],[80.253695522,12.9793091980001],[80.253667099,12.9794720990001],[80.2536903610001,12.979679364],[80.2536814300001,12.979922388],[80.2528422,12.9799601670001],[80.252837824,12.979943081],[80.2528313560001,12.9799266470001],[80.2528228910001,12.9799111090001],[80.252812556,12.979896701],[80.2527754000001,12.9798592],[80.252610609,12.9798664360001],[80.2525954320001,12.9798687250001],[80.252568018,12.979885353],[80.2523975760001,12.97992164],[80.2520057560001,12.9800332680001],[80.25163774,12.980133213],[80.251597169,12.980144137],[80.251183595,12.980249357],[80.250639698,12.9804039470001],[80.250531784,12.9804301140001],[80.2504243400001,12.980458077],[80.2503173960001,12.9804878260001],[80.250210984,12.980519353],[80.2501111400001,12.980548436],[80.2500107220001,12.9805755580001],[80.2499097740001,12.980600709],[80.249808333,12.9806238800001],[80.249706442,12.9806450610001],[80.24960414,12.980664243],[80.2495014690001,12.9806814200001],[80.2494829390001,12.9806838160001],[80.249482851,12.9806838270001],[80.249449435,12.9806881490001],[80.2490302290001,12.980742359],[80.248519033,12.9807833840001],[80.2484320660001,12.9807903620001],[80.248115845,12.98081124],[80.247689338,12.980836047],[80.2473869710001,12.9808490070001],[80.247113976,12.9808749810001],[80.246756035,12.9809107460001],[80.2463774920001,12.9809599230001],[80.245993341,12.9810034770001],[80.2456533600001,12.98104535],[80.2452147120001,12.981090915],[80.244775749,12.9811493180001],[80.2444257770001,12.981201921],[80.244146088,12.981246318],[80.2440452150001,12.9812563200001],[80.244014034,12.981259412],[80.2439074910001,12.981269975],[80.243808529,12.9812797870001],[80.2435147850001,12.9813069630001],[80.2434789160001,12.9813093270001],[80.2434429610001,12.981309563],[80.2434070560001,12.981307669],[80.2433713300001,12.9813036520001],[80.243358947,12.9813019150001],[80.2433471260001,12.981297903],[80.243336298,12.9812917630001],[80.2433268560001,12.9812837210001],[80.2433147500001,12.9812699770001],[80.2433137770001,12.9812685840001],[80.2433042910001,12.981254988],[80.243302838,12.981252301],[80.2432956150001,12.9812389410001],[80.2432888290001,12.981222041],[80.24328402,12.9812045],[80.2432812500001,12.9811865410001],[80.2432805510001,12.981168391],[80.2432630930001,12.9810307270001],[80.243254838,12.9809209270001],[80.243256945,12.980590357],[80.243272495,12.980235051],[80.243266615,12.9798930640001],[80.2432729760001,12.979586468],[80.2432741710001,12.979528874],[80.2432750420001,12.979271269],[80.2432800380001,12.9789606910001],[80.24329142,12.978764331],[80.2432928860001,12.978730324],[80.243171918,12.978725931],[80.2427147710001,12.9787119270001],[80.2422160990001,12.97869854],[80.2414874120001,12.9786767040001],[80.2405105330001,12.9786509780001],[80.240198272,12.978643736],[80.2395590950001,12.978627311],[80.239305474,12.978620097],[80.2392473,12.978618442],[80.239164696,12.9786160300001],[80.2390394060001,12.9786124990001],[80.2388965060001,12.9786091880001],[80.2386964500001,12.978602906],[80.2384958360001,12.978598069],[80.2382586250001,12.9785914070001],[80.2380037120001,12.9785841500001],[80.2378128770001,12.978577713],[80.237601022,12.978570673],[80.2374796110001,12.978565072],[80.2372180880001,12.978548844],[80.2369958620001,12.97852622],[80.2367485840001,12.9784946610001],[80.236485944,12.9784518450001],[80.2362592650001,12.978407959],[80.2359922590001,12.9783454180001],[80.235697466,12.9782641690001],[80.2354979450001,12.978203724],[80.235177988,12.9780903920001],[80.234958266,12.978002942],[80.234748967,12.9779138960001],[80.2346976850001,12.977889869],[80.234546601,12.977819083],[80.234388627,12.9777404050001],[80.2342122590001,12.9776464820001],[80.234060298,12.97756113],[80.2338722790001,12.977448184],[80.2337978410001,12.9774021050001],[80.2337243700001,12.9773545620001],[80.2336518970001,12.977305576],[80.2334378950001,12.977157199],[80.2332601700001,12.9770249330001],[80.2331159540001,12.976909494],[80.233046749,12.976853466],[80.2329786560001,12.976796141],[80.2329267010001,12.9767506690001],[80.232887125,12.9765485500001],[80.229515516,12.9734870890001],[80.2244144420001,12.968371212],[80.2219026010001,12.9673328970001],[80.219486401,12.967231326],[80.2175527940001,12.967719833],[80.217542269,12.9677224920001],[80.215864637,12.968518169],[80.2133521710001,12.9706780650001],[80.2111642580001,12.9725766130001],[80.2108955250001,12.9750046610001],[80.2103585890001,12.9750265820001],[80.2103185540001,12.97502811],[80.209298297,12.9750421470001],[80.209264563,12.975896101],[80.2092635700001,12.975950405],[80.20949525,12.975952681],[80.2097942360001,12.9759601420001],[80.209825041,12.976808971],[80.209627573,12.976793533],[80.209563227,12.976780386],[80.2092599850001,12.9768485660001],[80.2092097720001,12.976866678],[80.2092368460001,12.9769441550001],[80.2092937460001,12.977103528],[80.209295921,12.9771112240001],[80.209297264,12.977119101],[80.2092977400001,12.9771259070001],[80.2092944080001,12.9771572600001],[80.2089841650001,12.9772169],[80.2089542900001,12.9772157350001],[80.2089502910001,12.97731437],[80.2089468070001,12.9774247620001],[80.208945784,12.9775302640001],[80.208945402,12.9775322020001],[80.208937581,12.977572389],[80.2090782240001,12.9775600680001],[80.2091891570001,12.9775547990001],[80.2092635610001,12.977555115],[80.2092698650001,12.977555421],[80.2092758100001,12.9775574990001],[80.2092808900001,12.977561171],[80.2092846730001,12.9775661260001],[80.209286837,12.9775719410001],[80.209287196,12.97757812],[80.2092761260001,12.9777764830001],[80.209264525,12.977953423],[80.208513069,12.977988565],[80.208512242,12.977985237],[80.208323088,12.977993849],[80.2082200070001,12.9780048530001],[80.20807345,12.9780212250001],[80.2078380740001,12.9780470910001],[80.2076569430001,12.978063267],[80.207373348,12.978088987],[80.207131411,12.9781084270001],[80.207135996,12.97815662],[80.2071737520001,12.9783745560001],[80.2071936990001,12.9785039830001],[80.207202565,12.9785620440001],[80.207225931,12.9786966080001],[80.2072538140001,12.978859087],[80.2072675040001,12.9789246870001],[80.207277687,12.9789731380001],[80.2073086760001,12.979119752],[80.2073465380001,12.97933371],[80.207352423,12.9793604440001],[80.2073634370001,12.9794104810001],[80.2073786430001,12.979479564],[80.207382168,12.9794955790001],[80.207417611,12.9796872860001],[80.207431188,12.9797590000001],[80.2074439630001,12.9798135630001],[80.207449205,12.979842451],[80.2074494500001,12.979844143],[80.207462637,12.9799096740001],[80.2074720320001,12.9799418920001],[80.207477494,12.979961513],[80.207491852,12.9800301110001],[80.207511067,12.9801347850001],[80.2075270010001,12.980233565],[80.20748258,12.9802510330001],[80.20729392,12.980270537],[80.2071193670001,12.9802904690001],[80.2070300780001,12.980302727],[80.206904815,12.9803199250001],[80.206674848,12.98035521],[80.20654247,12.980375506],[80.206495713,12.9803971490001],[80.2065567180001,12.980654013],[80.2065760230001,12.9807287030001],[80.2065959010001,12.980823683],[80.2066046950001,12.980860298],[80.2066276480001,12.980941778],[80.2066378170001,12.981006736],[80.2066442010001,12.981047513],[80.206649832,12.9810834830001],[80.206659308,12.9811327510001],[80.20666951,12.981185791],[80.2066816110001,12.9812330340001],[80.206689392,12.9812634140001],[80.206727416,12.9813941830001],[80.206740085,12.9814330940001],[80.2067504180001,12.981470652],[80.205850921,12.981582039],[80.2053183900001,12.9815562590001],[80.2046846170001,12.981616635],[80.2046191100001,12.9816200720001],[80.2046474510001,12.981950166],[80.204660377,12.982118385],[80.204674643,12.982271418],[80.204696987,12.9824695230001],[80.2047162790001,12.9826726910001],[80.2047334950001,12.982871441],[80.2047425910001,12.9829597200001],[80.2047452840001,12.983005823],[80.2047495050001,12.98302683],[80.2047685590001,12.983181867],[80.204786008,12.9833653810001],[80.2047969650001,12.9834762],[80.204788367,12.983486102],[80.204497872,12.983505227],[80.203212503,12.9836300260001],[80.2032190290001,12.983691704],[80.203229073,12.983864291],[80.2032384070001,12.983979957],[80.203251375,12.98410642],[80.2032594930001,12.984170675],[80.2032604550001,12.984201263],[80.20329159,12.984456252],[80.203304793,12.984609811],[80.2033281800001,12.984838519],[80.203346143,12.985016683],[80.203361579,12.9851666970001],[80.2033788960001,12.9852848200001],[80.203392841,12.985364126],[80.203401452,12.985371619],[80.203637826,12.985316406],[80.203654424,12.985361762],[80.2036576190001,12.985373871],[80.2036724700001,12.985442468],[80.2036842270001,12.98551164],[80.2036880470001,12.9855373280001],[80.2036954540001,12.985571474],[80.2037045610001,12.985612771],[80.2037464260001,12.985870886],[80.2037504780001,12.9859020050001],[80.2037515200001,12.98593336],[80.2037495380001,12.98596466],[80.203746155,12.9859925430001],[80.2037388110001,12.9860530670001],[80.2037268130001,12.9861519450001],[80.2036907180001,12.986669235],[80.20352747,12.98762851],[80.2034788650001,12.988001545],[80.203473649,12.98835768],[80.20351787,12.9884168080001],[80.2037431630001,12.9883275920001],[80.203834607,12.9882928590001],[80.2039265380001,12.9882605390001],[80.204020605,12.9882300800001],[80.2040987070001,12.9882036920001],[80.2041765870001,12.98817416],[80.204251001,12.9881427780001],[80.2042974490001,12.9881248300001],[80.204344242,12.9881089250001],[80.2043916650001,12.988094948],[80.204450652,12.9880780990001],[80.2045179290001,12.9880606180001],[80.2045921810001,12.9880499600001],[80.204645661,12.988047067],[80.204669101,12.9880550680001],[80.2046793390001,12.988062029],[80.2047002950001,12.988091883],[80.204716364,12.9881324670001],[80.2047292540001,12.988205448],[80.2047418910001,12.9882907520001],[80.2047588390001,12.9884409910001],[80.204767566,12.988513534],[80.204793157,12.988730694],[80.2048415200001,12.989008413],[80.2048514910001,12.989053389],[80.2049066870001,12.989296358],[80.2049398240001,12.989445801],[80.2049518790001,12.98950017],[80.2049613180001,12.989542737],[80.2050473300001,12.9898369540001],[80.20511724,12.9901209940001],[80.2051514890001,12.990281683],[80.205151716,12.990282871],[80.205161247,12.990332917],[80.2051741640001,12.9903834730001],[80.2051901950001,12.990433164],[80.2052614510001,12.9906706420001],[80.2052808000001,12.9907380270001],[80.2053023860001,12.990804757],[80.2053261870001,12.990870757],[80.205388859,12.9910243],[80.2054672680001,12.991216319],[80.205555406,12.9914178500001],[80.2055811810001,12.991475699],[80.205672001,12.9916680470001],[80.2057522150001,12.9918436150001],[80.2057846120001,12.9919176400001],[80.205795595,12.991945022],[80.205820798,12.99200935],[80.2058423870001,12.9920684360001],[80.2058677110001,12.992145065],[80.205904795,12.9922563490001],[80.205939227,12.992368449],[80.205962325,12.9924575370001],[80.2059799580001,12.992522982],[80.2060000710001,12.9925948540001],[80.2060707640001,12.992865062],[80.20611941,12.9930386350001],[80.206148807,12.993143521],[80.2062604210001,12.9935644920001],[80.2062698220001,12.993603899],[80.2062883830001,12.993681698],[80.206350855,12.9939769910001],[80.2064937650001,12.9945558380001],[80.206592373,12.994971875],[80.206661222,12.9952825990001],[80.2066992160001,12.9954243120001],[80.2067811420001,12.9957865710001],[80.2067877680001,12.9958075220001],[80.2068041860001,12.995849423],[80.206832186,12.9959366460001],[80.2068369300001,12.9959621850001],[80.2069038770001,12.996309329],[80.2069781710001,12.996665326],[80.207021932,12.996851301],[80.2071060550001,12.9972107770001],[80.2071163700001,12.9972594980001],[80.2071496870001,12.9974170830001],[80.2071763530001,12.99756283],[80.2071940980001,12.997659814],[80.2072529740001,12.99793514],[80.2072996200001,12.9981420710001],[80.2073471990001,12.998354976],[80.2073751360001,12.9984783670001],[80.20739209,12.998553219],[80.2074274780001,12.9987045080001],[80.2074654140001,12.99889577],[80.207494528,12.9990483060001],[80.2075377400001,12.99916877],[80.2075566830001,12.9992565700001],[80.2076128640001,12.999529465],[80.207620089,12.9995561100001],[80.2076715260001,12.99981202],[80.2076994320001,12.9999514630001],[80.207724474,13.0000831470001],[80.2077466040001,13.000266679],[80.2077718,13.00045128],[80.207795253,13.0005485570001],[80.207830513,13.0007198320001],[80.20785442,13.0007034450001],[80.2089593370001,13.0028322100001],[80.2102378060001,13.0055459550001],[80.2111816030001,13.0069938350001],[80.2126218440001,13.008328761],[80.2149860870001,13.010057257],[80.2117537340001,13.008890896],[80.211745062,13.008885691],[80.21174424,13.008885197],[80.211743079,13.0088836940001],[80.2117410750001,13.008881112],[80.211739348,13.008878883],[80.2117374730001,13.008874431],[80.211736973,13.008870701],[80.211736848,13.008869743],[80.2117368230001,13.008869541],[80.2117367340001,13.0088688710001],[80.211736746,13.0088687800001],[80.2117370710001,13.00886258],[80.2117370780001,13.0088625230001],[80.2117371360001,13.008861462],[80.211737618,13.008860166],[80.2117391790001,13.0088560190001],[80.2117562270001,13.008820631],[80.2118837530001,13.0085559130001],[80.211863743,13.008546644],[80.211693413,13.008221727],[80.211700664,13.0082050990001],[80.2116000330001,13.008162444],[80.211579354,13.008154712],[80.2113552800001,13.0087308560001],[80.2113538780001,13.008733594],[80.211352597,13.0087360960001],[80.2113466320001,13.008739968],[80.211344812,13.008740217],[80.211340711,13.0087407880001],[80.2113406780001,13.0087407880001],[80.2113351310001,13.0087398430001],[80.211307607,13.008729272],[80.21031843,13.008349346],[80.2093224860001,13.007966816],[80.207951316,13.0077422960001],[80.2061751150001,13.0074992630001],[80.2050083540001,13.007189587],[80.204175284,13.007037375],[80.2038424670001,13.007007554],[80.203717785,13.007638381],[80.2035575630001,13.0103343490001],[80.2035832830001,13.011123335],[80.203615755,13.0115099110001],[80.2036735600001,13.011879026],[80.2037456250001,13.0122673930001],[80.203810849,13.0125114210001],[80.203853204,13.0126514460001],[80.2038470100001,13.0126626790001],[80.2022725910001,13.013125396],[80.2023842560001,13.013546196],[80.202384523,13.0135477370001],[80.2023845150001,13.0135493],[80.202384232,13.0135508380001],[80.2023836830001,13.0135523060001],[80.2023828850001,13.013553659],[80.202381862,13.013554857],[80.2023806430001,13.0135558640001],[80.202379265,13.013556651],[80.2023777700001,13.0135571930001],[80.2010150070001,13.013923504],[80.1996819340001,13.0142457000001],[80.1996457700001,13.014252814],[80.1992679830001,13.014367669],[80.199602553,13.016019429],[80.1995001240001,13.016045671],[80.1997103460001,13.0172202100001],[80.199818828,13.0194605770001],[80.2000393450001,13.023056572],[80.2002845420001,13.024603574],[80.201125248,13.0285280040001],[80.202865569,13.0280962520001],[80.203495392,13.027939997],[80.203686782,13.02783492],[80.204075581,13.0277730380001],[80.2045293730001,13.0276839690001],[80.2049238910001,13.0275442450001],[80.2053356430001,13.0274518040001],[80.2058353720001,13.02736351],[80.2062346280001,13.027317237],[80.206562331,13.0272720340001],[80.2070256120001,13.027179742],[80.2071909960001,13.0271637060001],[80.207370116,13.027146338],[80.2078294770001,13.027081557],[80.2083635220001,13.026858513],[80.2085311170001,13.02675665],[80.2088469890001,13.0265646670001],[80.2092391960001,13.026299732],[80.2096372710001,13.025932411],[80.2097495130001,13.0258456650001],[80.2097475150001,13.025843304],[80.210018953,13.0256239],[80.210414535,13.025272355],[80.21059433,13.024917251],[80.2107068190001,13.024589857],[80.2108232910001,13.024189462],[80.2109562080001,13.023758431],[80.2110599000001,13.0233050410001],[80.2111513230001,13.0228472480001],[80.2113306420001,13.0223877350001],[80.2114255990001,13.021991035],[80.2115625040001,13.021352446],[80.2117324530001,13.0206185480001],[80.2120481410001,13.020112414],[80.212025017,13.020151475],[80.212674065,13.020456977],[80.213734317,13.0207034150001],[80.213741014,13.0207095870001],[80.213776636,13.020692984],[80.213788487,13.020609935],[80.21387479,13.0205973170001],[80.2140012140001,13.0205788320001],[80.2141506500001,13.0205569820001],[80.214285611,13.020537249],[80.214412322,13.0205071180001],[80.214636205,13.020453881],[80.214763271,13.0204236650001],[80.214924824,13.0203852490001],[80.215060512,13.0203529830001],[80.2151885650001,13.0203225330001],[80.2152811430001,13.0203005180001],[80.21533572,13.020294935],[80.2153469790001,13.0202937820001],[80.2153862970001,13.0202742440001],[80.2154724600001,13.0202494980001],[80.2156135000001,13.0202089920001],[80.2156958520001,13.0201853410001],[80.215755943,13.0201680820001],[80.2158370390001,13.0201447910001],[80.2159078390001,13.0201244580001],[80.216014516,13.0200938200001],[80.2161619390001,13.0200514800001],[80.2162517630001,13.020025682],[80.21636089,13.019994341],[80.2165251260001,13.0199471720001],[80.2167547440001,13.0198812250001],[80.2167929650001,13.0198702480001],[80.2168900250001,13.019842372],[80.2170508350001,13.0197961860001],[80.2171705480001,13.0197618030001],[80.2172868360001,13.019728405],[80.2173505950001,13.0197100930001],[80.217395175,13.019697289],[80.2175542830001,13.0196515910001],[80.2176554700001,13.01962253],[80.2177683780001,13.0195901020001],[80.217923715,13.0195657400001],[80.218076104,13.0195543080001],[80.2181089270001,13.019545796],[80.2181899710001,13.019539654],[80.2183259670001,13.0195324700001],[80.2184448660001,13.019526054],[80.2185211390001,13.019522189],[80.2186050120001,13.0195183710001],[80.2187041890001,13.0195120490001],[80.2187675220001,13.0195052060001],[80.218830579,13.019496233],[80.218892257,13.0194851580001],[80.218916258,13.01948027],[80.218986467,13.019469391],[80.2190589570001,13.019467338],[80.2191317310001,13.019471809],[80.2191981270001,13.019479044],[80.2192662200001,13.0194840300001],[80.2193344470001,13.0194866030001],[80.2194315130001,13.0194965110001],[80.2194386020001,13.019427514],[80.2195881470001,13.0192824800001],[80.2195562200001,13.019023372],[80.219522403,13.01888218],[80.2194236170001,13.0187004810001],[80.2193485190001,13.018612913],[80.219319715,13.018538307],[80.2193068890001,13.018491247],[80.2192943910001,13.018445389],[80.2192880330001,13.018407482],[80.219286874,13.0183587180001],[80.2192953950001,13.018305893],[80.219311551,13.0182318670001],[80.219311836,13.0181962390001],[80.2193078400001,13.0181569370001],[80.219301283,13.0181287190001],[80.2192893380001,13.018090344],[80.2192839560001,13.0180675070001],[80.2192805670001,13.018020243],[80.2192784430001,13.0179973680001],[80.219273979,13.0179760290001],[80.2192698480001,13.017950711],[80.2192667690001,13.0179149040001],[80.2192638480001,13.01789168],[80.219074311,13.0170865370001],[80.219051269,13.017071263],[80.219000253,13.0166384720001],[80.2189950330001,13.016594191],[80.219573526,13.0165175830001],[80.220268462,13.016464222],[80.2206792480001,13.0163253920001],[80.2218259320001,13.0160407220001],[80.221999403,13.0160075060001],[80.2223608570001,13.015935198],[80.2227441410001,13.015969711],[80.2231277010001,13.0160156170001],[80.2233064170001,13.01602854],[80.223470671,13.0160366270001],[80.2237348640001,13.016140496],[80.223939532,13.016318783],[80.2241775940001,13.0164631260001],[80.2244115300001,13.0165559180001],[80.2245985230001,13.016739396],[80.2247876900001,13.016905926],[80.2249014910001,13.017036923],[80.225019531,13.0171105750001],[80.2249351870001,13.0173208260001],[80.2248283480001,13.017587997],[80.2246542090001,13.0180203080001],[80.224529783,13.018331301],[80.2243774020001,13.018708389],[80.2243095690001,13.018874377],[80.224281105,13.018946193],[80.224255294,13.019018965],[80.2242321670001,13.019092599],[80.2242268410001,13.0191231380001],[80.224223684,13.019153966],[80.22422271,13.0191849340001],[80.2242239240001,13.019215893],[80.2242273190001,13.019246695],[80.224232881,13.0192771920001],[80.2242405810001,13.0193072380001],[80.2242425090001,13.0193165920001],[80.224361564,13.019555328],[80.224361818,13.0195556480001],[80.224377297,13.019576753],[80.224400228,13.019611658],[80.224437375,13.0196780700001],[80.224476667,13.0197432910001],[80.2244965240001,13.0197739720001],[80.224664601,13.0200257450001],[80.224814419,13.020220968],[80.224921011,13.020371443],[80.2249675350001,13.020438384],[80.2250354160001,13.020536056],[80.2251226750001,13.0206622420001],[80.225181471,13.0207449280001],[80.2252244630001,13.020805388],[80.2252759250001,13.0208778150001],[80.2253250850001,13.020947004],[80.2253755880001,13.0209887830001],[80.225429627,13.0210491720001],[80.2254790060001,13.0211182900001],[80.2255320830001,13.0211925830001],[80.225561419,13.021236512],[80.2256129200001,13.021314536],[80.2256568620001,13.021375698],[80.225718192,13.0214610630001],[80.2257393770001,13.0214905500001],[80.225771696,13.02153965],[80.225801156,13.0215905700001],[80.225824908,13.021631621],[80.225849811,13.0216746610001],[80.2258729380001,13.0217232850001],[80.225888657,13.0217563360001],[80.2259225810001,13.0217956990001],[80.2259780240001,13.0218578860001],[80.2260310890001,13.021914931],[80.2261109790001,13.022011166],[80.2261824890001,13.022095156],[80.2262511810001,13.022174928],[80.2263109770001,13.0222443690001],[80.2263683300001,13.022310974],[80.2264204790001,13.0223730610001],[80.2264770990001,13.02244047],[80.226494637,13.022461349],[80.2265474580001,13.022524236],[80.2266786660001,13.022680445],[80.2267302820001,13.022741898],[80.226802815,13.02282086],[80.2268476740001,13.0228671250001],[80.2269283320001,13.0229594],[80.226970141,13.023010014],[80.226998635,13.023044509],[80.2270407560001,13.023087554],[80.2270956150001,13.0231436170001],[80.2271393720001,13.0231883340001],[80.2272257340001,13.0232327160001],[80.2272811600001,13.0232909310001],[80.2273515700001,13.023367664],[80.2274183550001,13.0234389770001],[80.2274606730001,13.023493914],[80.2277012920001,13.0237462750001],[80.2276489750001,13.023786655],[80.227727223,13.023882971],[80.2277691090001,13.0239208990001],[80.227795149,13.023944478],[80.227839229,13.023984393],[80.2279693340001,13.024117125],[80.2279992640001,13.0241388960001],[80.228093524,13.0242057740001],[80.228206507,13.024289658],[80.228295948,13.024352224],[80.2283988950001,13.0244311050001],[80.2284396760001,13.0244540620001],[80.2284812840001,13.0244756600001],[80.2285236450001,13.0244958590001],[80.2285666800001,13.0245146240001],[80.228610313,13.024531919],[80.2286550860001,13.0245519490001],[80.228698578,13.0245745280001],[80.2287406390001,13.024599579],[80.228793206,13.0246379020001],[80.2288880620001,13.0247094310001],[80.2290569930001,13.0248379510001],[80.2290562620001,13.024838545],[80.2290116570001,13.0248373860001],[80.2289658650001,13.0248441840001],[80.228943615,13.0248505540001],[80.2288911420001,13.0248641000001],[80.228852213,13.0248741500001],[80.2287994150001,13.02488778],[80.2287677560001,13.0248959530001],[80.228729108,13.024906608],[80.2287063690001,13.0249128770001],[80.2286443560001,13.024927443],[80.2285818110001,13.024939628],[80.228521936,13.024948932],[80.2284907120001,13.024955779],[80.2284163410001,13.024972087],[80.2283609990001,13.024984223],[80.2282789710001,13.025002209],[80.2282320290001,13.025012503],[80.2281982630001,13.025019775],[80.228163866,13.025027175],[80.2280899850001,13.025043069],[80.2280288910001,13.025056212],[80.2279493930001,13.025071612],[80.2278992080001,13.025080874],[80.2278778990001,13.025084807],[80.2277764070001,13.0251012850001],[80.2276878060001,13.0251133400001],[80.227529196,13.0251300730001],[80.2273535080001,13.025149497],[80.2272425800001,13.0251630060001],[80.2271986310001,13.025168358],[80.2270625620001,13.025185751],[80.2269288830001,13.025203252],[80.2267846380001,13.0252221380001],[80.226639408,13.025233197],[80.2264104370001,13.0252528950001],[80.226212274,13.0252722020001],[80.226134491,13.0252797690001],[80.225977308,13.0252946840001],[80.2257664360001,13.0253070050001],[80.2256052990001,13.0253124450001],[80.225220516,13.025335865],[80.225183261,13.0253336320001],[80.2249787330001,13.02532122],[80.2247331020001,13.025313093],[80.224545424,13.0253026520001],[80.2243735530001,13.0252862030001],[80.2243768170001,13.0252983550001],[80.2244621550001,13.025616142],[80.2245488330001,13.025933475],[80.224622975,13.026203724],[80.224684628,13.026430845],[80.2247346790001,13.026615716],[80.224819359,13.0269273860001],[80.224932434,13.027339155],[80.225036564,13.027723974],[80.2251329250001,13.028077662],[80.225205815,13.028344609],[80.2254022070001,13.0290633000001],[80.225550899,13.029610168],[80.225725626,13.0302500830001],[80.2258302230001,13.0306308950001],[80.2258302600001,13.0306308830001],[80.2260192570001,13.030564317],[80.226061842,13.0305584650001],[80.2260689460001,13.03056366],[80.2260770490001,13.03056718],[80.2260857470001,13.0305688490001],[80.226293388,13.0305512050001],[80.2266272250001,13.0305204640001],[80.227009959,13.030483358],[80.227354065,13.030442249],[80.2275866460001,13.030407902],[80.227600168,13.0304105610001],[80.2276139320001,13.030411406],[80.2276276860001,13.030410423],[80.2277741650001,13.030399376],[80.228071857,13.0303668980001],[80.2281600160001,13.030356323],[80.228208366,13.030350524],[80.2282895760001,13.030340783],[80.2285749070001,13.0303164440001],[80.2286152890001,13.030312999],[80.2288567630001,13.0302837240001],[80.229018619,13.030265553],[80.2290652680001,13.03026412],[80.229111936,13.03026464],[80.229121843,13.0302651640001],[80.2291585410001,13.030267109],[80.2292049960001,13.0302715230001],[80.2292512170001,13.030277875],[80.2292971200001,13.0302861540001],[80.229342623,13.030296343],[80.2293430620001,13.030296461],[80.2293876400001,13.030308425],[80.2294458850001,13.0303336010001],[80.2295391320001,13.030373906],[80.2296915380001,13.030437325],[80.2298448290001,13.03049867],[80.2299253400001,13.0305274670001],[80.2300324240001,13.030575619],[80.230078624,13.030592852],[80.230125705,13.0306115770001],[80.2301749480001,13.030624313],[80.2302246620001,13.0306351560001],[80.2302747680001,13.0306440890001],[80.2303251910001,13.030651098],[80.230434689,13.030664066],[80.230544523,13.0306740190001],[80.2306490490001,13.0306806],[80.230651047,13.0306803660001],[80.2306528280001,13.0306794470001],[80.2306541550001,13.0306779640001],[80.2306548550001,13.0306761150001],[80.2306549250001,13.0306755410001],[80.2306736450001,13.030396426],[80.2306866750001,13.0301239140001],[80.2306897440001,13.0300844540001],[80.230702191,13.029951453],[80.2307295530001,13.029676507],[80.2307396740001,13.029558799],[80.2307480160001,13.0294743010001],[80.2307537930001,13.029416962],[80.230761773,13.0293406760001],[80.2307656290001,13.0293038080001],[80.230768051,13.0292806570001],[80.2307843350001,13.029124972],[80.2308268500001,13.0287181260001],[80.2308783980001,13.02818074],[80.230894601,13.027998124],[80.2308987960001,13.027950848],[80.2309035230001,13.0278975680001],[80.2309124720001,13.027803686],[80.2309242380001,13.0277086830001],[80.230938843,13.0276129480001],[80.2309637870001,13.027487696],[80.2309902440001,13.027364705],[80.231018196,13.027243798],[80.231074144,13.026988493],[80.2311015910001,13.026873822],[80.2311126920001,13.026829498],[80.231157737,13.026649879],[80.2311900430001,13.0264910170001],[80.231197126,13.0264488180001],[80.231213435,13.02635166],[80.2312494920001,13.026142355],[80.2312551260001,13.02610973],[80.231255923,13.0261029590001],[80.2312546900001,13.0260962520001],[80.2312515310001,13.0260901880001],[80.231246721,13.0260852910001],[80.231240674,13.026081984],[80.2313424770001,13.0260958100001],[80.2314827800001,13.026149918],[80.2315491080001,13.026164904],[80.2315981410001,13.0261781560001],[80.2316973810001,13.0262057480001],[80.2318326380001,13.026243386],[80.231882919,13.0262570620001],[80.23193129,13.026270224],[80.231931638,13.026270319],[80.2319735670001,13.0262817180001],[80.2320296930001,13.026297621],[80.2321390050001,13.0263288790001],[80.2322157680001,13.026350565],[80.232302824,13.0263765080001],[80.232369174,13.026397048],[80.232416179,13.0264139180001],[80.2324568120001,13.026428663],[80.23252095,13.0264529400001],[80.2325866580001,13.026478936],[80.232628241,13.026495767],[80.232657046,13.0265086690001],[80.2327261360001,13.026539612],[80.2328487400001,13.026599859],[80.2329577580001,13.026677347],[80.2330233000001,13.0267123840001],[80.233022658,13.026712059],[80.2330206990001,13.026711612],[80.233018707,13.0267118800001],[80.233016945,13.0267128300001],[80.2330156470001,13.0267143340001],[80.2330149840001,13.0267161940001],[80.232985081,13.026905936],[80.232966774,13.027024925],[80.2329667210001,13.027026038],[80.232967198,13.0270279550001],[80.232968342,13.0270295770001],[80.2329700020001,13.0270306900001],[80.2330963090001,13.027085604],[80.2332082770001,13.027138187],[80.2333186770001,13.0271924090001],[80.23337739,13.0272209290001],[80.233436069,13.027252484],[80.233493357,13.0272864070001],[80.2335491520001,13.027322639],[80.2335785080001,13.0273434700001],[80.2336069710001,13.027366886],[80.2336336530001,13.0273922370001],[80.2336584160001,13.0274193920001],[80.2336811340001,13.027448212],[80.2337002580001,13.0274764390001],[80.2337383160001,13.027531019],[80.233775187,13.027588091],[80.2338099940001,13.0276463930001],[80.2338423240001,13.027705177],[80.2338668190001,13.027750719],[80.2338892930001,13.027798768],[80.2339090240001,13.0278479580001],[80.2339261860001,13.0278988360001],[80.2339317110001,13.0279210320001],[80.2339346520001,13.0279448690001],[80.2339346840001,13.027968881],[80.2339318080001,13.027992726],[80.2339265620001,13.0280140470001],[80.2338968380001,13.028113133],[80.233892472,13.02813088],[80.2338904630001,13.0281412160001],[80.2338902910001,13.028143448],[80.2338902880001,13.028144308],[80.233890285,13.028145382],[80.2338905550001,13.028146619],[80.233890757,13.0281472510001],[80.2338924910001,13.0281506200001],[80.2338938400001,13.028153042],[80.233898384,13.028158859],[80.2339334430001,13.028183278],[80.233958047,13.0281971220001],[80.2339632140001,13.028200326],[80.2339781260001,13.0282079420001],[80.2339908550001,13.02821493],[80.234004542,13.028221946],[80.234008519,13.028223933],[80.233989637,13.028274788],[80.233992738,13.0282701740001],[80.2339984010001,13.028265504],[80.2340051850001,13.028262608],[80.23401253,13.028261726],[80.2340198260001,13.028262931],[80.2340264700001,13.028266124],[80.2340407360001,13.028275208],[80.2341409270001,13.0283516370001],[80.2343008000001,13.028482857],[80.2345029680001,13.0286550700001],[80.234541968,13.0286879540001],[80.234602163,13.028738709],[80.2346034240001,13.028740247],[80.2346040420001,13.0287421240001],[80.2346039350001,13.028744094],[80.2346031160001,13.028745895],[80.2346022780001,13.028746836],[80.2346960720001,13.028746482],[80.23469722,13.0287458170001],[80.23469921,13.0287455280001],[80.2347011740001,13.028745956],[80.2347028520001,13.0287470430001],[80.234816144,13.0288541190001],[80.2349517040001,13.028988199],[80.2351820220001,13.0292166580001],[80.2352619340001,13.0292939560001],[80.2352871370001,13.029318333],[80.2354181440001,13.02944096],[80.2355679340001,13.029590247],[80.2358094630001,13.029815491],[80.2359300400001,13.0299333310001],[80.235982956,13.029985047],[80.2360495930001,13.0300501730001],[80.236288179,13.030275306],[80.2364986310001,13.030475951],[80.2366318620001,13.03060492],[80.2368031380001,13.030777674],[80.237009744,13.0309773870001],[80.2371069500001,13.0310750190001],[80.237167996,13.0310367160001],[80.237172355,13.0310400600001],[80.237177601,13.0310417900001],[80.2371805340001,13.031041746],[80.2371813500001,13.0310421240001],[80.2371817550001,13.031042311],[80.237282775,13.031089077],[80.2374575150001,13.031149741],[80.2376742210001,13.0312187760001],[80.2376632960001,13.0312517450001],[80.23763812,13.0314168040001],[80.2377842760001,13.031462209],[80.2380116620001,13.0315275360001],[80.2382688310001,13.0315996730001],[80.2384954720001,13.031663666],[80.2387209930001,13.0317256450001],[80.238991463,13.031802365],[80.23913729,13.0318565420001],[80.2391392660001,13.0318568920001],[80.2391412410001,13.0318565270001],[80.239142922,13.0318554300001],[80.239143035,13.0318553560001],[80.2391432430001,13.0318552200001],[80.23914562,13.0318527910001],[80.2391601840001,13.031833836],[80.239187794,13.0317920520001],[80.239260196,13.031668209],[80.2393763840001,13.0314596810001],[80.2395194490001,13.0312076490001]]]},"properties":{"OBJECTID":12,"Name":"ADYAR","FolderPath":"GCC_ZONE_UPDATED","SymbolID":0,"AltMode":0,"Base":0,"Clamped":-1,"Extruded":0,"Snippet":"","PopupInfo":"","Shape__Area":0.0033653614992772418,"Shape__Length":0.341455429249324}},{"type":"Feature","id":13,"geometry":{"type":"Polygon","coordinates":[[[80.190189504,12.970182955],[80.1895320520001,12.9704315990001],[80.1892650200001,12.9705342070001],[80.188935009,12.9706667130001],[80.189130237,12.9713141730001],[80.1891945740001,12.9715026260001],[80.189258324,12.9717076700001],[80.189329134,12.9718809560001],[80.189361149,12.972006639],[80.1893625220001,12.9720826240001],[80.1892810090001,12.973575033],[80.1893817870001,12.973613669],[80.1895791150001,12.973772286],[80.189798829,12.973896962],[80.189866303,12.9739331170001],[80.189942294,12.973979279],[80.18998652,12.9740059390001],[80.1901824010001,12.9740538790001],[80.1901710340001,12.9740942880001],[80.190254269,12.974170235],[80.1903415770001,12.9742387380001],[80.1904218270001,12.97430668],[80.190518244,12.974381705],[80.1906039400001,12.974450281],[80.190662171,12.9744940350001],[80.1906071660001,12.974609118],[80.1905972270001,12.97463127],[80.1905694000001,12.974687637],[80.190502785,12.9748358260001],[80.1904348640001,12.974988427],[80.1904078380001,12.975051262],[80.190353476,12.9751897620001],[80.1902563470001,12.9754814770001],[80.1902497470001,12.9755072360001],[80.1902626420001,12.975605364],[80.190275753,12.975689549],[80.1903126920001,12.9758649410001],[80.1903394030001,12.9760871710001],[80.1903891530001,12.976367882],[80.1905234650001,12.977159403],[80.1903652660001,12.9772696100001],[80.1901296490001,12.977445195],[80.1897709,12.9776061800001],[80.189750765,12.977616757],[80.1897539080001,12.9776529420001],[80.1897608100001,12.977704283],[80.189781672,12.9781013350001],[80.189779802,12.9781909330001],[80.1897803990001,12.978471025],[80.1896544520001,12.978449601],[80.1896770750001,12.979393886],[80.189691456,12.9794854510001],[80.1897099600001,12.9796862150001],[80.1897730580001,12.980055597],[80.189621731,12.980074356],[80.1897320630001,12.9806456380001],[80.1897301180001,12.980646075],[80.1894737420001,12.9807036350001],[80.189472724,12.980739987],[80.1894828760001,12.980826413],[80.189495026,12.980911884],[80.1895169380001,12.9810454710001],[80.189527829,12.981116468],[80.189552258,12.9812524760001],[80.1895286490001,12.9813278410001],[80.189552673,12.981368629],[80.1896443410001,12.981518721],[80.1897149660001,12.981654113],[80.1897527990001,12.98170456],[80.189769368,12.9818839340001],[80.1898759970001,12.9818513010001],[80.1898932070001,12.981851568],[80.1900818170001,12.9818544880001],[80.1901568850001,12.981881107],[80.1902408330001,12.9819097000001],[80.190322296,12.981971276],[80.1903999420001,12.9819882740001],[80.190502252,12.9820065640001],[80.1909231610001,12.9819391360001],[80.1909574700001,12.9822391390001],[80.191024945,12.982266596],[80.1911101430001,12.98229709],[80.1911205280001,12.9823017030001],[80.1911626820001,12.982315552],[80.1912837450001,12.9823582760001],[80.191362643,12.982349992],[80.1914546560001,12.9823401560001],[80.1915942260001,12.98232175],[80.1917530900001,12.9823012430001],[80.1919155860001,12.982282202],[80.1920544280001,12.982271659],[80.1922491590001,12.9822433190001],[80.1924349550001,12.982219458],[80.192611899,12.9822020240001],[80.192896149,12.9821769180001],[80.193093864,12.9821603350001],[80.193306523,12.982147931],[80.1935661590001,12.982124033],[80.193820761,12.9820459050001],[80.195313738,12.9810239500001],[80.195476817,12.9809308550001],[80.1956753410001,12.9809232150001],[80.1957653970001,12.9809285260001],[80.1957717130001,12.980928899],[80.195781077,12.9808980710001],[80.1958451080001,12.980773702],[80.195927494,12.9806140860001],[80.1959782440001,12.9805397430001],[80.1960222490001,12.980458045],[80.1960805890001,12.9803339960001],[80.1962121500001,12.980296094],[80.1962828210001,12.9802699300001],[80.196302136,12.980261387],[80.1963134590001,12.980258586],[80.1963965570001,12.9802380290001],[80.1964311460001,12.980230938],[80.1965196560001,12.9802127030001],[80.1966591670001,12.980188663],[80.196709454,12.980172942],[80.1967989610001,12.9801266430001],[80.196855666,12.980100282],[80.1968861780001,12.9800940820001],[80.1969659120001,12.980074804],[80.1970622430001,12.9800671400001],[80.1971514750001,12.980039544],[80.1972830330001,12.980008904],[80.1973221520001,12.979998225],[80.1974331800001,12.9799766310001],[80.1974870720001,12.979942394],[80.197740159,12.9798029670001],[80.1978552250001,12.979786561],[80.1981280670001,12.979749538],[80.1981908050001,12.979746694],[80.1984727430001,12.97972092],[80.198704445,12.979695985],[80.1987681210001,12.979685105],[80.1990095250001,12.979648904],[80.19933718,12.979755455],[80.1993880850001,12.9797532380001],[80.19951652,12.9797049160001],[80.1998861970001,12.979579695],[80.2000638490001,12.9793268120001],[80.2007497420001,12.979200726],[80.201254002,12.979149401],[80.201259905,12.9790568230001],[80.2012687610001,12.978944605],[80.2011943080001,12.978269068],[80.2015856940001,12.9782200010001],[80.2018401890001,12.9781117950001],[80.202147085,12.9780489820001],[80.2021065580001,12.9777431090001],[80.202104084,12.9777020830001],[80.2020723480001,12.977568595],[80.2020263250001,12.9773492310001],[80.2024126370001,12.9772635480001],[80.202972931,12.977132913],[80.2030959640001,12.97710233],[80.203326185,12.977053342],[80.2034305620001,12.9770318560001],[80.203694716,12.9769933920001],[80.204066799,12.976915047],[80.2044554990001,12.9768287100001],[80.2046309130001,12.976826228],[80.2045509740001,12.976247986],[80.2047810500001,12.976177348],[80.204884581,12.9764105040001],[80.2049859350001,12.9766432390001],[80.205103158,12.976904608],[80.205204445,12.9771849110001],[80.2053963210001,12.9776292010001],[80.2054578560001,12.977789983],[80.205531831,12.9779503560001],[80.205602217,12.978125544],[80.205706062,12.978370408],[80.2058414240001,12.9786836380001],[80.2071314120001,12.978108428],[80.2071546560001,12.9781065600001],[80.207373348,12.978088987],[80.2076569440001,12.978063268],[80.207838075,12.9780470920001],[80.2080734510001,12.9780212250001],[80.208218479,12.978005024],[80.2082200080001,12.9780048540001],[80.208323089,12.977993849],[80.2083379680001,12.977993096],[80.2083417700001,12.977992998],[80.20851307,12.977988566],[80.2087654440001,12.9779809240001],[80.2089795570001,12.9779728950001],[80.2091186110001,12.9779678030001],[80.209241901,12.977961486],[80.209250066,12.9779612180001],[80.209257961,12.977958506],[80.209264525,12.977953423],[80.209269046,12.9779465230001],[80.2092710320001,12.977938556],[80.2092761260001,12.9777764830001],[80.209287197,12.97757812],[80.209286837,12.9775719420001],[80.2092862820001,12.9775704510001],[80.2092846740001,12.977566127],[80.209280891,12.977561171],[80.2092758100001,12.9775574990001],[80.2092698660001,12.977555421],[80.209263562,12.9775551160001],[80.2091891580001,12.9775548000001],[80.209078225,12.977560069],[80.208937582,12.97757239],[80.208945402,12.9775322020001],[80.2089457850001,12.977530265],[80.2089468080001,12.977424763],[80.2089502920001,12.977314371],[80.2089542910001,12.9772157360001],[80.2089841660001,12.9772169010001],[80.2092944080001,12.9771572610001],[80.2092977410001,12.9771259080001],[80.209297265,12.9771191020001],[80.2092959220001,12.9771112240001],[80.2092937460001,12.977103528],[80.2092368460001,12.9769441550001],[80.2092097730001,12.9768666790001],[80.2092599860001,12.976848567],[80.209563227,12.9767803870001],[80.2096275740001,12.976793534],[80.2097598330001,12.976803874],[80.2098007160001,12.9768070690001],[80.209825042,12.976808971],[80.2097942360001,12.9759601420001],[80.2094952510001,12.9759526820001],[80.2092635700001,12.975950405],[80.2092645640001,12.975896102],[80.2092982980001,12.9750421480001],[80.2103185550001,12.975028111],[80.2103585890001,12.975026583],[80.2108955250001,12.9750046610001],[80.2110567990001,12.973547538],[80.2111642580001,12.972576614],[80.2133521710001,12.9706780660001],[80.215864637,12.968518169],[80.2175422700001,12.9677224930001],[80.2175527940001,12.967719833],[80.2177670900001,12.9676656940001],[80.219486402,12.967231326],[80.220361091,12.967268098],[80.2219026020001,12.9673328970001],[80.2219969970001,12.967371918],[80.2244144420001,12.968371212],[80.228487822,12.9724564370001],[80.2294958990001,12.9734674160001],[80.230914414,12.974757319],[80.232887125,12.9765485510001],[80.2329267010001,12.9767506690001],[80.2329786560001,12.976796141],[80.233046749,12.976853466],[80.2331159540001,12.976909494],[80.2332601700001,12.9770249330001],[80.2334378950001,12.977157199],[80.2336518970001,12.977305576],[80.2337243700001,12.9773545620001],[80.2337978410001,12.9774021050001],[80.2338722790001,12.977448184],[80.234060298,12.97756113],[80.2342122590001,12.9776464820001],[80.234388627,12.9777404050001],[80.234546601,12.977819083],[80.2346976850001,12.977889869],[80.234748967,12.9779138960001],[80.234958266,12.978002942],[80.235177988,12.9780903920001],[80.2354979450001,12.978203724],[80.235697466,12.9782641690001],[80.2359922590001,12.9783454180001],[80.2362592650001,12.978407959],[80.236485944,12.9784518450001],[80.2367485840001,12.9784946610001],[80.2369958620001,12.97852622],[80.2372180880001,12.978548844],[80.2374796110001,12.978565072],[80.237601022,12.978570673],[80.2378128770001,12.978577713],[80.2380037120001,12.9785841500001],[80.2382586250001,12.9785914070001],[80.2384958360001,12.978598069],[80.2386964500001,12.978602906],[80.2388965060001,12.9786091880001],[80.2390394060001,12.9786124990001],[80.239164696,12.9786160300001],[80.2392473,12.978618442],[80.239305474,12.978620097],[80.2395590950001,12.978627311],[80.240198272,12.978643736],[80.2405105330001,12.9786509780001],[80.2414874120001,12.9786767040001],[80.2422160990001,12.97869854],[80.2427147710001,12.9787119270001],[80.2430094710001,12.978720955],[80.2432928860001,12.978730324],[80.243302677,12.978654685],[80.243291421,12.978764332],[80.2432800390001,12.978960692],[80.243275043,12.97927127],[80.2432741710001,12.979528875],[80.2432729760001,12.979586469],[80.2432666160001,12.9798930650001],[80.243272496,12.9802350520001],[80.2432716040001,12.980255443],[80.243267234,12.980355295],[80.243256946,12.980590358],[80.243254839,12.980920928],[80.2432630930001,12.9810307270001],[80.243280552,12.981168392],[80.2432812500001,12.9811865410001],[80.24328402,12.981204501],[80.24328883,12.981222041],[80.2432956150001,12.9812389420001],[80.243302838,12.981252302],[80.2433042920001,12.981254988],[80.2433137770001,12.9812685840001],[80.2433147500001,12.9812699770001],[80.2433268570001,12.9812837220001],[80.243336298,12.981291764],[80.2433471260001,12.981297903],[80.243358947,12.9813019160001],[80.2433713300001,12.9813036530001],[80.2434070560001,12.981307669],[80.2434429620001,12.9813095640001],[80.2434789160001,12.9813093280001],[80.243514786,12.9813069640001],[80.2436764440001,12.9812920090001],[80.2438085300001,12.9812797880001],[80.2439074920001,12.981269976],[80.2440140350001,12.981259412],[80.2440452160001,12.9812563200001],[80.2441460890001,12.981246319],[80.244425778,12.981201922],[80.24477575,12.9811493190001],[80.2452147130001,12.981090916],[80.2456533610001,12.981045351],[80.2459933420001,12.981003478],[80.2463774930001,12.980959924],[80.2467560360001,12.9809107470001],[80.2471139770001,12.980874982],[80.2473869720001,12.9808490080001],[80.247689339,12.9808360480001],[80.2481158460001,12.980811241],[80.2484320670001,12.980790363],[80.2485190340001,12.9807833850001],[80.2490302300001,12.98074236],[80.249127469,12.980729786],[80.2494494360001,12.98068815],[80.249482851,12.9806838270001],[80.2494829400001,12.9806838160001],[80.24950147,12.980681421],[80.24960414,12.980664244],[80.249706442,12.9806450610001],[80.2498083340001,12.9806238800001],[80.2499097740001,12.98060071],[80.2500107230001,12.980575559],[80.2501111400001,12.980548437],[80.2502109850001,12.980519354],[80.2503173970001,12.9804878260001],[80.2504243400001,12.980458078],[80.2505317850001,12.980430115],[80.250639699,12.9804039480001],[80.251183595,12.980249357],[80.251597169,12.980144137],[80.25163774,12.980133213],[80.2520057560001,12.9800332680001],[80.2523975760001,12.97992164],[80.252568018,12.979885353],[80.2525954320001,12.9798687250001],[80.252610609,12.9798664360001],[80.2527754000001,12.9798592],[80.252812556,12.979896701],[80.2528228910001,12.9799111090001],[80.2528313560001,12.9799266470001],[80.252837824,12.979943081],[80.2528422,12.9799601670001],[80.2536814300001,12.979922388],[80.2536903610001,12.979679364],[80.253667099,12.9794720990001],[80.253695522,12.9793091980001],[80.2537207830001,12.9791861630001],[80.253695555,12.979035405],[80.2536972350001,12.9788431760001],[80.253670136,12.978484898],[80.2536586690001,12.978079058],[80.2536398830001,12.977808738],[80.2536003120001,12.9776135430001],[80.25354264,12.9772584770001],[80.2535029350001,12.97710813],[80.2534702130001,12.9769043640001],[80.2534324100001,12.9765027890001],[80.2534060660001,12.9761080280001],[80.2533616740001,12.975906535],[80.2533124860001,12.97575182],[80.253303869,12.975549841],[80.2537470510001,12.9754752600001],[80.2538035430001,12.9754732870001],[80.2539885680001,12.975462447],[80.254020014,12.975460605],[80.254305512,12.9754440950001],[80.254407428,12.9754373100001],[80.254907378,12.9754042050001],[80.254977131,12.9754019430001],[80.2552260430001,12.9753938710001],[80.2554194730001,12.975382175],[80.2554207270001,12.975381955],[80.2554225150001,12.975381053],[80.255423856,12.9753795830001],[80.2554245740001,12.9753777400001],[80.255424571,12.9753757670001],[80.255421615,12.975360187],[80.2554188,12.975345358],[80.255395601,12.97520948],[80.2554277190001,12.975204207],[80.2554508690001,12.975339799],[80.2554544120001,12.9753584700001],[80.2554921760001,12.9755574390001],[80.255503102,12.975582585],[80.2555165800001,12.9756065120001],[80.2555324680001,12.975628971],[80.2555442330001,12.975643145],[80.255554422,12.975658448],[80.2555555170001,12.9756603220001],[80.255561244,12.9756659190001],[80.2555682620001,12.9756698580001],[80.2555760800001,12.975671864],[80.255584157,12.9756717970001],[80.256001815,12.9755167320001],[80.25600187,12.9755167110001],[80.2560485050001,12.975499773],[80.2563826430001,12.975380305],[80.256479858,12.9753678330001],[80.256514295,12.975358118],[80.25668396,12.9753061930001],[80.2568926180001,12.97524386],[80.256893242,12.975243633],[80.256894903,12.975242521],[80.256896049,12.9752409000001],[80.2568965290001,12.975238984],[80.2568962770001,12.975237027],[80.2568533360001,12.9751046010001],[80.2568137060001,12.974982389],[80.2567941990001,12.9749222350001],[80.256748873,12.974807759],[80.2567317780001,12.9747647680001],[80.2567866240001,12.9747504590001],[80.257110185,12.974698437],[80.2571759090001,12.974688595],[80.257712057,12.9746083090001],[80.2577575290001,12.974601469],[80.2580368330001,12.974559578],[80.2581680120001,12.9745352680001],[80.258229439,12.9745216000001],[80.2582901550001,12.974505273],[80.2583500330001,12.974486321],[80.258404393,12.974466449],[80.2585620620001,12.9744673010001],[80.2585880680001,12.974568235],[80.2586156900001,12.974668256],[80.258742269,12.9750753390001],[80.258752933,12.97511002],[80.258822647,12.975336731],[80.258867213,12.975476182],[80.258869668,12.975479224],[80.258871555,12.975479906],[80.258873554,12.975479884],[80.2590367760001,12.9754485490001],[80.259239006,12.975405724],[80.2593813010001,12.975375936],[80.2593831600001,12.975375179],[80.2593846190001,12.9753738220001],[80.259385487,12.975372043],[80.2593855630001,12.97536953],[80.2593527920001,12.975214383],[80.2593314470001,12.9751116680001],[80.2593158660001,12.9750366920001],[80.2592870880001,12.9748979130001],[80.259278759,12.9748593210001],[80.2592802950001,12.9748499400001],[80.2592829480001,12.974833737],[80.2592930740001,12.9748124130001],[80.259308751,12.9747946150001],[80.2593287890001,12.974781691],[80.259346582,12.974776193],[80.2596638260001,12.9747028740001],[80.2597007530001,12.9746925800001],[80.259700394,12.9746924040001],[80.2596990370001,12.974690948],[80.2596983020001,12.974689112],[80.259677722,12.97458514],[80.2596529350001,12.9744554970001],[80.2596379350001,12.9743837510001],[80.260410704,12.974305655],[80.2606026700001,12.974272022],[80.26074479,12.974258139],[80.2609880780001,12.974235773],[80.261400876,12.9741969790001],[80.261406112,12.974196219],[80.2614457760001,12.974190465],[80.2614459920001,12.974190434],[80.261631381,12.9741635450001],[80.2620289260001,12.974107346],[80.262140291,12.9740930990001],[80.2621829510001,12.9740876400001],[80.262183119,12.97408762],[80.262369085,12.9740638270001],[80.2624313430001,12.9740558620001],[80.2625897870001,12.9740403070001],[80.262673229,12.974032279],[80.2627568560001,12.9740263530001],[80.262840608,12.974022532],[80.2629244350001,12.97402082],[80.263013544,12.9740221480001],[80.2630619500001,12.974024193],[80.2631096900001,12.9740264060001],[80.2631914830001,12.974032105],[80.263280174,12.9740407250001],[80.2632953520001,12.974041969],[80.2633105420001,12.9740408760001],[80.263325374,12.974037477],[80.2633394840001,12.9740318510001],[80.2633553480001,12.9740166400001],[80.263369771,12.9740001070001],[80.263382639,12.9739823830001],[80.2633938500001,12.973963607],[80.2655111860001,12.974143692],[80.2655680080001,12.9741532690001],[80.2666529410001,12.974336136],[80.26564318,12.9712394060001],[80.2656385330001,12.971214161],[80.264570705,12.9654140370001],[80.2638864460001,12.9612481070001],[80.2633298040001,12.960268097],[80.262941928,12.9590344860001],[80.2623999210001,12.9563722930001],[80.261699659,12.956385826],[80.258960136,12.9564387510001],[80.253554997,12.9571137780001],[80.253482896,12.9571696250001],[80.2525856140001,12.9573383860001],[80.252573371,12.95780276],[80.2520894180001,12.957797892],[80.251984394,12.957752591],[80.2509856340001,12.957767102],[80.250302031,12.957739706],[80.2502224570001,12.957823778],[80.2495678270001,12.9573268450001],[80.2459816950001,12.9586981190001],[80.245980939,12.9569037950001],[80.245981284,12.955662338],[80.2459532220001,12.9530286130001],[80.2465805260001,12.950963974],[80.246836516,12.949860326],[80.245588034,12.95006641],[80.243663037,12.9508256990001],[80.2418785740001,12.95141914],[80.242069814,12.951869388],[80.241890933,12.9519511140001],[80.2416591200001,12.952126637],[80.2411660170001,12.9523098180001],[80.2402869780001,12.9525907010001],[80.239835623,12.9529504270001],[80.2394216380001,12.953104018],[80.2393077900001,12.953130603],[80.2389847090001,12.9533293810001],[80.2388392620001,12.9532405320001],[80.238370129,12.953363918],[80.2376155170001,12.953461256],[80.237257281,12.9534710460001],[80.2372301030001,12.9535494090001],[80.236410801,12.953516162],[80.2363634920001,12.953584071],[80.235884259,12.95358399],[80.235766787,12.953709168],[80.2356278930001,12.953554304],[80.2354636100001,12.95359273],[80.2354797580001,12.953734793],[80.235254302,12.9537227920001],[80.2352200130001,12.9535785040001],[80.234589569,12.953591273],[80.2331618600001,12.9534211050001],[80.2334408740001,12.952701903],[80.2334127660001,12.9519174710001],[80.2333508770001,12.949783344],[80.2330456350001,12.946673839],[80.232712609,12.9434224010001],[80.2322828120001,12.9426888450001],[80.2318532200001,12.9416361410001],[80.2313330040001,12.9404921710001],[80.2310721060001,12.940506025],[80.230677857,12.9396740980001],[80.229863874,12.9379564540001],[80.229397825,12.934606268],[80.2289258810001,12.9312249750001],[80.228296238,12.9286907060001],[80.2276951570001,12.9263599540001],[80.2272707960001,12.9238865350001],[80.227792628,12.9237050080001],[80.2273516920001,12.920737043],[80.2266492840001,12.916524646],[80.226297957,12.913745792],[80.222551186,12.9146598770001],[80.219348149,12.915438523],[80.2187131910001,12.914618961],[80.2167992930001,12.9121037370001],[80.2139505160001,12.909281837],[80.208748884,12.9094448820001],[80.2078510870001,12.909552379],[80.2059792050001,12.90941221],[80.205964076,12.9094387910001],[80.204169349,12.9092889240001],[80.203184966,12.909407636],[80.2031246810001,12.9093999670001],[80.202033462,12.9095591770001],[80.20198156,12.909686568],[80.2013043910001,12.909706753],[80.2002785860001,12.9099930140001],[80.195890766,12.910326024],[80.1945707930001,12.909981358],[80.1946969860001,12.9111364840001],[80.1948567110001,12.9121547870001],[80.195754628,12.914732289],[80.1966764950001,12.91578801],[80.1972042580001,12.917466716],[80.1971203050001,12.918339008],[80.197364925,12.9202606430001],[80.197361958,12.9209222060001],[80.1973051830001,12.9210339850001],[80.197341302,12.9218137780001],[80.1973746090001,12.9225328430001],[80.197595606,12.9238693250001],[80.1968117390001,12.924019948],[80.1962352740001,12.9242389630001],[80.196082248,12.9243680820001],[80.195945147,12.924287072],[80.19562397,12.924402974],[80.1955571620001,12.924416165],[80.1948946750001,12.9255641120001],[80.1948736570001,12.925829161],[80.1949311390001,12.9261632230001],[80.1948470620001,12.926266222],[80.1948781940001,12.9267270510001],[80.1949695270001,12.9267851180001],[80.194972825,12.9270338590001],[80.1949010660001,12.927124061],[80.19488999,12.9276276730001],[80.194987278,12.927706061],[80.195010896,12.9280341750001],[80.1952271230001,12.9295215940001],[80.1955817640001,12.930234016],[80.1956640330001,12.930697771],[80.1954914190001,12.9307001560001],[80.194331338,12.9307609910001],[80.194393382,12.9315114820001],[80.1956424530001,12.9315457280001],[80.1958559110001,12.9337825980001],[80.1946447340001,12.934100389],[80.1935510320001,12.934301862],[80.1925920460001,12.934670431],[80.1924473720001,12.9346863810001],[80.1927706980001,12.935315803],[80.193127104,12.935319963],[80.1932709920001,12.9356467320001],[80.1935037800001,12.9360465780001],[80.1940554590001,12.936052879],[80.194225864,12.936631521],[80.194681024,12.9365615130001],[80.194756236,12.936699333],[80.195757821,12.936526144],[80.1958754610001,12.936623374],[80.195804266,12.937307251],[80.1959408600001,12.937611098],[80.1961498810001,12.9376271840001],[80.196182837,12.9378014120001],[80.1963291800001,12.9378373550001],[80.196433842,12.938041819],[80.1967156490001,12.938034363],[80.1968778980001,12.938121821],[80.1968731360001,12.93851471],[80.1970330510001,12.938975011],[80.1971249860001,12.939056109],[80.197652218,12.939074873],[80.197700098,12.939361042],[80.1978244960001,12.939459995],[80.1980915240001,12.939428675],[80.198243754,12.939949401],[80.1985935590001,12.940031904],[80.1988249710001,12.940612308],[80.199305592,12.940752165],[80.199436098,12.941367416],[80.1997464360001,12.94175253],[80.199834487,12.94203064],[80.199934995,12.9430069040001],[80.2002139530001,12.943540823],[80.2002610160001,12.9437506800001],[80.2001954080001,12.943799589],[80.2004846560001,12.9443952980001],[80.2009451850001,12.9466099800001],[80.2012246350001,12.9479775840001],[80.2016021640001,12.949766357],[80.2019293330001,12.9512160940001],[80.20160056,12.9517742740001],[80.2015618880001,12.95240245],[80.201037054,12.9529636460001],[80.199318728,12.953349487],[80.1992429580001,12.9535541160001],[80.198055578,12.953552146],[80.1951910560001,12.9533915600001],[80.1935168590001,12.9529602320001],[80.193562903,12.951578564],[80.193099095,12.9515769280001],[80.192927986,12.9516930410001],[80.1926887370001,12.951679911],[80.1922680640001,12.951961195],[80.1922872960001,12.952788899],[80.1920364060001,12.9540085960001],[80.1904464780001,12.9541050890001],[80.190300887,12.954397864],[80.1905778820001,12.955407624],[80.190660413,12.9562340790001],[80.1918639090001,12.9564467880001],[80.1919832180001,12.957472593],[80.1911815550001,12.95728001],[80.189132897,12.9575887400001],[80.1883128580001,12.957992011],[80.187586815,12.958257362],[80.1876399160001,12.9584117750001],[80.1885055120001,12.9582828100001],[80.1889073450001,12.959285455],[80.1891914830001,12.959320894],[80.190105949,12.9637182970001],[80.1900062230001,12.963926669],[80.1903783970001,12.9656209250001],[80.1899256570001,12.965688256],[80.189805554,12.965827549],[80.190217971,12.9672295340001],[80.1906153900001,12.9672279220001],[80.1907552280001,12.967746506],[80.1908640950001,12.9681502340001],[80.1909890640001,12.9686136770001],[80.1908201090001,12.9686675080001],[80.1899775890001,12.968959147],[80.190003317,12.969019179],[80.190027537,12.969075692],[80.1904642270001,12.970094632],[80.1903967650001,12.9701045690001],[80.190189504,12.970182955]]]},"properties":{"OBJECTID":13,"Name":"PERUNKUDI","FolderPath":"GCC_ZONE_UPDATED","SymbolID":0,"AltMode":0,"Base":0,"Clamped":-1,"Extruded":0,"Snippet":"","PopupInfo":"","Shape__Area":0.0029872143139755281,"Shape__Length":0.353086478147675}},{"type":"Feature","id":14,"geometry":{"type":"Polygon","coordinates":[[[80.299041091,13.143396904],[80.2984585670001,13.143523095],[80.2981883730001,13.14359088],[80.2981447980001,13.143601812],[80.2981448100001,13.143601888],[80.297902369,13.143666158],[80.297651654,13.143711678],[80.2972246020001,13.143797405],[80.2968465550001,13.143878382],[80.2968181790001,13.1438874420001],[80.2967906250001,13.143898662],[80.2967545810001,13.143919592],[80.29674643,13.143928573],[80.296739818,13.1439386970001],[80.2967318220001,13.143961345],[80.2967313830001,13.1439853050001],[80.296806594,13.1442062260001],[80.2968245960001,13.144255077],[80.2966562770001,13.144290542],[80.2966433330001,13.144292315],[80.2965762270001,13.1442985480001],[80.296300752,13.14432293],[80.2960109680001,13.144350439],[80.2957257140001,13.1443745230001],[80.2954418410001,13.144399876],[80.2951533230001,13.1444359770001],[80.295106113,13.1444403680001],[80.29505993,13.1444446630001],[80.2948719380001,13.14446215],[80.2945673710001,13.144496759],[80.2942661590001,13.144519803],[80.294155055,13.144526452],[80.2939483500001,13.1445388230001],[80.293831772,13.1445492290001],[80.2937724070001,13.1445545290001],[80.2936437120001,13.1445660160001],[80.293355429,13.1445843930001],[80.2931073560001,13.144607719],[80.2931016890001,13.144604338],[80.2930950840001,13.1445917360001],[80.293053639,13.1444869050001],[80.293027522,13.1444300060001],[80.2930036050001,13.1443721810001],[80.292981921,13.144313515],[80.2929625040001,13.1442540940001],[80.292952556,13.1442178880001],[80.292945021,13.144181126],[80.2929399380001,13.144143991],[80.292882724,13.144147812],[80.292854021,13.144149597],[80.2928485800001,13.144150069],[80.292507115,13.144181071],[80.292366234,13.14419429],[80.2921006830001,13.1442194420001],[80.2917963090001,13.144250793],[80.2917364470001,13.1442580680001],[80.2917363820001,13.1442580770001],[80.2916771120001,13.1442652810001],[80.2914398660001,13.1442941170001],[80.2909833510001,13.144389517],[80.2905897430001,13.1444908770001],[80.2900981120001,13.144605981],[80.287384645,13.1459847790001],[80.2870769090001,13.146031465],[80.286652862,13.1461464280001],[80.286170692,13.146089246],[80.2844144150001,13.145877361],[80.2843667210001,13.1458049410001],[80.284037116,13.145304461],[80.2837760300001,13.1451316980001],[80.2795656000001,13.142490019],[80.2787449740001,13.1419242320001],[80.2785258740001,13.1419230920001],[80.265019458,13.141361782],[80.2657642020001,13.1452371890001],[80.2657940930001,13.145392735],[80.266568668,13.1454140320001],[80.2664858640001,13.146135368],[80.2671192440001,13.1462296400001],[80.2676522680001,13.146828462],[80.2680718560001,13.1482402670001],[80.2683216240001,13.1483181740001],[80.268301116,13.1492243490001],[80.266317471,13.1491780060001],[80.266155487,13.149310799],[80.2669700000001,13.1514444810001],[80.267599816,13.153077544],[80.267522361,13.154343355],[80.268406548,13.1611118750001],[80.2684332420001,13.161362185],[80.2688492890001,13.161289299],[80.2691776020001,13.1612317820001],[80.2691714470001,13.1612502],[80.269112997,13.1613580060001],[80.2698123060001,13.1612298420001],[80.269849062,13.161216944],[80.2699169810001,13.161206776],[80.2718686600001,13.160914581],[80.2764322570001,13.1600876310001],[80.2776068780001,13.15983878],[80.2776308380001,13.160294655],[80.278426413,13.160187417],[80.2788929710001,13.1601903380001],[80.2793550230001,13.1605615600001],[80.282664578,13.163581247],[80.2869573340001,13.173525431],[80.2862787160001,13.1817975490001],[80.2908600630001,13.181514556],[80.2909814650001,13.1814882640001],[80.293899127,13.180484673],[80.2956601070001,13.1833257000001],[80.298730634,13.1879028170001],[80.299622098,13.1876606550001],[80.3004175080001,13.1899136440001],[80.3025486240001,13.191792735],[80.3025516490001,13.1930283080001],[80.3040747350001,13.1970313640001],[80.304977615,13.1976595240001],[80.3042304830001,13.197744653],[80.306885578,13.202877836],[80.3088128540001,13.207088965],[80.3082832110001,13.2109406920001],[80.3132465420001,13.2200695390001],[80.3135820200001,13.2206865430001],[80.3165284780001,13.227103014],[80.3177127170001,13.229647904],[80.3177931320001,13.2311069470001],[80.3237591710001,13.2323988430001],[80.3273293560001,13.235049055],[80.331379552,13.2338492100001],[80.331074539,13.232936355],[80.33149353,13.232327802],[80.330481687,13.2295518550001],[80.330271038,13.2291087730001],[80.3297199290001,13.227325459],[80.3289775710001,13.224591982],[80.3274104800001,13.219667262],[80.325817521,13.214705569],[80.325308684,13.2131150050001],[80.3251563910001,13.2125756030001],[80.3244136040001,13.209944692],[80.3238003450001,13.2076658440001],[80.3234729260001,13.2064285010001],[80.3229520360001,13.204487247],[80.321904477,13.200089609],[80.3210232440001,13.196476579],[80.319189088,13.189483485],[80.3185667120001,13.187470927],[80.3176213080001,13.18386349],[80.3172416510001,13.1826620950001],[80.3169468310001,13.181626065],[80.316135027,13.1789946490001],[80.31576456,13.1779476150001],[80.3149556980001,13.174062986],[80.314653197,13.172976186],[80.313185849,13.168474749],[80.31196386,13.1636022070001],[80.311111467,13.1602835310001],[80.310958025,13.159411806],[80.3096066240001,13.1552565710001],[80.3093717730001,13.1545250620001],[80.3076383060001,13.1493057370001],[80.3075832580001,13.1491399870001],[80.3033154890001,13.150424161],[80.303031321,13.1495287720001],[80.302769905,13.148738581],[80.302552066,13.148077696],[80.302406692,13.1476897380001],[80.3023850060001,13.147589199],[80.301932982,13.1468702610001],[80.2998838940001,13.1431904070001],[80.2997337510001,13.1432367900001],[80.2995730960001,13.1432623690001],[80.2992094520001,13.1433604320001],[80.299041091,13.143396904]]]},"properties":{"OBJECTID":14,"Name":"THIRUVOTTRIYUR","FolderPath":"GCC_ZONE_UPDATED","SymbolID":0,"AltMode":0,"Base":0,"Clamped":-1,"Extruded":0,"Snippet":"","PopupInfo":"","Shape__Area":0.0021177898192945577,"Shape__Length":0.27966483847558332}},{"type":"Feature","id":15,"geometry":{"type":"Polygon","coordinates":[[[80.2379324890001,12.8589360340001],[80.237170845,12.85905424],[80.236934331,12.859090872],[80.236921554,12.8590937020001],[80.236891783,12.859060997],[80.2366195810001,12.858757439],[80.236532352,12.858660087],[80.236494421,12.8586175460001],[80.23642807,12.8585444610001],[80.236276934,12.8583736210001],[80.2354398090001,12.8574347320001],[80.2352795420001,12.8571992720001],[80.2337674980001,12.8550612770001],[80.23333175,12.854442824],[80.2331845140001,12.854233853],[80.2320667390001,12.852094602],[80.2308786950001,12.8522582640001],[80.230137158,12.852264974],[80.22953979,12.8523751170001],[80.2263319570001,12.852341863],[80.219816984,12.852477435],[80.219900163,12.8541537560001],[80.2173240010001,12.854937235],[80.2171802170001,12.8558724590001],[80.2131494970001,12.8605272400001],[80.2126819900001,12.861787974],[80.2101843730001,12.8688664470001],[80.2088828170001,12.872534177],[80.2080442160001,12.8750151360001],[80.2083954550001,12.8756035070001],[80.210457181,12.879345782],[80.2106080140001,12.87956423],[80.2122992540001,12.8860680930001],[80.2125801020001,12.8877398720001],[80.2129906220001,12.8894317370001],[80.2132764310001,12.891279931],[80.213255851,12.896233119],[80.2139505160001,12.909281837],[80.2167992930001,12.9121037370001],[80.2187131910001,12.914618961],[80.219348149,12.915438523],[80.222551186,12.914659876],[80.2262979560001,12.913745792],[80.226649283,12.916524645],[80.2273516910001,12.920737043],[80.227792628,12.9237050080001],[80.2272707960001,12.9238865350001],[80.2276951570001,12.9263599540001],[80.228296238,12.9286907060001],[80.2289258810001,12.9312249750001],[80.229397825,12.934606268],[80.229863874,12.9379564540001],[80.230677857,12.9396740980001],[80.2310721060001,12.940506025],[80.2313330040001,12.9404921710001],[80.2318532200001,12.9416361410001],[80.2322828120001,12.9426888450001],[80.232712609,12.9434224010001],[80.2330456350001,12.946673839],[80.2333508770001,12.949783344],[80.2334127660001,12.9519174710001],[80.2334408740001,12.952701903],[80.2331618600001,12.9534211050001],[80.234589569,12.953591273],[80.2352200130001,12.9535785040001],[80.235254302,12.9537227920001],[80.2354797580001,12.953734793],[80.2354636100001,12.95359273],[80.2356278930001,12.953554304],[80.235766787,12.953709168],[80.235884259,12.95358399],[80.2363634920001,12.953584071],[80.236410801,12.953516162],[80.2372301030001,12.9535494090001],[80.237257281,12.9534710460001],[80.2376155170001,12.953461256],[80.238370129,12.953363918],[80.2388392620001,12.9532405320001],[80.2389847090001,12.9533293810001],[80.2393077900001,12.953130603],[80.2394216380001,12.953104018],[80.239835623,12.9529504270001],[80.2402869780001,12.9525907010001],[80.2411660170001,12.9523098180001],[80.2416591200001,12.952126637],[80.241890933,12.9519511140001],[80.242069814,12.951869388],[80.2418785740001,12.95141914],[80.243663037,12.9508256990001],[80.245588034,12.95006641],[80.246836516,12.949860326],[80.2465805260001,12.950963974],[80.2459532220001,12.9530286130001],[80.245981284,12.955662338],[80.245980939,12.9569037950001],[80.2459816950001,12.9586981190001],[80.2495678270001,12.9573268450001],[80.2502224570001,12.957823778],[80.250302031,12.957739706],[80.2509856340001,12.957767102],[80.251984394,12.957752591],[80.2520894180001,12.957797892],[80.252573371,12.95780276],[80.2525856140001,12.9573383860001],[80.253482896,12.9571696250001],[80.253554997,12.9571137780001],[80.258960136,12.9564387510001],[80.260842773,12.9564023830001],[80.261699659,12.956385826],[80.2623999210001,12.9563722930001],[80.262389451,12.9563373190001],[80.262910166,12.956344901],[80.2624594750001,12.953778686],[80.262099672,12.9521014920001],[80.2620073740001,12.9515646720001],[80.2618873200001,12.9510864220001],[80.261641469,12.949869259],[80.2614856230001,12.9490976910001],[80.261146936,12.9471206110001],[80.2605812410001,12.9438183120001],[80.260461696,12.943227042],[80.260289916,12.942377413],[80.259677626,12.939913011],[80.2595133770001,12.939160397],[80.2593278630001,12.9385365380001],[80.2590435330001,12.9367759460001],[80.2589545640001,12.936225033],[80.2589289570001,12.9360664700001],[80.2583030430001,12.932190652],[80.2583877690001,12.9321581360001],[80.2584209550001,12.931765441],[80.258074257,12.928557051],[80.2577973300001,12.925994286],[80.2577084000001,12.92517129],[80.2572088150001,12.9229636270001],[80.2572130830001,12.922842551],[80.256840068,12.919339506],[80.2564576080001,12.916683945],[80.2562756520001,12.9154661600001],[80.2561536580001,12.914649685],[80.255979304,12.913482763],[80.255356374,12.9076495370001],[80.2552712780001,12.90695392],[80.25520708,12.9064291290001],[80.2549099070001,12.9039998690001],[80.2546562680001,12.901957211],[80.254381429,12.8997353030001],[80.254121571,12.896899579],[80.2540743210001,12.896385079],[80.253676037,12.893326421],[80.253561672,12.8924481330001],[80.2531104610001,12.8883558540001],[80.2529284930001,12.8870087760001],[80.2528599060001,12.886501034],[80.2525718110001,12.884423569],[80.2524898390001,12.8838324600001],[80.2518216720001,12.87890222],[80.251617756,12.877237501],[80.251535866,12.8765264580001],[80.2515242090001,12.876425243],[80.2512344930001,12.8739410640001],[80.2512269630001,12.8738764930001],[80.2509873800001,12.872440372],[80.250712466,12.87058548],[80.250453194,12.8675703210001],[80.2500494180001,12.8646143240001],[80.2497372490001,12.862328927],[80.2492377870001,12.8580929560001],[80.2491309430001,12.8571237310001],[80.248608807,12.857102927],[80.2462579340001,12.857578016],[80.2408778340001,12.8586651960001],[80.239829796,12.858795801],[80.239735271,12.8586506520001],[80.2379324890001,12.8589360340001]]]},"properties":{"OBJECTID":15,"Name":"SHOZHANGANALLUR","FolderPath":"GCC_ZONE_UPDATED","SymbolID":0,"AltMode":0,"Base":0,"Clamped":-1,"Extruded":0,"Snippet":"","PopupInfo":"","Shape__Area":0.0035491675232606212,"Shape__Length":0.29493065150862563}},{"type":"Feature","id":16,"geometry":{"type":"Polygon","coordinates":[[[80.1886350130001,13.009552948],[80.1895177900001,13.0094243410001],[80.1898698140001,13.0101202340001],[80.1902169730001,13.011403612],[80.190371627,13.011863423],[80.1911303480001,13.0126313370001],[80.1914801840001,13.013091757],[80.191748911,13.01448972],[80.1919793430001,13.014485827],[80.1920503000001,13.014484628],[80.192705366,13.0144735590001],[80.1931044080001,13.0148966630001],[80.1931461410001,13.014940913],[80.1931496560001,13.014959576],[80.193621104,13.0174624740001],[80.1938689250001,13.0195934610001],[80.1940041920001,13.021068347],[80.1940836480001,13.0219432640001],[80.194181557,13.02302137],[80.1945578030001,13.02705603],[80.1945591320001,13.027172009],[80.1945601410001,13.0272601570001],[80.1944316700001,13.027437698],[80.1954352130001,13.0278644850001],[80.196328711,13.0282444690001],[80.196925691,13.028498347],[80.1978560030001,13.028451723],[80.1980417930001,13.0284424120001],[80.1984189330001,13.028423509],[80.1986365980001,13.0284126],[80.1991847200001,13.028385126],[80.1995158390001,13.028368529],[80.199721998,13.0283581960001],[80.2000051140001,13.0283440040001],[80.2001356360001,13.028337461],[80.2002677280001,13.02833084],[80.200221776,13.0280786060001],[80.200148433,13.027676017],[80.1990878620001,13.021769636],[80.198890894,13.0206682400001],[80.1988669680001,13.0205525000001],[80.1986591830001,13.019264645],[80.1985351660001,13.018504545],[80.1984668790001,13.0181564920001],[80.1984528180001,13.018053885],[80.198349078,13.0178411910001],[80.197972706,13.014901825],[80.198826995,13.0144961010001],[80.19886346,13.0144906510001],[80.1996457700001,13.0142528150001],[80.1996819350001,13.0142457000001],[80.2010150080001,13.013923504],[80.202377771,13.013557194],[80.202379266,13.013556652],[80.2023806440001,13.0135558650001],[80.2023818630001,13.0135548580001],[80.2023828860001,13.0135536600001],[80.202383684,13.0135523070001],[80.202384233,13.0135508390001],[80.2023845150001,13.0135493010001],[80.2023845240001,13.0135477380001],[80.2023842570001,13.013546197],[80.202272592,13.013125396],[80.2038470100001,13.0126626790001],[80.203853204,13.0126514460001],[80.203810849,13.0125114210001],[80.2037456260001,13.0122673930001],[80.2036735600001,13.011879026],[80.203615756,13.0115099110001],[80.2035832830001,13.011123335],[80.2035575640001,13.0103343500001],[80.203717785,13.007638382],[80.2038424670001,13.007007555],[80.2039843370001,13.006481009],[80.203785747,13.0063787890001],[80.2032948080001,13.0060790310001],[80.203234771,13.0060429500001],[80.2032199160001,13.0060320440001],[80.2032298660001,13.005974506],[80.2032177190001,13.005951758],[80.2031740680001,13.0058632080001],[80.2031585730001,13.005834253],[80.2030829730001,13.005825487],[80.2029388560001,13.005805805],[80.2027397940001,13.0057781140001],[80.2026959350001,13.0057738720001],[80.20260132,13.005763066],[80.202521673,13.005740089],[80.2025063510001,13.005730892],[80.2023975290001,13.005676201],[80.202264196,13.005608856],[80.2021683300001,13.005564173],[80.202160275,13.005561562],[80.202151379,13.0055615790001],[80.2020803570001,13.005525415],[80.2019855840001,13.005478558],[80.201987853,13.0053887130001],[80.2019933980001,13.00520497],[80.202000566,13.0050049560001],[80.2020040450001,13.0048454020001],[80.2020093960001,13.004702078],[80.202088782,13.00469084],[80.2023016040001,13.004661173],[80.2023044630001,13.0046590630001],[80.2023154010001,13.004638001],[80.2023303930001,13.00457491],[80.2023534580001,13.004485806],[80.2023683890001,13.0044259430001],[80.202339502,13.004422489],[80.2023015820001,13.0044382250001],[80.202299936,13.00434576],[80.2022987770001,13.004255514],[80.202297404,13.004166694],[80.2022941690001,13.0040202430001],[80.2023740010001,13.004020955],[80.202376288,13.0039447660001],[80.202381566,13.0037872570001],[80.20238362,13.0036880710001],[80.2023876750001,13.003579863],[80.2023863040001,13.0035630630001],[80.2023842740001,13.0034822160001],[80.2024943260001,13.0034904830001],[80.2026120310001,13.003492748],[80.20272557,13.003493931],[80.202897835,13.0035007650001],[80.2028995350001,13.0033919270001],[80.2029023440001,13.0033173470001],[80.202901538,13.0032886830001],[80.2029016970001,13.00324303],[80.2029003970001,13.0032009290001],[80.202899432,13.003170396],[80.202901002,13.003136651],[80.2028969980001,13.0030874720001],[80.202893852,13.0030354950001],[80.2028261290001,13.003024662],[80.20274249,13.0030147190001],[80.202673921,13.003012074],[80.202635651,13.0030117850001],[80.2026304460001,13.003003774],[80.2025617150001,13.0030036860001],[80.202550564,13.003001372],[80.2025268680001,13.002997975],[80.2024934030001,13.0029927090001],[80.2024498160001,13.002987273],[80.202423282,13.002984767],[80.2023627500001,13.002980178],[80.2022844640001,13.0029738590001],[80.202250973,13.002970884],[80.2022485310001,13.002962929],[80.2021690670001,13.002963],[80.2021420090001,13.002963424],[80.202103149,13.0029599970001],[80.2020321730001,13.0029550850001],[80.2019694730001,13.0029505430001],[80.2019687910001,13.0028890790001],[80.2019641950001,13.002728145],[80.2019611050001,13.002618888],[80.2019581470001,13.002537116],[80.201955883,13.002431947],[80.2019552730001,13.002421171],[80.20197561,13.002418457],[80.2019746460001,13.002355591],[80.2019763530001,13.0021598500001],[80.2019759760001,13.002138561],[80.2019789220001,13.002124574],[80.201979754,13.0020553790001],[80.20198099,13.001979378],[80.2019821540001,13.001924355],[80.2019823320001,13.0018727570001],[80.2019831000001,13.0018090400001],[80.2019847220001,13.0017144920001],[80.2019763230001,13.001507039],[80.201987864,13.0014906380001],[80.2019857430001,13.001419544],[80.2019611970001,13.001316791],[80.2019554870001,13.0012900310001],[80.2019518490001,13.001232967],[80.2019450610001,13.001161799],[80.2019362790001,13.001039442],[80.2019290750001,13.000970979],[80.201925917,13.0009287840001],[80.2018102700001,13.0009366260001],[80.201503824,13.000959204],[80.201508055,13.0009260800001],[80.201514527,13.0008833520001],[80.201510403,13.0008216690001],[80.201505565,13.0007335650001],[80.201499702,13.0005998720001],[80.2014934330001,13.000490056],[80.201487355,13.0004062090001],[80.2014712020001,13.0003985930001],[80.2014616170001,13.0002727030001],[80.201433911,13.0002823240001],[80.201403579,13.000294872],[80.201363643,13.000294443],[80.201301706,13.0002933440001],[80.201197758,13.000292621],[80.2011820480001,13.000295985],[80.201145528,13.000300211],[80.2011191890001,13.0003028080001],[80.2010525650001,13.0003127100001],[80.2010159420001,13.0003171060001],[80.2009649030001,13.000317373],[80.200868336,13.000320157],[80.2008127540001,13.000321474],[80.2007352350001,13.000323619],[80.200644244,13.0003257060001],[80.200624319,13.000325843],[80.2006018050001,13.000329042],[80.2005418080001,13.000332026],[80.2004844370001,13.000333826],[80.2004858230001,13.0003038020001],[80.200486111,13.000245718],[80.2004859910001,13.0001608970001],[80.2004853460001,13.0000919300001],[80.2004863270001,12.999982964],[80.2004867420001,12.9999350570001],[80.2004871350001,12.999861256],[80.200487664,12.999825211],[80.200487867,12.999760349],[80.200487675,12.9996966840001],[80.200487706,12.9996321400001],[80.2004882260001,12.9995747140001],[80.2004879980001,12.9995327570001],[80.2004869070001,12.999469495],[80.2004873810001,12.999343525],[80.200486669,12.999294809],[80.200487308,12.999278266],[80.2004865120001,12.999270134],[80.2004874340001,12.999247159],[80.200486234,12.999212943],[80.2004868060001,12.9991483110001],[80.200486362,12.9990596170001],[80.200484401,12.99893575],[80.2005276680001,12.998934692],[80.2005535970001,12.998933451],[80.2005581270001,12.998868337],[80.200560856,12.9988189050001],[80.200565414,12.998741308],[80.2005708190001,12.9986466610001],[80.200571015,12.998592365],[80.200539398,12.998600793],[80.2005060820001,12.998612027],[80.200460901,12.9986271330001],[80.2003959130001,12.9986300750001],[80.2003108370001,12.998631985],[80.2002063640001,12.9986355250001],[80.2001553900001,12.9986378040001],[80.2001245810001,12.998639262],[80.200076417,12.9986412580001],[80.2000170220001,12.9986424590001],[80.1999456180001,12.998645402],[80.1999169370001,12.9986468990001],[80.1998394680001,12.998649917],[80.1997724020001,12.9986524020001],[80.1997199530001,12.9986541850001],[80.1996782420001,12.9986550040001],[80.1996141970001,12.998652054],[80.199550441,12.9986488540001],[80.1994152990001,12.998642999],[80.199324657,12.9986396530001],[80.199199004,12.998634441],[80.199092336,12.998630291],[80.1989856740001,12.9986265220001],[80.1988937570001,12.998622445],[80.198850937,12.9986215330001],[80.1988287940001,12.9986214090001],[80.198769149,12.9986191460001],[80.1987508970001,12.99861708],[80.1987042520001,12.9986157590001],[80.1986448690001,12.998612709],[80.1985945310001,12.9986099880001],[80.1985938440001,12.9985880680001],[80.198590429,12.9985435140001],[80.198585629,12.998487042],[80.1985830300001,12.9984420220001],[80.1986342320001,12.9984426520001],[80.198634971,12.9984277790001],[80.1986386280001,12.998397546],[80.1986399020001,12.9983785210001],[80.1986380980001,12.998319398],[80.1986350190001,12.9982382700001],[80.198634569,12.9982027180001],[80.1986346020001,12.9981249740001],[80.198633279,12.9980534470001],[80.1986325980001,12.9980072550001],[80.1986112810001,12.9980073560001],[80.1986091220001,12.9979823360001],[80.1986028650001,12.9979219690001],[80.198598028,12.997862549],[80.198590568,12.997775212],[80.198585635,12.9977209680001],[80.1985815850001,12.9976745120001],[80.1985782990001,12.9976237870001],[80.1985738880001,12.9975993800001],[80.198572578,12.9975727890001],[80.198568337,12.9975254180001],[80.1985667710001,12.997513025],[80.198563892,12.997478793],[80.1985611380001,12.9974568000001],[80.1985573520001,12.997423547],[80.1985548630001,12.99734864],[80.1985466350001,12.997216553],[80.1985456310001,12.9971813670001],[80.1985443390001,12.997165002],[80.1985164420001,12.99705965],[80.1980645720001,12.997081816],[80.1974932780001,12.997079038],[80.19735044,12.997082483],[80.1972245630001,12.997086476],[80.1970218700001,12.9970942740001],[80.196990145,12.997082554],[80.196815293,12.997078249],[80.1967993050001,12.997066224],[80.196706308,12.997061095],[80.1966246360001,12.997053399],[80.196567697,12.997040629],[80.1962761670001,12.9970122130001],[80.196127914,12.9969996780001],[80.195934901,12.996977053],[80.1958701870001,12.99696906],[80.1955875,12.9969491900001],[80.1952747710001,12.9969210300001],[80.195176959,12.9969140060001],[80.194959091,12.9968960160001],[80.19449145,12.9968897140001],[80.194218477,12.9968507990001],[80.1938657100001,12.996792928],[80.1935196760001,12.996730228],[80.193432928,12.996716941],[80.1932064360001,12.99668225],[80.193158284,12.996660954],[80.1926863140001,12.9965685450001],[80.192648895,12.9965959260001],[80.191910223,12.9964121520001],[80.1913594230001,12.9962725950001],[80.1904998860001,12.996068919],[80.1903089510001,12.996021908],[80.1900237400001,12.995959742],[80.1897725740001,12.9958775640001],[80.189480868,12.9957599590001],[80.189121119,12.9955727180001],[80.188844137,12.995439033],[80.1880917700001,12.995087584],[80.1875522080001,12.9948322770001],[80.187296313,12.9947125190001],[80.1869194550001,12.9945304620001],[80.1868444570001,12.994482998],[80.1856590770001,12.9938767510001],[80.185499722,12.9938036930001],[80.1854045840001,12.9931525390001],[80.1852927740001,12.9927772],[80.1848419900001,12.99118257],[80.184872834,12.990897982],[80.1848795230001,12.990874626],[80.184785554,12.9904429700001],[80.184946805,12.990180101],[80.1849948180001,12.990405077],[80.1851366330001,12.9898420850001],[80.1852333840001,12.9894606230001],[80.1841850750001,12.9889148880001],[80.1842678770001,12.9886421250001],[80.184225563,12.988625128],[80.1839617430001,12.988512928],[80.1838912370001,12.988496264],[80.183815956,12.9884575470001],[80.1837323,12.988425192],[80.1835994730001,12.988358389],[80.183545059,12.988318325],[80.1834744400001,12.9882956330001],[80.183363742,12.988245439],[80.1833248630001,12.98823423],[80.183208725,12.9881842950001],[80.1831592770001,12.988176996],[80.182720261,12.9879767620001],[80.1825035580001,12.9878837640001],[80.1820698970001,12.9876960070001],[80.1820176940001,12.9876756740001],[80.181708912,12.987536687],[80.1814785820001,12.987425859],[80.181445357,12.987477938],[80.1809093580001,12.9871998670001],[80.1798369090001,12.987346713],[80.1791621350001,12.987321642],[80.1788246660001,12.987666528],[80.1783193960001,12.9885868320001],[80.178375675,12.988728671],[80.1783457590001,12.9890024440001],[80.177844587,12.988834776],[80.175675122,12.9902154100001],[80.1739862890001,12.99138205],[80.176353743,12.9942381820001],[80.1766325070001,12.994567643],[80.1768947350001,12.9948094690001],[80.1772367560001,12.9952735730001],[80.17596308,12.999588509],[80.1773565120001,13.0009458700001],[80.1817494620001,13.005067234],[80.1827588780001,13.0061102600001],[80.1837322920001,13.007145958],[80.185119511,13.007714756],[80.1856568270001,13.008264404],[80.186260448,13.0083201300001],[80.1863981440001,13.008059374],[80.187851687,13.008959211],[80.1878989890001,13.0089884940001],[80.1879034020001,13.0089918780001],[80.1886350130001,13.009552948]]]},"properties":{"OBJECTID":16,"Name":"Placemark","FolderPath":"GCC_ZONE_UPDATED","SymbolID":0,"AltMode":0,"Base":0,"Clamped":-1,"Extruded":0,"Snippet":"","PopupInfo":"","Shape__Area":0.00049321127971779788,"Shape__Length":0.12865178109208902}}]}