{
  "type":"FeatureCollection",
  "features":[
    {
      "type":"Feature",
      "properties":{
        "osm_type":"node",
        "osm_id":335503095,
        "name":"Corporation Ward 152 Office",
        "office":"government",
        "workforce_capacity":null,
        "omr_it_corridor_candidate":false,
        "osm_tags":{
          "name":"Corporation Ward 152 Office",
          "office":"government"
        }
      },
      "geometry":{
        "type":"Point",
        "coordinates":[
          80.2614478,
          12.9978776
        ]
      }
    },
    {
      "type":"Feature",
      "properties":{
        "osm_type":"node",
        "osm_id":340890453,
        "name":"Ward 155 Corporation Office",
        "office":"government",
        "workforce_capacity":null,
        "omr_it_corridor_candidate":false,
        "osm_tags":{
          "name":"Ward 155 Corporation Office",
          "office":"government"
        }
      },
      "geometry":{
        "type":"Point",
        "coordinates":[
          80.2593534,
          12.9859085
        ]
      }
    },
    {
      "type":"Feature",
      "properties":{
        "osm_type":"node",
        "osm_id":343729097,
        "name":"Sri Lankan High Commission",
        "office":"diplomatic",
        "workforce_capacity":null,
        "omr_it_corridor_candidate":false,
        "osm_tags":{
          "country":"LK",
          "diplomatic":"embassy",
          "embassy":"high_commission",
          "name":"Sri Lankan High Commission",
          "office":"diplomatic"
        }
      },
      "geometry":{
        "type":"Point",
        "coordinates":[
          80.2581688,
          13.0440148
        ]
      }
    },
    {
      "type":"Feature",
      "properties":{
        "osm_type":"node",
        "osm_id":365983844,
        "name":"Wipro CDC3",
        "office":"company",
        "workforce_capacity":null,
        "omr_it_corridor_candidate":false,
        "osm_tags":{
          "landuse":"commercial",
          "name":"Wipro CDC3",
          "office":"company"
        }
      },
      "geometry":{
        "type":"Point",
        "coordinates":[
          80.2203957,
          13.0144099
        ]
      }
    },
    {
      "type":"Feature",
      "properties":{
        "osm_type":"node",
        "osm_id":365983846,
        "name":"iGATE",
        "office":"company",
        "workforce_capacity":null,
        "omr_it_corridor_candidate":false,
        "osm_tags":{
          "landuse":"commercial",
          "name":"iGATE",
          "office":"company"
        }
      },
      "geometry":{
        "type":"Point",
        "coordinates":[
          80.2204402,
          13.0137159
        ]
      }
    },
    {
      "type":"Feature",
      "properties":{
        "osm_type":"node",
        "osm_id":365983847,
        "name":"Wipro CDC1",
        "office":"company",
        "workforce_capacity":null,
        "omr_it_corridor_candidate":false,
        "osm_tags":{
          "landuse":"commercial",
          "name":"Wipro CDC1",
          "office":"company"
        }
      },
      "geometry":{
        "type":"Point",
        "coordinates":[
          80.2204721,
          13.0126016
        ]
      }
    },
    {
      "type":"Feature",
      "properties":{
        "osm_type":"node",
        "osm_id":366488527,
        "name":"Akshaya Shanthi",
        "office":"it",
        "workforce_capacity":null,
        "omr_it_corridor_candidate":false,
        "osm_tags":{
          "addr:street":"27/44, Mount Road, 27/44, Anna Salai, Border Thottam, Padupakkam, Triplicane, Chennai, Tamil Nadu 600002",
          "name":"Akshaya Shanthi",
          "office":"it",
          "phone":"88704 81818",
          "website":"https://www.akshaya.com/"
        }
      },
      "geometry":{
        "type":"Point",
        "coordinates":[
          80.2712598,
          13.0671507
        ]
      }
    },
    {
      "type":"Feature",
      "properties":{
        "osm_type":"node",
        "osm_id":366857802,
        "name":"Regional Meteorological Centre - IMD Chennai",
        "office":"government",
        "workforce_capacity":null,
        "omr_it_corridor_candidate":false,
        "osm_tags":{
          "addr:city":"chennai",
          "addr:housenumber":"old.no - 50, new no. - 6",
          "addr:postcode":"600006",
          "addr:street":"College Road",
          "name":"Regional Meteorological Centre - IMD Chennai",
          "office":"government"
        }
      },
      "geometry":{
        "type":"Point",
        "coordinates":[
          80.2470849,
          13.0685381
        ]
      }
    },
    {
      "type":"Feature",
      "properties":{
        "osm_type":"node",
        "osm_id":370142855,
        "name":"RTO Office KK Nagar",
        "office":"government",
        "workforce_capacity":null,
        "omr_it_corridor_candidate":false,
        "osm_tags":{
          "name":"RTO Office KK Nagar",
          "office":"government"
        }
      },
      "geometry":{
        "type":"Point",
        "coordinates":[
          80.2091556,
          13.0322794
        ]
      }
    },
    {
      "type":"Feature",
      "properties":{
        "osm_type":"node",
        "osm_id":378691589,
        "name":"Institute of Chartered Accountants of India",
        "office":"financial",
        "workforce_capacity":null,
        "omr_it_corridor_candidate":false,
        "osm_tags":{
          "landuse":"commercial",
          "name":"Institute of Chartered Accountants of India",
          "office":"financial"
        }
      },
      "geometry":{
        "type":"Point",
        "coordinates":[
          80.2492361,
          13.056195
        ]
      }
    },
    {
      "type":"Feature",
      "properties":{
        "osm_type":"node",
        "osm_id":378691595,
        "name":"Austria",
        "office":"diplomatic",
        "workforce_capacity":null,
        "omr_it_corridor_candidate":false,
        "osm_tags":{
          "country":"AT",
          "diplomatic":"embassy",
          "embassy":"yes",
          "name":"Austria",
          "name:fr":"Ambassade d'Autriche",
          "office":"diplomatic",
          "phone":"(+91) 44 2833 4501/2",
          "target":"IN"
        }
      },
      "geometry":{
        "type":"Point",
        "coordinates":[
          80.2483643,
          13.0588864
        ]
      }
    },
    {
      "type":"Feature",
      "properties":{
        "osm_type":"node",
        "osm_id":386002550,
        "name":"Russia",
        "office":"diplomatic",
        "workforce_capacity":null,
        "omr_it_corridor_candidate":false,
        "osm_tags":{
          "country":"RU",
          "diplomatic":"embassy",
          "embassy":"yes",
          "fixme":"diplomatic=consulate/embassy/*?",
          "name":"Russia",
          "office":"diplomatic"
        }
      },
      "geometry":{
        "type":"Point",
        "coordinates":[
          80.2462621,
          13.0321643
        ]
      }
    },
    {
      "type":"Feature",
      "properties":{
        "osm_type":"node",
        "osm_id":415650790,
        "name":"Mylapore Telephone Exchange",
        "office":"company",
        "workforce_capacity":null,
        "omr_it_corridor_candidate":false,
        "osm_tags":{
          "building":"yes",
          "name":"Mylapore Telephone Exchange",
          "office":"company"
        }
      },
      "geometry":{
        "type":"Point",
        "coordinates":[
          80.2635487,
          13.0376821
        ]
      }
    },
    {
      "type":"Feature",
      "properties":{
        "osm_type":"node",
        "osm_id":432468226,
        "name":"AU-KBC Research Centre",
        "office":"research",
        "workforce_capacity":null,
        "omr_it_corridor_candidate":false,
        "osm_tags":{
          "name":"AU-KBC Research Centre",
          "office":"research",
          "website":"https://www.au-kbc.org/"
        }
      },
      "geometry":{
        "type":"Point",
        "coordinates":[
          80.1410933,
          12.9479808
        ]
      }
    },
    {
      "type":"Feature",
      "properties":{
        "osm_type":"node",
        "osm_id":941426010,
        "name":"Election Commission Office",
        "office":"government",
        "workforce_capacity":null,
        "omr_it_corridor_candidate":false,
        "osm_tags":{
          "landuse":"commercial",
          "name":"Election Commission Office",
          "office":"government"
        }
      },
      "geometry":{
        "type":"Point",
        "coordinates":[
          80.2064345,
          13.0696251
        ]
      }
    },
    {
      "type":"Feature",
      "properties":{
        "osm_type":"node",
        "osm_id":959586453,
        "name":"Hafiz Court",
        "office":"iSOFT",
        "workforce_capacity":null,
        "omr_it_corridor_candidate":false,
        "osm_tags":{
          "name":"Hafiz Court",
          "office":"iSOFT"
        }
      },
      "geometry":{
        "type":"Point",
        "coordinates":[
          80.2467016,
          13.0527045
        ]
      }
    },
    {
      "type":"Feature",
      "properties":{
        "osm_type":"node",
        "osm_id":959607555,
        "name":"Shafika",
        "office":"Zealous_Services",
        "workforce_capacity":null,
        "omr_it_corridor_candidate":false,
        "osm_tags":{
          "addr:city":"Chennai",
          "addr:housenumber":"17",
          "addr:postcode":"600034",
          "addr:street":"kodambakkam High Road",
          "name":"Shafika",
          "office":"Zealous_Services"
        }
      },
      "geometry":{
        "type":"Point",
        "coordinates":[
          80.2470166,
          13.0526572
        ]
      }
    },
    {
      "type":"Feature",
      "properties":{
        "osm_type":"node",
        "osm_id":1180504483,
        "name":"Corporate Media Men Advertising Ltd",
        "office":"advertising_agency",
        "workforce_capacity":null,
        "omr_it_corridor_candidate":false,
        "osm_tags":{
          "addr:city":"Chennai",
          "addr:housenumber":"HARIRAM",
          "addr:interpolation":"37/9",
          "addr:postcode":"600 006",
          "addr:street":"4th Collage Road",
          "name":"Corporate Media Men Advertising Ltd",
          "office":"advertising_agency"
        }
      },
      "geometry":{
        "type":"Point",
        "coordinates":[
          80.2523404,
          13.0673587
        ]
      }
    },
    {
      "type":"Feature",
      "properties":{
        "osm_type":"node",
        "osm_id":1664155551,
        "name":"Wheels India Limited",
        "office":"company",
        "workforce_capacity":null,
        "omr_it_corridor_candidate":false,
        "osm_tags":{
          "building":"yes",
          "name":"Wheels India Limited",
          "office":"company"
        }
      },
      "geometry":{
        "type":"Point",
        "coordinates":[
          80.1930428,
          13.1021032
        ]
      }
    },
    {
      "type":"Feature",
      "properties":{
        "osm_type":"node",
        "osm_id":1664155552,
        "name":"Brakes India Limited",
        "office":"company",
        "workforce_capacity":null,
        "omr_it_corridor_candidate":false,
        "osm_tags":{
          "building":"yes",
          "name":"Brakes India Limited",
          "office":"company"
        }
      },
      "geometry":{
        "type":"Point",
        "coordinates":[
          80.1909828,
          13.1017165
        ]
      }
    },
    {
      "type":"Feature",
      "properties":{
        "osm_type":"node",
        "osm_id":1664155553,
        "name":"Sundaram Clayton",
        "office":"company",
        "workforce_capacity":null,
        "omr_it_corridor_candidate":false,
        "osm_tags":{
          "building":"yes",
          "name":"Sundaram Clayton",
          "office":"company"
        }
      },
      "geometry":{
        "type":"Point",
        "coordinates":[
          80.1925224,
          13.1020143
        ]
      }
    },
    {
      "type":"Feature",
      "properties":{
        "osm_type":"node",
        "osm_id":1723635344,
        "name":null,
        "office":"Transparent Chennai",
        "workforce_capacity":null,
        "omr_it_corridor_candidate":false,
        "osm_tags":{
          "office":"Transparent Chennai"
        }
      },
      "geometry":{
        "type":"Point",
        "coordinates":[
          80.242457,
          12.9908849
        ]
      }
    },
    {
      "type":"Feature",
      "properties":{
        "osm_type":"node",
        "osm_id":1917378397,
        "name":"Lucas TVS Limited",
        "office":"company",
        "workforce_capacity":null,
        "omr_it_corridor_candidate":false,
        "osm_tags":{
          "building":"yes",
          "name":"Lucas TVS Limited",
          "office":"company"
        }
      },
      "geometry":{
        "type":"Point",
        "coordinates":[
          80.1893593,
          13.1011835
        ]
      }
    },
    {
      "type":"Feature",
      "properties":{
        "osm_type":"node",
        "osm_id":1917378398,
        "name":"Sundaram Brake Lining",
        "office":"company",
        "workforce_capacity":null,
        "omr_it_corridor_candidate":false,
        "osm_tags":{
          "building":"yes",
          "name":"Sundaram Brake Lining",
          "office":"company"
        }
      },
      "geometry":{
        "type":"Point",
        "coordinates":[
          80.1914657,
          13.1098935
        ]
      }
    },
    {
      "type":"Feature",
      "properties":{
        "osm_type":"node",
        "osm_id":1977806954,
        "name":"Sundaram Fasteners",
        "office":"company",
        "workforce_capacity":null,
        "omr_it_corridor_candidate":false,
        "osm_tags":{
          "building":"yes",
          "name":"Sundaram Fasteners",
          "office":"company"
        }
      },
      "geometry":{
        "type":"Point",
        "coordinates":[
          80.1895988,
          13.1088481
        ]
      }
    },
    {
      "type":"Feature",
      "properties":{
        "osm_type":"node",
        "osm_id":1990726913,
        "name":"Krishnamurthi Foundation of India",
        "office":"ngo",
        "workforce_capacity":null,
        "omr_it_corridor_candidate":false,
        "osm_tags":{
          "name":"Krishnamurthi Foundation of India",
          "office":"ngo"
        }
      },
      "geometry":{
        "type":"Point",
        "coordinates":[
          80.2569717,
          13.0191213
        ]
      }
    },
    {
      "type":"Feature",
      "properties":{
        "osm_type":"node",
        "osm_id":2017710578,
        "name":"Centre of Excellence in Wireless Technology",
        "office":"research",
        "workforce_capacity":null,
        "omr_it_corridor_candidate":false,
        "osm_tags":{
          "addr:city":"Chennai",
          "addr:housename":"IIT Research Park",
          "addr:housenumber":"CEWiT, 3rd Floor",
          "addr:postcode":"600113",
          "addr:street":"Kanagam road, Taramani",
          "alt_name":"CEWiT",
          "comment":"Office of CEWiT",
          "email":"admin@cewit.org.in",
          "fax":"+91-44-6646 9200",
          "layer":"3",
          "name":"Centre of Excellence in Wireless Technology",
          "office":"research",
          "opening_hours":"Mo-Fr 10:00-17:00",
          "phone":"+91-44-66469201",
          "wikidata":"Q5065763",
          "wikipedia":"en:Cewit"
        }
      },
      "geometry":{
        "type":"Point",
        "coordinates":[
          80.2424547,
          12.9909554
        ]
      }
    },
    {
      "type":"Feature",
      "properties":{
        "osm_type":"node",
        "osm_id":2017711276,
        "name":"Reliance Telecom Center of Excellence",
        "office":"telecommunication",
        "workforce_capacity":null,
        "omr_it_corridor_candidate":false,
        "osm_tags":{
          "addr:city":"Chennai",
          "addr:housename":"IIT Research Park",
          "addr:housenumber":"RITCO, 3rd Floor",
          "addr:street":"Kanagam road, Taramani",
          "comment":"RITCOE",
          "layer":"3",
          "name":"Reliance Telecom Center of Excellence",
          "office":"telecommunication"
        }
      },
      "geometry":{
        "type":"Point",
        "coordinates":[
          80.2426261,
          12.9909491
        ]
      }
    },
    {
      "type":"Feature",
      "properties":{
        "osm_type":"node",
        "osm_id":2442528616,
        "name":"Vinzas Solutions India Private Limited",
        "office":"it",
        "workforce_capacity":null,
        "omr_it_corridor_candidate":false,
        "osm_tags":{
          "name":"Vinzas Solutions India Private Limited",
          "office":"it",
          "website":"https://www.vinzasolutions.com/"
        }
      },
      "geometry":{
        "type":"Point",
        "coordinates":[
          80.2155527,
          13.0853329
        ]
      }
    },
    {
      "type":"Feature",
      "properties":{
        "osm_type":"node",
        "osm_id":2475523033,
        "name":"Sithalapakkam Panchayat Office",
        "office":"government",
        "workforce_capacity":null,
        "omr_it_corridor_candidate":false,
        "osm_tags":{
          "name":"Sithalapakkam Panchayat Office",
          "name:ta":"சித்தாளப்பாக்கம் பஞ்சாயத்து அலுவலகம்",
          "office":"government"
        }
      },
      "geometry":{
        "type":"Point",
        "coordinates":[
          80.1843505,
          12.8872649
        ]
      }
    },
    {
      "type":"Feature",
      "properties":{
        "osm_type":"node",
        "osm_id":2562495656,
        "name":"Service Integrator",
        "office":"telecommunication",
        "workforce_capacity":null,
        "omr_it_corridor_candidate":false,
        "osm_tags":{
          "addr:city":"chennai",
          "addr:housenumber":"1",
          "addr:street":"Alwarpet",
          "currency:XBT":"yes",
          "name":"Service Integrator",
          "office":"telecommunication",
          "payment:onchain":"yes",
          "survey:date":"2023-04-23",
          "website":"http://gcl.in/"
        }
      },
      "geometry":{
        "type":"Point",
        "coordinates":[
          80.2505994,
          13.0336562
        ]
      }
    },
    {
      "type":"Feature",
      "properties":{
        "osm_type":"node",
        "osm_id":2564083944,
        "name":"Visionation Property Care",
        "office":"estate_agent",
        "workforce_capacity":null,
        "omr_it_corridor_candidate":false,
        "osm_tags":{
          "addr:city":"Egmore",
          "addr:housename":"Cisons Complex",
          "addr:housenumber":"77",
          "addr:postcode":"600008",
          "addr:street":"Montieth Road",
          "email":"info@visionation.in",
          "name":"Visionation Property Care",
          "name:en":"Visionation Property Care",
          "note":"Site investigation, Patta, Document Registration, Document Verification, Land Survey, Pathway and entrance investigation, Legal Opinion, Property Construction Property Investigation, EC NOC Property Tax Assessment",
          "office":"estate_agent",
          "phone":"044 6555 6333",
          "website":"https://www.visionation.in/"
        }
      },
      "geometry":{
        "type":"Point",
        "coordinates":[
          80.2568372,
          13.0686478
        ]
      }
    },
    {
      "type":"Feature",
      "properties":{
        "osm_type":"node",
        "osm_id":2651399932,
        "name":"GlobalEnglish India Pvt Ltd.",
        "office":"it",
        "workforce_capacity":null,
        "omr_it_corridor_candidate":false,
        "osm_tags":{
          "addr:city":"Chennai",
          "addr:housename":"DLF IT Park",
          "addr:postcode":"600089",
          "addr:street":"Mount Poonamallee Highway",
          "addr:unit":"6th Floor, Block 10",
          "name":"GlobalEnglish India Pvt Ltd.",
          "office":"it",
          "opening_hours":"09:30-18:30",
          "phone":"+91 44 4564 1111",
          "website":"https://globalenglish.com/",
          "wheelchair":"yes",
          "wikidata":"Q5570041",
          "wikipedia":"en:GlobalEnglish"
        }
      },
      "geometry":{
        "type":"Point",
        "coordinates":[
          80.1735506,
          13.021339
        ]
      }
    },
    {
      "type":"Feature",
      "properties":{
        "osm_type":"node",
        "osm_id":2690929388,
        "name":null,
        "office":"company",
        "workforce_capacity":null,
        "omr_it_corridor_candidate":false,
        "osm_tags":{
          "addr:city":"Chennai",
          "addr:postcode":"600089",
          "addr:street":"Mugalivakkam",
          "office":"company",
          "website":"https://www.zoho.com",
          "wikidata":"Q8063247",
          "wikimedia_commons":"Category:Zoho Corporation",
          "wikipedia":"en:ZOHO Corporation"
        }
      },
      "geometry":{
        "type":"Point",
        "coordinates":[
          80.1734986,
          13.0229686
        ]
      }
    },
    {
      "type":"Feature",
      "properties":{
        "osm_type":"node",
        "osm_id":2794065478,
        "name":"BSNL Customer Service Center",
        "office":"government",
        "workforce_capacity":null,
        "omr_it_corridor_candidate":false,
        "osm_tags":{
          "addr:area":"Kodambakkam",
          "building":"yes",
          "name":"BSNL Customer Service Center",
          "office":"government"
        }
      },
      "geometry":{
        "type":"Point",
        "coordinates":[
          80.2212493,
          13.0539022
        ]
      }
    },
    {
      "type":"Feature",
      "properties":{
        "osm_type":"node",
        "osm_id":2799328224,
        "name":"MOTOR FINANCE CORPORATION ",
        "office":"financial",
        "workforce_capacity":null,
        "omr_it_corridor_candidate":false,
        "osm_tags":{
          "addr:city":"Chennai",
          "addr:housenumber":"55",
          "addr:postcode":"600008",
          "addr:street":"Adithanar Road",
          "name":"MOTOR FINANCE CORPORATION ",
          "office":"financial"
        }
      },
      "geometry":{
        "type":"Point",
        "coordinates":[
          80.2623858,
          13.0723565
        ]
      }
    },
    {
      "type":"Feature",
      "properties":{
        "osm_type":"node",
        "osm_id":2815428501,
        "name":"NIIT Nungambakkam",
        "office":"educational_institution",
        "workforce_capacity":null,
        "omr_it_corridor_candidate":false,
        "osm_tags":{
          "name":"NIIT Nungambakkam",
          "office":"educational_institution"
        }
      },
      "geometry":{
        "type":"Point",
        "coordinates":[
          80.2461155,
          13.0612432
        ]
      }
    },
    {
      "type":"Feature",
      "properties":{
        "osm_type":"node",
        "osm_id":2850520626,
        "name":"चेन्नई में जापान के वाणिज्य दूतावास जनरल",
        "office":"diplomatic",
        "workforce_capacity":null,
        "omr_it_corridor_candidate":false,
        "osm_tags":{
          "consulate":"consulate_general",
          "country":"JP",
          "diplomatic":"consulate",
          "name":"चेन्नई में जापान के वाणिज्य दूतावास जनरल",
          "name:en":"Consulate-General of Japan in Chennai",
          "name:ja":"在チェンナイ日本国総領事館",
          "office":"diplomatic",
          "phone":"+91-44-2432-3860",
          "website":"https://www.chennai.in.emb-japan.go.jp/index.html"
        }
      },
      "geometry":{
        "type":"Point",
        "coordinates":[
          80.2479924,
          13.0338335
        ]
      }
    },
    {
      "type":"Feature",
      "properties":{
        "osm_type":"node",
        "osm_id":2989205003,
        "name":"Eloka Enterprises Private Limited",
        "office":"company",
        "workforce_capacity":null,
        "omr_it_corridor_candidate":false,
        "osm_tags":{
          "addr:city":"Chennai",
          "addr:housenumber":"33",
          "addr:postcode":"600020",
          "addr:street":"Padmanabha Nagar 5th Street",
          "fixme":"Survey closing hours",
          "name":"Eloka Enterprises Private Limited",
          "office":"company",
          "opening_hours":"09:00+",
          "smoking":"no",
          "website":"https://eloka.net/"
        }
      },
      "geometry":{
        "type":"Point",
        "coordinates":[
          80.2605395,
          13.0057342
        ]
      }
    },
    {
      "type":"Feature",
      "properties":{
        "osm_type":"node",
        "osm_id":3118891215,
        "name":"Logic Soft Pvt. Ltd.",
        "office":"company",
        "workforce_capacity":null,
        "omr_it_corridor_candidate":false,
        "osm_tags":{
          "addr:city":"Chennai",
          "addr:housenumber":"#32/30",
          "addr:postcode":"600028",
          "addr:street":"Chokkalingam Nagar",
          "ele":"1",
          "name":"Logic Soft Pvt. Ltd.",
          "office":"company",
          "opening_hours":"09:00-19:00",
          "phone":"+914447981917",
          "website":"https://www.logicsoft.co.in/",
          "wheelchair":"no"
        }
      },
      "geometry":{
        "type":"Point",
        "coordinates":[
          80.2502361,
          13.0456033
        ]
      }
    },
    {
      "type":"Feature",
      "properties":{
        "osm_type":"node",
        "osm_id":3157620727,
        "name":"Sub-Registrar Office",
        "office":"government",
        "workforce_capacity":null,
        "omr_it_corridor_candidate":false,
        "osm_tags":{
          "addr:street":"Bharathmatha Street",
          "name":"Sub-Registrar Office",
          "office":"government",
          "opening_hours":"Mo-Fr 10:00-16:00"
        }
      },
      "geometry":{
        "type":"Point",
        "coordinates":[
          80.1262373,
          12.9249871
        ]
      }
    },
    {
      "type":"Feature",
      "properties":{
        "osm_type":"node",
        "osm_id":3182651397,
        "name":"LMS India Engg. Solutions Pvt. Ltd",
        "office":"company",
        "workforce_capacity":null,
        "omr_it_corridor_candidate":false,
        "osm_tags":{
          "addr:city":"Chennai",
          "addr:housenumber":"20",
          "addr:postcode":"600017",
          "addr:street":"Kannadasan Road",
          "check_date":"2025-11-21",
          "name":"LMS India Engg. Solutions Pvt. Ltd",
          "office":"company"
        }
      },
      "geometry":{
        "type":"Point",
        "coordinates":[
          80.2346071,
          13.0371594
        ]
      }
    },
    {
      "type":"Feature",
      "properties":{
        "osm_type":"node",
        "osm_id":3221523274,
        "name":"Chennaicommercials",
        "office":"company",
        "workforce_capacity":null,
        "omr_it_corridor_candidate":false,
        "osm_tags":{
          "addr:city":"Chennai",
          "addr:housenumber":"64",
          "addr:postcode":"600017",
          "addr:street":"South Usman Road",
          "name":"Chennaicommercials",
          "office":"company",
          "opening_hours:url":"http://www.chennaicommercials.com/",
          "smoking":"no"
        }
      },
      "geometry":{
        "type":"Point",
        "coordinates":[
          80.2304697,
          13.0322668
        ]
      }
    },
    {
      "type":"Feature",
      "properties":{
        "osm_type":"node",
        "osm_id":3256666199,
        "name":"Zanec",
        "office":"it",
        "workforce_capacity":null,
        "omr_it_corridor_candidate":false,
        "osm_tags":{
          "addr:city":"Chennai",
          "addr:housenumber":"3, 4",
          "addr:postcode":"600097",
          "addr:street":"Fourrts Avenue, Thuraipakkam",
          "name":"Zanec",
          "office":"it",
          "opening_hours":"10:00-19:00"
        }
      },
      "geometry":{
        "type":"Point",
        "coordinates":[
          80.2335815,
          12.9297292
        ]
      }
    },
    {
      "type":"Feature",
      "properties":{
        "osm_type":"node",
        "osm_id":3268890163,
        "name":"THARASU Group of Magazines",
        "office":"publisher",
        "workforce_capacity":null,
        "omr_it_corridor_candidate":false,
        "osm_tags":{
          "addr:city":"t.nagar",
          "addr:housenumber":"7 annex",
          "addr:postcode":"600017",
          "addr:street":"Rameswaram Street",
          "name":"THARASU Group of Magazines",
          "office":"publisher",
          "phone":"+919444040232"
        }
      },
      "geometry":{
        "type":"Point",
        "coordinates":[
          80.2280797,
          13.0379841
        ]
      }
    },
    {
      "type":"Feature",
      "properties":{
        "osm_type":"node",
        "osm_id":3488536151,
        "name":"Tamil Nadu Oil and Seeds Association",
        "office":"yes",
        "workforce_capacity":null,
        "omr_it_corridor_candidate":false,
        "osm_tags":{
          "name":"Tamil Nadu Oil and Seeds Association",
          "office":"yes"
        }
      },
      "geometry":{
        "type":"Point",
        "coordinates":[
          80.2858907,
          13.0896359
        ]
      }
    },
    {
      "type":"Feature",
      "properties":{
        "osm_type":"node",
        "osm_id":3605191046,
        "name":"Spritle Software",
        "office":"it",
        "workforce_capacity":null,
        "omr_it_corridor_candidate":false,
        "osm_tags":{
          "addr:city":"Chennai",
          "addr:street":"Chakrapani St",
          "name":"Spritle Software",
          "office":"it",
          "smoking":"no"
        }
      },
      "geometry":{
        "type":"Point",
        "coordinates":[
          80.1982133,
          13.0473124
        ]
      }
    },
    {
      "type":"Feature",
      "properties":{
        "osm_type":"node",
        "osm_id":3681834858,
        "name":"Gamesa",
        "office":"it",
        "workforce_capacity":null,
        "omr_it_corridor_candidate":false,
        "osm_tags":{
          "name":"Gamesa",
          "office":"it"
        }
      },
      "geometry":{
        "type":"Point",
        "coordinates":[
          80.2258531,
          12.909789
        ]
      }
    },
    {
      "type":"Feature",
      "properties":{
        "osm_type":"node",
        "osm_id":3686670072,
        "name":"WizDemy Software Private Limited",
        "office":"company",
        "workforce_capacity":null,
        "omr_it_corridor_candidate":false,
        "osm_tags":{
          "addr:city":"Chennai",
          "addr:housenumber":"770",
          "addr:postcode":"600041",
          "addr:street":"48th Cross St Valmiki Nagar, Thiruvalluvar Nagar, Thiruvanmiyur",
          "name":"WizDemy Software Private Limited",
          "office":"company",
          "opening_hours":"09:00-18:00"
        }
      },
      "geometry":{
        "type":"Point",
        "coordinates":[
          80.2604763,
          12.9772088
        ]
      }
    },
    {
      "type":"Feature",
      "properties":{
        "osm_type":"node",
        "osm_id":3694620524,
        "name":"LIC Housing Finance Ltd",
        "office":"insurance",
        "workforce_capacity":null,
        "omr_it_corridor_candidate":false,
        "osm_tags":{
          "brand":"Life Insurance Corporation",
          "brand:wikidata":"Q2767170",
          "brand:wikipedia":"en:Life Insurance Corporation",
          "name":"LIC Housing Finance Ltd",
          "office":"insurance",
          "short_name":"LIC"
        }
      },
      "geometry":{
        "type":"Point",
        "coordinates":[
          80.2359621,
          13.0429249
        ]
      }
    },
    {
      "type":"Feature",
      "properties":{
        "osm_type":"node",
        "osm_id":3704226008,
        "name":"Qmax Test Equipments Private Limited",
        "office":"yes",
        "workforce_capacity":null,
        "omr_it_corridor_candidate":false,
        "osm_tags":{
          "addr:city":"Chennai",
          "addr:housenumber":"6",
          "addr:postcode":"600119",
          "addr:street":"Elcot Avenue",
          "addr:suburb":"Sholinganallur",
          "name":"Qmax Test Equipments Private Limited",
          "office":"yes",
          "phone":"+91 44 24509627",
          "website":"https://www.qmaxtest.com/"
        }
      },
      "geometry":{
        "type":"Point",
        "coordinates":[
          80.2235545,
          12.896099
        ]
      }
    },
    {
      "type":"Feature",
      "properties":{
        "osm_type":"node",
        "osm_id":3746877972,
        "name":"CSC Computer Education",
        "office":"educational_institution",
        "workforce_capacity":null,
        "omr_it_corridor_candidate":false,
        "osm_tags":{
          "name":"CSC Computer Education",
          "office":"educational_institution"
        }
      },
      "geometry":{
        "type":"Point",
        "coordinates":[
          80.1401319,
          12.9722829
        ]
      }
    },
    {
      "type":"Feature",
      "properties":{
        "osm_type":"node",
        "osm_id":3870859717,
        "name":"Jeevan Bhima Nagar Owners Welfare Association",
        "office":"administrative",
        "workforce_capacity":null,
        "omr_it_corridor_candidate":false,
        "osm_tags":{
          "addr:city":"Chennai",
          "addr:postcode":"600050",
          "addr:street":"Madurai veerar street",
          "name":"Jeevan Bhima Nagar Owners Welfare Association",
          "office":"administrative"
        }
      },
      "geometry":{
        "type":"Point",
        "coordinates":[
          80.1905236,
          13.0908748
        ]
      }
    },
    {
      "type":"Feature",
      "properties":{
        "osm_type":"node",
        "osm_id":3883257762,
        "name":"Fayola Towers",
        "office":"company",
        "workforce_capacity":null,
        "omr_it_corridor_candidate":false,
        "osm_tags":{
          "internet_access":"wlan",
          "name":"Fayola Towers",
          "office":"company"
        }
      },
      "geometry":{
        "type":"Point",
        "coordinates":[
          80.2092498,
          12.9479174
        ]
      }
    },
    {
      "type":"Feature",
      "properties":{
        "osm_type":"node",
        "osm_id":3883296157,
        "name":"Adyog Software Solutions Pvt Ltd.",
        "office":"company",
        "workforce_capacity":null,
        "omr_it_corridor_candidate":false,
        "osm_tags":{
          "name":"Adyog Software Solutions Pvt Ltd.",
          "office":"company"
        }
      },
      "geometry":{
        "type":"Point",
        "coordinates":[
          80.1981571,
          12.9479958
        ]
      }
    },
    {
      "type":"Feature",
      "properties":{
        "osm_type":"node",
        "osm_id":3998879476,
        "name":"தமிழ் இணையக் கல்விக்கழகம்",
        "office":"research",
        "workforce_capacity":null,
        "omr_it_corridor_candidate":false,
        "osm_tags":{
          "name":"தமிழ் இணையக் கல்விக்கழகம்",
          "name:en":"Tamil Virtual Academy",
          "office":"research"
        }
      },
      "geometry":{
        "type":"Point",
        "coordinates":[
          80.2398067,
          13.017976
        ]
      }
    },
    {
      "type":"Feature",
      "properties":{
        "osm_type":"node",
        "osm_id":3998902934,
        "name":"பிரம்ம ஞான சபை",
        "office":"research",
        "workforce_capacity":null,
        "omr_it_corridor_candidate":false,
        "osm_tags":{
          "name":"பிரம்ம ஞான சபை",
          "office":"research"
        }
      },
      "geometry":{
        "type":"Point",
        "coordinates":[
          80.2682869,
          13.0093782
        ]
      }
    },
    {
      "type":"Feature",
      "properties":{
        "osm_type":"node",
        "osm_id":4036545343,
        "name":"Sri Gokulam Chit Funds",
        "office":"company",
        "workforce_capacity":null,
        "omr_it_corridor_candidate":false,
        "osm_tags":{
          "name":"Sri Gokulam Chit Funds",
          "office":"company"
        }
      },
      "geometry":{
        "type":"Point",
        "coordinates":[
          80.2175481,
          13.0852284
        ]
      }
    },
    {
      "type":"Feature",
      "properties":{
        "osm_type":"node",
        "osm_id":4066311356,
        "name":"Touchmark Media",
        "office":"it",
        "workforce_capacity":null,
        "omr_it_corridor_candidate":false,
        "osm_tags":{
          "addr:city":"Chennai",
          "addr:housenumber":"10-C",
          "addr:postcode":"600083",
          "addr:street":"92nd St, 18th avenue, Ashok Nagar",
          "description":"Touch Mark Media is one of the leading Digital Media Marketing and Advertising Company in Chennai. Digital marketing helps all the business persons to bring out more sales for their business.",
          "name":"Touchmark Media",
          "office":"it",
          "opening_hours":"09:00-17:30",
          "website":"http://www.touchmarkmedia.in"
        }
      },
      "geometry":{
        "type":"Point",
        "coordinates":[
          80.2114638,
          13.0435956
        ]
      }
    },
    {
      "type":"Feature",
      "properties":{
        "osm_type":"node",
        "osm_id":4104572594,
        "name":"prime academy office",
        "office":"lawyer",
        "workforce_capacity":null,
        "omr_it_corridor_candidate":false,
        "osm_tags":{
          "name":"prime academy office",
          "office":"lawyer"
        }
      },
      "geometry":{
        "type":"Point",
        "coordinates":[
          80.2645386,
          13.0339901
        ]
      }
    },
    {
      "type":"Feature",
      "properties":{
        "osm_type":"node",
        "osm_id":4221573010,
        "name":"Blaze Dream Technologies Pvt Ltd",
        "office":"it",
        "workforce_capacity":null,
        "omr_it_corridor_candidate":false,
        "osm_tags":{
          "addr:postcode":"600006",
          "addr:street":"Pycrofts Garden Road",
          "email":"reach@blazedream.com",
          "name":"Blaze Dream Technologies Pvt Ltd",
          "office":"it",
          "opening_hours":"Mo-Fr 08:30-21:00",
          "phone":"+914442047468",
          "website":"https://www.blazedream.com/"
        }
      },
      "geometry":{
        "type":"Point",
        "coordinates":[
          80.2497868,
          13.0637732
        ]
      }
    },
    {
      "type":"Feature",
      "properties":{
        "osm_type":"node",
        "osm_id":4233639318,
        "name":"Airtel",
        "office":"telecommunication",
        "workforce_capacity":null,
        "omr_it_corridor_candidate":false,
        "osm_tags":{
          "name":"Airtel",
          "office":"telecommunication"
        }
      },
      "geometry":{
        "type":"Point",
        "coordinates":[
          80.142277,
          12.9714506
        ]
      }
    },
    {
      "type":"Feature",
      "properties":{
        "osm_type":"node",
        "osm_id":4258398875,
        "name":"Versutus Management Service Private ltd",
        "office":"company",
        "workforce_capacity":null,
        "omr_it_corridor_candidate":false,
        "osm_tags":{
          "addr:city":"Chennai",
          "addr:housenumber":"235/10",
          "addr:postcode":"600004",
          "addr:street":"Kutchery Road",
          "description":"Versutus Management Services Private Limited (Versutus) are into providing support services in the area of Human Resource Management, Statutory Compliance, Payroll Processing & Management, Due Diligence Auditing and Third Party Payroll.",
          "name":"Versutus Management Service Private ltd",
          "office":"company",
          "opening_hours":"10:00-17:30",
          "smoking":"no",
          "website":"https://www.versutus.com/"
        }
      },
      "geometry":{
        "type":"Point",
        "coordinates":[
          80.2689542,
          13.0356156
        ]
      }
    },
    {
      "type":"Feature",
      "properties":{
        "osm_type":"node",
        "osm_id":4278233215,
        "name":"New India Insurance Co. div office Velachery",
        "office":"insurance",
        "workforce_capacity":null,
        "omr_it_corridor_candidate":false,
        "osm_tags":{
          "name":"New India Insurance Co. div office Velachery",
          "office":"insurance"
        }
      },
      "geometry":{
        "type":"Point",
        "coordinates":[
          80.2235237,
          12.9831655
        ]
      }
    },
    {
      "type":"Feature",
      "properties":{
        "osm_type":"node",
        "osm_id":4280392327,
        "name":"BSNL Exchange",
        "office":"government",
        "workforce_capacity":null,
        "omr_it_corridor_candidate":false,
        "osm_tags":{
          "addr:postcode":"600042",
          "addr:street":"Justice Ramakrishna Salai",
          "name":"BSNL Exchange",
          "office":"government",
          "opening_hours":"Mo-Fr 10:00-22:00"
        }
      },
      "geometry":{
        "type":"Point",
        "coordinates":[
          80.2099878,
          12.9913665
        ]
      }
    },
    {
      "type":"Feature",
      "properties":{
        "osm_type":"node",
        "osm_id":4306145321,
        "name":"Ambattur Municipality Higher secondary school",
        "office":"educational_institution",
        "workforce_capacity":null,
        "omr_it_corridor_candidate":false,
        "osm_tags":{
          "name":"Ambattur Municipality Higher secondary school",
          "office":"educational_institution"
        }
      },
      "geometry":{
        "type":"Point",
        "coordinates":[
          80.1857492,
          13.1149595
        ]
      }
    },
    {
      "type":"Feature",
      "properties":{
        "osm_type":"node",
        "osm_id":4308319901,
        "name":"EMPEE GROUP OF COMPANY",
        "office":"company",
        "workforce_capacity":null,
        "omr_it_corridor_candidate":false,
        "osm_tags":{
          "addr:street":"Adithanar Road",
          "name":"EMPEE GROUP OF COMPANY",
          "office":"company"
        }
      },
      "geometry":{
        "type":"Point",
        "coordinates":[
          80.2617491,
          13.0727185
        ]
      }
    },
    {
      "type":"Feature",
      "properties":{
        "osm_type":"node",
        "osm_id":4314785542,
        "name":"South India Shelters Pvt. Ltd.",
        "office":"estate_agent",
        "workforce_capacity":null,
        "omr_it_corridor_candidate":false,
        "osm_tags":{
          "addr:city":"chennai",
          "addr:housenumber":"14",
          "addr:postcode":"600032",
          "addr:street":"Gulmohar Avenue, velachery main road",
          "name":"South India Shelters Pvt. Ltd.",
          "office":"estate_agent",
          "smoking":"no"
        }
      },
      "geometry":{
        "type":"Point",
        "coordinates":[
          80.2166976,
          13.0010205
        ]
      }
    },
    {
      "type":"Feature",
      "properties":{
        "osm_type":"node",
        "osm_id":4324801889,
        "name":"MOTOR FINANCE CORPORATION",
        "office":"company",
        "workforce_capacity":null,
        "omr_it_corridor_candidate":false,
        "osm_tags":{
          "addr:housenumber":"55",
          "addr:postcode":"600002",
          "addr:street":"Adithanar Road",
          "email":"motorfinance@live.in",
          "name":"MOTOR FINANCE CORPORATION",
          "office":"company",
          "opening_hours":"Mo-Su 10:00-18:30",
          "phone":"+91 44 2852 1868"
        }
      },
      "geometry":{
        "type":"Point",
        "coordinates":[
          80.2620643,
          13.0724579
        ]
      }
    },
    {
      "type":"Feature",
      "properties":{
        "osm_type":"node",
        "osm_id":4332194892,
        "name":"TAMIL NADU CABIL",
        "office":"government",
        "workforce_capacity":null,
        "omr_it_corridor_candidate":false,
        "osm_tags":{
          "addr:street":"Montieth Lane",
          "name":"TAMIL NADU CABIL",
          "office":"government"
        }
      },
      "geometry":{
        "type":"Point",
        "coordinates":[
          80.2606735,
          13.0685377
        ]
      }
    },
    {
      "type":"Feature",
      "properties":{
        "osm_type":"node",
        "osm_id":4338115536,
        "name":"KRISHNAMURTHY",
        "office":"lawyer",
        "workforce_capacity":null,
        "omr_it_corridor_candidate":false,
        "osm_tags":{
          "name":"KRISHNAMURTHY",
          "office":"lawyer"
        }
      },
      "geometry":{
        "type":"Point",
        "coordinates":[
          80.2598154,
          13.0706255
        ]
      }
    },
    {
      "type":"Feature",
      "properties":{
        "osm_type":"node",
        "osm_id":4358646184,
        "name":"Metro Water",
        "office":"government",
        "workforce_capacity":null,
        "omr_it_corridor_candidate":false,
        "osm_tags":{
          "comment":"office to pay metro water tax :Chennai Corporation",
          "government":"tax",
          "name":"Metro Water",
          "office":"government"
        }
      },
      "geometry":{
        "type":"Point",
        "coordinates":[
          80.2186007,
          12.985256
        ]
      }
    },
    {
      "type":"Feature",
      "properties":{
        "osm_type":"node",
        "osm_id":4405513861,
        "name":"Yes Yes Mega Powers",
        "office":"engineer",
        "workforce_capacity":null,
        "omr_it_corridor_candidate":false,
        "osm_tags":{
          "name":"Yes Yes Mega Powers",
          "office":"engineer"
        }
      },
      "geometry":{
        "type":"Point",
        "coordinates":[
          80.2328004,
          12.9068
        ]
      }
    },
    {
      "type":"Feature",
      "properties":{
        "osm_type":"node",
        "osm_id":4411798695,
        "name":null,
        "office":"telecommunication",
        "workforce_capacity":null,
        "omr_it_corridor_candidate":false,
        "osm_tags":{
          "name:en":"bsnl office(ramapuram)",
          "office":"telecommunication"
        }
      },
      "geometry":{
        "type":"Point",
        "coordinates":[
          80.1831059,
          13.0262651
        ]
      }
    },
    {
      "type":"Feature",
      "properties":{
        "osm_type":"node",
        "osm_id":4411853090,
        "name":null,
        "office":"telecommunication",
        "workforce_capacity":null,
        "omr_it_corridor_candidate":false,
        "osm_tags":{
          "name:en":"Millennium computers",
          "office":"telecommunication"
        }
      },
      "geometry":{
        "type":"Point",
        "coordinates":[
          80.1837779,
          13.022573
        ]
      }
    },
    {
      "type":"Feature",
      "properties":{
        "osm_type":"node",
        "osm_id":4412742151,
        "name":"Prestige Cyber Towers",
        "office":"it",
        "workforce_capacity":null,
        "omr_it_corridor_candidate":false,
        "osm_tags":{
          "addr:city":"Karapakkam",
          "addr:street":"Rajiv Gandhi Salai",
          "name":"Prestige Cyber Towers",
          "office":"it"
        }
      },
      "geometry":{
        "type":"Point",
        "coordinates":[
          80.2275533,
          12.9122028
        ]
      }
    },
    {
      "type":"Feature",
      "properties":{
        "osm_type":"node",
        "osm_id":4414419421,
        "name":"Pondicherry Maritime Academy Chennai",
        "office":"educational_institution",
        "workforce_capacity":null,
        "omr_it_corridor_candidate":false,
        "osm_tags":{
          "addr:city":"Chennai",
          "addr:housenumber":"Pondicherry Maritime Academy Chennai, 130",
          "addr:postcode":"600001",
          "addr:street":"Angappan Naicken Street",
          "description":"4 Storied Building, On right side of Angappa Naicken Street if you face Parrys Signal or the Madras High Court",
          "ele":"4",
          "level":"4",
          "name":"Pondicherry Maritime Academy Chennai",
          "name_1":"Pondicherry Maritime Academy",
          "name_2":"maritime",
          "name_3":"training",
          "name_4":"DGS",
          "note":"Maritime Training Institute. DGS and Value-added courses. Flag State Courses & Documentation.",
          "office":"educational_institution",
          "opening_hours":"8:00-20:00",
          "phone":"+914442086555 +9144442152251",
          "source":"Owner",
          "website":"https://www.pondicherrymaritime.com/",
          "wheelchair":"yes",
          "wikidata":"Q865132",
          "wikipedia":"en:Merchant navy"
        }
      },
      "geometry":{
        "type":"Point",
        "coordinates":[
          80.2895815,
          13.0900867
        ]
      }
    },
    {
      "type":"Feature",
      "properties":{
        "osm_type":"node",
        "osm_id":4415983490,
        "name":null,
        "office":"yes",
        "workforce_capacity":null,
        "omr_it_corridor_candidate":false,
        "osm_tags":{
          "addr:housenumber":"80/72",
          "addr:postcode":"600001",
          "addr:street":"Moore Street",
          "email":"kingmarine2011@gmail.com",
          "name:en":"King marine services",
          "office":"yes",
          "phone":"04442077979"
        }
      },
      "geometry":{
        "type":"Point",
        "coordinates":[
          80.2907778,
          13.0943272
        ]
      }
    },
    {
      "type":"Feature",
      "properties":{
        "osm_type":"node",
        "osm_id":4421925893,
        "name":null,
        "office":"telecommunication",
        "workforce_capacity":null,
        "omr_it_corridor_candidate":false,
        "osm_tags":{
          "addr:street":"Haddows Road",
          "name:en":"Reliance Communication",
          "office":"telecommunication"
        }
      },
      "geometry":{
        "type":"Point",
        "coordinates":[
          80.2481463,
          13.0653924
        ]
      }
    },
    {
      "type":"Feature",
      "properties":{
        "osm_type":"node",
        "osm_id":4426284855,
        "name":"Official Gates",
        "office":"it",
        "workforce_capacity":null,
        "omr_it_corridor_candidate":false,
        "osm_tags":{
          "name":"Official Gates",
          "office":"it"
        }
      },
      "geometry":{
        "type":"Point",
        "coordinates":[
          80.2245512,
          13.084853
        ]
      }
    },
    {
      "type":"Feature",
      "properties":{
        "osm_type":"node",
        "osm_id":4518445190,
        "name":"Andhra Bank",
        "office":"telecommunication",
        "workforce_capacity":null,
        "omr_it_corridor_candidate":false,
        "osm_tags":{
          "addr:housenumber":"222",
          "addr:postcode":"600018",
          "addr:street":"TTK Road",
          "amenity":"bank",
          "atm":"yes",
          "brand":"Andhra Bank",
          "brand:wikidata":"Q2003476",
          "brand:wikipedia":"en:Andhra Bank",
          "name":"Andhra Bank",
          "name:en":"Vodafone office for SIMs for foreigners;Andhra Bank",
          "office":"telecommunication",
          "opening_hours":"Mo-Sa 10:00-20:00",
          "operator":"Vodafone",
          "website":"https://www.andhrabank.in"
        }
      },
      "geometry":{
        "type":"Point",
        "coordinates":[
          80.2594227,
          13.0428997
        ]
      }
    },
    {
      "type":"Feature",
      "properties":{
        "osm_type":"node",
        "osm_id":4550111390,
        "name":null,
        "office":"government",
        "workforce_capacity":null,
        "omr_it_corridor_candidate":false,
        "osm_tags":{
          "name:en":"Office asg chennai",
          "office":"government"
        }
      },
      "geometry":{
        "type":"Point",
        "coordinates":[
          80.1752151,
          12.9875004
        ]
      }
    },
    {
      "type":"Feature",
      "properties":{
        "osm_type":"node",
        "osm_id":4580826990,
        "name":null,
        "office":"government",
        "workforce_capacity":null,
        "omr_it_corridor_candidate":false,
        "osm_tags":{
          "office":"government"
        }
      },
      "geometry":{
        "type":"Point",
        "coordinates":[
          80.166245,
          13.0346417
        ]
      }
    },
    {
      "type":"Feature",
      "properties":{
        "osm_type":"node",
        "osm_id":4580960017,
        "name":"corporation office",
        "office":"government",
        "workforce_capacity":null,
        "omr_it_corridor_candidate":false,
        "osm_tags":{
          "name":"corporation office",
          "office":"government"
        }
      },
      "geometry":{
        "type":"Point",
        "coordinates":[
          80.2576048,
          12.9846115
        ]
      }
    },
    {
      "type":"Feature",
      "properties":{
        "osm_type":"node",
        "osm_id":4626968263,
        "name":"Tamil Nadu Electricity Board",
        "office":"government",
        "workforce_capacity":null,
        "omr_it_corridor_candidate":false,
        "osm_tags":{
          "addr:city":"Chennai City Corporation Limits",
          "addr:postcode":"600041",
          "addr:street":"Kottivakkam Kuppam Road",
          "name":"Tamil Nadu Electricity Board",
          "office":"government"
        }
      },
      "geometry":{
        "type":"Point",
        "coordinates":[
          80.2629357,
          12.974664
        ]
      }
    },
    {
      "type":"Feature",
      "properties":{
        "osm_type":"node",
        "osm_id":4698134989,
        "name":null,
        "office":"government",
        "workforce_capacity":null,
        "omr_it_corridor_candidate":false,
        "osm_tags":{
          "addr:street":"Wall Tax Road",
          "name:en":"Parcel office, Chennai central",
          "office":"government"
        }
      },
      "geometry":{
        "type":"Point",
        "coordinates":[
          80.2734013,
          13.1005003
        ]
      }
    },
    {
      "type":"Feature",
      "properties":{
        "osm_type":"node",
        "osm_id":4713665593,
        "name":null,
        "office":"government",
        "workforce_capacity":null,
        "omr_it_corridor_candidate":false,
        "osm_tags":{
          "addr:street":"Swami Sivananda Salai",
          "name:en":"Tata Communications Ltd",
          "office":"government"
        }
      },
      "geometry":{
        "type":"Point",
        "coordinates":[
          80.2790283,
          13.0683352
        ]
      }
    },
    {
      "type":"Feature",
      "properties":{
        "osm_type":"node",
        "osm_id":4793224996,
        "name":"DMedium",
        "office":"it",
        "workforce_capacity":null,
        "omr_it_corridor_candidate":false,
        "osm_tags":{
          "addr:city":"Chennai",
          "addr:housenumber":"FlaatNo G3, Astalakshmi Homes",
          "addr:postcode":"600091",
          "addr:street":"10th Street, Ram Nagar, Puzhuthivakkam",
          "name":"DMedium",
          "office":"it"
        }
      },
      "geometry":{
        "type":"Point",
        "coordinates":[
          80.2121887,
          12.9708334
        ]
      }
    },
    {
      "type":"Feature",
      "properties":{
        "osm_type":"node",
        "osm_id":4830775366,
        "name":"National Institute of Epidemiology",
        "office":"government",
        "workforce_capacity":null,
        "omr_it_corridor_candidate":false,
        "osm_tags":{
          "government":"healthcare",
          "name":"National Institute of Epidemiology",
          "office":"government",
          "operator":"Central govt of India"
        }
      },
      "geometry":{
        "type":"Point",
        "coordinates":[
          80.1398164,
          13.1006471
        ]
      }
    },
    {
      "type":"Feature",
      "properties":{
        "osm_type":"node",
        "osm_id":4841099728,
        "name":null,
        "office":"telecommunication",
        "workforce_capacity":null,
        "omr_it_corridor_candidate":false,
        "osm_tags":{
          "addr:street":"Ethiraj Salai",
          "name:en":"AIR TEL",
          "office":"telecommunication"
        }
      },
      "geometry":{
        "type":"Point",
        "coordinates":[
          80.2598552,
          13.0638932
        ]
      }
    },
    {
      "type":"Feature",
      "properties":{
        "osm_type":"node",
        "osm_id":4843562868,
        "name":"BJP Tamilnadu Head Quarters",
        "office":"political_party",
        "workforce_capacity":null,
        "omr_it_corridor_candidate":false,
        "osm_tags":{
          "brand":"Bhartiya Janta Party",
          "brand:wikidata":"Q10230",
          "description":"BJP Office",
          "name":"BJP Tamilnadu Head Quarters",
          "office":"political_party"
        }
      },
      "geometry":{
        "type":"Point",
        "coordinates":[
          80.2415135,
          13.0359082
        ]
      }
    },
    {
      "type":"Feature",
      "properties":{
        "osm_type":"node",
        "osm_id":4978570060,
        "name":"Hexolabs Interactive Tech Pvt Ltd",
        "office":"it",
        "workforce_capacity":null,
        "omr_it_corridor_candidate":false,
        "osm_tags":{
          "addr:city":"chennai",
          "addr:housenumber":"Type II/17",
          "addr:postcode":"600041",
          "addr:street":"Dr.VSI Estate, Thiruvanmiyur",
          "name":"Hexolabs Interactive Tech Pvt Ltd",
          "note":"Near NIFT, Opposite to Origin Towers.",
          "office":"it",
          "phone":"044 42169699"
        }
      },
      "geometry":{
        "type":"Point",
        "coordinates":[
          80.2520018,
          12.9826792
        ]
      }
    },
    {
      "type":"Feature",
      "properties":{
        "osm_type":"node",
        "osm_id":4992173836,
        "name":"Group10 Technologies Pvt Ltd",
        "office":"company",
        "workforce_capacity":null,
        "omr_it_corridor_candidate":false,
        "osm_tags":{
          "addr:city":"Chennai",
          "addr:housenumber":"28",
          "addr:street":"Vigneshwara Street",
          "name":"Group10 Technologies Pvt Ltd",
          "office":"company"
        }
      },
      "geometry":{
        "type":"Point",
        "coordinates":[
          80.2097961,
          12.9965863
        ]
      }
    },
    {
      "type":"Feature",
      "properties":{
        "osm_type":"node",
        "osm_id":5087493134,
        "name":"LIC satellite office, selaiyur",
        "office":"insurance",
        "workforce_capacity":null,
        "omr_it_corridor_candidate":false,
        "osm_tags":{
          "addr:street":"Velachery - Tambaram Main Road",
          "brand":"Life Insurance Corporation",
          "brand:wikidata":"Q2767170",
          "brand:wikipedia":"en:Life Insurance Corporation",
          "name":"LIC satellite office, selaiyur",
          "name:en":"LIC satellite office, selaiyur",
          "office":"insurance",
          "short_name":"LIC"
        }
      },
      "geometry":{
        "type":"Point",
        "coordinates":[
          80.1331971,
          12.922448
        ]
      }
    },
    {
      "type":"Feature",
      "properties":{
        "osm_type":"node",
        "osm_id":5087493232,
        "name":"Sneham seva center for tambaram municipality",
        "office":"government",
        "workforce_capacity":null,
        "omr_it_corridor_candidate":false,
        "osm_tags":{
          "name":"Sneham seva center for tambaram municipality",
          "name:en":"Sneham seva center for tambaram municipality",
          "office":"government",
          "opening_hours":"Mo-Fr 10:00-04:00"
        }
      },
      "geometry":{
        "type":"Point",
        "coordinates":[
          80.1277898,
          12.9242095
        ]
      }
    },
    {
      "type":"Feature",
      "properties":{
        "osm_type":"node",
        "osm_id":5167730830,
        "name":"Trumatics",
        "office":"it",
        "workforce_capacity":null,
        "omr_it_corridor_candidate":false,
        "osm_tags":{
          "addr:city":"Chennai",
          "addr:postcode":"600042",
          "addr:street":"6th Main Road",
          "addr:unit":"Ramnagar, Velacherry",
          "name":"Trumatics",
          "office":"it"
        }
      },
      "geometry":{
        "type":"Point",
        "coordinates":[
          80.2146452,
          12.9716586
        ]
      }
    },
    {
      "type":"Feature",
      "properties":{
        "osm_type":"node",
        "osm_id":5167730831,
        "name":"Q-Pro",
        "office":"yes",
        "workforce_capacity":null,
        "omr_it_corridor_candidate":false,
        "osm_tags":{
          "addr:city":"Chennai",
          "addr:postcode":"600042",
          "addr:street":"6th Main Road",
          "addr:unit":"Ramnagar, Velacherry",
          "name":"Q-Pro",
          "office":"yes"
        }
      },
      "geometry":{
        "type":"Point",
        "coordinates":[
          80.2146372,
          12.9715645
        ]
      }
    },
    {
      "type":"Feature",
      "properties":{
        "osm_type":"node",
        "osm_id":5192973221,
        "name":null,
        "office":"company",
        "workforce_capacity":null,
        "omr_it_corridor_candidate":false,
        "osm_tags":{
          "addr:postcode":"600083",
          "addr:street":"92nd St",
          "email":"stellarbuzi@gmail.com",
          "name:en":"Stellar Business solution",
          "office":"company",
          "opening_hours":"Mo-Sa 00:00-24:00",
          "phone":"9600193482"
        }
      },
      "geometry":{
        "type":"Point",
        "coordinates":[
          80.2117031,
          13.0436389
        ]
      }
    },
    {
      "type":"Feature",
      "properties":{
        "osm_type":"node",
        "osm_id":5212376621,
        "name":"Chief Education Office",
        "office":"government",
        "workforce_capacity":null,
        "omr_it_corridor_candidate":false,
        "osm_tags":{
          "addr:housenumber":"1",
          "addr:postcode":"600015",
          "addr:street":"JEENIS ROAD",
          "email":"ceochn@nic.in",
          "name":"Chief Education Office",
          "name:en":"PANAGAL MALIGAI, SAIDAPET, CHENNAI-600015",
          "office":"government",
          "opening_hours":"Mo-Fr 00:00-24:00",
          "phone":"044 24321735"
        }
      },
      "geometry":{
        "type":"Point",
        "coordinates":[
          80.1981917,
          12.9268815
        ]
      }
    },
    {
      "type":"Feature",
      "properties":{
        "osm_type":"node",
        "osm_id":5212388522,
        "name":null,
        "office":"government",
        "workforce_capacity":null,
        "omr_it_corridor_candidate":false,
        "osm_tags":{
          "addr:housenumber":"1",
          "addr:postcode":"600015",
          "addr:street":"JEENIS ROAD",
          "name:en":"SAIDAPET, TAMILNADU",
          "office":"government"
        }
      },
      "geometry":{
        "type":"Point",
        "coordinates":[
          80.198254,
          12.926938
        ]
      }
    },
    {
      "type":"Feature",
      "properties":{
        "osm_type":"node",
        "osm_id":5226266430,
        "name":"Regional Transport Office, Sholinganallur",
        "office":"government",
        "workforce_capacity":null,
        "omr_it_corridor_candidate":false,
        "osm_tags":{
          "addr:city":"Chennai",
          "addr:postcode":"600119",
          "government":"transportation",
          "name":"Regional Transport Office, Sholinganallur",
          "name:ta":"வட்டாரப் போக்குவரத்து அலுவலகம், சோழிங்கநல்லூர்",
          "office":"government"
        }
      },
      "geometry":{
        "type":"Point",
        "coordinates":[
          80.2275682,
          12.8991972
        ]
      }
    },
    {
      "type":"Feature",
      "properties":{
        "osm_type":"node",
        "osm_id":5227463357,
        "name":"NSIC",
        "office":"government",
        "workforce_capacity":null,
        "omr_it_corridor_candidate":false,
        "osm_tags":{
          "name":"NSIC",
          "office":"government",
          "website":"https://nsic.co.in/"
        }
      },
      "geometry":{
        "type":"Point",
        "coordinates":[
          80.2065031,
          13.0211094
        ]
      }
    },
    {
      "type":"Feature",
      "properties":{
        "osm_type":"node",
        "osm_id":5230078138,
        "name":"Payilagam Software Training Institute",
        "office":"educational_institution",
        "workforce_capacity":null,
        "omr_it_corridor_candidate":false,
        "osm_tags":{
          "addr:city":"Chennai",
          "addr:housenumber":"7",
          "addr:postcode":"600042",
          "addr:street":"Vijayanagar 1st Main Road, Velachery",
          "mobile_phone:repair":"8344777333",
          "name":"Payilagam Software Training Institute",
          "office":"educational_institution"
        }
      },
      "geometry":{
        "type":"Point",
        "coordinates":[
          80.2176898,
          12.9757227
        ]
      }
    },
    {
      "type":"Feature",
      "properties":{
        "osm_type":"node",
        "osm_id":5230370406,
        "name":"Amutha Matriculation Higher Secondary School",
        "office":"educational_institution",
        "workforce_capacity":null,
        "omr_it_corridor_candidate":false,
        "osm_tags":{
          "addr:city":"Chennai",
          "addr:postcode":"600037",
          "addr:street":"1st Ave, 4th Block, Mogappair West, Mogappair",
          "name":"Amutha Matriculation Higher Secondary School",
          "office":"educational_institution"
        }
      },
      "geometry":{
        "type":"Point",
        "coordinates":[
          80.1694593,
          13.0822304
        ]
      }
    },
    {
      "type":"Feature",
      "properties":{
        "osm_type":"node",
        "osm_id":5230370407,
        "name":"Chennai Metro Water Office",
        "office":"water_utility",
        "workforce_capacity":null,
        "omr_it_corridor_candidate":false,
        "osm_tags":{
          "addr:city":"Chennai",
          "addr:postcode":"600037",
          "addr:street":"D Block, 1st Ave, Mogappair West, Ambattur Industrial Estate",
          "check_date":"2023-10-07",
          "name":"Chennai Metro Water Office",
          "office":"water_utility"
        }
      },
      "geometry":{
        "type":"Point",
        "coordinates":[
          80.1712373,
          13.082257
        ]
      }
    },
    {
      "type":"Feature",
      "properties":{
        "osm_type":"node",
        "osm_id":5230395336,
        "name":"Mar Gregorios College Of Arts",
        "office":"educational_institution",
        "workforce_capacity":null,
        "omr_it_corridor_candidate":false,
        "osm_tags":{
          "addr:city":"Chennai",
          "addr:postcode":"600037",
          "addr:street":"Block No. 8, J.J. Nagar West, Mogappair West, Mogappair",
          "description":"Mar Gregorios College is a private college located in Mogappair West, near Chennai. MGC was founded by the Malankara Syrian Catholic Management. The Trust was founded on August 1, 1930 at Trivandrum, Kerala.",
          "name":"Mar Gregorios College Of Arts",
          "office":"educational_institution",
          "wikidata":"Q6754392",
          "wikipedia":"en:Mar Gregorios College of Arts and Science, Chennai"
        }
      },
      "geometry":{
        "type":"Point",
        "coordinates":[
          80.1722338,
          13.0803365
        ]
      }
    },
    {
      "type":"Feature",
      "properties":{
        "osm_type":"node",
        "osm_id":5230395338,
        "name":"BSNL Office",
        "office":"telecommunication",
        "workforce_capacity":null,
        "omr_it_corridor_candidate":false,
        "osm_tags":{
          "addr:city":"Chennai",
          "addr:postcode":"600037",
          "addr:street":"Mogappair West, Mogappair",
          "name":"BSNL Office",
          "office":"telecommunication",
          "website":"https://www.bsnl.co.in/"
        }
      },
      "geometry":{
        "type":"Point",
        "coordinates":[
          80.1675141,
          13.0819432
        ]
      }
    },
    {
      "type":"Feature",
      "properties":{
        "osm_type":"node",
        "osm_id":5230395340,
        "name":"Airtel Express",
        "office":"telecommunication",
        "workforce_capacity":null,
        "omr_it_corridor_candidate":false,
        "osm_tags":{
          "addr:city":"Chennai",
          "addr:postcode":"600037",
          "addr:street":"Mogappair West, Mogappair",
          "name":"Airtel Express",
          "office":"telecommunication"
        }
      },
      "geometry":{
        "type":"Point",
        "coordinates":[
          80.1674427,
          13.0819149
        ]
      }
    },
    {
      "type":"Feature",
      "properties":{
        "osm_type":"node",
        "osm_id":5242847354,
        "name":"Tata Communications Ltd.",
        "office":"company",
        "workforce_capacity":null,
        "omr_it_corridor_candidate":false,
        "osm_tags":{
          "addr:city":"Chennai",
          "addr:housenumber":"No.7/41, Mount Poonamalle High Rd, Nandambakkam",
          "addr:postcode":"600089",
          "addr:street":"Nandambakkam Bridge",
          "name":"Tata Communications Ltd.",
          "name:ta":"ஜெயந்த் தொழில்நுட்ப பூங்கா",
          "office":"company",
          "opening_hours":"24/7",
          "smoking":"isolated"
        }
      },
      "geometry":{
        "type":"Point",
        "coordinates":[
          80.1878055,
          13.0186186
        ]
      }
    },
    {
      "type":"Feature",
      "properties":{
        "osm_type":"node",
        "osm_id":5246576321,
        "name":"TN Electricity Board Office",
        "office":"government",
        "workforce_capacity":null,
        "omr_it_corridor_candidate":false,
        "osm_tags":{
          "government":"public_service",
          "name":"TN Electricity Board Office",
          "name:en":"Tamil nadu electricity board office",
          "office":"government"
        }
      },
      "geometry":{
        "type":"Point",
        "coordinates":[
          80.1255647,
          12.9227996
        ]
      }
    },
    {
      "type":"Feature",
      "properties":{
        "osm_type":"node",
        "osm_id":5250282011,
        "name":"ObjectFrontier Software",
        "office":"company",
        "workforce_capacity":null,
        "omr_it_corridor_candidate":false,
        "osm_tags":{
          "addr:city":"Chennai",
          "addr:postcode":"600113",
          "addr:street":"Taramani Road",
          "addr:unit":"1",
          "description":"OFS delivers digital value to businesses by building innovative software, web-based or mobile, that will engage their customers & employees. www.objectfrontier.com",
          "name":"ObjectFrontier Software",
          "office":"company",
          "phone":"(+91) 44-3061-2100",
          "website":"https://www.objectfrontier.com/"
        }
      },
      "geometry":{
        "type":"Point",
        "coordinates":[
          80.2458023,
          12.9855145
        ]
      }
    },
    {
      "type":"Feature",
      "properties":{
        "osm_type":"node",
        "osm_id":5255065021,
        "name":null,
        "office":"government",
        "workforce_capacity":null,
        "omr_it_corridor_candidate":false,
        "osm_tags":{
          "addr:postcode":"600021",
          "addr:street":"Thiruvottriyur High Road",
          "name:en":"SUB REGISTER RAYAPURAM",
          "office":"government"
        }
      },
      "geometry":{
        "type":"Point",
        "coordinates":[
          80.2841149,
          13.1171002
        ]
      }
    },
    {
      "type":"Feature",
      "properties":{
        "osm_type":"node",
        "osm_id":5259058323,
        "name":null,
        "office":"government",
        "workforce_capacity":null,
        "omr_it_corridor_candidate":false,
        "osm_tags":{
          "name:en":"Village administration office, agaram then",
          "office":"government"
        }
      },
      "geometry":{
        "type":"Point",
        "coordinates":[
          80.1520231,
          12.8854875
        ]
      }
    },
    {
      "type":"Feature",
      "properties":{
        "osm_type":"node",
        "osm_id":5259538621,
        "name":null,
        "office":"government",
        "workforce_capacity":null,
        "omr_it_corridor_candidate":false,
        "osm_tags":{
          "name:en":"Pammal Municipality office",
          "office":"government"
        }
      },
      "geometry":{
        "type":"Point",
        "coordinates":[
          80.1351372,
          12.9749219
        ]
      }
    },
    {
      "type":"Feature",
      "properties":{
        "osm_type":"node",
        "osm_id":5271891564,
        "name":"Theekathir Office",
        "office":"newspaper",
        "workforce_capacity":null,
        "omr_it_corridor_candidate":false,
        "osm_tags":{
          "addr:street":"Saidapet",
          "name":"Theekathir Office",
          "office":"newspaper"
        }
      },
      "geometry":{
        "type":"Point",
        "coordinates":[
          80.2286104,
          13.0236386
        ]
      }
    },
    {
      "type":"Feature",
      "properties":{
        "osm_type":"node",
        "osm_id":5306603541,
        "name":"Periyar University Study Center",
        "office":"educational_institution",
        "workforce_capacity":null,
        "omr_it_corridor_candidate":false,
        "osm_tags":{
          "addr:street":"15th Main Road",
          "name":"Periyar University Study Center",
          "office":"educational_institution",
          "phone":"9884462255"
        }
      },
      "geometry":{
        "type":"Point",
        "coordinates":[
          80.2051489,
          13.0867855
        ]
      }
    },
    {
      "type":"Feature",
      "properties":{
        "osm_type":"node",
        "osm_id":5306605791,
        "name":"Kendriya Bhandar Regional Office",
        "office":"government",
        "workforce_capacity":null,
        "omr_it_corridor_candidate":false,
        "osm_tags":{
          "addr:street":"Central Revenue Quarters",
          "government":"yes",
          "name":"Kendriya Bhandar Regional Office",
          "office":"government"
        }
      },
      "geometry":{
        "type":"Point",
        "coordinates":[
          80.2046081,
          13.087798
        ]
      }
    },
    {
      "type":"Feature",
      "properties":{
        "osm_type":"node",
        "osm_id":5306607745,
        "name":"Central PWD Service Center",
        "office":"government",
        "workforce_capacity":null,
        "omr_it_corridor_candidate":false,
        "osm_tags":{
          "addr:city":"Chennai",
          "addr:postcode":"600040",
          "addr:street":"Central Revenue Quarters Road",
          "name":"Central PWD Service Center",
          "office":"government"
        }
      },
      "geometry":{
        "type":"Point",
        "coordinates":[
          80.2035167,
          13.0881117
        ]
      }
    },
    {
      "type":"Feature",
      "properties":{
        "osm_type":"node",
        "osm_id":5318579593,
        "name":"C.P.W.D Service Center",
        "office":"government",
        "workforce_capacity":null,
        "omr_it_corridor_candidate":false,
        "osm_tags":{
          "government":"yes",
          "name":"C.P.W.D Service Center",
          "office":"government"
        }
      },
      "geometry":{
        "type":"Point",
        "coordinates":[
          80.1976383,
          13.0828529
        ]
      }
    },
    {
      "type":"Feature",
      "properties":{
        "osm_type":"node",
        "osm_id":5318582177,
        "name":"Nirman Bhavan",
        "office":"government",
        "workforce_capacity":null,
        "omr_it_corridor_candidate":false,
        "osm_tags":{
          "government":"yes",
          "name":"Nirman Bhavan",
          "office":"government"
        }
      },
      "geometry":{
        "type":"Point",
        "coordinates":[
          80.1969507,
          13.0829041
        ]
      }
    },
    {
      "type":"Feature",
      "properties":{
        "osm_type":"node",
        "osm_id":5321394007,
        "name":"Parveen Travels",
        "office":"travel_agent",
        "workforce_capacity":null,
        "omr_it_corridor_candidate":false,
        "osm_tags":{
          "addr:street":"Jawaharlal Nehru Road, Koyembedu, Chennai",
          "description":"Boarding point and ticket booking",
          "name":"Parveen Travels",
          "office":"travel_agent",
          "phone":"04423634899"
        }
      },
      "geometry":{
        "type":"Point",
        "coordinates":[
          80.2005555,
          13.0740178
        ]
      }
    },
    {
      "type":"Feature",
      "properties":{
        "osm_type":"node",
        "osm_id":5321394340,
        "name":"DMDK Office",
        "office":"political_party",
        "workforce_capacity":null,
        "omr_it_corridor_candidate":false,
        "osm_tags":{
          "addr:street":"Jawaharlal Nehru Road, Koyembedu, Chennai",
          "name":"DMDK Office",
          "office":"political_party"
        }
      },
      "geometry":{
        "type":"Point",
        "coordinates":[
          80.2001601,
          13.0746733
        ]
      }
    },
    {
      "type":"Feature",
      "properties":{
        "osm_type":"node",
        "osm_id":5330907195,
        "name":"3ST",
        "office":"yes",
        "workforce_capacity":null,
        "omr_it_corridor_candidate":false,
        "osm_tags":{
          "addr:city":"Valasaravakkam",
          "addr:housenumber":"32",
          "addr:neighbourhood":"Rajaji avenue",
          "addr:postcode":"600087",
          "addr:street":"Arcot Road",
          "addr:suburb":"Valasaravakkam",
          "name":"3ST",
          "office":"yes"
        }
      },
      "geometry":{
        "type":"Point",
        "coordinates":[
          80.1762054,
          13.0416861
        ]
      }
    },
    {
      "type":"Feature",
      "properties":{
        "osm_type":"node",
        "osm_id":5359126722,
        "name":null,
        "office":"company",
        "workforce_capacity":null,
        "omr_it_corridor_candidate":false,
        "osm_tags":{
          "addr:postcode":"600031",
          "addr:street":"No.1 Sardar Patel road",
          "name:en":"Ashok Leyland corporate office",
          "office":"company",
          "opening_hours":"Mo-Sa 00:00-24:00",
          "phone":"04422206000",
          "website":"https://www.ashokleyland.com/"
        }
      },
      "geometry":{
        "type":"Point",
        "coordinates":[
          80.2302799,
          13.0080142
        ]
      }
    },
    {
      "type":"Feature",
      "properties":{
        "osm_type":"node",
        "osm_id":5372430634,
        "name":"Trail cloud innovation services Pvt.Ltd",
        "office":"company",
        "workforce_capacity":null,
        "omr_it_corridor_candidate":false,
        "osm_tags":{
          "addr:housenumber":"187/188",
          "addr:street":"Thiruvalluvar salai",
          "name":"Trail cloud innovation services Pvt.Ltd",
          "office":"company",
          "opening_hours":"Mo-Fr 09:00-20:00",
          "website":"https://www.trail.do/"
        }
      },
      "geometry":{
        "type":"Point",
        "coordinates":[
          80.1799131,
          13.0817411
        ]
      }
    },
    {
      "type":"Feature",
      "properties":{
        "osm_type":"node",
        "osm_id":5393408521,
        "name":"TVF - Contagious online media network private limited",
        "office":"company",
        "workforce_capacity":null,
        "omr_it_corridor_candidate":false,
        "osm_tags":{
          "addr:housenumber":"New no 20, Old No 30, 3rd floor",
          "addr:street":"Musiri Subramanium street, oliver road",
          "description":"software company",
          "name":"TVF - Contagious online media network private limited",
          "name:en":"Contagious Online Media Private Limited",
          "office":"company",
          "opening_hours":"Mo-Fr 09:00-19:30",
          "phone":"044-49521737",
          "website":"www.tvfplay.com"
        }
      },
      "geometry":{
        "type":"Point",
        "coordinates":[
          80.2608471,
          13.03935
        ]
      }
    },
    {
      "type":"Feature",
      "properties":{
        "osm_type":"node",
        "osm_id":5409626620,
        "name":"Way2SearchAnything",
        "office":"advertising_agency",
        "workforce_capacity":null,
        "omr_it_corridor_candidate":false,
        "osm_tags":{
          "addr:street":"Padikuppam road, Balaji Nagar, Thirumangalam, Anna Nagar West, Chennai",
          "description":"Grocery, fruits, vegetables & Stationery",
          "name":"Way2SearchAnything",
          "office":"advertising_agency",
          "opening_hours":"Mo-Sa 07:00-21:30",
          "phone":"04449506678",
          "website":"https://www.way2searchonlineshopping.com/"
        }
      },
      "geometry":{
        "type":"Point",
        "coordinates":[
          80.1914269,
          13.081682
        ]
      }
    },
    {
      "type":"Feature",
      "properties":{
        "osm_type":"node",
        "osm_id":5413494197,
        "name":"ICF Cooperative Society Store",
        "office":"cooperative",
        "workforce_capacity":null,
        "omr_it_corridor_candidate":false,
        "osm_tags":{
          "name":"ICF Cooperative Society Store",
          "office":"cooperative"
        }
      },
      "geometry":{
        "type":"Point",
        "coordinates":[
          80.2146409,
          13.0997636
        ]
      }
    },
    {
      "type":"Feature",
      "properties":{
        "osm_type":"node",
        "osm_id":5448153186,
        "name":"HCL Technologies Ltd.",
        "office":"yes",
        "workforce_capacity":null,
        "omr_it_corridor_candidate":false,
        "osm_tags":{
          "addr:housenumber":"ELCOT - SEZ Unit-II Special Economic Zone, SDB2, #602/3, No 138, Shollinganallur - Medavakkam High Road, Shollinganallur Village, Tambaram Taluk, Kancheepuram (Dist), Chennai 600119. TN, India",
          "name":"HCL Technologies Ltd.",
          "office":"yes"
        }
      },
      "geometry":{
        "type":"Point",
        "coordinates":[
          80.2184576,
          12.9062268
        ]
      }
    },
    {
      "type":"Feature",
      "properties":{
        "osm_type":"node",
        "osm_id":5518300718,
        "name":"US Biometrics Centre",
        "office":"government",
        "workforce_capacity":null,
        "omr_it_corridor_candidate":false,
        "osm_tags":{
          "name":"US Biometrics Centre",
          "office":"government"
        }
      },
      "geometry":{
        "type":"Point",
        "coordinates":[
          80.2430787,
          13.0532595
        ]
      }
    },
    {
      "type":"Feature",
      "properties":{
        "osm_type":"node",
        "osm_id":5561615008,
        "name":"ST Courier",
        "office":"courier",
        "workforce_capacity":null,
        "omr_it_corridor_candidate":false,
        "osm_tags":{
          "addr:street":"MKN Road",
          "name":"ST Courier",
          "office":"courier",
          "phone":"+91 9551785177",
          "website":"https://stcourier.com/"
        }
      },
      "geometry":{
        "type":"Point",
        "coordinates":[
          80.195263,
          12.9970029
        ]
      }
    },
    {
      "type":"Feature",
      "properties":{
        "osm_type":"node",
        "osm_id":5570545749,
        "name":"Manogaran Typewriting Institute",
        "office":"educational_institution",
        "workforce_capacity":null,
        "omr_it_corridor_candidate":false,
        "osm_tags":{
          "name":"Manogaran Typewriting Institute",
          "office":"educational_institution"
        }
      },
      "geometry":{
        "type":"Point",
        "coordinates":[
          80.2276665,
          12.9854425
        ]
      }
    },
    {
      "type":"Feature",
      "properties":{
        "osm_type":"node",
        "osm_id":5570584570,
        "name":"TSR Packers And Movers",
        "office":"moving_company",
        "workforce_capacity":null,
        "omr_it_corridor_candidate":false,
        "osm_tags":{
          "name":"TSR Packers And Movers",
          "office":"moving_company"
        }
      },
      "geometry":{
        "type":"Point",
        "coordinates":[
          80.2294314,
          12.981637
        ]
      }
    },
    {
      "type":"Feature",
      "properties":{
        "osm_type":"node",
        "osm_id":5617280830,
        "name":"KMB",
        "office":"estate_agent",
        "workforce_capacity":null,
        "omr_it_corridor_candidate":false,
        "osm_tags":{
          "addr:city":"chennai",
          "addr:postcode":"600122",
          "addr:street":"Kundrathur Main Road peripanicherry",
          "name":"KMB",
          "office":"estate_agent"
        }
      },
      "geometry":{
        "type":"Point",
        "coordinates":[
          80.1301156,
          13.0119785
        ]
      }
    },
    {
      "type":"Feature",
      "properties":{
        "osm_type":"node",
        "osm_id":5662608324,
        "name":null,
        "office":"company",
        "workforce_capacity":null,
        "omr_it_corridor_candidate":false,
        "osm_tags":{
          "name:en":"Gold Coast It solutions",
          "office":"company"
        }
      },
      "geometry":{
        "type":"Point",
        "coordinates":[
          80.2455679,
          12.9574772
        ]
      }
    },
    {
      "type":"Feature",
      "properties":{
        "osm_type":"node",
        "osm_id":5671945731,
        "name":"Ducen IT",
        "office":"it",
        "workforce_capacity":null,
        "omr_it_corridor_candidate":false,
        "osm_tags":{
          "addr:city":"CHENNAI",
          "addr:housenumber":"# 4/363, Block-B, III Floor",
          "addr:postcode":"600096",
          "addr:street":"Old Mahabalipuram Road",
          "description":"Ducen IT helps Business and IT users of Fortune 1000 companies with advanced analytics, business intelligence and data management through its unique end-to-end data science platform called Analance. ",
          "email":"sales@ducenit.com",
          "name":"Ducen IT",
          "office":"it",
          "phone":"+91 44 4225 6666",
          "website":"https://www.ducenit.com/"
        }
      },
      "geometry":{
        "type":"Point",
        "coordinates":[
          80.2481244,
          12.9679914
        ]
      }
    },
    {
      "type":"Feature",
      "properties":{
        "osm_type":"node",
        "osm_id":5771638253,
        "name":null,
        "office":"company",
        "workforce_capacity":null,
        "omr_it_corridor_candidate":false,
        "osm_tags":{
          "addr:postcode":"600032",
          "addr:street":"Corporation Water Works Road",
          "name:en":"e-con Systems India Pvt. Ltd.",
          "office":"company",
          "opening_hours":"Mo-Fr 09:00-20:00",
          "phone":"044-4010-5500",
          "website":"https://www.e-consystems.com/"
        }
      },
      "geometry":{
        "type":"Point",
        "coordinates":[
          80.2113135,
          13.0113208
        ]
      }
    },
    {
      "type":"Feature",
      "properties":{
        "osm_type":"node",
        "osm_id":5802035255,
        "name":"Chennai Two Software Park",
        "office":"company",
        "workforce_capacity":null,
        "omr_it_corridor_candidate":false,
        "osm_tags":{
          "name":"Chennai Two Software Park",
          "name:ta":"சென்னை 2 மென்பொருள் பூங்கா",
          "office":"company",
          "smoking":"isolated"
        }
      },
      "geometry":{
        "type":"Point",
        "coordinates":[
          80.2314817,
          12.9470303
        ]
      }
    },
    {
      "type":"Feature",
      "properties":{
        "osm_type":"node",
        "osm_id":5804109153,
        "name":"BETA CAE Systems India Pvt. Ltd. (Chennai Office)",
        "office":"company",
        "workforce_capacity":null,
        "omr_it_corridor_candidate":false,
        "osm_tags":{
          "addr:city":"Chennai",
          "addr:housenumber":"51",
          "addr:postcode":"600119",
          "addr:street":"Rattha Tek Meadows Tower B, 3rd Floor, Rajiv Gandhi Salai (OMR), Sholinganallur",
          "name":"BETA CAE Systems India Pvt. Ltd. (Chennai Office)",
          "office":"company",
          "phone":"+914430095400",
          "website":"https://www.beta-cae.com/"
        }
      },
      "geometry":{
        "type":"Point",
        "coordinates":[
          80.2266263,
          12.9057608
        ]
      }
    },
    {
      "type":"Feature",
      "properties":{
        "osm_type":"node",
        "osm_id":5849503686,
        "name":null,
        "office":"diplomatic",
        "workforce_capacity":null,
        "omr_it_corridor_candidate":false,
        "osm_tags":{
          "addr:housenumber":"202",
          "addr:postcode":"600002",
          "addr:street":"Anna Salai (Mount Road)",
          "country":"FI",
          "diplomatic":"consulate",
          "name:en":"Consulate of Finland",
          "name:hi":"फिन्लैंड का उच्चायोग",
          "name:ta":"ஃபின்லாந்து தூதரகம",
          "office":"diplomatic",
          "target":"IN",
          "website":"http://www.finland.org.in"
        }
      },
      "geometry":{
        "type":"Point",
        "coordinates":[
          80.2588506,
          13.0582659
        ]
      }
    },
    {
      "type":"Feature",
      "properties":{
        "osm_type":"node",
        "osm_id":5849503687,
        "name":null,
        "office":"government",
        "workforce_capacity":null,
        "omr_it_corridor_candidate":false,
        "osm_tags":{
          "name:en":"Foreigner's Regional Registration Office, Chennai",
          "office":"government"
        }
      },
      "geometry":{
        "type":"Point",
        "coordinates":[
          80.2470628,
          13.0655472
        ]
      }
    },
    {
      "type":"Feature",
      "properties":{
        "osm_type":"node",
        "osm_id":5851464592,
        "name":"தமிழ்நாடு ராஜ் பவன்",
        "office":"government",
        "workforce_capacity":null,
        "omr_it_corridor_candidate":false,
        "osm_tags":{
          "addr:postcode":"600022",
          "addr:street":"Sardar Patel Road",
          "name":"தமிழ்நாடு ராஜ் பவன்",
          "name:en":"Tamil Nadu Raj Bhavan",
          "name:hi":"तमिल नाडु राजभवन",
          "office":"government",
          "website":"https://www.tnrajbhavan.gov.in"
        }
      },
      "geometry":{
        "type":"Point",
        "coordinates":[
          80.2265244,
          13.0059156
        ]
      }
    },
    {
      "type":"Feature",
      "properties":{
        "osm_type":"node",
        "osm_id":5851482985,
        "name":"Tamil Nadu Public Service Commission",
        "office":"government",
        "workforce_capacity":null,
        "omr_it_corridor_candidate":false,
        "osm_tags":{
          "name":"Tamil Nadu Public Service Commission",
          "name:en":"Tamil Nadu Public Service Commission",
          "name:ta":"தமிழ்நாடு அரசு பணியாளர் தேர்வாணையம்",
          "office":"government"
        }
      },
      "geometry":{
        "type":"Point",
        "coordinates":[
          80.2820219,
          13.0851536
        ]
      }
    },
    {
      "type":"Feature",
      "properties":{
        "osm_type":"node",
        "osm_id":5851482986,
        "name":null,
        "office":"government",
        "workforce_capacity":null,
        "omr_it_corridor_candidate":false,
        "osm_tags":{
          "addr:postcode":"600027",
          "name:en":"Airports Authority of India (AAI) Operational Office",
          "name:hi":"भारतीय विमानपत्तन प्राधिकरण - परिचालन कार्यालय",
          "office":"government"
        }
      },
      "geometry":{
        "type":"Point",
        "coordinates":[
          80.1688264,
          12.9838095
        ]
      }
    },
    {
      "type":"Feature",
      "properties":{
        "osm_type":"node",
        "osm_id":5860420712,
        "name":"CodeMyCompany",
        "office":"company",
        "workforce_capacity":null,
        "omr_it_corridor_candidate":false,
        "osm_tags":{
          "addr:housenumber":"Plot No. 34",
          "addr:street":"City Limits Road",
          "name":"CodeMyCompany",
          "office":"company",
          "website":"https://www.codemycompany.com/"
        }
      },
      "geometry":{
        "type":"Point",
        "coordinates":[
          80.2078964,
          12.9965217
        ]
      }
    },
    {
      "type":"Feature",
      "properties":{
        "osm_type":"node",
        "osm_id":5892458785,
        "name":"சட்ட பஞ்சாயத்து இயக்கம்",
        "office":"ngo",
        "workforce_capacity":null,
        "omr_it_corridor_candidate":false,
        "osm_tags":{
          "addr:housenumber":"H42/1",
          "addr:postcode":"600041",
          "addr:street":"Appucoloney,thiruvamayur",
          "email":"spipanchayat@gmail.com",
          "name":"சட்ட பஞ்சாயத்து இயக்கம்",
          "name:en":"satta panchayat Iyakkam",
          "office":"ngo",
          "opening_hours":"Mo-Su 10:00-17:00",
          "phone":"+9176671 00100",
          "website":"https://www.sattapanchayat.org/"
        }
      },
      "geometry":{
        "type":"Point",
        "coordinates":[
          80.2542499,
          12.9876045
        ]
      }
    },
    {
      "type":"Feature",
      "properties":{
        "osm_type":"node",
        "osm_id":5936049188,
        "name":"Comcast India Engineering Center",
        "office":"it",
        "workforce_capacity":null,
        "omr_it_corridor_candidate":false,
        "osm_tags":{
          "level":"4,5,8",
          "name":"Comcast India Engineering Center",
          "office":"it",
          "wheelchair":"designated"
        }
      },
      "geometry":{
        "type":"Point",
        "coordinates":[
          80.2313978,
          12.9469572
        ]
      }
    },
    {
      "type":"Feature",
      "properties":{
        "osm_type":"node",
        "osm_id":5989898293,
        "name":"சங்கர குட்றாலிங்கம்",
        "office":"lawyer",
        "workforce_capacity":null,
        "omr_it_corridor_candidate":false,
        "osm_tags":{
          "addr:housenumber":"25/09",
          "addr:street":"Thiruvalluvar Street",
          "name":"சங்கர குட்றாலிங்கம்",
          "name:en":"R SANKARA KUTRALINGAM COMMISSNER OF OTHS",
          "office":"lawyer"
        }
      },
      "geometry":{
        "type":"Point",
        "coordinates":[
          80.1312589,
          12.9266823
        ]
      }
    },
    {
      "type":"Feature",
      "properties":{
        "osm_type":"node",
        "osm_id":6002033613,
        "name":"GeoConcept India",
        "office":"company",
        "workforce_capacity":null,
        "omr_it_corridor_candidate":false,
        "osm_tags":{
          "check_date":"2025-11-21",
          "description":"A GIS Product Development company",
          "level":"2",
          "name":"GeoConcept India",
          "office":"company",
          "opening_hours":"Mo-Fr 09:00-18:00"
        }
      },
      "geometry":{
        "type":"Point",
        "coordinates":[
          80.238488,
          13.0306832
        ]
      }
    },
    {
      "type":"Feature",
      "properties":{
        "osm_type":"node",
        "osm_id":6010166735,
        "name":"வி.பி.சிந்தன் இல்லம் (CITU Perungudi Office)",
        "office":"political_party",
        "workforce_capacity":null,
        "omr_it_corridor_candidate":false,
        "osm_tags":{
          "addr:street":"Burma Colony, Perungudi, Chennai",
          "name":"வி.பி.சிந்தன் இல்லம் (CITU Perungudi Office)",
          "office":"political_party"
        }
      },
      "geometry":{
        "type":"Point",
        "coordinates":[
          80.2474059,
          12.9593035
        ]
      }
    },
    {
      "type":"Feature",
      "properties":{
        "osm_type":"node",
        "osm_id":6011857185,
        "name":null,
        "office":"company",
        "workforce_capacity":null,
        "omr_it_corridor_candidate":false,
        "osm_tags":{
          "addr:housenumber":"2/86",
          "addr:postcode":"600083",
          "addr:street":"7th Avenue, Ashok Nagar",
          "name:en":"Detroit Engineered Products",
          "office":"company",
          "opening_hours":"Mo-Sa 09:00-18:00",
          "phone":"+914442141453",
          "website":"http://www.depind.com"
        }
      },
      "geometry":{
        "type":"Point",
        "coordinates":[
          80.2161675,
          13.0410771
        ]
      }
    },
    {
      "type":"Feature",
      "properties":{
        "osm_type":"node",
        "osm_id":6045880760,
        "name":"Chennai Drinking Water and Drainage Clearance Board",
        "office":"government",
        "workforce_capacity":null,
        "omr_it_corridor_candidate":false,
        "osm_tags":{
          "addr:street":"Thiruvalluvar Salai, Teynampet, Chennai-18",
          "description":"Drainage Cleaning and Drinking Water Board of Tamil Nadu Government",
          "name":"Chennai Drinking Water and Drainage Clearance Board",
          "office":"government",
          "phone":"04428459000"
        }
      },
      "geometry":{
        "type":"Point",
        "coordinates":[
          80.2503672,
          13.0347937
        ]
      }
    },
    {
      "type":"Feature",
      "properties":{
        "osm_type":"node",
        "osm_id":6050605286,
        "name":"தமிழ்நாடு அரசு இசேவை மையம்",
        "office":"government",
        "workforce_capacity":null,
        "omr_it_corridor_candidate":false,
        "osm_tags":{
          "addr:street":"Chengalvarayan Street",
          "name":"தமிழ்நாடு அரசு இசேவை மையம்",
          "name:en":"Tamilnadu government E sevai centre",
          "office":"government"
        }
      },
      "geometry":{
        "type":"Point",
        "coordinates":[
          80.2743911,
          13.0537796
        ]
      }
    },
    {
      "type":"Feature",
      "properties":{
        "osm_type":"node",
        "osm_id":6057945754,
        "name":"Mangaldeep Puja Agarbathis",
        "office":"company",
        "workforce_capacity":null,
        "omr_it_corridor_candidate":false,
        "osm_tags":{
          "name":"Mangaldeep Puja Agarbathis",
          "office":"company"
        }
      },
      "geometry":{
        "type":"Point",
        "coordinates":[
          80.2480471,
          13.0293422
        ]
      }
    },
    {
      "type":"Feature",
      "properties":{
        "osm_type":"node",
        "osm_id":6103568490,
        "name":"Tamil Nadu Medical and Sales Representative Association",
        "office":"association",
        "workforce_capacity":null,
        "omr_it_corridor_candidate":false,
        "osm_tags":{
          "addr:street":"Kamabar Street, Abith Colony, Saidapet",
          "name":"Tamil Nadu Medical and Sales Representative Association",
          "office":"association"
        }
      },
      "geometry":{
        "type":"Point",
        "coordinates":[
          80.2200463,
          13.0174651
        ]
      }
    },
    {
      "type":"Feature",
      "properties":{
        "osm_type":"node",
        "osm_id":6129638011,
        "name":"General Electric",
        "office":"yes",
        "workforce_capacity":null,
        "omr_it_corridor_candidate":false,
        "osm_tags":{
          "name":"General Electric",
          "office":"yes"
        }
      },
      "geometry":{
        "type":"Point",
        "coordinates":[
          80.2013231,
          13.0141985
        ]
      }
    },
    {
      "type":"Feature",
      "properties":{
        "osm_type":"node",
        "osm_id":6141721985,
        "name":null,
        "office":"company",
        "workforce_capacity":null,
        "omr_it_corridor_candidate":false,
        "osm_tags":{
          "name:en":"Hcl amb 6",
          "office":"company"
        }
      },
      "geometry":{
        "type":"Point",
        "coordinates":[
          80.1674694,
          13.099363
        ]
      }
    },
    {
      "type":"Feature",
      "properties":{
        "osm_type":"node",
        "osm_id":6141721986,
        "name":null,
        "office":"company",
        "workforce_capacity":null,
        "omr_it_corridor_candidate":false,
        "osm_tags":{
          "name:en":"HCL amb 6",
          "office":"company"
        }
      },
      "geometry":{
        "type":"Point",
        "coordinates":[
          80.1674229,
          13.0993701
        ]
      }
    },
    {
      "type":"Feature",
      "properties":{
        "osm_type":"node",
        "osm_id":6257601883,
        "name":"Bank Employees Federation of India",
        "office":"government",
        "workforce_capacity":null,
        "omr_it_corridor_candidate":false,
        "osm_tags":{
          "government":"yes",
          "name":"Bank Employees Federation of India",
          "office":"government"
        }
      },
      "geometry":{
        "type":"Point",
        "coordinates":[
          80.2506962,
          13.0484318
        ]
      }
    },
    {
      "type":"Feature",
      "properties":{
        "osm_type":"node",
        "osm_id":6261225290,
        "name":null,
        "office":"government",
        "workforce_capacity":null,
        "omr_it_corridor_candidate":false,
        "osm_tags":{
          "addr:street":"Sathyamoorty Nagar Main Rd",
          "name:en":"Tamilnadu Slum Clearence Board",
          "office":"government"
        }
      },
      "geometry":{
        "type":"Point",
        "coordinates":[
          80.2654107,
          13.1142291
        ]
      }
    },
    {
      "type":"Feature",
      "properties":{
        "osm_type":"node",
        "osm_id":6267534692,
        "name":"Centre of Indian Trade Unions State Committee Office",
        "office":"foundation",
        "workforce_capacity":null,
        "omr_it_corridor_candidate":false,
        "osm_tags":{
          "name":"Centre of Indian Trade Unions State Committee Office",
          "office":"foundation"
        }
      },
      "geometry":{
        "type":"Point",
        "coordinates":[
          80.2765276,
          13.0624321
        ]
      }
    },
    {
      "type":"Feature",
      "properties":{
        "osm_type":"node",
        "osm_id":6315542831,
        "name":"Free Software Foundation Tamil Nadu (FSFTN)",
        "office":"foundation",
        "workforce_capacity":null,
        "omr_it_corridor_candidate":false,
        "osm_tags":{
          "description":"A Part of Free Software Movement of India",
          "email":"ask@fsftn.org",
          "name":"Free Software Foundation Tamil Nadu (FSFTN)",
          "name:ta":"கட்டற்ற மென்பொருள் அறக்கட்டளை தமிழ்நாடு",
          "office":"foundation",
          "website":"https://fsftn.org",
          "wikidata":"Q5367367",
          "wikipedia":"en:Free Software Foundation Tamil Nadu"
        }
      },
      "geometry":{
        "type":"Point",
        "coordinates":[
          80.2457607,
          13.046479
        ]
      }
    },
    {
      "type":"Feature",
      "properties":{
        "osm_type":"node",
        "osm_id":6378558385,
        "name":null,
        "office":"government",
        "workforce_capacity":null,
        "omr_it_corridor_candidate":false,
        "osm_tags":{
          "name:en":"TNRERA",
          "office":"government"
        }
      },
      "geometry":{
        "type":"Point",
        "coordinates":[
          80.2652478,
          13.0774493
        ]
      }
    },
    {
      "type":"Feature",
      "properties":{
        "osm_type":"node",
        "osm_id":6498142799,
        "name":"Tamil Nadu Electricity Employees Central Point",
        "office":"association",
        "workforce_capacity":null,
        "omr_it_corridor_candidate":false,
        "osm_tags":{
          "name":"Tamil Nadu Electricity Employees Central Point",
          "office":"association"
        }
      },
      "geometry":{
        "type":"Point",
        "coordinates":[
          80.2520981,
          12.9803219
        ]
      }
    },
    {
      "type":"Feature",
      "properties":{
        "osm_type":"node",
        "osm_id":6535108760,
        "name":"McKinsey & Company Chennai Knowledge Center",
        "office":"company",
        "workforce_capacity":null,
        "omr_it_corridor_candidate":false,
        "osm_tags":{
          "name":"McKinsey & Company Chennai Knowledge Center",
          "note":"location approximate",
          "office":"company",
          "phone":"+914430647500",
          "website":"https://www.mckinsey.com/knowledge-network/chennai",
          "wikidata":"Q310207"
        }
      },
      "geometry":{
        "type":"Point",
        "coordinates":[
          80.2465105,
          12.9857792
        ]
      }
    },
    {
      "type":"Feature",
      "properties":{
        "osm_type":"node",
        "osm_id":6535115587,
        "name":"McKinsey & Company",
        "office":"consulting",
        "workforce_capacity":null,
        "omr_it_corridor_candidate":false,
        "osm_tags":{
          "brand":"McKinsey & Company",
          "brand:wikidata":"Q310207",
          "name":"McKinsey & Company",
          "office":"consulting",
          "phone":"+914466413000",
          "website":"https://www.mckinsey.com/in"
        }
      },
      "geometry":{
        "type":"Point",
        "coordinates":[
          80.2218473,
          13.0123208
        ]
      }
    },
    {
      "type":"Feature",
      "properties":{
        "osm_type":"node",
        "osm_id":6535119492,
        "name":"McKinsey & Company Chennai Service Center",
        "office":"company",
        "workforce_capacity":null,
        "omr_it_corridor_candidate":false,
        "osm_tags":{
          "name":"McKinsey & Company Chennai Service Center",
          "note":"location approximate",
          "office":"company",
          "wikidata":"Q310207"
        }
      },
      "geometry":{
        "type":"Point",
        "coordinates":[
          80.2404302,
          12.9815286
        ]
      }
    },
    {
      "type":"Feature",
      "properties":{
        "osm_type":"node",
        "osm_id":6547155939,
        "name":"hutmatrix Architects",
        "office":"architect",
        "workforce_capacity":null,
        "omr_it_corridor_candidate":false,
        "osm_tags":{
          "name":"hutmatrix Architects",
          "office":"architect"
        }
      },
      "geometry":{
        "type":"Point",
        "coordinates":[
          80.2589906,
          13.0414107
        ]
      }
    },
    {
      "type":"Feature",
      "properties":{
        "osm_type":"node",
        "osm_id":6688394990,
        "name":"Magalir Satta Uthavi Maiyam (MSUM)",
        "office":"ngo",
        "workforce_capacity":null,
        "omr_it_corridor_candidate":false,
        "osm_tags":{
          "addr:city":"Anna Nagar, Chennai",
          "addr:housenumber":"113",
          "addr:postcode":"600040",
          "addr:street":"6th Main Road",
          "description":"A NGO that provides legal help for Women. Visit https://msum.in",
          "name":"Magalir Satta Uthavi Maiyam (MSUM)",
          "name:ta":"மகளிர் சட்ட உதவி மையம்",
          "office":"ngo",
          "website":"https://msum.in"
        }
      },
      "geometry":{
        "type":"Point",
        "coordinates":[
          80.2131224,
          13.0913122
        ]
      }
    },
    {
      "type":"Feature",
      "properties":{
        "osm_type":"node",
        "osm_id":6739258988,
        "name":null,
        "office":"company",
        "workforce_capacity":null,
        "omr_it_corridor_candidate":false,
        "osm_tags":{
          "addr:street":"Wallers Road",
          "name:en":"Ashok LCD service",
          "office":"company",
          "opening_hours":"Mo-Sa 00:00-24:00; Su 13:05-21:00"
        }
      },
      "geometry":{
        "type":"Point",
        "coordinates":[
          80.2708305,
          13.0701245
        ]
      }
    },
    {
      "type":"Feature",
      "properties":{
        "osm_type":"node",
        "osm_id":6760767420,
        "name":"Rail Vikas Nigam Limited",
        "office":"government",
        "workforce_capacity":null,
        "omr_it_corridor_candidate":false,
        "osm_tags":{
          "check_date":"2024-05-22",
          "internet_access":"no",
          "name":"Rail Vikas Nigam Limited",
          "name:en":"Rail Vikas Nigam Limited",
          "office":"government",
          "payment:cards":"no",
          "payment:cash":"yes",
          "payment:credit_cards":"no",
          "payment:debit_cards":"no"
        }
      },
      "geometry":{
        "type":"Point",
        "coordinates":[
          80.2667219,
          13.0344075
        ]
      }
    },
    {
      "type":"Feature",
      "properties":{
        "osm_type":"node",
        "osm_id":6763252487,
        "name":null,
        "office":"ngo",
        "workforce_capacity":null,
        "omr_it_corridor_candidate":false,
        "osm_tags":{
          "addr:housenumber":"27",
          "addr:street":"3rd East Street",
          "name:en":"mozhi trust",
          "office":"ngo",
          "phone":"009104424424166"
        }
      },
      "geometry":{
        "type":"Point",
        "coordinates":[
          80.2580053,
          12.987933
        ]
      }
    },
    {
      "type":"Feature",
      "properties":{
        "osm_type":"node",
        "osm_id":6788124685,
        "name":"Beez Innovation Labs Pvt. Ltd.",
        "office":"it",
        "workforce_capacity":null,
        "omr_it_corridor_candidate":false,
        "osm_tags":{
          "addr:city":"Chennai",
          "addr:housenumber":"HQ10 Primus, Office no. 205, 2nd floor",
          "addr:postcode":"600032",
          "addr:street":"SP-7A, South Phase, Guindy Industrial Estate, Guindy",
          "name":"Beez Innovation Labs Pvt. Ltd.",
          "office":"it",
          "opening_hours":"Mo-Fr 09:00-18:00",
          "phone":"+91 44 4004 0468",
          "website":"https://www.beezlabs.com/"
        }
      },
      "geometry":{
        "type":"Point",
        "coordinates":[
          80.2018161,
          13.0145816
        ]
      }
    },
    {
      "type":"Feature",
      "properties":{
        "osm_type":"node",
        "osm_id":6812204694,
        "name":"லேங்ஸ்கேப் லேங்குவேஜ் சல்யுசன்",
        "office":"company",
        "workforce_capacity":null,
        "omr_it_corridor_candidate":false,
        "osm_tags":{
          "name":"லேங்ஸ்கேப் லேங்குவேஜ் சல்யுசன்",
          "name:en":"Langscape language solution",
          "office":"company"
        }
      },
      "geometry":{
        "type":"Point",
        "coordinates":[
          80.2022255,
          13.0543975
        ]
      }
    },
    {
      "type":"Feature",
      "properties":{
        "osm_type":"node",
        "osm_id":7041287442,
        "name":"Cottee Union Office",
        "office":"association",
        "workforce_capacity":null,
        "omr_it_corridor_candidate":false,
        "osm_tags":{
          "addr:street":"Singanna Street, Chindadripet",
          "description":"CITU Employees Union Office",
          "name":"Cottee Union Office",
          "office":"association"
        }
      },
      "geometry":{
        "type":"Point",
        "coordinates":[
          80.2718247,
          13.0776398
        ]
      }
    },
    {
      "type":"Feature",
      "properties":{
        "osm_type":"node",
        "osm_id":7043758337,
        "name":"MADARTH",
        "office":"advertising_agency",
        "workforce_capacity":null,
        "omr_it_corridor_candidate":false,
        "osm_tags":{
          "addr:city":"Chennai",
          "addr:housenumber":"No. 4",
          "addr:postcode":"600004",
          "addr:street":"Alamelumangapuram",
          "air_conditioning":"yes",
          "email":"interact@madarth.com",
          "internet_access":"yes",
          "name":"MADARTH",
          "office":"advertising_agency",
          "opening_hours":"Mo-Fr 09:00-18:00"
        }
      },
      "geometry":{
        "type":"Point",
        "coordinates":[
          80.2652197,
          13.0325826
        ]
      }
    },
    {
      "type":"Feature",
      "properties":{
        "osm_type":"node",
        "osm_id":7057741986,
        "name":null,
        "office":"ngo",
        "workforce_capacity":null,
        "omr_it_corridor_candidate":false,
        "osm_tags":{
          "addr:housenumber":"14",
          "addr:street":"Venugopal Avenue",
          "email":"info@damnienfoundation.in",
          "name:en":"Damien Foundation India Trust",
          "office":"ngo"
        }
      },
      "geometry":{
        "type":"Point",
        "coordinates":[
          80.2507551,
          13.0713047
        ]
      }
    },
    {
      "type":"Feature",
      "properties":{
        "osm_type":"node",
        "osm_id":7088458506,
        "name":"Rmade Technologies",
        "office":"company",
        "workforce_capacity":null,
        "omr_it_corridor_candidate":false,
        "osm_tags":{
          "name":"Rmade Technologies",
          "office":"company"
        }
      },
      "geometry":{
        "type":"Point",
        "coordinates":[
          80.2334762,
          13.0344351
        ]
      }
    },
    {
      "type":"Feature",
      "properties":{
        "osm_type":"node",
        "osm_id":7132435092,
        "name":"iSprout Business Centre",
        "office":"coworking_space",
        "workforce_capacity":null,
        "omr_it_corridor_candidate":false,
        "osm_tags":{
          "addr:city":"Chennai",
          "addr:housenumber":"BLOCK NO.5, Kochar Jade,",
          "addr:postcode":"600032",
          "addr:street":"PLOT NO. SP 22, Ekkatuthangal, Guindy",
          "name":"iSprout Business Centre",
          "office":"coworking_space",
          "opening_hours":"Mo-Sa 09:00-20:00"
        }
      },
      "geometry":{
        "type":"Point",
        "coordinates":[
          80.2022965,
          13.0127665
        ]
      }
    },
    {
      "type":"Feature",
      "properties":{
        "osm_type":"node",
        "osm_id":7132435093,
        "name":"iSprout Business Centre",
        "office":"coworking_space",
        "workforce_capacity":null,
        "omr_it_corridor_candidate":false,
        "osm_tags":{
          "addr:city":"Chennai",
          "addr:housenumber":"Saravana Matrix Tower",
          "addr:postcode":"600096",
          "addr:street":"Old Mahabalipuram Rd, Seevaram, Perungudi",
          "email":"info@isprout.in",
          "name":"iSprout Business Centre",
          "office":"coworking_space",
          "opening_hours":"Mo-Sa 09:00-20:00",
          "phone":"084649 99920"
        }
      },
      "geometry":{
        "type":"Point",
        "coordinates":[
          80.2419353,
          12.9537329
        ]
      }
    },
    {
      "type":"Feature",
      "properties":{
        "osm_type":"node",
        "osm_id":7136003588,
        "name":null,
        "office":"company",
        "workforce_capacity":null,
        "omr_it_corridor_candidate":false,
        "osm_tags":{
          "name:en":"Tata consultancy services",
          "office":"company"
        }
      },
      "geometry":{
        "type":"Point",
        "coordinates":[
          80.2540999,
          13.0527334
        ]
      }
    },
    {
      "type":"Feature",
      "properties":{
        "osm_type":"node",
        "osm_id":7159775624,
        "name":"S4 Tower",
        "office":"yes",
        "workforce_capacity":null,
        "omr_it_corridor_candidate":false,
        "osm_tags":{
          "name":"S4 Tower",
          "office":"yes"
        }
      },
      "geometry":{
        "type":"Point",
        "coordinates":[
          80.2241936,
          12.9079073
        ]
      }
    },
    {
      "type":"Feature",
      "properties":{
        "osm_type":"node",
        "osm_id":7159775625,
        "name":"S3 Tower",
        "office":"yes",
        "workforce_capacity":null,
        "omr_it_corridor_candidate":false,
        "osm_tags":{
          "name":"S3 Tower",
          "office":"yes"
        }
      },
      "geometry":{
        "type":"Point",
        "coordinates":[
          80.2238688,
          12.9072829
        ]
      }
    },
    {
      "type":"Feature",
      "properties":{
        "osm_type":"node",
        "osm_id":7159775626,
        "name":"S1 Tower",
        "office":"yes",
        "workforce_capacity":null,
        "omr_it_corridor_candidate":false,
        "osm_tags":{
          "name":"S1 Tower",
          "office":"yes"
        }
      },
      "geometry":{
        "type":"Point",
        "coordinates":[
          80.2236771,
          12.9064299
        ]
      }
    },
    {
      "type":"Feature",
      "properties":{
        "osm_type":"node",
        "osm_id":7159775627,
        "name":"S2 Tower",
        "office":"yes",
        "workforce_capacity":null,
        "omr_it_corridor_candidate":false,
        "osm_tags":{
          "name":"S2 Tower",
          "office":"yes"
        }
      },
      "geometry":{
        "type":"Point",
        "coordinates":[
          80.2237651,
          12.9068498
        ]
      }
    },
    {
      "type":"Feature",
      "properties":{
        "osm_type":"node",
        "osm_id":7162410756,
        "name":"Quadkast Technologies",
        "office":"it",
        "workforce_capacity":null,
        "omr_it_corridor_candidate":false,
        "osm_tags":{
          "addr:full":"Plot 12C, 1, 3rd Cross St, South Phase, Guindy Industrial Estate, Guindy, Chennai, Tamil Nadu 600032",
          "description":"Software Company",
          "email":"info@quadkast.com",
          "name":"Quadkast Technologies",
          "office":"it",
          "opening_hours":"Mo-Fr 09:30-19:00",
          "website":"http://quadkast.com/"
        }
      },
      "geometry":{
        "type":"Point",
        "coordinates":[
          80.2003626,
          13.0160677
        ]
      }
    },
    {
      "type":"Feature",
      "properties":{
        "osm_type":"node",
        "osm_id":7176576232,
        "name":"EPF office",
        "office":"government",
        "workforce_capacity":null,
        "omr_it_corridor_candidate":false,
        "osm_tags":{
          "addr:street":"Nandambakkam, Tamil Nadu 600089",
          "name":"EPF office",
          "office":"government"
        }
      },
      "geometry":{
        "type":"Point",
        "coordinates":[
          80.1928843,
          13.0149158
        ]
      }
    },
    {
      "type":"Feature",
      "properties":{
        "osm_type":"node",
        "osm_id":7255721618,
        "name":"Star Health and Allied Insurance Co Ltd",
        "office":"insurance",
        "workforce_capacity":null,
        "omr_it_corridor_candidate":false,
        "osm_tags":{
          "name":"Star Health and Allied Insurance Co Ltd",
          "office":"insurance"
        }
      },
      "geometry":{
        "type":"Point",
        "coordinates":[
          80.242472,
          13.0556736
        ]
      }
    },
    {
      "type":"Feature",
      "properties":{
        "osm_type":"node",
        "osm_id":7257227125,
        "name":"Sri Lankan Airlines",
        "office":"yes",
        "workforce_capacity":null,
        "omr_it_corridor_candidate":false,
        "osm_tags":{
          "name":"Sri Lankan Airlines",
          "office":"yes"
        }
      },
      "geometry":{
        "type":"Point",
        "coordinates":[
          80.2492294,
          13.0537469
        ]
      }
    },
    {
      "type":"Feature",
      "properties":{
        "osm_type":"node",
        "osm_id":7261140337,
        "name":"Office of the Registrar of Cooperative Societies",
        "office":"government",
        "workforce_capacity":null,
        "omr_it_corridor_candidate":false,
        "osm_tags":{
          "government":"administrative",
          "name":"Office of the Registrar of Cooperative Societies",
          "office":"government"
        }
      },
      "geometry":{
        "type":"Point",
        "coordinates":[
          80.2398586,
          13.0767699
        ]
      }
    },
    {
      "type":"Feature",
      "properties":{
        "osm_type":"node",
        "osm_id":7261455965,
        "name":"Edufic Digital",
        "office":"company",
        "workforce_capacity":null,
        "omr_it_corridor_candidate":false,
        "osm_tags":{
          "description":"Elearning material",
          "name":"Edufic Digital",
          "office":"company"
        }
      },
      "geometry":{
        "type":"Point",
        "coordinates":[
          80.2461365,
          13.0543101
        ]
      }
    },
    {
      "type":"Feature",
      "properties":{
        "osm_type":"node",
        "osm_id":7263114085,
        "name":"Global Logistics",
        "office":"logistics",
        "workforce_capacity":null,
        "omr_it_corridor_candidate":false,
        "osm_tags":{
          "name":"Global Logistics",
          "office":"logistics"
        }
      },
      "geometry":{
        "type":"Point",
        "coordinates":[
          80.2459365,
          13.0542861
        ]
      }
    },
    {
      "type":"Feature",
      "properties":{
        "osm_type":"node",
        "osm_id":7263150884,
        "name":"Kerry Indev Logistics",
        "office":"logistics",
        "workforce_capacity":null,
        "omr_it_corridor_candidate":false,
        "osm_tags":{
          "name":"Kerry Indev Logistics",
          "office":"logistics"
        }
      },
      "geometry":{
        "type":"Point",
        "coordinates":[
          80.2458485,
          13.0557846
        ]
      }
    },
    {
      "type":"Feature",
      "properties":{
        "osm_type":"node",
        "osm_id":7263935431,
        "name":"Muthoot Finance",
        "office":"financial",
        "workforce_capacity":null,
        "omr_it_corridor_candidate":false,
        "osm_tags":{
          "brand":"Muthoot Finance",
          "brand:wikidata":"Q6943861",
          "brand:wikipedia":"en:Muthoot Finance",
          "name":"Muthoot Finance",
          "office":"financial"
        }
      },
      "geometry":{
        "type":"Point",
        "coordinates":[
          80.2456139,
          13.0551015
        ]
      }
    },
    {
      "type":"Feature",
      "properties":{
        "osm_type":"node",
        "osm_id":7263942006,
        "name":"Bajaj Capital",
        "office":"financial_advisor",
        "workforce_capacity":null,
        "omr_it_corridor_candidate":false,
        "osm_tags":{
          "name":"Bajaj Capital",
          "office":"financial_advisor"
        }
      },
      "geometry":{
        "type":"Point",
        "coordinates":[
          80.2458113,
          13.0550902
        ]
      }
    },
    {
      "type":"Feature",
      "properties":{
        "osm_type":"node",
        "osm_id":7264009012,
        "name":"Indigo Airlines",
        "office":"yes",
        "workforce_capacity":null,
        "omr_it_corridor_candidate":false,
        "osm_tags":{
          "name":"Indigo Airlines",
          "office":"yes"
        }
      },
      "geometry":{
        "type":"Point",
        "coordinates":[
          80.2457061,
          13.0530391
        ]
      }
    },
    {
      "type":"Feature",
      "properties":{
        "osm_type":"node",
        "osm_id":7264107242,
        "name":"Maruti Couriers and Cargo",
        "office":"courier",
        "workforce_capacity":null,
        "omr_it_corridor_candidate":false,
        "osm_tags":{
          "name":"Maruti Couriers and Cargo",
          "office":"courier"
        }
      },
      "geometry":{
        "type":"Point",
        "coordinates":[
          80.2452575,
          13.0547172
        ]
      }
    },
    {
      "type":"Feature",
      "properties":{
        "osm_type":"node",
        "osm_id":7264147284,
        "name":"CARE Institute of Behavorial Sciences",
        "office":"educational_institution",
        "workforce_capacity":null,
        "omr_it_corridor_candidate":false,
        "osm_tags":{
          "addr:city":"Chennai",
          "addr:housenumber":"1",
          "addr:postcode":"600034",
          "addr:street":"Dr Thirumurthy Nagar 5th Street",
          "name":"CARE Institute of Behavorial Sciences",
          "office":"educational_institution",
          "phone":"044 2821 2828"
        }
      },
      "geometry":{
        "type":"Point",
        "coordinates":[
          80.2474837,
          13.0544481
        ]
      }
    },
    {
      "type":"Feature",
      "properties":{
        "osm_type":"node",
        "osm_id":7264247854,
        "name":"Hindu Religious and Charitable Endowments Department",
        "office":"government",
        "workforce_capacity":null,
        "omr_it_corridor_candidate":false,
        "osm_tags":{
          "government":"administrative",
          "name":"Hindu Religious and Charitable Endowments Department",
          "office":"government"
        }
      },
      "geometry":{
        "type":"Point",
        "coordinates":[
          80.2486758,
          13.0579692
        ]
      }
    },
    {
      "type":"Feature",
      "properties":{
        "osm_type":"node",
        "osm_id":7267092802,
        "name":"Keith Electronics Pvt Ltd",
        "office":"electronics",
        "workforce_capacity":null,
        "omr_it_corridor_candidate":false,
        "osm_tags":{
          "name":"Keith Electronics Pvt Ltd",
          "office":"electronics"
        }
      },
      "geometry":{
        "type":"Point",
        "coordinates":[
          80.2473655,
          13.0546081
        ]
      }
    },
    {
      "type":"Feature",
      "properties":{
        "osm_type":"node",
        "osm_id":7267104203,
        "name":"Voltas Aerocool",
        "office":"company",
        "workforce_capacity":null,
        "omr_it_corridor_candidate":false,
        "osm_tags":{
          "name":"Voltas Aerocool",
          "office":"company"
        }
      },
      "geometry":{
        "type":"Point",
        "coordinates":[
          80.2450538,
          13.0556313
        ]
      }
    },
    {
      "type":"Feature",
      "properties":{
        "osm_type":"node",
        "osm_id":7271385932,
        "name":"Shri Vinayaka Impex",
        "office":"company",
        "workforce_capacity":null,
        "omr_it_corridor_candidate":false,
        "osm_tags":{
          "addr:city":"Chennai",
          "addr:housenumber":"19/20",
          "addr:postcode":"600034",
          "addr:street":"Dr Thirumurthy Nagar 5th Street",
          "description":"Clothing accessories",
          "email":"vinayakarkb@gmail.com",
          "name":"Shri Vinayaka Impex",
          "office":"company"
        }
      },
      "geometry":{
        "type":"Point",
        "coordinates":[
          80.2474731,
          13.054609
        ]
      }
    },
    {
      "type":"Feature",
      "properties":{
        "osm_type":"node",
        "osm_id":7272129958,
        "name":"Sundaram Finance Holdings",
        "office":"financial_services",
        "workforce_capacity":null,
        "omr_it_corridor_candidate":false,
        "osm_tags":{
          "name":"Sundaram Finance Holdings",
          "office":"financial_services"
        }
      },
      "geometry":{
        "type":"Point",
        "coordinates":[
          80.2469517,
          13.0518707
        ]
      }
    },
    {
      "type":"Feature",
      "properties":{
        "osm_type":"node",
        "osm_id":7272149140,
        "name":"Kin Technologies Pvt Ltd",
        "office":"yes",
        "workforce_capacity":null,
        "omr_it_corridor_candidate":false,
        "osm_tags":{
          "name":"Kin Technologies Pvt Ltd",
          "office":"yes"
        }
      },
      "geometry":{
        "type":"Point",
        "coordinates":[
          80.2468873,
          13.0518576
        ]
      }
    },
    {
      "type":"Feature",
      "properties":{
        "osm_type":"node",
        "osm_id":7272171211,
        "name":"Professional Courier",
        "office":"courier",
        "workforce_capacity":null,
        "omr_it_corridor_candidate":false,
        "osm_tags":{
          "name":"Professional Courier",
          "office":"courier"
        }
      },
      "geometry":{
        "type":"Point",
        "coordinates":[
          80.2479848,
          13.0522745
        ]
      }
    },
    {
      "type":"Feature",
      "properties":{
        "osm_type":"node",
        "osm_id":7272173009,
        "name":"The Krishna Group",
        "office":"yes",
        "workforce_capacity":null,
        "omr_it_corridor_candidate":false,
        "osm_tags":{
          "name":"The Krishna Group",
          "office":"yes"
        }
      },
      "geometry":{
        "type":"Point",
        "coordinates":[
          80.2470965,
          13.051842
        ]
      }
    },
    {
      "type":"Feature",
      "properties":{
        "osm_type":"node",
        "osm_id":7272177286,
        "name":"Handloom Export Promotion Council",
        "office":"government",
        "workforce_capacity":null,
        "omr_it_corridor_candidate":false,
        "osm_tags":{
          "government":"administrative",
          "name":"Handloom Export Promotion Council",
          "office":"government"
        }
      },
      "geometry":{
        "type":"Point",
        "coordinates":[
          80.2479092,
          13.0518211
        ]
      }
    },
    {
      "type":"Feature",
      "properties":{
        "osm_type":"node",
        "osm_id":7314258199,
        "name":"Tamil Nadu Electricity Generation & Distribution office",
        "office":"energy_supplier",
        "workforce_capacity":null,
        "omr_it_corridor_candidate":false,
        "osm_tags":{
          "description":"TANGEDCO",
          "name":"Tamil Nadu Electricity Generation & Distribution office",
          "office":"energy_supplier"
        }
      },
      "geometry":{
        "type":"Point",
        "coordinates":[
          80.2425334,
          13.0524834
        ]
      }
    },
    {
      "type":"Feature",
      "properties":{
        "osm_type":"node",
        "osm_id":7572041375,
        "name":"Roanuz Softwares",
        "office":"company",
        "workforce_capacity":null,
        "omr_it_corridor_candidate":false,
        "osm_tags":{
          "name":"Roanuz Softwares",
          "office":"company"
        }
      },
      "geometry":{
        "type":"Point",
        "coordinates":[
          80.2688773,
          12.9910761
        ]
      }
    },
    {
      "type":"Feature",
      "properties":{
        "osm_type":"node",
        "osm_id":7577899276,
        "name":"Vetivert Collective",
        "office":"foundation",
        "workforce_capacity":null,
        "omr_it_corridor_candidate":false,
        "osm_tags":{
          "name":"Vetivert Collective",
          "office":"foundation"
        }
      },
      "geometry":{
        "type":"Point",
        "coordinates":[
          80.2723636,
          13.0035558
        ]
      }
    },
    {
      "type":"Feature",
      "properties":{
        "osm_type":"node",
        "osm_id":7652507268,
        "name":"Consulate General of the Republic of Singapore",
        "office":"diplomatic",
        "workforce_capacity":null,
        "omr_it_corridor_candidate":false,
        "osm_tags":{
          "addr:city":"Chennai",
          "addr:housenumber":"16,",
          "addr:postcode":"600017",
          "addr:street":"Doctor Shivaji Ganesan Road",
          "consulate":"consulate_general",
          "country":"SG",
          "diplomatic":"consulate",
          "name":"Consulate General of the Republic of Singapore",
          "office":"diplomatic"
        }
      },
      "geometry":{
        "type":"Point",
        "coordinates":[
          80.2454686,
          13.0467106
        ]
      }
    },
    {
      "type":"Feature",
      "properties":{
        "osm_type":"node",
        "osm_id":7652633326,
        "name":"Malligai Dental Academy",
        "office":"educational_institution",
        "workforce_capacity":null,
        "omr_it_corridor_candidate":false,
        "osm_tags":{
          "addr:city":"Chennai",
          "addr:housenumber":"23/49, G1, Ground Floor, Chandra Flats,",
          "addr:postcode":"600033",
          "addr:street":"7th Avenue",
          "name":"Malligai Dental Academy",
          "office":"educational_institution"
        }
      },
      "geometry":{
        "type":"Point",
        "coordinates":[
          80.2164706,
          13.0363457
        ]
      }
    },
    {
      "type":"Feature",
      "properties":{
        "osm_type":"node",
        "osm_id":7682535985,
        "name":null,
        "office":"government",
        "workforce_capacity":null,
        "omr_it_corridor_candidate":false,
        "osm_tags":{
          "addr:postcode":"600070",
          "addr:street":"Pammal Main Road",
          "name:en":"EB office - Pammal",
          "office":"government",
          "opening_hours":"Mo-Fr 09:00-13:00",
          "phone":"044 2248 3490"
        }
      },
      "geometry":{
        "type":"Point",
        "coordinates":[
          80.131803,
          12.9753946
        ]
      }
    },
    {
      "type":"Feature",
      "properties":{
        "osm_type":"node",
        "osm_id":7868260223,
        "name":"Ambattur Regional Trasnport Office",
        "office":"government",
        "workforce_capacity":null,
        "omr_it_corridor_candidate":false,
        "osm_tags":{
          "addr:city":"Chennai",
          "addr:postcode":"600053",
          "addr:street":"West Park Street",
          "government":"transportation",
          "name":"Ambattur Regional Trasnport Office",
          "office":"government"
        }
      },
      "geometry":{
        "type":"Point",
        "coordinates":[
          80.1541191,
          13.1179892
        ]
      }
    },
    {
      "type":"Feature",
      "properties":{
        "osm_type":"node",
        "osm_id":8097034426,
        "name":"TNEB Substation 33/11KV",
        "office":"energy_supplier",
        "workforce_capacity":null,
        "omr_it_corridor_candidate":false,
        "osm_tags":{
          "addr:street":"7/41, Raghava Colony W St, Ragavan Colony, Mettuppalayam, Ashok Nagar, Chennai, Tamil Nadu 600083",
          "name":"TNEB Substation 33/11KV",
          "office":"energy_supplier",
          "phone":"044 2371 2221",
          "website":"tangedco.gov.in"
        }
      },
      "geometry":{
        "type":"Point",
        "coordinates":[
          80.21437,
          13.0290954
        ]
      }
    },
    {
      "type":"Feature",
      "properties":{
        "osm_type":"node",
        "osm_id":8111858205,
        "name":"Stone Bench Pvt Ltd",
        "office":"financial",
        "workforce_capacity":null,
        "omr_it_corridor_candidate":false,
        "osm_tags":{
          "addr:city":"Chennai",
          "addr:housenumber":"22/2",
          "addr:postcode":"600083",
          "addr:street":"12th Avenue",
          "addr:suburb":"Ashok Nagar",
          "description":"Film Production Company",
          "name":"Stone Bench Pvt Ltd",
          "office":"financial",
          "opening_hours":"Mo-Fr 10:30-18:30",
          "phone":"044 4285 3134",
          "website":"https://www.stonebench.co.in/"
        }
      },
      "geometry":{
        "type":"Point",
        "coordinates":[
          80.2106363,
          13.0308803
        ]
      }
    },
    {
      "type":"Feature",
      "properties":{
        "osm_type":"node",
        "osm_id":8151821343,
        "name":"Tamil Nadu Public Distribution Scheme Service Office",
        "office":"government",
        "workforce_capacity":null,
        "omr_it_corridor_candidate":false,
        "osm_tags":{
          "government":"social_welfare",
          "name":"Tamil Nadu Public Distribution Scheme Service Office",
          "office":"government",
          "operator":"Public Distribution System",
          "operator:wikidata":"Q60901",
          "operator:wikipedia":"en:Public distribution system"
        }
      },
      "geometry":{
        "type":"Point",
        "coordinates":[
          80.1988272,
          12.9915008
        ]
      }
    },
    {
      "type":"Feature",
      "properties":{
        "osm_type":"node",
        "osm_id":8219719307,
        "name":"Sunaadalahari",
        "office":"ngo",
        "workforce_capacity":null,
        "omr_it_corridor_candidate":false,
        "osm_tags":{
          "addr:city":"Chennai",
          "addr:housenumber":"52",
          "addr:postcode":"600018",
          "addr:street":"CP Ramaswamy Road",
          "description":"Sunaadalahari, musical wing of Indira Ranganathan Trust is a charitable organisation with a mission to promote art forms and its artists.",
          "email":"info@sunaadalahari.org",
          "name":"Sunaadalahari",
          "office":"ngo",
          "phone":"+91 93445 35941",
          "website":"https://www.sunaadalahari.org/"
        }
      },
      "geometry":{
        "type":"Point",
        "coordinates":[
          80.2565933,
          13.0317124
        ]
      }
    },
    {
      "type":"Feature",
      "properties":{
        "osm_type":"node",
        "osm_id":8430636718,
        "name":"Sri Lakshmi Agro",
        "office":"company",
        "workforce_capacity":null,
        "omr_it_corridor_candidate":false,
        "osm_tags":{
          "name":"Sri Lakshmi Agro",
          "office":"company"
        }
      },
      "geometry":{
        "type":"Point",
        "coordinates":[
          80.2992198,
          13.1444405
        ]
      }
    },
    {
      "type":"Feature",
      "properties":{
        "osm_type":"node",
        "osm_id":8478795417,
        "name":"GUINDY SIDCO INDUSTRIAL ESTATE",
        "office":"yes",
        "workforce_capacity":null,
        "omr_it_corridor_candidate":false,
        "osm_tags":{
          "addr:city":"Chennai",
          "addr:country":"IN",
          "addr:housenumber":"#122 1ST FLOOR.",
          "addr:locality":"GUINDY",
          "addr:postcode":"600032",
          "addr:state":"Tamilnadu",
          "addr:street":"HQ10 GUINDY SIDCO INDUSTRIAL ESTATE,",
          "name":"GUINDY SIDCO INDUSTRIAL ESTATE",
          "office":"yes"
        }
      },
      "geometry":{
        "type":"Point",
        "coordinates":[
          80.2013694,
          13.0161967
        ]
      }
    },
    {
      "type":"Feature",
      "properties":{
        "osm_type":"node",
        "osm_id":8488595695,
        "name":"Viduthalai",
        "office":"newspaper",
        "workforce_capacity":null,
        "omr_it_corridor_candidate":false,
        "osm_tags":{
          "name":"Viduthalai",
          "office":"newspaper"
        }
      },
      "geometry":{
        "type":"Point",
        "coordinates":[
          80.2611973,
          13.0812197
        ]
      }
    },
    {
      "type":"Feature",
      "properties":{
        "osm_type":"node",
        "osm_id":8488622732,
        "name":"IGNOU Chennai Regional Office",
        "office":"educational_institution",
        "workforce_capacity":null,
        "omr_it_corridor_candidate":false,
        "osm_tags":{
          "name":"IGNOU Chennai Regional Office",
          "office":"educational_institution"
        }
      },
      "geometry":{
        "type":"Point",
        "coordinates":[
          80.2613818,
          13.0814046
        ]
      }
    },
    {
      "type":"Feature",
      "properties":{
        "osm_type":"node",
        "osm_id":8488629278,
        "name":"Dravidar Kazhagam - HQ",
        "office":"political_party",
        "workforce_capacity":null,
        "omr_it_corridor_candidate":false,
        "osm_tags":{
          "name":"Dravidar Kazhagam - HQ",
          "office":"political_party"
        }
      },
      "geometry":{
        "type":"Point",
        "coordinates":[
          80.2614806,
          13.0815688
        ]
      }
    },
    {
      "type":"Feature",
      "properties":{
        "osm_type":"node",
        "osm_id":8577515098,
        "name":"HDFC Home Loans Velachery Branch",
        "office":"financial",
        "workforce_capacity":null,
        "omr_it_corridor_candidate":false,
        "osm_tags":{
          "addr:city":"Chennai",
          "addr:housenumber":"12",
          "addr:postcode":"600100",
          "addr:street":"Balaji Nagar, Velachery Main Road",
          "level":"1",
          "name":"HDFC Home Loans Velachery Branch",
          "office":"financial",
          "opening_hours":"Mo-Fr 09:30-17:15; Sa[1-2,4] 10:00-13:00; Sa[3] off; Su off; PH off",
          "operator:website":"https://www.hdfc.com",
          "operator:wikidata":"Q1446319",
          "operator:wikipedia":"en:Housing Development Finance Corporation",
          "phone":"+91 44 2246 3711;+91 44 2246 3712",
          "website":"https://www.hdfc.com"
        }
      },
      "geometry":{
        "type":"Point",
        "coordinates":[
          80.2120275,
          12.9544658
        ]
      }
    },
    {
      "type":"Feature",
      "properties":{
        "osm_type":"node",
        "osm_id":8632152619,
        "name":"Vikatan Publisher",
        "office":"newspaper",
        "workforce_capacity":null,
        "omr_it_corridor_candidate":false,
        "osm_tags":{
          "name":"Vikatan Publisher",
          "office":"newspaper",
          "survey:date":"2021-04-11"
        }
      },
      "geometry":{
        "type":"Point",
        "coordinates":[
          80.2585845,
          13.0606049
        ]
      }
    },
    {
      "type":"Feature",
      "properties":{
        "osm_type":"node",
        "osm_id":8637425942,
        "name":"Lodha Estates and Finance",
        "office":"estate_agent",
        "workforce_capacity":null,
        "omr_it_corridor_candidate":false,
        "osm_tags":{
          "addr:housenumber":"44",
          "name":"Lodha Estates and Finance",
          "office":"estate_agent"
        }
      },
      "geometry":{
        "type":"Point",
        "coordinates":[
          80.2612712,
          13.0576593
        ]
      }
    },
    {
      "type":"Feature",
      "properties":{
        "osm_type":"node",
        "osm_id":8666382807,
        "name":"Zupersoft Solution PVT Ltd",
        "office":"company",
        "workforce_capacity":null,
        "omr_it_corridor_candidate":false,
        "osm_tags":{
          "addr:city":"Chennai",
          "addr:housenumber":"SKCL Harmony Square",
          "addr:postcode":"600017",
          "addr:street":"Prakasam Street, Gangai Karai Puram, T. Nagar",
          "name":"Zupersoft Solution PVT Ltd",
          "office":"company",
          "opening_hours":"Mo-Sa 09:00-18:00",
          "website":"https://zuper.co/"
        }
      },
      "geometry":{
        "type":"Point",
        "coordinates":[
          80.2453743,
          13.0494308
        ]
      }
    },
    {
      "type":"Feature",
      "properties":{
        "osm_type":"node",
        "osm_id":8669165864,
        "name":null,
        "office":"government",
        "workforce_capacity":null,
        "omr_it_corridor_candidate":false,
        "osm_tags":{
          "government":"administrative",
          "office":"government"
        }
      },
      "geometry":{
        "type":"Point",
        "coordinates":[
          80.1855157,
          12.9689522
        ]
      }
    },
    {
      "type":"Feature",
      "properties":{
        "osm_type":"node",
        "osm_id":8669165872,
        "name":"Jacob Scientifics - Head Office",
        "office":"company",
        "workforce_capacity":null,
        "omr_it_corridor_candidate":false,
        "osm_tags":{
          "addr:city":"Chennai",
          "addr:housenumber":"5/389",
          "addr:postcode":"600091",
          "addr:street":"Madipakkam Main Road",
          "email":"js@jacobscientifics.com",
          "name":"Jacob Scientifics - Head Office",
          "office":"company",
          "phone":"+91 44 2258 4161;+91 44 2258 4162",
          "website":"http://www.jacobscientifics.com"
        }
      },
      "geometry":{
        "type":"Point",
        "coordinates":[
          80.1947873,
          12.9670958
        ]
      }
    },
    {
      "type":"Feature",
      "properties":{
        "osm_type":"node",
        "osm_id":8882544817,
        "name":null,
        "office":"company",
        "workforce_capacity":null,
        "omr_it_corridor_candidate":false,
        "osm_tags":{
          "addr:housenumber":"A1",
          "addr:postcode":"600102",
          "addr:street":"Anna Nagar 2nd Avenue",
          "email":"ritsca2016@gmail.com",
          "name:en":"Rits and Associates Chartered Accountants",
          "office":"company",
          "opening_hours":"Mo-Sa 09:30-06:30",
          "phone":"49526946",
          "website":"https://www.ritsca.com/"
        }
      },
      "geometry":{
        "type":"Point",
        "coordinates":[
          80.2220047,
          13.0842897
        ]
      }
    },
    {
      "type":"Feature",
      "properties":{
        "osm_type":"node",
        "osm_id":8967676339,
        "name":"Shastra Cards Private Limited",
        "office":"company",
        "workforce_capacity":null,
        "omr_it_corridor_candidate":false,
        "osm_tags":{
          "addr:city":"Chennai",
          "addr:housenumber":"4",
          "addr:postcode":"600017",
          "addr:street":"Bazullah Road",
          "addr:suburb":"T. Nagar",
          "air_conditioning":"yes",
          "level":"1",
          "name":"Shastra Cards Private Limited",
          "office":"company",
          "opening_hours":"Mo-Sa 10:00-20:00",
          "phone":"091763 33222",
          "website":"http://www.shastracards.com/"
        }
      },
      "geometry":{
        "type":"Point",
        "coordinates":[
          80.2337325,
          13.047061
        ]
      }
    },
    {
      "type":"Feature",
      "properties":{
        "osm_type":"node",
        "osm_id":8986257910,
        "name":"YogaVahini",
        "office":"yes",
        "workforce_capacity":null,
        "omr_it_corridor_candidate":false,
        "osm_tags":{
          "addr:city":"Chennai",
          "addr:country":"IN",
          "addr:housename":"Lakshmi Nilayam Apts",
          "addr:housenumber":"Plot No. 18-A, Door No. 3/356",
          "addr:postcode":"600041",
          "addr:street":"19th St, Venkateswara Nagar, Kottivakkam",
          "building":"apartments",
          "designation":"NGO",
          "name":"YogaVahini",
          "office":"yes",
          "source":"https://www.yogavahini.com/contact-us"
        }
      },
      "geometry":{
        "type":"Point",
        "coordinates":[
          80.2618513,
          12.9664865
        ]
      }
    },
    {
      "type":"Feature",
      "properties":{
        "osm_type":"node",
        "osm_id":9042473900,
        "name":"Schatz Enterprises Private Limited",
        "office":"consulting",
        "workforce_capacity":null,
        "omr_it_corridor_candidate":false,
        "osm_tags":{
          "addr:city":"Chennai",
          "addr:housenumber":"AD13/18,2nd Floor",
          "addr:postcode":"600040",
          "addr:street":"5th Avenue, Shanthi Colony,",
          "description":"Schatz Enterprises Private Limited",
          "name":"Schatz Enterprises Private Limited",
          "office":"consulting",
          "opening_hours":"Mo-Su 10:00-18:00",
          "website":"https://schatzmarkets.com/"
        }
      },
      "geometry":{
        "type":"Point",
        "coordinates":[
          80.2100159,
          13.0840052
        ]
      }
    },
    {
      "type":"Feature",
      "properties":{
        "osm_type":"node",
        "osm_id":9345560480,
        "name":"SARF Communications",
        "office":"company",
        "workforce_capacity":null,
        "omr_it_corridor_candidate":false,
        "osm_tags":{
          "name":"SARF Communications",
          "office":"company"
        }
      },
      "geometry":{
        "type":"Point",
        "coordinates":[
          80.2436417,
          13.0880867
        ]
      }
    },
    {
      "type":"Feature",
      "properties":{
        "osm_type":"node",
        "osm_id":9345560481,
        "name":"IPCS Automation",
        "office":"company",
        "workforce_capacity":null,
        "omr_it_corridor_candidate":false,
        "osm_tags":{
          "name":"IPCS Automation",
          "office":"company"
        }
      },
      "geometry":{
        "type":"Point",
        "coordinates":[
          80.1967956,
          13.0915424
        ]
      }
    },
    {
      "type":"Feature",
      "properties":{
        "osm_type":"node",
        "osm_id":9348174750,
        "name":"Maaya Systems",
        "office":"company",
        "workforce_capacity":null,
        "omr_it_corridor_candidate":false,
        "osm_tags":{
          "name":"Maaya Systems",
          "office":"company"
        }
      },
      "geometry":{
        "type":"Point",
        "coordinates":[
          80.2563165,
          13.0657747
        ]
      }
    },
    {
      "type":"Feature",
      "properties":{
        "osm_type":"node",
        "osm_id":9360052318,
        "name":"மனித நேய மக்கள் கட்சி தலைமை அலுவலகம்",
        "office":"ngo",
        "workforce_capacity":null,
        "omr_it_corridor_candidate":false,
        "osm_tags":{
          "addr:housenumber":"7",
          "addr:street":"Vadamaracoir Street",
          "name":"மனித நேய மக்கள் கட்சி தலைமை அலுவலகம்",
          "name:en":"Manitha Neya Makkal Katchi Head Office",
          "office":"ngo",
          "opening_hours":"24/7",
          "phone":"044-25247824",
          "website":"https://www.mmkinfo.com/"
        }
      },
      "geometry":{
        "type":"Point",
        "coordinates":[
          80.2917114,
          13.098322
        ]
      }
    },
    {
      "type":"Feature",
      "properties":{
        "osm_type":"node",
        "osm_id":9378509592,
        "name":"Helxyon Healthcare",
        "office":"company",
        "workforce_capacity":null,
        "omr_it_corridor_candidate":false,
        "osm_tags":{
          "name":"Helxyon Healthcare",
          "office":"company"
        }
      },
      "geometry":{
        "type":"Point",
        "coordinates":[
          80.2420297,
          12.9911741
        ]
      }
    },
    {
      "type":"Feature",
      "properties":{
        "osm_type":"node",
        "osm_id":9378879817,
        "name":"Nexus Interiors",
        "office":"company",
        "workforce_capacity":null,
        "omr_it_corridor_candidate":false,
        "osm_tags":{
          "name":"Nexus Interiors",
          "office":"company"
        }
      },
      "geometry":{
        "type":"Point",
        "coordinates":[
          80.1309031,
          12.9230149
        ]
      }
    },
    {
      "type":"Feature",
      "properties":{
        "osm_type":"node",
        "osm_id":9400398350,
        "name":null,
        "office":"forestry",
        "workforce_capacity":null,
        "omr_it_corridor_candidate":false,
        "osm_tags":{
          "office":"forestry"
        }
      },
      "geometry":{
        "type":"Point",
        "coordinates":[
          80.1769625,
          12.9206461
        ]
      }
    },
    {
      "type":"Feature",
      "properties":{
        "osm_type":"node",
        "osm_id":9436487461,
        "name":"VFS Global Services Pvt. Ltd.",
        "office":"company",
        "workforce_capacity":null,
        "omr_it_corridor_candidate":false,
        "osm_tags":{
          "addr:city":"Chennai",
          "addr:housenumber":"74",
          "addr:postcode":"600008",
          "addr:street":"Ethiraj Salai",
          "name":"VFS Global Services Pvt. Ltd.",
          "office":"company",
          "opening_hours":"Mo-Fr 08:00-16:00; PH off"
        }
      },
      "geometry":{
        "type":"Point",
        "coordinates":[
          80.2596184,
          13.063297
        ]
      }
    },
    {
      "type":"Feature",
      "properties":{
        "osm_type":"node",
        "osm_id":9504015645,
        "name":"Cafeteria | PT area",
        "office":"educational_institution",
        "workforce_capacity":null,
        "omr_it_corridor_candidate":false,
        "osm_tags":{
          "name":"Cafeteria | PT area",
          "office":"educational_institution"
        }
      },
      "geometry":{
        "type":"Point",
        "coordinates":[
          80.1976205,
          13.0816273
        ]
      }
    },
    {
      "type":"Feature",
      "properties":{
        "osm_type":"node",
        "osm_id":9565908906,
        "name":"Saama Technologies pvt. Ltd",
        "office":"company",
        "workforce_capacity":null,
        "omr_it_corridor_candidate":false,
        "osm_tags":{
          "name":"Saama Technologies pvt. Ltd",
          "office":"company"
        }
      },
      "geometry":{
        "type":"Point",
        "coordinates":[
          80.2110496,
          13.0101135
        ]
      }
    },
    {
      "type":"Feature",
      "properties":{
        "osm_type":"node",
        "osm_id":9567727980,
        "name":"Village Administrator's Office - Alandur",
        "office":"government",
        "workforce_capacity":null,
        "omr_it_corridor_candidate":false,
        "osm_tags":{
          "addr:street":"M.K.N. Road",
          "alt_name":"VAO office",
          "name":"Village Administrator's Office - Alandur",
          "office":"government",
          "short_name":"VAO office"
        }
      },
      "geometry":{
        "type":"Point",
        "coordinates":[
          80.2059504,
          13.0018411
        ]
      }
    },
    {
      "type":"Feature",
      "properties":{
        "osm_type":"node",
        "osm_id":9768615294,
        "name":"Trimble Information Technologies India Pvt Ltd",
        "office":"company",
        "workforce_capacity":null,
        "omr_it_corridor_candidate":false,
        "osm_tags":{
          "name":"Trimble Information Technologies India Pvt Ltd",
          "office":"company",
          "website":"https://www.trimble.com/en/"
        }
      },
      "geometry":{
        "type":"Point",
        "coordinates":[
          80.2445952,
          12.9633028
        ]
      }
    },
    {
      "type":"Feature",
      "properties":{
        "osm_type":"node",
        "osm_id":9872385055,
        "name":"The Oriental Insurance Company",
        "office":"insurance",
        "workforce_capacity":null,
        "omr_it_corridor_candidate":false,
        "osm_tags":{
          "brand":"The Oriental Insurance Company",
          "brand:wikidata":"Q20707811",
          "name":"The Oriental Insurance Company",
          "office":"insurance"
        }
      },
      "geometry":{
        "type":"Point",
        "coordinates":[
          80.2857169,
          13.0904988
        ]
      }
    },
    {
      "type":"Feature",
      "properties":{
        "osm_type":"node",
        "osm_id":9872392713,
        "name":"Life Insurance Corporation",
        "office":"insurance",
        "workforce_capacity":null,
        "omr_it_corridor_candidate":false,
        "osm_tags":{
          "brand":"Life Insurance Corporation",
          "brand:wikidata":"Q2767170",
          "name":"Life Insurance Corporation",
          "office":"insurance",
          "short_name":"LIC"
        }
      },
      "geometry":{
        "type":"Point",
        "coordinates":[
          80.2891867,
          13.0890388
        ]
      }
    },
    {
      "type":"Feature",
      "properties":{
        "osm_type":"node",
        "osm_id":9873524702,
        "name":"United India Insurance Company",
        "office":"insurance",
        "workforce_capacity":null,
        "omr_it_corridor_candidate":false,
        "osm_tags":{
          "brand":"United India Insurance Company",
          "brand:wikidata":"Q24952429",
          "name":"United India Insurance Company",
          "office":"insurance"
        }
      },
      "geometry":{
        "type":"Point",
        "coordinates":[
          80.2873952,
          13.0903109
        ]
      }
    },
    {
      "type":"Feature",
      "properties":{
        "osm_type":"node",
        "osm_id":9873524742,
        "name":"Themis Attorneys",
        "office":"lawyer",
        "workforce_capacity":null,
        "omr_it_corridor_candidate":false,
        "osm_tags":{
          "name":"Themis Attorneys",
          "office":"lawyer"
        }
      },
      "geometry":{
        "type":"Point",
        "coordinates":[
          80.2877313,
          13.0901972
        ]
      }
    },
    {
      "type":"Feature",
      "properties":{
        "osm_type":"node",
        "osm_id":9891659946,
        "name":"Food Corporation of India",
        "office":"government",
        "workforce_capacity":null,
        "omr_it_corridor_candidate":false,
        "osm_tags":{
          "government":"administrative",
          "name":"Food Corporation of India",
          "office":"government"
        }
      },
      "geometry":{
        "type":"Point",
        "coordinates":[
          80.2480058,
          13.06591
        ]
      }
    },
    {
      "type":"Feature",
      "properties":{
        "osm_type":"node",
        "osm_id":9891675975,
        "name":"NABARD",
        "office":"government",
        "workforce_capacity":null,
        "omr_it_corridor_candidate":false,
        "osm_tags":{
          "government":"administrative",
          "name":"NABARD",
          "office":"government"
        }
      },
      "geometry":{
        "type":"Point",
        "coordinates":[
          80.2459481,
          13.0622637
        ]
      }
    },
    {
      "type":"Feature",
      "properties":{
        "osm_type":"node",
        "osm_id":9891685428,
        "name":"Central Stationary Office",
        "office":"government",
        "workforce_capacity":null,
        "omr_it_corridor_candidate":false,
        "osm_tags":{
          "government":"warehouse",
          "name":"Central Stationary Office",
          "office":"government"
        }
      },
      "geometry":{
        "type":"Point",
        "coordinates":[
          80.2462614,
          13.0665789
        ]
      }
    },
    {
      "type":"Feature",
      "properties":{
        "osm_type":"node",
        "osm_id":9920341491,
        "name":"Wildlife Warden",
        "office":"government",
        "workforce_capacity":null,
        "omr_it_corridor_candidate":false,
        "osm_tags":{
          "addr:city":"Guindy National Park",
          "addr:district":"Chennai",
          "addr:postcode":"600022",
          "government":"public_service",
          "name":"Wildlife Warden",
          "office":"government",
          "phone":"+914429505150",
          "website":"https://guindypark.com/"
        }
      },
      "geometry":{
        "type":"Point",
        "coordinates":[
          80.2343449,
          13.0043644
        ]
      }
    },
    {
      "type":"Feature",
      "properties":{
        "osm_type":"node",
        "osm_id":9920494484,
        "name":"Chennai Metro Water Distribution Station",
        "office":"water_utility",
        "workforce_capacity":null,
        "omr_it_corridor_candidate":false,
        "osm_tags":{
          "name":"Chennai Metro Water Distribution Station",
          "office":"water_utility"
        }
      },
      "geometry":{
        "type":"Point",
        "coordinates":[
          80.2053522,
          12.9409165
        ]
      }
    },
    {
      "type":"Feature",
      "properties":{
        "osm_type":"node",
        "osm_id":9920595831,
        "name":"VAO Office",
        "office":"government",
        "workforce_capacity":null,
        "omr_it_corridor_candidate":false,
        "osm_tags":{
          "name":"VAO Office",
          "office":"government"
        }
      },
      "geometry":{
        "type":"Point",
        "coordinates":[
          80.1873402,
          12.9416909
        ]
      }
    },
    {
      "type":"Feature",
      "properties":{
        "osm_type":"node",
        "osm_id":9939052117,
        "name":null,
        "office":"ngo",
        "workforce_capacity":null,
        "omr_it_corridor_candidate":false,
        "osm_tags":{
          "addr:housenumber":"322",
          "addr:street":"Ambujammal Street",
          "name:en":"Srinivasa gandhi nilayam",
          "office":"ngo",
          "opening_hours":"Mo-Su 11:00-16:00"
        }
      },
      "geometry":{
        "type":"Point",
        "coordinates":[
          80.2571822,
          13.0402209
        ]
      }
    },
    {
      "type":"Feature",
      "properties":{
        "osm_type":"node",
        "osm_id":9955365821,
        "name":"Paul Travels",
        "office":"travel_agent",
        "workforce_capacity":null,
        "omr_it_corridor_candidate":false,
        "osm_tags":{
          "name":"Paul Travels",
          "office":"travel_agent"
        }
      },
      "geometry":{
        "type":"Point",
        "coordinates":[
          80.1989109,
          13.0697692
        ]
      }
    },
    {
      "type":"Feature",
      "properties":{
        "osm_type":"node",
        "osm_id":9955386189,
        "name":"City Travels",
        "office":"travel_agent",
        "workforce_capacity":null,
        "omr_it_corridor_candidate":false,
        "osm_tags":{
          "name":"City Travels",
          "office":"travel_agent"
        }
      },
      "geometry":{
        "type":"Point",
        "coordinates":[
          80.199104,
          13.0697036
        ]
      }
    },
    {
      "type":"Feature",
      "properties":{
        "osm_type":"node",
        "osm_id":9955387139,
        "name":"National Travels",
        "office":"travel_agent",
        "workforce_capacity":null,
        "omr_it_corridor_candidate":false,
        "osm_tags":{
          "name":"National Travels",
          "office":"travel_agent"
        }
      },
      "geometry":{
        "type":"Point",
        "coordinates":[
          80.1988895,
          13.0696789
        ]
      }
    },
    {
      "type":"Feature",
      "properties":{
        "osm_type":"node",
        "osm_id":9955391576,
        "name":"Olive Travel Lines",
        "office":"travel_agent",
        "workforce_capacity":null,
        "omr_it_corridor_candidate":false,
        "osm_tags":{
          "name":"Olive Travel Lines",
          "office":"travel_agent"
        }
      },
      "geometry":{
        "type":"Point",
        "coordinates":[
          80.1990036,
          13.0696685
        ]
      }
    },
    {
      "type":"Feature",
      "properties":{
        "osm_type":"node",
        "osm_id":9992171607,
        "name":"Centre of Indian Trade Unions",
        "office":"political_party",
        "workforce_capacity":null,
        "omr_it_corridor_candidate":false,
        "osm_tags":{
          "name":"Centre of Indian Trade Unions",
          "office":"political_party"
        }
      },
      "geometry":{
        "type":"Point",
        "coordinates":[
          80.2844362,
          13.089941
        ]
      }
    },
    {
      "type":"Feature",
      "properties":{
        "osm_type":"node",
        "osm_id":10161910232,
        "name":"Novac Technology Solutions",
        "office":"company",
        "workforce_capacity":null,
        "omr_it_corridor_candidate":false,
        "osm_tags":{
          "addr:city":"Mylapore,Chennai",
          "addr:housenumber":"Office 275",
          "addr:postcode":"600004",
          "addr:street":"Statesman One, Ramakrishna Mutt Rd",
          "name":"Novac Technology Solutions",
          "office":"company",
          "opening_hours":"Mo-Sa 08:00-20:00",
          "website":"https://www.novactech.in/"
        }
      },
      "geometry":{
        "type":"Point",
        "coordinates":[
          80.2674193,
          13.036261
        ]
      }
    },
    {
      "type":"Feature",
      "properties":{
        "osm_type":"node",
        "osm_id":10268908418,
        "name":"United Nations High Commissioner for Refugees Field Office Chennai",
        "office":"yes",
        "workforce_capacity":null,
        "omr_it_corridor_candidate":false,
        "osm_tags":{
          "name":"United Nations High Commissioner for Refugees Field Office Chennai",
          "office":"yes"
        }
      },
      "geometry":{
        "type":"Point",
        "coordinates":[
          80.2686708,
          12.9984384
        ]
      }
    },
    {
      "type":"Feature",
      "properties":{
        "osm_type":"node",
        "osm_id":10316946120,
        "name":"Madras Management Association",
        "office":"yes",
        "workforce_capacity":null,
        "omr_it_corridor_candidate":false,
        "osm_tags":{
          "name":"Madras Management Association",
          "office":"yes"
        }
      },
      "geometry":{
        "type":"Point",
        "coordinates":[
          80.2565913,
          13.0593938
        ]
      }
    },
    {
      "type":"Feature",
      "properties":{
        "osm_type":"node",
        "osm_id":10320253722,
        "name":"Pfizer",
        "office":"yes",
        "workforce_capacity":null,
        "omr_it_corridor_candidate":false,
        "osm_tags":{
          "name":"Pfizer",
          "office":"yes"
        }
      },
      "geometry":{
        "type":"Point",
        "coordinates":[
          80.259229,
          13.0584935
        ]
      }
    },
    {
      "type":"Feature",
      "properties":{
        "osm_type":"node",
        "osm_id":10536610878,
        "name":"The Hindu",
        "office":"newspaper",
        "workforce_capacity":null,
        "omr_it_corridor_candidate":false,
        "osm_tags":{
          "name":"The Hindu",
          "name:en":"The Hindu",
          "name:ta":"தி இந்து",
          "office":"newspaper"
        }
      },
      "geometry":{
        "type":"Point",
        "coordinates":[
          80.2733956,
          13.0707547
        ]
      }
    },
    {
      "type":"Feature",
      "properties":{
        "osm_type":"node",
        "osm_id":10593652057,
        "name":"Life Insurance Corporation",
        "office":"insurance",
        "workforce_capacity":null,
        "omr_it_corridor_candidate":false,
        "osm_tags":{
          "brand":"Life Insurance Corporation",
          "brand:short":"LIC",
          "brand:wikidata":"Q2767170",
          "name":"Life Insurance Corporation",
          "office":"insurance",
          "short_name":"LIC"
        }
      },
      "geometry":{
        "type":"Point",
        "coordinates":[
          80.2475343,
          13.0438575
        ]
      }
    },
    {
      "type":"Feature",
      "properties":{
        "osm_type":"node",
        "osm_id":10594467605,
        "name":"VBC solitaire",
        "office":"company",
        "workforce_capacity":null,
        "omr_it_corridor_candidate":false,
        "osm_tags":{
          "addr:postcode":"601204",
          "addr:street":"Bazullah Road",
          "name":"VBC solitaire",
          "office":"company",
          "opening_hours":"Su-Fr 08:00-21:00"
        }
      },
      "geometry":{
        "type":"Point",
        "coordinates":[
          80.2342619,
          13.0469523
        ]
      }
    },
    {
      "type":"Feature",
      "properties":{
        "osm_type":"node",
        "osm_id":10687917005,
        "name":"வக்ஃப் இல்லம்",
        "office":"government",
        "workforce_capacity":null,
        "omr_it_corridor_candidate":false,
        "osm_tags":{
          "addr:street":"Jafer Serang Street",
          "name":"வக்ஃப் இல்லம்",
          "name:en":"Wakf House",
          "office":"government",
          "opening_hours":"Mo-Sa 09:00-18:00"
        }
      },
      "geometry":{
        "type":"Point",
        "coordinates":[
          80.2923359,
          13.0980028
        ]
      }
    },
    {
      "type":"Feature",
      "properties":{
        "osm_type":"node",
        "osm_id":10698896818,
        "name":"Arasu Infotech",
        "office":"it",
        "workforce_capacity":null,
        "omr_it_corridor_candidate":false,
        "osm_tags":{
          "addr:city":"Chennai",
          "addr:housenumber":"No 45",
          "addr:postcode":"600095",
          "addr:street":"1st and 2nd floor, Om sakthi nagar, Kasi Towers, Mettukuppam, Vanagaram",
          "description":"Digital marketing company with a strong international presence. Our Digital Marketing Consultants use their knowledge and expertise to make a difference for businesses all around the world.",
          "name":"Arasu Infotech",
          "office":"it",
          "opening_hours":"Mo-Su 09:00-21:00",
          "phone":"9943400155",
          "website":"arasuinfotechservices.com"
        }
      },
      "geometry":{
        "type":"Point",
        "coordinates":[
          80.1499119,
          13.0456588
        ]
      }
    },
    {
      "type":"Feature",
      "properties":{
        "osm_type":"node",
        "osm_id":10703338167,
        "name":"DM Law Associates",
        "office":"lawyer",
        "workforce_capacity":null,
        "omr_it_corridor_candidate":false,
        "osm_tags":{
          "name":"DM Law Associates",
          "office":"lawyer"
        }
      },
      "geometry":{
        "type":"Point",
        "coordinates":[
          80.2885624,
          13.1003547
        ]
      }
    },
    {
      "type":"Feature",
      "properties":{
        "osm_type":"node",
        "osm_id":10716567124,
        "name":"Shri Bhagiyalakshmi Travels",
        "office":"travel_agent",
        "workforce_capacity":null,
        "omr_it_corridor_candidate":false,
        "osm_tags":{
          "addr:housenumber":"No 8 A Kali Amman koil Street, Koyembedu",
          "addr:street":"SBLT Office",
          "description":"Near 100 feet road signal",
          "name":"Shri Bhagiyalakshmi Travels",
          "office":"travel_agent",
          "phone":"9840900852"
        }
      },
      "geometry":{
        "type":"Point",
        "coordinates":[
          80.2017632,
          13.0710991
        ]
      }
    },
    {
      "type":"Feature",
      "properties":{
        "osm_type":"node",
        "osm_id":10736194041,
        "name":"RTL-Academy",
        "office":"consulting",
        "workforce_capacity":null,
        "omr_it_corridor_candidate":false,
        "osm_tags":{
          "addr:city":"Chennai",
          "addr:housenumber":"2/1414",
          "addr:postcode":"600091",
          "addr:street":"1st Street, Sigamani Nagar",
          "consulting":"learning_&_development;transdiciplinary_education",
          "name":"RTL-Academy",
          "office":"consulting",
          "phone":"044 35912841",
          "website":"www.rtlacademy.org"
        }
      },
      "geometry":{
        "type":"Point",
        "coordinates":[
          80.2001322,
          12.9578186
        ]
      }
    },
    {
      "type":"Feature",
      "properties":{
        "osm_type":"node",
        "osm_id":10775229823,
        "name":"VGP Golden Seaview Residents’ Welfare Association Office",
        "office":"association",
        "workforce_capacity":null,
        "omr_it_corridor_candidate":false,
        "osm_tags":{
          "addr:city":"Chennai",
          "addr:postcode":"600041",
          "addr:street":"VGP Layout Park",
          "name":"VGP Golden Seaview Residents’ Welfare Association Office",
          "office":"association"
        }
      },
      "geometry":{
        "type":"Point",
        "coordinates":[
          80.2596619,
          12.96315
        ]
      }
    },
    {
      "type":"Feature",
      "properties":{
        "osm_type":"node",
        "osm_id":10775285715,
        "name":"Vasant Printers",
        "office":"coworking",
        "workforce_capacity":null,
        "omr_it_corridor_candidate":false,
        "osm_tags":{
          "addr:city":"Chennai",
          "addr:housenumber":"S-9",
          "addr:postcode":"600032",
          "addr:street":"Thiru Vi Ka Indl Estate, Guindy",
          "name":"Vasant Printers",
          "office":"coworking"
        }
      },
      "geometry":{
        "type":"Point",
        "coordinates":[
          80.2086119,
          13.0093283
        ]
      }
    },
    {
      "type":"Feature",
      "properties":{
        "osm_type":"node",
        "osm_id":10782259572,
        "name":"Food Ingredient Specialities Private Limited",
        "office":"company",
        "workforce_capacity":null,
        "omr_it_corridor_candidate":false,
        "osm_tags":{
          "addr:city":"Ayanambakkam, Chennai",
          "addr:housenumber":"No. 90",
          "addr:postcode":"600095",
          "addr:street":"Vanagaram - Ambattur Road",
          "email":"foodin@dataone.in",
          "fax":"+91 04426530452",
          "name":"Food Ingredient Specialities Private Limited",
          "office":"company",
          "phone":"+91 04426531336"
        }
      },
      "geometry":{
        "type":"Point",
        "coordinates":[
          80.1517149,
          13.066822
        ]
      }
    },
    {
      "type":"Feature",
      "properties":{
        "osm_type":"node",
        "osm_id":10796978290,
        "name":"United India Insurance Company",
        "office":"insurance",
        "workforce_capacity":null,
        "omr_it_corridor_candidate":false,
        "osm_tags":{
          "brand":"United India Insurance Company",
          "brand:wikidata":"Q24952429",
          "name":"United India Insurance Company",
          "office":"insurance"
        }
      },
      "geometry":{
        "type":"Point",
        "coordinates":[
          80.2809977,
          13.0874702
        ]
      }
    },
    {
      "type":"Feature",
      "properties":{
        "osm_type":"node",
        "osm_id":10914802359,
        "name":"Department Of Tribal Welfare",
        "office":"government",
        "workforce_capacity":null,
        "omr_it_corridor_candidate":false,
        "osm_tags":{
          "name":"Department Of Tribal Welfare",
          "office":"government"
        }
      },
      "geometry":{
        "type":"Point",
        "coordinates":[
          80.2828666,
          13.0631997
        ]
      }
    },
    {
      "type":"Feature",
      "properties":{
        "osm_type":"node",
        "osm_id":10915906407,
        "name":"Rohit Krishna",
        "office":"lawyer",
        "workforce_capacity":null,
        "omr_it_corridor_candidate":false,
        "osm_tags":{
          "name":"Rohit Krishna",
          "office":"lawyer"
        }
      },
      "geometry":{
        "type":"Point",
        "coordinates":[
          80.2792962,
          13.0909141
        ]
      }
    },
    {
      "type":"Feature",
      "properties":{
        "osm_type":"node",
        "osm_id":10933682514,
        "name":"R. Anand",
        "office":"lawyer",
        "workforce_capacity":null,
        "omr_it_corridor_candidate":false,
        "osm_tags":{
          "name":"R. Anand",
          "office":"lawyer"
        }
      },
      "geometry":{
        "type":"Point",
        "coordinates":[
          80.2798552,
          13.0980358
        ]
      }
    },
    {
      "type":"Feature",
      "properties":{
        "osm_type":"node",
        "osm_id":10967320949,
        "name":"Tamil Nadu Engineering Works",
        "office":"engineer",
        "workforce_capacity":null,
        "omr_it_corridor_candidate":false,
        "osm_tags":{
          "name":"Tamil Nadu Engineering Works",
          "office":"engineer"
        }
      },
      "geometry":{
        "type":"Point",
        "coordinates":[
          80.2851658,
          13.0977145
        ]
      }
    },
    {
      "type":"Feature",
      "properties":{
        "osm_type":"node",
        "osm_id":10967640639,
        "name":"S. Prakashchand Jain Advocates",
        "office":"lawyer",
        "workforce_capacity":null,
        "omr_it_corridor_candidate":false,
        "osm_tags":{
          "name":"S. Prakashchand Jain Advocates",
          "office":"lawyer"
        }
      },
      "geometry":{
        "type":"Point",
        "coordinates":[
          80.2815936,
          13.090654
        ]
      }
    },
    {
      "type":"Feature",
      "properties":{
        "osm_type":"node",
        "osm_id":10973664828,
        "name":"Hindustan Marketing",
        "office":"advertising_agency",
        "workforce_capacity":null,
        "omr_it_corridor_candidate":false,
        "osm_tags":{
          "name":"Hindustan Marketing",
          "office":"advertising_agency"
        }
      },
      "geometry":{
        "type":"Point",
        "coordinates":[
          80.2798329,
          13.0905156
        ]
      }
    },
    {
      "type":"Feature",
      "properties":{
        "osm_type":"node",
        "osm_id":11004539790,
        "name":"Emerson Process Management Chennai",
        "office":"yes",
        "workforce_capacity":null,
        "omr_it_corridor_candidate":false,
        "osm_tags":{
          "name":"Emerson Process Management Chennai",
          "office":"yes"
        }
      },
      "geometry":{
        "type":"Point",
        "coordinates":[
          80.2304318,
          12.9202699
        ]
      }
    },
    {
      "type":"Feature",
      "properties":{
        "osm_type":"node",
        "osm_id":11042181462,
        "name":"Iss relocations",
        "office":"logistics",
        "workforce_capacity":null,
        "omr_it_corridor_candidate":false,
        "osm_tags":{
          "contact:email":"India@iss-relocations.com",
          "contact:phone":"+91 44 4203 1882;+91 98848 27496;+971 4 234 8100",
          "contact:website":"https://iss-relocations.com/",
          "name":"Iss relocations",
          "office":"logistics",
          "opening_hours":"Mo-Fr 08:30-17:30",
          "operator":"ISS Relocations"
        }
      },
      "geometry":{
        "type":"Point",
        "coordinates":[
          80.2196199,
          13.0726541
        ]
      }
    },
    {
      "type":"Feature",
      "properties":{
        "osm_type":"node",
        "osm_id":11042181464,
        "name":"Iss relocations",
        "office":"logistics",
        "workforce_capacity":null,
        "omr_it_corridor_candidate":false,
        "osm_tags":{
          "contact:email":"India@iss-relocations.com",
          "contact:phone":"+91 44 4203 1882;+91 98848 27496;+971 4 234 8100",
          "contact:website":"https://iss-relocations.com/",
          "name":"Iss relocations",
          "office":"logistics",
          "opening_hours":"Mo-Fr 08:30-17:30",
          "operator":"ISS Relocations"
        }
      },
      "geometry":{
        "type":"Point",
        "coordinates":[
          80.1484233,
          12.9102111
        ]
      }
    },
    {
      "type":"Feature",
      "properties":{
        "osm_type":"node",
        "osm_id":11107521906,
        "name":null,
        "office":"company",
        "workforce_capacity":null,
        "omr_it_corridor_candidate":false,
        "osm_tags":{
          "addr:housenumber":"42",
          "addr:postcode":"600004",
          "addr:street":"Doctor Ranga Road",
          "name:en":"Qube Cinema Technologies",
          "office":"company",
          "opening_hours":"24/7"
        }
      },
      "geometry":{
        "type":"Point",
        "coordinates":[
          80.2615164,
          13.0331787
        ]
      }
    },
    {
      "type":"Feature",
      "properties":{
        "osm_type":"node",
        "osm_id":11112226575,
        "name":"Sree Tantric Astrology",
        "office":"astrologer",
        "workforce_capacity":null,
        "omr_it_corridor_candidate":false,
        "osm_tags":{
          "addr:city":"T.Nagar",
          "addr:housenumber":"old no 50 new no 85",
          "addr:postcode":"600017",
          "addr:street":"Bazullah Road",
          "description":"Dr. S Vijay Sethu Narayanan Ph.D Astrooger\n8110833000, 8110933000",
          "name":"Sree Tantric Astrology",
          "office":"astrologer",
          "phone":"8110833000",
          "website":"https://sreetantricastrology.com"
        }
      },
      "geometry":{
        "type":"Point",
        "coordinates":[
          80.2339555,
          13.047362
        ]
      }
    },
    {
      "type":"Feature",
      "properties":{
        "osm_type":"node",
        "osm_id":11124692769,
        "name":"Sree Vinayaga Builders",
        "office":"estate_agent",
        "workforce_capacity":null,
        "omr_it_corridor_candidate":false,
        "osm_tags":{
          "addr:city":"Chennai",
          "addr:housenumber":"4/7, Sree Vinayaga flats",
          "addr:postcode":"600061",
          "addr:street":"27th Street",
          "name":"Sree Vinayaga Builders",
          "office":"estate_agent",
          "opening_hours":"24/7",
          "phone":"9840224047"
        }
      },
      "geometry":{
        "type":"Point",
        "coordinates":[
          80.1890185,
          12.9843143
        ]
      }
    },
    {
      "type":"Feature",
      "properties":{
        "osm_type":"node",
        "osm_id":11152623082,
        "name":"Truckrr Information services",
        "office":"it",
        "workforce_capacity":null,
        "omr_it_corridor_candidate":false,
        "osm_tags":{
          "addr:city":"CHENNAI",
          "addr:housenumber":"4",
          "addr:postcode":"600096",
          "addr:street":"New MGR Road, Veeramamunivar, 1st street",
          "name":"Truckrr Information services",
          "office":"it",
          "opening_hours":"Mo-Sa 09:00-19:00",
          "phone":"04447768360",
          "website":"https://www.truckrr.com/"
        }
      },
      "geometry":{
        "type":"Point",
        "coordinates":[
          80.2465261,
          12.9647683
        ]
      }
    },
    {
      "type":"Feature",
      "properties":{
        "osm_type":"node",
        "osm_id":11195442362,
        "name":"Awfis",
        "office":"coworking",
        "workforce_capacity":null,
        "omr_it_corridor_candidate":false,
        "osm_tags":{
          "brand":"Awfis",
          "brand:wikidata":"Q60747757",
          "fee":"yes",
          "name":"Awfis",
          "office":"coworking"
        }
      },
      "geometry":{
        "type":"Point",
        "coordinates":[
          80.2017338,
          13.014634
        ]
      }
    },
    {
      "type":"Feature",
      "properties":{
        "osm_type":"node",
        "osm_id":11210050612,
        "name":"Khalf Co-works",
        "office":"coworking",
        "workforce_capacity":null,
        "omr_it_corridor_candidate":false,
        "osm_tags":{
          "name":"Khalf Co-works",
          "office":"coworking"
        }
      },
      "geometry":{
        "type":"Point",
        "coordinates":[
          80.2137996,
          13.0826128
        ]
      }
    },
    {
      "type":"Feature",
      "properties":{
        "osm_type":"node",
        "osm_id":11226824437,
        "name":null,
        "office":"company",
        "workforce_capacity":null,
        "omr_it_corridor_candidate":false,
        "osm_tags":{
          "internet_access":"wlan",
          "name:en":"TVH Agnitio Park",
          "office":"company"
        }
      },
      "geometry":{
        "type":"Point",
        "coordinates":[
          80.2503475,
          12.9701826
        ]
      }
    },
    {
      "type":"Feature",
      "properties":{
        "osm_type":"node",
        "osm_id":11341182435,
        "name":"Alumni Affairs Office",
        "office":"Alumni Affairs",
        "workforce_capacity":null,
        "omr_it_corridor_candidate":false,
        "osm_tags":{
          "name":"Alumni Affairs Office",
          "office":"Alumni Affairs"
        }
      },
      "geometry":{
        "type":"Point",
        "coordinates":[
          80.2375622,
          12.9870923
        ]
      }
    },
    {
      "type":"Feature",
      "properties":{
        "osm_type":"node",
        "osm_id":11368448862,
        "name":"PBR Associates",
        "office":"lawyer",
        "workforce_capacity":null,
        "omr_it_corridor_candidate":false,
        "osm_tags":{
          "addr:city":"Chennai",
          "addr:housenumber":"22",
          "addr:street":"Bhagirathi Ammal Street",
          "name":"PBR Associates",
          "office":"lawyer"
        }
      },
      "geometry":{
        "type":"Point",
        "coordinates":[
          80.2381692,
          13.0484834
        ]
      }
    },
    {
      "type":"Feature",
      "properties":{
        "osm_type":"node",
        "osm_id":11495909667,
        "name":"Murugan Tinkering Works",
        "office":"engineer",
        "workforce_capacity":null,
        "omr_it_corridor_candidate":false,
        "osm_tags":{
          "name":"Murugan Tinkering Works",
          "office":"engineer"
        }
      },
      "geometry":{
        "type":"Point",
        "coordinates":[
          80.2652809,
          13.057011
        ]
      }
    },
    {
      "type":"Feature",
      "properties":{
        "osm_type":"node",
        "osm_id":11617835281,
        "name":null,
        "office":"lawyer",
        "workforce_capacity":null,
        "omr_it_corridor_candidate":false,
        "osm_tags":{
          "name:en":"P.Sathyamoorthy",
          "office":"lawyer",
          "opening_hours":"Mo-Fr 10:00-18:00",
          "phone":"952032356;9566242374"
        }
      },
      "geometry":{
        "type":"Point",
        "coordinates":[
          80.2199948,
          12.9845251
        ]
      }
    },
    {
      "type":"Feature",
      "properties":{
        "osm_type":"node",
        "osm_id":11680166045,
        "name":"Nibav Towers - Nibav lifts",
        "office":"it",
        "workforce_capacity":null,
        "omr_it_corridor_candidate":false,
        "osm_tags":{
          "name":"Nibav Towers - Nibav lifts",
          "office":"it"
        }
      },
      "geometry":{
        "type":"Point",
        "coordinates":[
          80.2505608,
          12.9572045
        ]
      }
    },
    {
      "type":"Feature",
      "properties":{
        "osm_type":"node",
        "osm_id":11690043769,
        "name":null,
        "office":"company",
        "workforce_capacity":null,
        "omr_it_corridor_candidate":false,
        "osm_tags":{
          "name:en":"G.R. Construction Labour Union",
          "office":"company"
        }
      },
      "geometry":{
        "type":"Point",
        "coordinates":[
          80.1923453,
          12.9157027
        ]
      }
    },
    {
      "type":"Feature",
      "properties":{
        "osm_type":"node",
        "osm_id":11690043869,
        "name":null,
        "office":"government",
        "workforce_capacity":null,
        "omr_it_corridor_candidate":false,
        "osm_tags":{
          "name:en":"Medavakkam Panchayat Office",
          "office":"government"
        }
      },
      "geometry":{
        "type":"Point",
        "coordinates":[
          80.192383,
          12.9154989
        ]
      }
    },
    {
      "type":"Feature",
      "properties":{
        "osm_type":"node",
        "osm_id":11690043969,
        "name":null,
        "office":"company",
        "workforce_capacity":null,
        "omr_it_corridor_candidate":false,
        "osm_tags":{
          "name:en":"Kappa Current Technology",
          "office":"company"
        }
      },
      "geometry":{
        "type":"Point",
        "coordinates":[
          80.1921298,
          12.9157405
        ]
      }
    },
    {
      "type":"Feature",
      "properties":{
        "osm_type":"node",
        "osm_id":11699797370,
        "name":null,
        "office":"company",
        "workforce_capacity":null,
        "omr_it_corridor_candidate":false,
        "osm_tags":{
          "name:en":"Magnific Builders & Interiors",
          "office":"company"
        }
      },
      "geometry":{
        "type":"Point",
        "coordinates":[
          80.168204,
          12.9209408
        ]
      }
    },
    {
      "type":"Feature",
      "properties":{
        "osm_type":"node",
        "osm_id":11699821669,
        "name":null,
        "office":"company",
        "workforce_capacity":null,
        "omr_it_corridor_candidate":false,
        "osm_tags":{
          "name:en":"Penthouse.in",
          "office":"company"
        }
      },
      "geometry":{
        "type":"Point",
        "coordinates":[
          80.1481929,
          12.9224705
        ]
      }
    },
    {
      "type":"Feature",
      "properties":{
        "osm_type":"node",
        "osm_id":11703392922,
        "name":"Stats Perform India Pvt Ltd - ஸ்டேட்ஸ் பெர்பார்ம் இந்தியா ப்வ்ட் லட",
        "office":"company",
        "workforce_capacity":null,
        "omr_it_corridor_candidate":false,
        "osm_tags":{
          "addr:city":"Chennai",
          "addr:district":"Chennai",
          "addr:postcode":"600006",
          "addr:street":"Madhar Sha Tower, Anna Salai, Thousand Lights East",
          "name":"Stats Perform India Pvt Ltd - ஸ்டேட்ஸ் பெர்பார்ம் இந்தியா ப்வ்ட் லட",
          "office":"company",
          "opening_hours":"Mo-Sa 10:00-17:00",
          "website":"https://www.statsperform.com/"
        }
      },
      "geometry":{
        "type":"Point",
        "coordinates":[
          80.2566229,
          13.0568904
        ]
      }
    },
    {
      "type":"Feature",
      "properties":{
        "osm_type":"node",
        "osm_id":11703751632,
        "name":"efiletax",
        "office":"tax_advisor",
        "workforce_capacity":null,
        "omr_it_corridor_candidate":false,
        "osm_tags":{
          "addr:city":"Chennai",
          "addr:district":"Chennai",
          "addr:housenumber":"1227",
          "addr:postcode":"600040",
          "addr:street":"18th Main Road, Anna Nagar West",
          "name":"efiletax",
          "office":"tax_advisor",
          "opening_hours":"Mo-Sa 09:30-18:30",
          "phone":"9696160160",
          "website":"https://www.efiletax.in/"
        }
      },
      "geometry":{
        "type":"Point",
        "coordinates":[
          80.2036846,
          13.0948156
        ]
      }
    },
    {
      "type":"Feature",
      "properties":{
        "osm_type":"node",
        "osm_id":11761566071,
        "name":"Chennai One phase two",
        "office":"company",
        "workforce_capacity":null,
        "omr_it_corridor_candidate":false,
        "osm_tags":{
          "addr:postcode":"600097",
          "addr:street":"Pallavaram - Thoraipakkam Road",
          "name":"Chennai One phase two",
          "office":"company"
        }
      },
      "geometry":{
        "type":"Point",
        "coordinates":[
          80.2313393,
          12.9464043
        ]
      }
    },
    {
      "type":"Feature",
      "properties":{
        "osm_type":"node",
        "osm_id":11792461215,
        "name":"South India AIDS Action Programme",
        "office":"ngo",
        "workforce_capacity":null,
        "omr_it_corridor_candidate":false,
        "osm_tags":{
          "addr:housenumber":"2/259",
          "addr:street":"first cross street",
          "name":"South India AIDS Action Programme",
          "office":"ngo",
          "phone":"+914424512285",
          "website":"https://siaapindia.org/"
        }
      },
      "geometry":{
        "type":"Point",
        "coordinates":[
          80.2599858,
          12.9739794
        ]
      }
    },
    {
      "type":"Feature",
      "properties":{
        "osm_type":"node",
        "osm_id":11828649067,
        "name":"Professional Courier",
        "office":"courier",
        "workforce_capacity":null,
        "omr_it_corridor_candidate":false,
        "osm_tags":{
          "name":"Professional Courier",
          "office":"courier",
          "shop":"transportation"
        }
      },
      "geometry":{
        "type":"Point",
        "coordinates":[
          80.243865,
          13.0530302
        ]
      }
    },
    {
      "type":"Feature",
      "properties":{
        "osm_type":"node",
        "osm_id":11834549166,
        "name":"Blue Dart",
        "office":"courier",
        "workforce_capacity":null,
        "omr_it_corridor_candidate":false,
        "osm_tags":{
          "name":"Blue Dart",
          "office":"courier"
        }
      },
      "geometry":{
        "type":"Point",
        "coordinates":[
          80.2443871,
          13.0629406
        ]
      }
    },
    {
      "type":"Feature",
      "properties":{
        "osm_type":"node",
        "osm_id":11834594625,
        "name":"Fits Air",
        "office":"company",
        "workforce_capacity":null,
        "omr_it_corridor_candidate":false,
        "osm_tags":{
          "description":"airline office",
          "name":"Fits Air",
          "office":"company"
        }
      },
      "geometry":{
        "type":"Point",
        "coordinates":[
          80.2435618,
          13.0633379
        ]
      }
    },
    {
      "type":"Feature",
      "properties":{
        "osm_type":"node",
        "osm_id":11835005604,
        "name":"Life Insurance Corporation",
        "office":"insurance",
        "workforce_capacity":null,
        "omr_it_corridor_candidate":false,
        "osm_tags":{
          "brand":"Life Insurance Corporation",
          "brand:short":"LIC",
          "brand:wikidata":"Q2767170",
          "name":"Life Insurance Corporation",
          "office":"insurance",
          "short_name":"LIC"
        }
      },
      "geometry":{
        "type":"Point",
        "coordinates":[
          80.24545,
          13.048204
        ]
      }
    },
    {
      "type":"Feature",
      "properties":{
        "osm_type":"node",
        "osm_id":11835028450,
        "name":"MGR research University",
        "office":"educational_institution",
        "workforce_capacity":null,
        "omr_it_corridor_candidate":false,
        "osm_tags":{
          "name":"MGR research University",
          "office":"educational_institution"
        }
      },
      "geometry":{
        "type":"Point",
        "coordinates":[
          80.2447632,
          13.0478253
        ]
      }
    },
    {
      "type":"Feature",
      "properties":{
        "osm_type":"node",
        "osm_id":11890991053,
        "name":"Residency Builders",
        "office":"construction_company",
        "workforce_capacity":null,
        "omr_it_corridor_candidate":false,
        "osm_tags":{
          "name":"Residency Builders",
          "office":"construction_company"
        }
      },
      "geometry":{
        "type":"Point",
        "coordinates":[
          80.2564647,
          13.0342322
        ]
      }
    },
    {
      "type":"Feature",
      "properties":{
        "osm_type":"node",
        "osm_id":11893405530,
        "name":"The Oriental Insurance Company",
        "office":"insurance",
        "workforce_capacity":null,
        "omr_it_corridor_candidate":false,
        "osm_tags":{
          "addr:city":"Chennai",
          "addr:housenumber":"Rosy Tower",
          "addr:street":"Uttamar Gandhi Salai (Nungambakkam High Road)",
          "brand":"The Oriental Insurance Company",
          "brand:wikidata":"Q20707811",
          "name":"The Oriental Insurance Company",
          "office":"insurance"
        }
      },
      "geometry":{
        "type":"Point",
        "coordinates":[
          80.2486668,
          13.0557804
        ]
      }
    },
    {
      "type":"Feature",
      "properties":{
        "osm_type":"node",
        "osm_id":11922178747,
        "name":"Muthoot Finance",
        "office":"financial",
        "workforce_capacity":null,
        "omr_it_corridor_candidate":false,
        "osm_tags":{
          "brand":"Muthoot Finance",
          "brand:wikidata":"Q6943861",
          "name":"Muthoot Finance",
          "office":"financial"
        }
      },
      "geometry":{
        "type":"Point",
        "coordinates":[
          80.2013902,
          13.1252069
        ]
      }
    },
    {
      "type":"Feature",
      "properties":{
        "osm_type":"node",
        "osm_id":11932106269,
        "name":null,
        "office":"company",
        "workforce_capacity":null,
        "omr_it_corridor_candidate":false,
        "osm_tags":{
          "name:en":"MPM Tech Solutions",
          "office":"company"
        }
      },
      "geometry":{
        "type":"Point",
        "coordinates":[
          80.1877075,
          12.9187356
        ]
      }
    },
    {
      "type":"Feature",
      "properties":{
        "osm_type":"node",
        "osm_id":11934972869,
        "name":"Sri Venkateswara Vidyalaya",
        "office":"educational_institution",
        "workforce_capacity":null,
        "omr_it_corridor_candidate":false,
        "osm_tags":{
          "description":"Telugu Primary School",
          "name":"Sri Venkateswara Vidyalaya",
          "office":"educational_institution"
        }
      },
      "geometry":{
        "type":"Point",
        "coordinates":[
          80.2454671,
          13.0568684
        ]
      }
    },
    {
      "type":"Feature",
      "properties":{
        "osm_type":"node",
        "osm_id":11956292869,
        "name":"ராயல் என்ஃபீல்டு உலகளாவிய தலைமையகம்",
        "office":"company",
        "workforce_capacity":null,
        "omr_it_corridor_candidate":false,
        "osm_tags":{
          "addr:postcode":"600119",
          "contact:facebook":"royalenfield",
          "contact:instagram":"royalenfield",
          "contact:twitter":"royalenfield",
          "email":"support@royalenfield.com",
          "internet_access":"wlan",
          "name":"ராயல் என்ஃபீல்டு உலகளாவிய தலைமையகம்",
          "name:en":"Royal Enfield Global Headquarters",
          "office":"company",
          "opening_hours":"Mo-Su 09:00-18:00",
          "operator":"Siddhartha Lal",
          "phone":"1800 210 0007",
          "website":"https://www.royalenfield.com/in/en/home/"
        }
      },
      "geometry":{
        "type":"Point",
        "coordinates":[
          80.2265773,
          12.9026777
        ]
      }
    },
    {
      "type":"Feature",
      "properties":{
        "osm_type":"node",
        "osm_id":12027874068,
        "name":"Pynesec Technologies Private Limited - Cyber security Services Company",
        "office":"it",
        "workforce_capacity":null,
        "omr_it_corridor_candidate":false,
        "osm_tags":{
          "addr:city":"porur",
          "addr:district":"Chennai",
          "addr:housenumber":"4/2",
          "addr:postcode":"600116",
          "addr:street":"Samayapuram Nagar Main Road",
          "name":"Pynesec Technologies Private Limited - Cyber security Services Company",
          "office":"it",
          "opening_hours":"Mo-Fr 10:00-19:00",
          "phone":"+919043111754",
          "website":"https://www.pynesec.com/"
        }
      },
      "geometry":{
        "type":"Point",
        "coordinates":[
          80.1512771,
          13.0380062
        ]
      }
    },
    {
      "type":"Feature",
      "properties":{
        "osm_type":"node",
        "osm_id":12052324622,
        "name":"Sri Chaitanya School",
        "office":"educational_institution",
        "workforce_capacity":null,
        "omr_it_corridor_candidate":false,
        "osm_tags":{
          "branch":"Keelkattalai",
          "name":"Sri Chaitanya School",
          "office":"educational_institution",
          "opening_hours":"Mo-Sa 08:00-18:00",
          "website":"www.srichaitanyaschool.net"
        }
      },
      "geometry":{
        "type":"Point",
        "coordinates":[
          80.1933165,
          12.9496796
        ]
      }
    },
    {
      "type":"Feature",
      "properties":{
        "osm_type":"node",
        "osm_id":12093689557,
        "name":"SITE",
        "office":"coworking coliving",
        "workforce_capacity":null,
        "omr_it_corridor_candidate":false,
        "osm_tags":{
          "name":"SITE",
          "office":"coworking coliving"
        }
      },
      "geometry":{
        "type":"Point",
        "coordinates":[
          80.2522724,
          13.0539958
        ]
      }
    },
    {
      "type":"Feature",
      "properties":{
        "osm_type":"node",
        "osm_id":12127340842,
        "name":"Nesh Technologies",
        "office":"it",
        "workforce_capacity":null,
        "omr_it_corridor_candidate":false,
        "osm_tags":{
          "addr:city":"chennai",
          "addr:housenumber":"Type II/8",
          "addr:postcode":"600041",
          "addr:street":"Dr.VSI Estate, Thiruvanmiyur",
          "name":"Nesh Technologies",
          "office":"it",
          "phone":"9790706090",
          "website":"https://nesh.live"
        }
      },
      "geometry":{
        "type":"Point",
        "coordinates":[
          80.2517272,
          12.9829772
        ]
      }
    },
    {
      "type":"Feature",
      "properties":{
        "osm_type":"node",
        "osm_id":12153386392,
        "name":"G P Strategies",
        "office":"it",
        "workforce_capacity":null,
        "omr_it_corridor_candidate":false,
        "osm_tags":{
          "name":"G P Strategies",
          "office":"it"
        }
      },
      "geometry":{
        "type":"Point",
        "coordinates":[
          80.2478994,
          12.9680511
        ]
      }
    },
    {
      "type":"Feature",
      "properties":{
        "osm_type":"node",
        "osm_id":12162845607,
        "name":"Integrated Sub Registrar Office's Campus",
        "office":"government",
        "workforce_capacity":null,
        "omr_it_corridor_candidate":false,
        "osm_tags":{
          "addr:street":"TNHB, Nolambur, Ambattur Industrial Estate, Chennai, Tamil Nadu 600037",
          "name":"Integrated Sub Registrar Office's Campus",
          "office":"government",
          "opening_hours":"Mo-Fr 09:45-17:45"
        }
      },
      "geometry":{
        "type":"Point",
        "coordinates":[
          80.1728344,
          13.0781589
        ]
      }
    },
    {
      "type":"Feature",
      "properties":{
        "osm_type":"node",
        "osm_id":12260507780,
        "name":"Center for Composite Materials",
        "office":"research",
        "workforce_capacity":null,
        "omr_it_corridor_candidate":false,
        "osm_tags":{
          "addr:city":"Guindy",
          "addr:district":"Chennai",
          "addr:postcode":"600025",
          "addr:street":"Center for Excellent Building",
          "college":"College of Engineering Guindy",
          "department":"Mechanical department",
          "name":"Center for Composite Materials",
          "office":"research",
          "opening_hours":"Mo-sa 09:00-17:00",
          "phone":"044 2235 7602",
          "university":"Anna University",
          "website":"https://www.annauniv.edu/CCM/"
        }
      },
      "geometry":{
        "type":"Point",
        "coordinates":[
          80.233039,
          13.0128155
        ]
      }
    },
    {
      "type":"Feature",
      "properties":{
        "osm_type":"node",
        "osm_id":12458790371,
        "name":"சார் பதிவாளர் அலுவலகம், திருவெற்றியூர்",
        "office":"government",
        "workforce_capacity":null,
        "omr_it_corridor_candidate":false,
        "osm_tags":{
          "addr:floor":"Ground FlOOR",
          "addr:postcode":"600019",
          "check_date":"2024-12-28",
          "government":"register_office",
          "level":"1",
          "name":"சார் பதிவாளர் அலுவலகம், திருவெற்றியூர்",
          "name:en":"Sub-Register Office, Thiruvottiyur",
          "note":"609, Thiruvottiyur high road, Wimco nagar",
          "office":"government",
          "wheelchair":"limited"
        }
      },
      "geometry":{
        "type":"Point",
        "coordinates":[
          80.3076924,
          13.1787327
        ]
      }
    },
    {
      "type":"Feature",
      "properties":{
        "osm_type":"node",
        "osm_id":12458790373,
        "name":"விம்கோஅரசு நிதி உதவி பெறும் தொடக்கப்பள்ளி",
        "office":"educational_institution",
        "workforce_capacity":null,
        "omr_it_corridor_candidate":false,
        "osm_tags":{
          "addr:floor":"Ground FlOOR",
          "check_date":"2024-12-28",
          "description":"எண்.6O1, காந்தி நகர், திருவொற்றியூர். சென்னை-600019",
          "level":"1",
          "name":"விம்கோஅரசு நிதி உதவி பெறும் தொடக்கப்பள்ளி",
          "office":"educational_institution",
          "wheelchair":"no"
        }
      },
      "geometry":{
        "type":"Point",
        "coordinates":[
          80.3084797,
          13.1784799
        ]
      }
    },
    {
      "type":"Feature",
      "properties":{
        "osm_type":"node",
        "osm_id":12458790377,
        "name":"Holy Trinity Nursery & Primary School",
        "office":"educational_institution",
        "workforce_capacity":null,
        "omr_it_corridor_candidate":false,
        "osm_tags":{
          "check_date":"2024-12-28",
          "description":"Founder J.D. Sigamani , Gandhi nagar, thiruvottiyur",
          "name":"Holy Trinity Nursery & Primary School",
          "office":"educational_institution"
        }
      },
      "geometry":{
        "type":"Point",
        "coordinates":[
          80.3111456,
          13.1777009
        ]
      }
    },
    {
      "type":"Feature",
      "properties":{
        "osm_type":"node",
        "osm_id":12497490237,
        "name":"Regional Transport Office,Meenambakkam",
        "office":"government",
        "workforce_capacity":null,
        "omr_it_corridor_candidate":false,
        "osm_tags":{
          "addr:city":"Chennai",
          "addr:postcode":"600016",
          "addr:street":"Meenambakkam, New St, Mela Ilandaikulam, Alandur,",
          "government":"transportation",
          "name":"Regional Transport Office,Meenambakkam",
          "office":"government"
        }
      },
      "geometry":{
        "type":"Point",
        "coordinates":[
          80.2009014,
          12.9993081
        ]
      }
    },
    {
      "type":"Feature",
      "properties":{
        "osm_type":"node",
        "osm_id":12517626401,
        "name":"Inoesis",
        "office":"company",
        "workforce_capacity":null,
        "omr_it_corridor_candidate":false,
        "osm_tags":{
          "name":"Inoesis",
          "office":"company"
        }
      },
      "geometry":{
        "type":"Point",
        "coordinates":[
          80.2229811,
          13.0124427
        ]
      }
    },
    {
      "type":"Feature",
      "properties":{
        "osm_type":"node",
        "osm_id":12517652001,
        "name":"Earthana",
        "office":"company",
        "workforce_capacity":null,
        "omr_it_corridor_candidate":false,
        "osm_tags":{
          "name":"Earthana",
          "office":"company"
        }
      },
      "geometry":{
        "type":"Point",
        "coordinates":[
          80.2231062,
          13.0123066
        ]
      }
    },
    {
      "type":"Feature",
      "properties":{
        "osm_type":"node",
        "osm_id":12517830801,
        "name":"Layotos Technologies Pvt LTD",
        "office":"company",
        "workforce_capacity":null,
        "omr_it_corridor_candidate":false,
        "osm_tags":{
          "name":"Layotos Technologies Pvt LTD",
          "office":"company"
        }
      },
      "geometry":{
        "type":"Point",
        "coordinates":[
          80.2236047,
          13.0123527
        ]
      }
    },
    {
      "type":"Feature",
      "properties":{
        "osm_type":"node",
        "osm_id":12517830901,
        "name":"Yash Infosytems",
        "office":"company",
        "workforce_capacity":null,
        "omr_it_corridor_candidate":false,
        "osm_tags":{
          "name":"Yash Infosytems",
          "office":"company"
        }
      },
      "geometry":{
        "type":"Point",
        "coordinates":[
          80.2235998,
          13.0123329
        ]
      }
    },
    {
      "type":"Feature",
      "properties":{
        "osm_type":"node",
        "osm_id":12536084978,
        "name":"Maharishi Vidya Mandir, Bala Bhavan Akila Valagam",
        "office":"educational_institution",
        "workforce_capacity":null,
        "omr_it_corridor_candidate":false,
        "osm_tags":{
          "addr:city":"Chennai",
          "addr:postcode":"600029",
          "addr:street":"Govinda Street",
          "name":"Maharishi Vidya Mandir, Bala Bhavan Akila Valagam",
          "office":"educational_institution"
        }
      },
      "geometry":{
        "type":"Point",
        "coordinates":[
          80.2194001,
          13.0720986
        ]
      }
    },
    {
      "type":"Feature",
      "properties":{
        "osm_type":"node",
        "osm_id":12550238601,
        "name":"BSNL exchange",
        "office":"telecommunication",
        "workforce_capacity":null,
        "omr_it_corridor_candidate":false,
        "osm_tags":{
          "name":"BSNL exchange",
          "office":"telecommunication"
        }
      },
      "geometry":{
        "type":"Point",
        "coordinates":[
          80.1917383,
          12.9118853
        ]
      }
    },
    {
      "type":"Feature",
      "properties":{
        "osm_type":"node",
        "osm_id":12554298674,
        "name":null,
        "office":"educational_institution",
        "workforce_capacity":null,
        "omr_it_corridor_candidate":false,
        "osm_tags":{
          "office":"educational_institution"
        }
      },
      "geometry":{
        "type":"Point",
        "coordinates":[
          80.3026129,
          13.1568847
        ]
      }
    },
    {
      "type":"Feature",
      "properties":{
        "osm_type":"node",
        "osm_id":12581525294,
        "name":"Dexterity Design Services",
        "office":"graphic_design",
        "workforce_capacity":null,
        "omr_it_corridor_candidate":false,
        "osm_tags":{
          "check_date":"2025-02-12",
          "name":"Dexterity Design Services",
          "office":"graphic_design"
        }
      },
      "geometry":{
        "type":"Point",
        "coordinates":[
          80.2145057,
          13.1302055
        ]
      }
    },
    {
      "type":"Feature",
      "properties":{
        "osm_type":"node",
        "osm_id":12718033101,
        "name":"L.A.S Tower",
        "office":"company",
        "workforce_capacity":null,
        "omr_it_corridor_candidate":false,
        "osm_tags":{
          "name":"L.A.S Tower",
          "office":"company"
        }
      },
      "geometry":{
        "type":"Point",
        "coordinates":[
          80.2242278,
          13.0130549
        ]
      }
    },
    {
      "type":"Feature",
      "properties":{
        "osm_type":"node",
        "osm_id":12721828629,
        "name":"Bahwan Cybertek Pvt. Ltd.",
        "office":"company",
        "workforce_capacity":null,
        "omr_it_corridor_candidate":false,
        "osm_tags":{
          "name":"Bahwan Cybertek Pvt. Ltd.",
          "office":"company"
        }
      },
      "geometry":{
        "type":"Point",
        "coordinates":[
          80.2417568,
          12.950526
        ]
      }
    },
    {
      "type":"Feature",
      "properties":{
        "osm_type":"node",
        "osm_id":12758298442,
        "name":"Full Creative",
        "office":"company",
        "workforce_capacity":null,
        "omr_it_corridor_candidate":false,
        "osm_tags":{
          "addr:city":"Chennai",
          "addr:district":"Chennai",
          "addr:housenumber":"Floor 1, Ascendas Phase 1 ( Pinnacale )",
          "addr:postcode":"600113",
          "addr:street":"International Tech Park, Ascendas, Phase 1, 1st Floor, Pinnacle Building, CSIR Rd, Tharamani",
          "alt_name":"Anywhere.co",
          "level":"1",
          "name":"Full Creative",
          "office":"company",
          "opening_hours":"Mo-Fr 09:00-18:00",
          "phone":"04442666652",
          "website":"https://full.io/"
        }
      },
      "geometry":{
        "type":"Point",
        "coordinates":[
          80.2461015,
          12.9856583
        ]
      }
    },
    {
      "type":"Feature",
      "properties":{
        "osm_type":"node",
        "osm_id":12773528701,
        "name":"தமிழ்நாடு செய்தித்தாள் காகித நிருவனம்",
        "office":"company",
        "workforce_capacity":null,
        "omr_it_corridor_candidate":false,
        "osm_tags":{
          "addr:housenumber":"67",
          "addr:postcode":"600032",
          "addr:street":"Anna Salai (Mount Road)",
          "name":"தமிழ்நாடு செய்தித்தாள் காகித நிருவனம்",
          "name:en":"TNPL",
          "office":"company"
        }
      },
      "geometry":{
        "type":"Point",
        "coordinates":[
          80.2185774,
          13.0110563
        ]
      }
    },
    {
      "type":"Feature",
      "properties":{
        "osm_type":"node",
        "osm_id":12797430328,
        "name":null,
        "office":"security",
        "workforce_capacity":null,
        "omr_it_corridor_candidate":false,
        "osm_tags":{
          "office":"security"
        }
      },
      "geometry":{
        "type":"Point",
        "coordinates":[
          80.2474668,
          13.0025357
        ]
      }
    },
    {
      "type":"Feature",
      "properties":{
        "osm_type":"node",
        "osm_id":12831616701,
        "name":"New Designer Web",
        "office":"company",
        "workforce_capacity":null,
        "omr_it_corridor_candidate":false,
        "osm_tags":{
          "addr:housenumber":"185",
          "addr:postcode":"600096",
          "addr:street":"1st Main Road",
          "name":"New Designer Web",
          "office":"company",
          "opening_hours":"Mo-Sa 09:30-18:30",
          "website":"https://designerweb.in/"
        }
      },
      "geometry":{
        "type":"Point",
        "coordinates":[
          80.247927,
          12.9736131
        ]
      }
    },
    {
      "type":"Feature",
      "properties":{
        "osm_type":"node",
        "osm_id":12836705750,
        "name":"Survey House",
        "office":"government",
        "workforce_capacity":null,
        "omr_it_corridor_candidate":false,
        "osm_tags":{
          "name":"Survey House",
          "office":"government"
        }
      },
      "geometry":{
        "type":"Point",
        "coordinates":[
          80.2811949,
          13.0634997
        ]
      }
    },
    {
      "type":"Feature",
      "properties":{
        "osm_type":"node",
        "osm_id":12841106305,
        "name":"ONGC Anna Nagar Office Complex",
        "office":"government",
        "workforce_capacity":null,
        "omr_it_corridor_candidate":false,
        "osm_tags":{
          "addr:postcode":"600050",
          "addr:street":"Anna Nagar West Extension",
          "name":"ONGC Anna Nagar Office Complex",
          "office":"government"
        }
      },
      "geometry":{
        "type":"Point",
        "coordinates":[
          80.1926435,
          13.0901563
        ]
      }
    },
    {
      "type":"Feature",
      "properties":{
        "osm_type":"node",
        "osm_id":12841106501,
        "name":"ZeQube Technologies",
        "office":"company",
        "workforce_capacity":null,
        "omr_it_corridor_candidate":false,
        "osm_tags":{
          "addr:housenumber":"185",
          "addr:postcode":"600096",
          "addr:street":"1st Main Road",
          "email":"support@zeqube.com",
          "name":"ZeQube Technologies",
          "office":"company",
          "opening_hours":"Mo-Sa 09:30-20:30",
          "phone":"09600112861",
          "website":"https://www.zeqube.com/"
        }
      },
      "geometry":{
        "type":"Point",
        "coordinates":[
          80.2479697,
          12.9737468
        ]
      }
    },
    {
      "type":"Feature",
      "properties":{
        "osm_type":"node",
        "osm_id":12841106502,
        "name":"Laptop Spa",
        "office":"company",
        "workforce_capacity":null,
        "omr_it_corridor_candidate":false,
        "osm_tags":{
          "addr:housenumber":"244/2b",
          "addr:postcode":"600101",
          "addr:street":"Anna Nagar West Extension",
          "name":"Laptop Spa",
          "office":"company",
          "opening_hours":"Mo-Sa 10:30-19:30",
          "phone":"04443523331"
        }
      },
      "geometry":{
        "type":"Point",
        "coordinates":[
          80.1982538,
          13.0906274
        ]
      }
    },
    {
      "type":"Feature",
      "properties":{
        "osm_type":"node",
        "osm_id":12892124996,
        "name":"Dura Housing",
        "office":"estate_agent",
        "workforce_capacity":null,
        "omr_it_corridor_candidate":false,
        "osm_tags":{
          "addr:city":"Chennai",
          "addr:district":"Chengalpattu",
          "addr:housenumber":"S1, Second Floor, Dura Complex, 106/4B",
          "addr:postcode":"600056",
          "addr:street":"A. N. Elumalai Salai, Iyyapanthangal",
          "name":"Dura Housing",
          "office":"estate_agent",
          "opening_hours":"Mo-Su 09:00-18:00",
          "phone":"+919444939804",
          "website":"https://durahousing.com"
        }
      },
      "geometry":{
        "type":"Point",
        "coordinates":[
          80.1367542,
          13.0434384
        ]
      }
    },
    {
      "type":"Feature",
      "properties":{
        "osm_type":"node",
        "osm_id":13041279865,
        "name":"Central Warehousing Corporation Regional Office",
        "office":"company",
        "workforce_capacity":null,
        "omr_it_corridor_candidate":false,
        "osm_tags":{
          "name":"Central Warehousing Corporation Regional Office",
          "office":"company"
        }
      },
      "geometry":{
        "type":"Point",
        "coordinates":[
          80.2287148,
          13.0154142
        ]
      }
    },
    {
      "type":"Feature",
      "properties":{
        "osm_type":"node",
        "osm_id":13068327311,
        "name":"LeBlanc Interior",
        "office":"company",
        "workforce_capacity":null,
        "omr_it_corridor_candidate":false,
        "osm_tags":{
          "addr:city":"Chennai",
          "addr:housenumber":"5/80A",
          "addr:postcode":"600129",
          "addr:street":"Ponni Amman Koil Main Rd",
          "description":"Premium Luxury Interior Designer in Chennai",
          "name":"LeBlanc Interior",
          "office":"company",
          "official_name":"LeBlanc Interior",
          "opening_hours":"Mo-Sa 10:00-19:00",
          "phone":"+918072630833",
          "website":"https://www.leblancinterior.com/"
        }
      },
      "geometry":{
        "type":"Point",
        "coordinates":[
          80.1957502,
          12.9431942
        ]
      }
    },
    {
      "type":"Feature",
      "properties":{
        "osm_type":"node",
        "osm_id":13077992493,
        "name":"NASTAF Technologies PVT LTD",
        "office":"IT Software Company",
        "workforce_capacity":null,
        "omr_it_corridor_candidate":false,
        "osm_tags":{
          "addr:city":"Chennai",
          "addr:postcode":"600017",
          "addr:street":"II Floor, Swathi Complex, No. 34, Flat No 2, Nandanam, Chennai, Tamil Nadu",
          "name":"NASTAF Technologies PVT LTD",
          "office":"IT Software Company",
          "opening_hours":"Mo-Su 09:00-21:00",
          "website":"https://nastaf.com/"
        }
      },
      "geometry":{
        "type":"Point",
        "coordinates":[
          80.2394047,
          13.0312301
        ]
      }
    },
    {
      "type":"Feature",
      "properties":{
        "osm_type":"node",
        "osm_id":13094909601,
        "name":"M SYSTEM & SERVICES",
        "office":"association",
        "workforce_capacity":null,
        "omr_it_corridor_candidate":false,
        "osm_tags":{
          "addr:city":"Chennai",
          "addr:housenumber":"71",
          "addr:postcode":"600118",
          "addr:street":"2nd Street, Part-2 Venkateswara Nagar, Kodungaiyur",
          "name":"M SYSTEM & SERVICES",
          "office":"association",
          "opening_hours":"Mo-Fr 10:00-13:00,15:00-20:30"
        }
      },
      "geometry":{
        "type":"Point",
        "coordinates":[
          80.2518275,
          13.1418036
        ]
      }
    },
    {
      "type":"Feature",
      "properties":{
        "osm_type":"node",
        "osm_id":13154785802,
        "name":"Kiran Packaging",
        "office":"company",
        "workforce_capacity":null,
        "omr_it_corridor_candidate":false,
        "osm_tags":{
          "name":"Kiran Packaging",
          "office":"company"
        }
      },
      "geometry":{
        "type":"Point",
        "coordinates":[
          80.194624,
          12.9155626
        ]
      }
    },
    {
      "type":"Feature",
      "properties":{
        "osm_type":"node",
        "osm_id":13253945580,
        "name":"Zilogic Systems Private Limited (Block III)",
        "office":"company",
        "workforce_capacity":null,
        "omr_it_corridor_candidate":false,
        "osm_tags":{
          "addr:city":"Tharamani",
          "addr:district":"Chennai",
          "addr:housenumber":"I/16",
          "addr:postcode":"600041",
          "addr:street":"2nd Floor, Ragula Tech Park, Dr. VSI Estate",
          "name":"Zilogic Systems Private Limited (Block III)",
          "office":"company",
          "opening_hours":"Mo-Fr 08:00-17:00"
        }
      },
      "geometry":{
        "type":"Point",
        "coordinates":[
          80.2521716,
          12.9824521
        ]
      }
    },
    {
      "type":"Feature",
      "properties":{
        "osm_type":"node",
        "osm_id":13286910921,
        "name":"Freshworks",
        "office":"it",
        "workforce_capacity":null,
        "omr_it_corridor_candidate":false,
        "osm_tags":{
          "addr:city":"Perungudi",
          "addr:district":"Chennai",
          "addr:housenumber":"40, Global Infocity",
          "addr:postcode":"600096",
          "addr:street":"Dr MGR Main Road, Kodandarama Nagar",
          "name":"Freshworks",
          "office":"it",
          "opening_hours":"24/7",
          "phone":"+91 44 6667 8040",
          "website":"https://freshworks.com",
          "wikidata":"Q117782453",
          "wikipedia":"en:Freshworks"
        }
      },
      "geometry":{
        "type":"Point",
        "coordinates":[
          80.2439381,
          12.9695392
        ]
      }
    },
    {
      "type":"Feature",
      "properties":{
        "osm_type":"node",
        "osm_id":13380577398,
        "name":"Center for Innovation",
        "office":"research",
        "workforce_capacity":null,
        "omr_it_corridor_candidate":false,
        "osm_tags":{
          "name":"Center for Innovation",
          "office":"research"
        }
      },
      "geometry":{
        "type":"Point",
        "coordinates":[
          80.2308879,
          12.9918773
        ]
      }
    },
    {
      "type":"Feature",
      "properties":{
        "osm_type":"node",
        "osm_id":13419989475,
        "name":"Tamil Nadu Real Estate Regulatory Authority",
        "office":"government",
        "workforce_capacity":null,
        "omr_it_corridor_candidate":false,
        "osm_tags":{
          "addr:city":"Chennai",
          "addr:housenumber":"133",
          "addr:postcode":"600102",
          "addr:street":"1st Avenue",
          "name":"Tamil Nadu Real Estate Regulatory Authority",
          "office":"government",
          "short_name":"TNRERA",
          "website":"https://rera.tn.gov.in/"
        }
      },
      "geometry":{
        "type":"Point",
        "coordinates":[
          80.2240939,
          13.0854724
        ]
      }
    },
    {
      "type":"Feature",
      "properties":{
        "osm_type":"node",
        "osm_id":13439114501,
        "name":"Sterling Software Pvt Ltd",
        "office":"company",
        "workforce_capacity":null,
        "omr_it_corridor_candidate":false,
        "osm_tags":{
          "addr:postcode":"600113",
          "addr:street":"CSIR road",
          "level":"9",
          "name":"Sterling Software Pvt Ltd",
          "office":"company",
          "website":"https://sterlingsoftware.global"
        }
      },
      "geometry":{
        "type":"Point",
        "coordinates":[
          80.2463893,
          12.9854153
        ]
      }
    },
    {
      "type":"Feature",
      "properties":{
        "osm_type":"node",
        "osm_id":13461588601,
        "name":"L&T Shipbuilding",
        "office":"company",
        "workforce_capacity":null,
        "omr_it_corridor_candidate":false,
        "osm_tags":{
          "addr:street":"Mount - Poonamallee - Avadi Road",
          "name":"L&T Shipbuilding",
          "office":"company"
        }
      },
      "geometry":{
        "type":"Point",
        "coordinates":[
          80.1795828,
          13.0228387
        ]
      }
    },
    {
      "type":"Feature",
      "properties":{
        "osm_type":"node",
        "osm_id":13639953901,
        "name":"Joint Office, Southern Railway",
        "office":"government",
        "workforce_capacity":null,
        "omr_it_corridor_candidate":false,
        "osm_tags":{
          "name":"Joint Office, Southern Railway",
          "office":"government"
        }
      },
      "geometry":{
        "type":"Point",
        "coordinates":[
          80.2304285,
          13.1018864
        ]
      }
    },
    {
      "type":"Feature",
      "properties":{
        "osm_type":"node",
        "osm_id":13639954001,
        "name":"Joint office, Southern Railway",
        "office":"government",
        "workforce_capacity":null,
        "omr_it_corridor_candidate":false,
        "osm_tags":{
          "addr:street":"Portious Road",
          "name":"Joint office, Southern Railway",
          "office":"government",
          "opening_hours":"Mo-Fr 10:00-18:00"
        }
      },
      "geometry":{
        "type":"Point",
        "coordinates":[
          80.230392,
          13.101916
        ]
      }
    },
    {
      "type":"Feature",
      "properties":{
        "osm_type":"node",
        "osm_id":13698117601,
        "name":"DRIVING SCHOOL State Secretary Office TDSWRSO",
        "office":"ngo",
        "workforce_capacity":null,
        "omr_it_corridor_candidate":false,
        "osm_tags":{
          "addr:housenumber":"No 4/209 F Type",
          "addr:postcode":"600049",
          "addr:street":"4th Main Road Sidco Nagar Villivakkam Chennai",
          "internet_access":"wlan",
          "name":"DRIVING SCHOOL State Secretary Office TDSWRSO",
          "office":"ngo",
          "opening_hours":"24/7",
          "phone":"9094555556"
        }
      },
      "geometry":{
        "type":"Point",
        "coordinates":[
          80.2028192,
          13.1074993
        ]
      }
    },
    {
      "type":"Feature",
      "properties":{
        "osm_type":"node",
        "osm_id":13718255501,
        "name":"iGold Technologies",
        "office":"company",
        "workforce_capacity":null,
        "omr_it_corridor_candidate":false,
        "osm_tags":{
          "name":"iGold Technologies",
          "office":"company"
        }
      },
      "geometry":{
        "type":"Point",
        "coordinates":[
          80.2068177,
          13.0224473
        ]
      }
    },
    {
      "type":"Feature",
      "properties":{
        "osm_type":"node",
        "osm_id":13728878701,
        "name":"Sree Ragas Trust",
        "office":"ngo",
        "workforce_capacity":null,
        "omr_it_corridor_candidate":false,
        "osm_tags":{
          "addr:housenumber":"16",
          "addr:postcode":"600079",
          "addr:street":"Nalanna Street",
          "name":"Sree Ragas Trust",
          "office":"ngo",
          "opening_hours":"Mo-Sa 10:00-18:00",
          "website":"https://www.sreeragasedutech.in/"
        }
      },
      "geometry":{
        "type":"Point",
        "coordinates":[
          80.2784373,
          13.0950948
        ]
      }
    },
    {
      "type":"Feature",
      "properties":{
        "osm_type":"node",
        "osm_id":13731731401,
        "name":"DLF DOWNTOWN",
        "office":"company",
        "workforce_capacity":null,
        "omr_it_corridor_candidate":false,
        "osm_tags":{
          "name":"DLF DOWNTOWN",
          "office":"company"
        }
      },
      "geometry":{
        "type":"Point",
        "coordinates":[
          80.2482341,
          12.9820172
        ]
      }
    },
    {
      "type":"Feature",
      "properties":{
        "osm_type":"node",
        "osm_id":13742357002,
        "name":"Ailaysa",
        "office":"yes",
        "workforce_capacity":null,
        "omr_it_corridor_candidate":false,
        "osm_tags":{
          "addr:housenumber":"Phase 1",
          "addr:postcode":"6000113",
          "check_date":"2026-04-19",
          "name":"Ailaysa",
          "office":"yes",
          "website":"https://www.ailaysa.com/"
        }
      },
      "geometry":{
        "type":"Point",
        "coordinates":[
          80.2490231,
          12.9856592
        ]
      }
    },
    {
      "type":"Feature",
      "properties":{
        "osm_type":"node",
        "osm_id":13742637369,
        "name":"Life Insurance Corporation",
        "office":"insurance",
        "workforce_capacity":null,
        "omr_it_corridor_candidate":false,
        "osm_tags":{
          "brand":"Life Insurance Corporation",
          "brand:short":"LIC",
          "name":"Life Insurance Corporation",
          "office":"insurance",
          "wheelchair":"no"
        }
      },
      "geometry":{
        "type":"Point",
        "coordinates":[
          80.2388643,
          13.0407389
        ]
      }
    },
    {
      "type":"Feature",
      "properties":{
        "osm_type":"node",
        "osm_id":13746287114,
        "name":"Station Master",
        "office":"government",
        "workforce_capacity":null,
        "omr_it_corridor_candidate":false,
        "osm_tags":{
          "level":"0",
          "name":"Station Master",
          "office":"government"
        }
      },
      "geometry":{
        "type":"Point",
        "coordinates":[
          80.275297,
          13.0825657
        ]
      }
    },
    {
      "type":"Feature",
      "properties":{
        "osm_type":"node",
        "osm_id":13749920891,
        "name":"Professional couriers parcel office",
        "office":"logistics",
        "workforce_capacity":null,
        "omr_it_corridor_candidate":false,
        "osm_tags":{
          "name":"Professional couriers parcel office",
          "office":"logistics"
        }
      },
      "geometry":{
        "type":"Point",
        "coordinates":[
          80.2217776,
          13.0147459
        ]
      }
    },
    {
      "type":"Feature",
      "properties":{
        "osm_type":"node",
        "osm_id":13839669979,
        "name":"ரேஹோபோத் நிதி மையம்",
        "office":"financial",
        "workforce_capacity":null,
        "omr_it_corridor_candidate":false,
        "osm_tags":{
          "name":"ரேஹோபோத் நிதி மையம்",
          "name:en":"Rehoboth Financial Services",
          "name:ta":"ரேஹோபோத் நிதி மையம்",
          "office":"financial"
        }
      },
      "geometry":{
        "type":"Point",
        "coordinates":[
          80.2682983,
          13.0323408
        ]
      }
    },
    {
      "type":"Feature",
      "properties":{
        "osm_type":"node",
        "osm_id":13864239185,
        "name":"Government High School, Chitlapakkam",
        "office":"educational_institution",
        "workforce_capacity":null,
        "omr_it_corridor_candidate":false,
        "osm_tags":{
          "name":"Government High School, Chitlapakkam",
          "office":"educational_institution",
          "school:gender":"mixed"
        }
      },
      "geometry":{
        "type":"Point",
        "coordinates":[
          80.1358222,
          12.9372947
        ]
      }
    },
    {
      "type":"Feature",
      "properties":{
        "osm_type":"node",
        "osm_id":13926583429,
        "name":"Muthoot Finance",
        "office":"financial",
        "workforce_capacity":null,
        "omr_it_corridor_candidate":false,
        "osm_tags":{
          "brand":"Muthoot Finance",
          "brand:wikidata":"Q6943861",
          "name":"Muthoot Finance",
          "office":"financial"
        }
      },
      "geometry":{
        "type":"Point",
        "coordinates":[
          80.2024278,
          13.0725513
        ]
      }
    },
    {
      "type":"Feature",
      "properties":{
        "osm_type":"node",
        "osm_id":13968616101,
        "name":"அரசாங்க போக்குவரத்து ஊழியர் சங்கம்",
        "office":"company",
        "workforce_capacity":null,
        "omr_it_corridor_candidate":false,
        "osm_tags":{
          "name":"அரசாங்க போக்குவரத்து ஊழியர் சங்கம்",
          "office":"company"
        }
      },
      "geometry":{
        "type":"Point",
        "coordinates":[
          80.2257557,
          13.0152116
        ]
      }
    },
    {
      "type":"Feature",
      "properties":{
        "osm_type":"node",
        "osm_id":13994172977,
        "name":"VFS Global",
        "office":"visa",
        "workforce_capacity":null,
        "omr_it_corridor_candidate":false,
        "osm_tags":{
          "level":"2",
          "name":"VFS Global",
          "office":"visa",
          "operator":"VFS Global",
          "operator:wikidata":"Q7906873"
        }
      },
      "geometry":{
        "type":"Point",
        "coordinates":[
          80.24845,
          13.0430474
        ]
      }
    },
    {
      "type":"Feature",
      "properties":{
        "osm_type":"node",
        "osm_id":14004437608,
        "name":"Wells Fargo",
        "office":"company",
        "workforce_capacity":null,
        "omr_it_corridor_candidate":false,
        "osm_tags":{
          "name":"Wells Fargo",
          "office":"company",
          "official_name":"Wells Fargo International Solutions Private Limited",
          "website":"https://www.wellsfargo.com/"
        }
      },
      "geometry":{
        "type":"Point",
        "coordinates":[
          80.1625605,
          12.954373
        ]
      }
    },
    {
      "type":"Feature",
      "properties":{
        "osm_type":"node",
        "osm_id":14004437609,
        "name":"Optum Global Solutions",
        "office":"company",
        "workforce_capacity":null,
        "omr_it_corridor_candidate":false,
        "osm_tags":{
          "name":"Optum Global Solutions",
          "office":"company"
        }
      },
      "geometry":{
        "type":"Point",
        "coordinates":[
          80.1631774,
          12.9541481
        ]
      }
    },
    {
      "type":"Feature",
      "properties":{
        "osm_type":"node",
        "osm_id":14045621283,
        "name":"Rujo Engineering Private Limited",
        "office":"engineer",
        "workforce_capacity":null,
        "omr_it_corridor_candidate":false,
        "osm_tags":{
          "addr:city":"Chennai",
          "addr:housenumber":"1375",
          "addr:postcode":"600042",
          "addr:street":"TNHB Main Road",
          "name":"Rujo Engineering Private Limited",
          "office":"engineer",
          "website":"https://rujoengineering.com/"
        }
      },
      "geometry":{
        "type":"Point",
        "coordinates":[
          80.2119369,
          12.9899844
        ]
      }
    },
    {
      "type":"Feature",
      "properties":{
        "osm_type":"node",
        "osm_id":14048134636,
        "name":"Mitsogo Technologies Private Limited",
        "office":"it",
        "workforce_capacity":null,
        "omr_it_corridor_candidate":false,
        "osm_tags":{
          "addr:city":"Chennai Corporation",
          "addr:district":"Chennai",
          "addr:postcode":"600089",
          "addr:street":"DLF IT Park Block 1B, Mount Poonamallee Road, Manapakkam",
          "level":"9",
          "name":"Mitsogo Technologies Private Limited",
          "office":"it",
          "phone":"+91 484-297-4545",
          "website":"https://www.mitsogo.com"
        }
      },
      "geometry":{
        "type":"Point",
        "coordinates":[
          80.1758087,
          13.0232664
        ]
      }
    },
    {
      "type":"Feature",
      "properties":{
        "osm_type":"node",
        "osm_id":14049301101,
        "name":"Sysvine Technologies",
        "office":"company",
        "workforce_capacity":null,
        "omr_it_corridor_candidate":false,
        "osm_tags":{
          "addr:housenumber":"111",
          "addr:postcode":"600096",
          "addr:street":"1st Cross",
          "name":"Sysvine Technologies",
          "office":"company",
          "website":"https://sysvine.com"
        }
      },
      "geometry":{
        "type":"Point",
        "coordinates":[
          80.249558,
          12.972761
        ]
      }
    },
    {
      "type":"Feature",
      "properties":{
        "osm_type":"node",
        "osm_id":14049890102,
        "name":"yesengapolicy.com",
        "office":"insurance",
        "workforce_capacity":null,
        "omr_it_corridor_candidate":false,
        "osm_tags":{
          "addr:city":"Chennai",
          "addr:housenumber":"988",
          "addr:postcode":"600042",
          "addr:street":"TNHB Main Road",
          "name":"yesengapolicy.com",
          "office":"insurance",
          "phone":"+919551163535"
        }
      },
      "geometry":{
        "type":"Point",
        "coordinates":[
          80.2127358,
          12.9896288
        ]
      }
    },
    {
      "type":"Feature",
      "properties":{
        "osm_type":"node",
        "osm_id":14049890105,
        "name":"ST Courier",
        "office":"courier",
        "workforce_capacity":null,
        "omr_it_corridor_candidate":false,
        "osm_tags":{
          "addr:city":"Chennai",
          "addr:housenumber":"993",
          "addr:postcode":"600042",
          "addr:street":"TNHB Main Road",
          "branch":"Velachery Checkpost",
          "name":"ST Courier",
          "office":"courier",
          "phone":"+919940529907"
        }
      },
      "geometry":{
        "type":"Point",
        "coordinates":[
          80.2122843,
          12.9897402
        ]
      }
    },
    {
      "type":"Feature",
      "properties":{
        "osm_type":"node",
        "osm_id":14049890109,
        "name":"Meremo Enterprises",
        "office":"tax_advisor",
        "workforce_capacity":null,
        "omr_it_corridor_candidate":false,
        "osm_tags":{
          "addr:city":"Chennai",
          "addr:postcode":"600042",
          "name":"Meremo Enterprises",
          "office":"tax_advisor"
        }
      },
      "geometry":{
        "type":"Point",
        "coordinates":[
          80.2112212,
          12.9900316
        ]
      }
    },
    {
      "type":"Feature",
      "properties":{
        "osm_type":"node",
        "osm_id":14049890110,
        "name":"J.Martin & Associates",
        "office":"accountant",
        "workforce_capacity":null,
        "omr_it_corridor_candidate":false,
        "osm_tags":{
          "addr:city":"Chennai",
          "addr:housenumber":"1552",
          "addr:postcode":"600042",
          "addr:street":"TNHB Main Road",
          "name":"J.Martin & Associates",
          "office":"accountant"
        }
      },
      "geometry":{
        "type":"Point",
        "coordinates":[
          80.2111754,
          12.9900475
        ]
      }
    },
    {
      "type":"Feature",
      "properties":{
        "osm_type":"node",
        "osm_id":14063569601,
        "name":"Inceptez Technologies",
        "office":"company",
        "workforce_capacity":null,
        "omr_it_corridor_candidate":false,
        "osm_tags":{
          "addr:housenumber":"2/189",
          "addr:postcode":"600042",
          "addr:street":"100 Feet Road",
          "check_date":"2026-07-31",
          "check_date:opening_hours":"2026-07-31",
          "email":"info@inceptez.com",
          "name":"Inceptez Technologies",
          "office":"company",
          "opening_hours":"Mo-Fr 09:00-20:00",
          "phone":"08042757266",
          "website":"https://www.inceptez.in/"
        }
      },
      "geometry":{
        "type":"Point",
        "coordinates":[
          80.2203355,
          12.9762328
        ]
      }
    },
    {
      "type":"Feature",
      "properties":{
        "osm_type":"node",
        "osm_id":14066337076,
        "name":"A.Narayanan",
        "office":"lawyer",
        "workforce_capacity":null,
        "omr_it_corridor_candidate":false,
        "osm_tags":{
          "addr:city":"Chennai",
          "addr:housenumber":"273",
          "addr:postcode":"600001",
          "addr:street":"Thambu Chetty Street",
          "description":"Company Law",
          "level":"2",
          "name":"A.Narayanan",
          "office":"lawyer",
          "phone":"+918610406951"
        }
      },
      "geometry":{
        "type":"Point",
        "coordinates":[
          80.2890091,
          13.0921911
        ]
      }
    },
    {
      "type":"Feature",
      "properties":{
        "osm_type":"node",
        "osm_id":14085336154,
        "name":"Data Software Research Company Pvt. Ltd.",
        "office":"it",
        "workforce_capacity":null,
        "omr_it_corridor_candidate":false,
        "osm_tags":{
          "addr:city":"Chennai",
          "addr:housenumber":"11",
          "addr:postcode":"600002",
          "addr:street":"Smith Road",
          "name":"Data Software Research Company Pvt. Ltd.",
          "office":"it",
          "short_name":"DSRC"
        }
      },
      "geometry":{
        "type":"Point",
        "coordinates":[
          80.2610483,
          13.0582765
        ]
      }
    },
    {
      "type":"Feature",
      "properties":{
        "osm_type":"node",
        "osm_id":14085336155,
        "name":"Zebronics India Pvt. Ltd.",
        "office":"yes",
        "workforce_capacity":null,
        "omr_it_corridor_candidate":false,
        "osm_tags":{
          "addr:city":"Chennai",
          "addr:housenumber":"13",
          "addr:postcode":"600002",
          "addr:street":"Smith Road",
          "name":"Zebronics India Pvt. Ltd.",
          "office":"yes"
        }
      },
      "geometry":{
        "type":"Point",
        "coordinates":[
          80.2611077,
          13.0580709
        ]
      }
    },
    {
      "type":"Feature",
      "properties":{
        "osm_type":"node",
        "osm_id":14100123201,
        "name":"Forsam India",
        "office":"company",
        "workforce_capacity":null,
        "omr_it_corridor_candidate":false,
        "osm_tags":{
          "addr:housenumber":"7/330",
          "addr:postcode":"600049",
          "addr:street":"57th Street",
          "email":"forsamindia@outlook.com",
          "internet_access":"wlan",
          "name":"Forsam India",
          "office":"company",
          "opening_hours":"Mo-Su 09:00-18:00",
          "phone":"9840272809;9566272809"
        }
      },
      "geometry":{
        "type":"Point",
        "coordinates":[
          80.2005544,
          13.1086479
        ]
      }
    },
    {
      "type":"Feature",
      "properties":{
        "osm_type":"node",
        "osm_id":14119190473,
        "name":"Tamil Nadu Film Exhibitors Association",
        "office":"yes",
        "workforce_capacity":null,
        "omr_it_corridor_candidate":false,
        "osm_tags":{
          "name":"Tamil Nadu Film Exhibitors Association",
          "office":"yes"
        }
      },
      "geometry":{
        "type":"Point",
        "coordinates":[
          80.2518514,
          13.0416984
        ]
      }
    },
    {
      "type":"Feature",
      "properties":{
        "osm_type":"node",
        "osm_id":14119463064,
        "name":"Tamil Nadu State Cooperative Societies Election Commission",
        "office":"yes",
        "workforce_capacity":null,
        "omr_it_corridor_candidate":false,
        "osm_tags":{
          "name":"Tamil Nadu State Cooperative Societies Election Commission",
          "office":"yes"
        }
      },
      "geometry":{
        "type":"Point",
        "coordinates":[
          80.2480806,
          13.0412098
        ]
      }
    },
    {
      "type":"Feature",
      "properties":{
        "osm_type":"node",
        "osm_id":14119519404,
        "name":"Indium",
        "office":"yes",
        "workforce_capacity":null,
        "omr_it_corridor_candidate":false,
        "osm_tags":{
          "name":"Indium",
          "office":"yes"
        }
      },
      "geometry":{
        "type":"Point",
        "coordinates":[
          80.2522493,
          13.0387976
        ]
      }
    },
    {
      "type":"Feature",
      "properties":{
        "osm_type":"node",
        "osm_id":14121857557,
        "name":"Help The Blind Foundation",
        "office":"foundation",
        "workforce_capacity":null,
        "omr_it_corridor_candidate":false,
        "osm_tags":{
          "name":"Help The Blind Foundation",
          "office":"foundation"
        }
      },
      "geometry":{
        "type":"Point",
        "coordinates":[
          80.2614101,
          13.0586819
        ]
      }
    },
    {
      "type":"Feature",
      "properties":{
        "osm_type":"node",
        "osm_id":14196256060,
        "name":"New I.E. Lab",
        "office":"research",
        "workforce_capacity":null,
        "omr_it_corridor_candidate":false,
        "osm_tags":{
          "name":"New I.E. Lab",
          "office":"research"
        }
      },
      "geometry":{
        "type":"Point",
        "coordinates":[
          80.2302471,
          12.9884391
        ]
      }
    },
    {
      "type":"Feature",
      "properties":{
        "osm_type":"way",
        "osm_id":23893614,
        "name":"Tamil Nadu Government Legislature & Secretariat",
        "office":"government",
        "workforce_capacity":null,
        "omr_it_corridor_candidate":false,
        "osm_tags":{
          "building":"yes",
          "building:levels":"3",
          "int_name":"Fort House",
          "name":"Tamil Nadu Government Legislature & Secretariat",
          "name:ml":"തമിഴ്നാട് സർക്കാർ നിയമസഭയും സെക്രട്ടേറിയറ്റും",
          "name:ta":"தமிழக அரசு தலைமைச் செயலகம்",
          "office":"government"
        }
      },
      "geometry":{
        "type":"Point",
        "coordinates":[
          80.2870027,
          13.0798161
        ]
      }
    },
    {
      "type":"Feature",
      "properties":{
        "osm_type":"way",
        "osm_id":28077658,
        "name":"U.S. Consulate General",
        "office":"diplomatic",
        "workforce_capacity":null,
        "omr_it_corridor_candidate":false,
        "osm_tags":{
          "consulate":"consulate_general",
          "country":"US",
          "diplomatic":"consulate",
          "name":"U.S. Consulate General",
          "office":"diplomatic",
          "target":"IN",
          "wikidata":"Q5164570",
          "wikipedia":"en:Consulate General of the United States, Chennai"
        }
      },
      "geometry":{
        "type":"Point",
        "coordinates":[
          80.2521637,
          13.0525341
        ]
      }
    },
    {
      "type":"Feature",
      "properties":{
        "osm_type":"way",
        "osm_id":29267007,
        "name":"Ezhilagam",
        "office":"government",
        "workforce_capacity":null,
        "omr_it_corridor_candidate":false,
        "osm_tags":{
          "building":"yes",
          "name":"Ezhilagam",
          "office":"government",
          "wikidata":"Q5423273"
        }
      },
      "geometry":{
        "type":"Point",
        "coordinates":[
          80.2827558,
          13.0637143
        ]
      }
    },
    {
      "type":"Feature",
      "properties":{
        "osm_type":"way",
        "osm_id":29883003,
        "name":"Panagal Maaligai",
        "office":"government",
        "workforce_capacity":null,
        "omr_it_corridor_candidate":false,
        "osm_tags":{
          "building":"office",
          "name":"Panagal Maaligai",
          "office":"government"
        }
      },
      "geometry":{
        "type":"Point",
        "coordinates":[
          80.2240915,
          13.0198503
        ]
      }
    },
    {
      "type":"Feature",
      "properties":{
        "osm_type":"way",
        "osm_id":31897154,
        "name":"Tamil Nadu Water Supply and Drainage Board",
        "office":"government",
        "workforce_capacity":null,
        "omr_it_corridor_candidate":false,
        "osm_tags":{
          "building":"yes",
          "building:levels":"4",
          "government":"yes",
          "name":"Tamil Nadu Water Supply and Drainage Board",
          "office":"government"
        }
      },
      "geometry":{
        "type":"Point",
        "coordinates":[
          80.2825834,
          13.0627577
        ]
      }
    },
    {
      "type":"Feature",
      "properties":{
        "osm_type":"way",
        "osm_id":31897155,
        "name":"Public Works Department",
        "office":"government",
        "workforce_capacity":null,
        "omr_it_corridor_candidate":false,
        "osm_tags":{
          "building":"yes",
          "historic":"building",
          "name":"Public Works Department",
          "office":"government"
        }
      },
      "geometry":{
        "type":"Point",
        "coordinates":[
          80.2820818,
          13.0618249
        ]
      }
    },
    {
      "type":"Feature",
      "properties":{
        "osm_type":"way",
        "osm_id":47474023,
        "name":"Corporation Office",
        "office":"government",
        "workforce_capacity":null,
        "omr_it_corridor_candidate":false,
        "osm_tags":{
          "landuse":"commercial",
          "name":"Corporation Office",
          "office":"government"
        }
      },
      "geometry":{
        "type":"Point",
        "coordinates":[
          80.277151,
          13.051147
        ]
      }
    },
    {
      "type":"Feature",
      "properties":{
        "osm_type":"way",
        "osm_id":48133626,
        "name":null,
        "office":"government",
        "workforce_capacity":null,
        "omr_it_corridor_candidate":false,
        "osm_tags":{
          "office":"government"
        }
      },
      "geometry":{
        "type":"Point",
        "coordinates":[
          80.2510846,
          13.1000869
        ]
      }
    },
    {
      "type":"Feature",
      "properties":{
        "osm_type":"way",
        "osm_id":95628734,
        "name":"Cognizant Technology Solutions Pvt. Ltd.",
        "office":"company",
        "workforce_capacity":null,
        "omr_it_corridor_candidate":false,
        "osm_tags":{
          "barrier":"wall",
          "landuse":"commercial",
          "name":"Cognizant Technology Solutions Pvt. Ltd.",
          "office":"company"
        }
      },
      "geometry":{
        "type":"Point",
        "coordinates":[
          80.1218641,
          12.945219
        ]
      }
    },
    {
      "type":"Feature",
      "properties":{
        "osm_type":"way",
        "osm_id":95772165,
        "name":"Cafeteria Block",
        "office":"company",
        "workforce_capacity":null,
        "omr_it_corridor_candidate":false,
        "osm_tags":{
          "amenity":"food_court",
          "building":"yes",
          "name":"Cafeteria Block",
          "office":"company"
        }
      },
      "geometry":{
        "type":"Point",
        "coordinates":[
          80.1210236,
          12.9445744
        ]
      }
    },
    {
      "type":"Feature",
      "properties":{
        "osm_type":"way",
        "osm_id":95772166,
        "name":"SDB-2",
        "office":"company",
        "workforce_capacity":null,
        "omr_it_corridor_candidate":false,
        "osm_tags":{
          "building":"yes",
          "landuse":"commercial",
          "name":"SDB-2",
          "office":"company"
        }
      },
      "geometry":{
        "type":"Point",
        "coordinates":[
          80.1215509,
          12.94541
        ]
      }
    },
    {
      "type":"Feature",
      "properties":{
        "osm_type":"way",
        "osm_id":95772167,
        "name":"SDB-3",
        "office":"company",
        "workforce_capacity":null,
        "omr_it_corridor_candidate":false,
        "osm_tags":{
          "building":"yes",
          "landuse":"commercial",
          "name":"SDB-3",
          "office":"company"
        }
      },
      "geometry":{
        "type":"Point",
        "coordinates":[
          80.1222497,
          12.9455812
        ]
      }
    },
    {
      "type":"Feature",
      "properties":{
        "osm_type":"way",
        "osm_id":95772168,
        "name":"SDB-4",
        "office":"company",
        "workforce_capacity":null,
        "omr_it_corridor_candidate":false,
        "osm_tags":{
          "building":"yes",
          "landuse":"commercial",
          "name":"SDB-4",
          "office":"company"
        }
      },
      "geometry":{
        "type":"Point",
        "coordinates":[
          80.1222113,
          12.946331
        ]
      }
    },
    {
      "type":"Feature",
      "properties":{
        "osm_type":"way",
        "osm_id":95772170,
        "name":"SDB-1",
        "office":"company",
        "workforce_capacity":null,
        "omr_it_corridor_candidate":false,
        "osm_tags":{
          "building":"yes",
          "landuse":"commercial",
          "name":"SDB-1",
          "office":"company"
        }
      },
      "geometry":{
        "type":"Point",
        "coordinates":[
          80.1215037,
          12.9443243
        ]
      }
    },
    {
      "type":"Feature",
      "properties":{
        "osm_type":"way",
        "osm_id":96687171,
        "name":"Computer Science Corporation (CSC)",
        "office":"company",
        "workforce_capacity":null,
        "omr_it_corridor_candidate":false,
        "osm_tags":{
          "landuse":"commercial",
          "name":"Computer Science Corporation (CSC)",
          "office":"company"
        }
      },
      "geometry":{
        "type":"Point",
        "coordinates":[
          80.1231069,
          12.9442885
        ]
      }
    },
    {
      "type":"Feature",
      "properties":{
        "osm_type":"way",
        "osm_id":96792775,
        "name":"MEPZ administrative office",
        "office":"government",
        "workforce_capacity":null,
        "omr_it_corridor_candidate":false,
        "osm_tags":{
          "building":"yes",
          "name":"MEPZ administrative office",
          "office":"government"
        }
      },
      "geometry":{
        "type":"Point",
        "coordinates":[
          80.1255867,
          12.9366267
        ]
      }
    },
    {
      "type":"Feature",
      "properties":{
        "osm_type":"way",
        "osm_id":96792786,
        "name":"Vijaya Garments",
        "office":"company",
        "workforce_capacity":null,
        "omr_it_corridor_candidate":false,
        "osm_tags":{
          "building":"yes",
          "name":"Vijaya Garments",
          "office":"company"
        }
      },
      "geometry":{
        "type":"Point",
        "coordinates":[
          80.1250937,
          12.9370222
        ]
      }
    },
    {
      "type":"Feature",
      "properties":{
        "osm_type":"way",
        "osm_id":152173686,
        "name":"Institute of Ocean Management",
        "office":"educational_institution",
        "workforce_capacity":null,
        "omr_it_corridor_candidate":false,
        "osm_tags":{
          "building":"yes",
          "name":"Institute of Ocean Management",
          "office":"educational_institution"
        }
      },
      "geometry":{
        "type":"Point",
        "coordinates":[
          80.2341423,
          13.0125008
        ]
      }
    },
    {
      "type":"Feature",
      "properties":{
        "osm_type":"way",
        "osm_id":154089806,
        "name":"HCL Technologies",
        "office":"yes",
        "workforce_capacity":null,
        "omr_it_corridor_candidate":false,
        "osm_tags":{
          "name":"HCL Technologies",
          "office":"yes"
        }
      },
      "geometry":{
        "type":"Point",
        "coordinates":[
          80.2174691,
          12.9035685
        ]
      }
    },
    {
      "type":"Feature",
      "properties":{
        "osm_type":"way",
        "osm_id":158076069,
        "name":"Sun TV Network Office",
        "office":"television network",
        "workforce_capacity":null,
        "omr_it_corridor_candidate":false,
        "osm_tags":{
          "landuse":"commercial",
          "name":"Sun TV Network Office",
          "office":"television network"
        }
      },
      "geometry":{
        "type":"Point",
        "coordinates":[
          80.2718604,
          13.0200992
        ]
      }
    },
    {
      "type":"Feature",
      "properties":{
        "osm_type":"way",
        "osm_id":158076074,
        "name":"TVH Realtors",
        "office":"company",
        "workforce_capacity":null,
        "omr_it_corridor_candidate":false,
        "osm_tags":{
          "landuse":"commercial",
          "name":"TVH Realtors",
          "office":"company"
        }
      },
      "geometry":{
        "type":"Point",
        "coordinates":[
          80.2743055,
          13.0190706
        ]
      }
    },
    {
      "type":"Feature",
      "properties":{
        "osm_type":"way",
        "osm_id":186797307,
        "name":"Sundaram Towers",
        "office":"company",
        "workforce_capacity":null,
        "omr_it_corridor_candidate":false,
        "osm_tags":{
          "addr:city":"Chennai",
          "addr:housenumber":"46",
          "addr:postcode":"600014",
          "addr:street":"Whites Road",
          "landuse":"commercial",
          "name":"Sundaram Towers",
          "office":"company"
        }
      },
      "geometry":{
        "type":"Point",
        "coordinates":[
          80.2617117,
          13.0580665
        ]
      }
    },
    {
      "type":"Feature",
      "properties":{
        "osm_type":"way",
        "osm_id":209546187,
        "name":"Directorate of Public Instruction Campus - DPI",
        "office":"government",
        "workforce_capacity":null,
        "omr_it_corridor_candidate":false,
        "osm_tags":{
          "landuse":"commercial",
          "name":"Directorate of Public Instruction Campus - DPI",
          "office":"government"
        }
      },
      "geometry":{
        "type":"Point",
        "coordinates":[
          80.2513163,
          13.0689094
        ]
      }
    },
    {
      "type":"Feature",
      "properties":{
        "osm_type":"way",
        "osm_id":211260260,
        "name":"British Deputy High Commission",
        "office":"diplomatic",
        "workforce_capacity":null,
        "omr_it_corridor_candidate":false,
        "osm_tags":{
          "addr:housenumber":"20",
          "addr:postcode":"600006",
          "addr:street":"Anderson Road",
          "consulate":"consulate_general",
          "contact:website":"https://www.gov.uk/world/organisations/british-deputy-high-commissioner-chennai",
          "country":"GB",
          "diplomatic":"consulate",
          "emergency:phone":"+91 44 4219 2151",
          "name":"British Deputy High Commission",
          "name:en":"British Deputy High Commission",
          "name:fr":"Haut-commissariat du Royaume-Uni",
          "name:hi":"ब्रिटिश उप उच्चायोग चेन्नई",
          "name:tr":"Birleşik Krallık Yüksek Kurulu Vekilliği",
          "office":"diplomatic",
          "opening_hours":"Mo-Th 08:00-16:30; Fr 08:00-13:30",
          "target":"IN",
          "wikidata":"Q4969884",
          "wikipedia":"hi:ब्रिटिश उप उच्चायोग, चेन्नई"
        }
      },
      "geometry":{
        "type":"Point",
        "coordinates":[
          80.2491651,
          13.0654361
        ]
      }
    },
    {
      "type":"Feature",
      "properties":{
        "osm_type":"way",
        "osm_id":211423278,
        "name":null,
        "office":"government",
        "workforce_capacity":null,
        "omr_it_corridor_candidate":false,
        "osm_tags":{
          "landuse":"commercial",
          "office":"government"
        }
      },
      "geometry":{
        "type":"Point",
        "coordinates":[
          80.2820117,
          13.0625864
        ]
      }
    },
    {
      "type":"Feature",
      "properties":{
        "osm_type":"way",
        "osm_id":211435478,
        "name":"Fort - Tondiarpet Taluk Office",
        "office":"government",
        "workforce_capacity":null,
        "omr_it_corridor_candidate":false,
        "osm_tags":{
          "landuse":"commercial",
          "name":"Fort - Tondiarpet Taluk Office",
          "office":"government"
        }
      },
      "geometry":{
        "type":"Point",
        "coordinates":[
          80.270838,
          13.0837122
        ]
      }
    },
    {
      "type":"Feature",
      "properties":{
        "osm_type":"way",
        "osm_id":211435542,
        "name":"Institute of Engineers,Chennai Chapter",
        "office":"educational_institution",
        "workforce_capacity":null,
        "omr_it_corridor_candidate":false,
        "osm_tags":{
          "addr:city":"chepauk",
          "addr:housenumber":"19",
          "addr:postcode":"600005",
          "addr:street":"Swami Sivananda Salai",
          "landuse":"commercial",
          "name":"Institute of Engineers,Chennai Chapter",
          "office":"educational_institution",
          "phone":"+914425360614"
        }
      },
      "geometry":{
        "type":"Point",
        "coordinates":[
          80.2815529,
          13.0672009
        ]
      }
    },
    {
      "type":"Feature",
      "properties":{
        "osm_type":"way",
        "osm_id":214598736,
        "name":"Highway Research Station",
        "office":"government",
        "workforce_capacity":null,
        "omr_it_corridor_candidate":false,
        "osm_tags":{
          "name":"Highway Research Station",
          "office":"government"
        }
      },
      "geometry":{
        "type":"Point",
        "coordinates":[
          80.2291784,
          13.0106671
        ]
      }
    },
    {
      "type":"Feature",
      "properties":{
        "osm_type":"way",
        "osm_id":217609825,
        "name":"Chennai Collectorate",
        "office":"government",
        "workforce_capacity":null,
        "omr_it_corridor_candidate":false,
        "osm_tags":{
          "landuse":"commercial",
          "name":"Chennai Collectorate",
          "office":"government"
        }
      },
      "geometry":{
        "type":"Point",
        "coordinates":[
          80.2922062,
          13.0959975
        ]
      }
    },
    {
      "type":"Feature",
      "properties":{
        "osm_type":"way",
        "osm_id":217609829,
        "name":null,
        "office":"government",
        "workforce_capacity":null,
        "omr_it_corridor_candidate":false,
        "osm_tags":{
          "landuse":"commercial",
          "office":"government"
        }
      },
      "geometry":{
        "type":"Point",
        "coordinates":[
          80.2925293,
          13.0971301
        ]
      }
    },
    {
      "type":"Feature",
      "properties":{
        "osm_type":"way",
        "osm_id":217878630,
        "name":"Perambur- Purasawalkam Taluk Office",
        "office":"government",
        "workforce_capacity":null,
        "omr_it_corridor_candidate":false,
        "osm_tags":{
          "landuse":"commercial",
          "name":"Perambur- Purasawalkam Taluk Office",
          "office":"government"
        }
      },
      "geometry":{
        "type":"Point",
        "coordinates":[
          80.2452718,
          13.1068274
        ]
      }
    },
    {
      "type":"Feature",
      "properties":{
        "osm_type":"way",
        "osm_id":218162625,
        "name":"Corporation Ward 176 Office",
        "office":"government",
        "workforce_capacity":null,
        "omr_it_corridor_candidate":false,
        "osm_tags":{
          "building":"yes",
          "name":"Corporation Ward 176 Office",
          "office":"government"
        }
      },
      "geometry":{
        "type":"Point",
        "coordinates":[
          80.2614535,
          12.9978706
        ]
      }
    },
    {
      "type":"Feature",
      "properties":{
        "osm_type":"way",
        "osm_id":218163944,
        "name":"Barath Sanchar Ningam Limited",
        "office":"government",
        "workforce_capacity":null,
        "omr_it_corridor_candidate":false,
        "osm_tags":{
          "building":"yes",
          "layer":"-1",
          "name":"Barath Sanchar Ningam Limited",
          "office":"government"
        }
      },
      "geometry":{
        "type":"Point",
        "coordinates":[
          80.2569506,
          13.0006824
        ]
      }
    },
    {
      "type":"Feature",
      "properties":{
        "osm_type":"way",
        "osm_id":274370569,
        "name":"Tamilnadu Electricity Board (TNEB) office",
        "office":"government",
        "workforce_capacity":null,
        "omr_it_corridor_candidate":false,
        "osm_tags":{
          "addr:city":"Chennai",
          "addr:housenumber":"TNEB Office",
          "addr:postcode":"600107",
          "addr:street":"SAF Games Village, Koyambedu",
          "name":"Tamilnadu Electricity Board (TNEB) office",
          "office":"government"
        }
      },
      "geometry":{
        "type":"Point",
        "coordinates":[
          80.2072853,
          13.0672864
        ]
      }
    },
    {
      "type":"Feature",
      "properties":{
        "osm_type":"way",
        "osm_id":274534529,
        "name":"RTO Office, Chinmaya Nagar",
        "office":"government",
        "workforce_capacity":null,
        "omr_it_corridor_candidate":false,
        "osm_tags":{
          "addr:city":"Chennai",
          "addr:street":"Chinmaya Nagar",
          "name":"RTO Office, Chinmaya Nagar",
          "office":"government"
        }
      },
      "geometry":{
        "type":"Point",
        "coordinates":[
          80.1960628,
          13.0605219
        ]
      }
    },
    {
      "type":"Feature",
      "properties":{
        "osm_type":"way",
        "osm_id":297510798,
        "name":"Ruby Builders",
        "office":"estate_agent",
        "workforce_capacity":null,
        "omr_it_corridor_candidate":false,
        "osm_tags":{
          "addr:street":"Velachery - Tambaram Main Road",
          "name":"Ruby Builders",
          "office":"estate_agent"
        }
      },
      "geometry":{
        "type":"Point",
        "coordinates":[
          80.1362062,
          12.9222417
        ]
      }
    },
    {
      "type":"Feature",
      "properties":{
        "osm_type":"way",
        "osm_id":319255277,
        "name":"Siri Towers",
        "office":"it",
        "workforce_capacity":null,
        "omr_it_corridor_candidate":false,
        "osm_tags":{
          "addr:city":"Chennai",
          "addr:postcode":"600096",
          "addr:street":"Fourrts Avenue, Thuraipakkam",
          "building":"yes",
          "name":"Siri Towers",
          "office":"it"
        }
      },
      "geometry":{
        "type":"Point",
        "coordinates":[
          80.2337156,
          12.9296077
        ]
      }
    },
    {
      "type":"Feature",
      "properties":{
        "osm_type":"way",
        "osm_id":337930119,
        "name":"Office of the Deputy Director - Medical Services",
        "office":"government",
        "workforce_capacity":null,
        "omr_it_corridor_candidate":false,
        "osm_tags":{
          "addr:street":"Jones Road",
          "building":"yes",
          "name":"Office of the Deputy Director - Medical Services",
          "office":"government"
        }
      },
      "geometry":{
        "type":"Point",
        "coordinates":[
          80.2199961,
          13.0246939
        ]
      }
    },
    {
      "type":"Feature",
      "properties":{
        "osm_type":"way",
        "osm_id":338925012,
        "name":"Highways Office",
        "office":"government",
        "workforce_capacity":null,
        "omr_it_corridor_candidate":false,
        "osm_tags":{
          "name":"Highways Office",
          "office":"government"
        }
      },
      "geometry":{
        "type":"Point",
        "coordinates":[
          80.2226669,
          13.0211458
        ]
      }
    },
    {
      "type":"Feature",
      "properties":{
        "osm_type":"way",
        "osm_id":354452716,
        "name":"LIC - Ambattur Branch",
        "office":"insurance",
        "workforce_capacity":null,
        "omr_it_corridor_candidate":false,
        "osm_tags":{
          "brand":"Life Insurance Corporation",
          "brand:short":"LIC",
          "brand:wikidata":"Q2767170",
          "building":"yes",
          "name":"LIC - Ambattur Branch",
          "office":"insurance"
        }
      },
      "geometry":{
        "type":"Point",
        "coordinates":[
          80.1531476,
          13.1190938
        ]
      }
    },
    {
      "type":"Feature",
      "properties":{
        "osm_type":"way",
        "osm_id":354458236,
        "name":"Consulate General of the Russian Federation",
        "office":"diplomatic",
        "workforce_capacity":null,
        "omr_it_corridor_candidate":false,
        "osm_tags":{
          "addr:housenumber":"33",
          "addr:postcode":"600004",
          "addr:street":"Santhome High Road",
          "building":"yes",
          "building:levels":"2",
          "consulate":"consulate_general",
          "country":"RU",
          "diplomatic":"consulate",
          "name":"Consulate General of the Russian Federation",
          "name:en":"Consulate General of the Russian Federation",
          "name:hi":"रूस का उच्चायोग",
          "name:ru":"Генеральное консульство Российской Федерации",
          "name:ta":"ரஷ்ய கூட்டமைப்பின் துணைத் தூதரகம்",
          "office":"diplomatic",
          "phone":"+91 44 2498 2320",
          "target":"IN",
          "website":"http://www.chennai.mid.ru",
          "wikidata":"Q5164569"
        }
      },
      "geometry":{
        "type":"Point",
        "coordinates":[
          80.2780044,
          13.0356229
        ]
      }
    },
    {
      "type":"Feature",
      "properties":{
        "osm_type":"way",
        "osm_id":354493933,
        "name":"Ambattur Taluk Office",
        "office":"government",
        "workforce_capacity":null,
        "omr_it_corridor_candidate":false,
        "osm_tags":{
          "building":"yes",
          "name":"Ambattur Taluk Office",
          "office":"government"
        }
      },
      "geometry":{
        "type":"Point",
        "coordinates":[
          80.1473706,
          13.113865
        ]
      }
    },
    {
      "type":"Feature",
      "properties":{
        "osm_type":"way",
        "osm_id":354532993,
        "name":"Velankanni Matriculation Higher Secondary School",
        "office":"educational_institution",
        "workforce_capacity":null,
        "omr_it_corridor_candidate":false,
        "osm_tags":{
          "building":"yes",
          "name":"Velankanni Matriculation Higher Secondary School",
          "office":"educational_institution",
          "opening_hours:covid19":"off"
        }
      },
      "geometry":{
        "type":"Point",
        "coordinates":[
          80.2089473,
          13.0383747
        ]
      }
    },
    {
      "type":"Feature",
      "properties":{
        "osm_type":"way",
        "osm_id":354533071,
        "name":"Velankanni Matriculation Higher Secondary School",
        "office":"educational_institution",
        "workforce_capacity":null,
        "omr_it_corridor_candidate":false,
        "osm_tags":{
          "building":"yes",
          "name":"Velankanni Matriculation Higher Secondary School",
          "office":"educational_institution",
          "opening_hours:covid19":"off"
        }
      },
      "geometry":{
        "type":"Point",
        "coordinates":[
          80.2087938,
          13.0384584
        ]
      }
    },
    {
      "type":"Feature",
      "properties":{
        "osm_type":"way",
        "osm_id":354533075,
        "name":"Velankanni Matriculation Higher Secondary School",
        "office":"educational_institution",
        "workforce_capacity":null,
        "omr_it_corridor_candidate":false,
        "osm_tags":{
          "building":"yes",
          "name":"Velankanni Matriculation Higher Secondary School",
          "office":"educational_institution",
          "opening_hours:covid19":"off"
        }
      },
      "geometry":{
        "type":"Point",
        "coordinates":[
          80.2091723,
          13.0383995
        ]
      }
    },
    {
      "type":"Feature",
      "properties":{
        "osm_type":"way",
        "osm_id":354573695,
        "name":"Website Learners",
        "office":"yes",
        "workforce_capacity":null,
        "omr_it_corridor_candidate":false,
        "osm_tags":{
          "addr:city":"T.Nagar, Chennai",
          "addr:postcode":"600017",
          "addr:street":"Raja Badar Street",
          "building":"yes",
          "name":"Website Learners",
          "office":"yes"
        }
      },
      "geometry":{
        "type":"Point",
        "coordinates":[
          80.2368733,
          13.0413963
        ]
      }
    },
    {
      "type":"Feature",
      "properties":{
        "osm_type":"way",
        "osm_id":354740888,
        "name":"Nesh Technologies",
        "office":"it",
        "workforce_capacity":null,
        "omr_it_corridor_candidate":false,
        "osm_tags":{
          "addr:city":"chennai",
          "addr:housenumber":"Type II/8",
          "addr:postcode":"600041",
          "addr:street":"Dr.VSI Estate, SH 49A, Thiruvanmiyur",
          "building":"commercial",
          "building:levels":"3",
          "name":"Nesh Technologies",
          "office":"it",
          "phone":"+91 9790706090",
          "website":"https://nesh.live"
        }
      },
      "geometry":{
        "type":"Point",
        "coordinates":[
          80.2517297,
          12.9829769
        ]
      }
    },
    {
      "type":"Feature",
      "properties":{
        "osm_type":"way",
        "osm_id":354743594,
        "name":null,
        "office":"government",
        "workforce_capacity":null,
        "omr_it_corridor_candidate":false,
        "osm_tags":{
          "building":"yes",
          "office":"government"
        }
      },
      "geometry":{
        "type":"Point",
        "coordinates":[
          80.2291273,
          13.0103426
        ]
      }
    },
    {
      "type":"Feature",
      "properties":{
        "osm_type":"way",
        "osm_id":354743643,
        "name":null,
        "office":"government",
        "workforce_capacity":null,
        "omr_it_corridor_candidate":false,
        "osm_tags":{
          "building":"yes",
          "office":"government"
        }
      },
      "geometry":{
        "type":"Point",
        "coordinates":[
          80.2288322,
          13.0097662
        ]
      }
    },
    {
      "type":"Feature",
      "properties":{
        "osm_type":"way",
        "osm_id":354751121,
        "name":"Madras ENT Research Foundation Speech Trainning",
        "office":"therapist",
        "workforce_capacity":null,
        "omr_it_corridor_candidate":false,
        "osm_tags":{
          "building":"yes",
          "name":"Madras ENT Research Foundation Speech Trainning",
          "office":"therapist"
        }
      },
      "geometry":{
        "type":"Point",
        "coordinates":[
          80.2611341,
          12.957443
        ]
      }
    },
    {
      "type":"Feature",
      "properties":{
        "osm_type":"way",
        "osm_id":354773796,
        "name":"ELCOT (Electronic Corporation of Tamil Nadu)",
        "office":"government",
        "workforce_capacity":null,
        "omr_it_corridor_candidate":false,
        "osm_tags":{
          "addr:city":"chennai",
          "addr:postcode":"600096",
          "building":"yes",
          "building:levels":"1,2,3",
          "name":"ELCOT (Electronic Corporation of Tamil Nadu)",
          "office":"government"
        }
      },
      "geometry":{
        "type":"Point",
        "coordinates":[
          80.2442858,
          12.9563068
        ]
      }
    },
    {
      "type":"Feature",
      "properties":{
        "osm_type":"way",
        "osm_id":354832341,
        "name":"Sedin Technologies Dev Center",
        "office":"company",
        "workforce_capacity":null,
        "omr_it_corridor_candidate":false,
        "osm_tags":{
          "addr:city":"Chennai",
          "addr:housenumber":"40",
          "addr:postcode":"600033",
          "addr:street":"Kamatchi Puram 2nd Street",
          "building":"yes",
          "level":"2",
          "name":"Sedin Technologies Dev Center",
          "office":"company",
          "opening_hours":"Mo-Fr 08:30-20:00",
          "smoking":"outside",
          "wheelchair":"no"
        }
      },
      "geometry":{
        "type":"Point",
        "coordinates":[
          80.2166357,
          13.0370386
        ]
      }
    },
    {
      "type":"Feature",
      "properties":{
        "osm_type":"way",
        "osm_id":354839450,
        "name":"Talent Reach International",
        "office":"yes",
        "workforce_capacity":null,
        "omr_it_corridor_candidate":false,
        "osm_tags":{
          "building":"yes",
          "name":"Talent Reach International",
          "office":"yes"
        }
      },
      "geometry":{
        "type":"Point",
        "coordinates":[
          80.2224349,
          13.0641923
        ]
      }
    },
    {
      "type":"Feature",
      "properties":{
        "osm_type":"way",
        "osm_id":354989823,
        "name":"Novalnet e-Solutions Pvt. Ltd.",
        "office":"it",
        "workforce_capacity":null,
        "omr_it_corridor_candidate":false,
        "osm_tags":{
          "addr:city":"Chennai",
          "addr:district":"Chengalpattu",
          "addr:housenumber":"131",
          "addr:postcode":"600059",
          "addr:street":"Erikkarai Street",
          "building":"yes",
          "description":"Young and innovative company, offering fresh and creative business ideas to help brand grow.",
          "email":"info@novalnet-solutions.com",
          "name":"Novalnet e-Solutions Pvt. Ltd.",
          "office":"it",
          "phone":"+91 44 43574176",
          "short_name":"Novalnet Solutions",
          "website":"https://www.novalnet-solutions.com/"
        }
      },
      "geometry":{
        "type":"Point",
        "coordinates":[
          80.1298056,
          12.9325309
        ]
      }
    },
    {
      "type":"Feature",
      "properties":{
        "osm_type":"way",
        "osm_id":355048143,
        "name":"Drona Systems",
        "office":"it",
        "workforce_capacity":null,
        "omr_it_corridor_candidate":false,
        "osm_tags":{
          "building":"yes",
          "name":"Drona Systems",
          "office":"it"
        }
      },
      "geometry":{
        "type":"Point",
        "coordinates":[
          80.2197222,
          13.0653729
        ]
      }
    },
    {
      "type":"Feature",
      "properties":{
        "osm_type":"way",
        "osm_id":355085733,
        "name":null,
        "office":"energy_supplier",
        "workforce_capacity":null,
        "omr_it_corridor_candidate":false,
        "osm_tags":{
          "building":"yes",
          "office":"energy_supplier"
        }
      },
      "geometry":{
        "type":"Point",
        "coordinates":[
          80.2646565,
          12.996874
        ]
      }
    },
    {
      "type":"Feature",
      "properties":{
        "osm_type":"way",
        "osm_id":355100244,
        "name":"PayPal",
        "office":"it",
        "workforce_capacity":null,
        "omr_it_corridor_candidate":false,
        "osm_tags":{
          "addr:city":"Chennai",
          "addr:housenumber":"334",
          "addr:street":"Rajiv Gandhi Salai",
          "building":"yes",
          "name":"PayPal",
          "office":"it"
        }
      },
      "geometry":{
        "type":"Point",
        "coordinates":[
          80.2268988,
          12.9096628
        ]
      }
    },
    {
      "type":"Feature",
      "properties":{
        "osm_type":"way",
        "osm_id":355608758,
        "name":"DesignQube Architects and Interiors",
        "office":"architect",
        "workforce_capacity":null,
        "omr_it_corridor_candidate":false,
        "osm_tags":{
          "building":"yes",
          "name":"DesignQube Architects and Interiors",
          "office":"architect"
        }
      },
      "geometry":{
        "type":"Point",
        "coordinates":[
          80.2670174,
          13.0330309
        ]
      }
    },
    {
      "type":"Feature",
      "properties":{
        "osm_type":"way",
        "osm_id":355609629,
        "name":"Gnaya Vaapi",
        "office":"religion",
        "workforce_capacity":null,
        "omr_it_corridor_candidate":false,
        "osm_tags":{
          "building":"yes",
          "name":"Gnaya Vaapi",
          "office":"religion",
          "religion":"hindu"
        }
      },
      "geometry":{
        "type":"Point",
        "coordinates":[
          80.2643744,
          12.9975325
        ]
      }
    },
    {
      "type":"Feature",
      "properties":{
        "osm_type":"way",
        "osm_id":355616268,
        "name":"Unique MEP Engineering Private Limited",
        "office":"educational_institution",
        "workforce_capacity":null,
        "omr_it_corridor_candidate":false,
        "osm_tags":{
          "addr:city":"Chennai",
          "addr:district":"CHENNAI",
          "addr:housenumber":"447/265",
          "addr:postcode":"600029",
          "addr:street":"EVR Periyar Salai",
          "building":"yes",
          "name":"Unique MEP Engineering Private Limited",
          "office":"educational_institution",
          "opening_hours":"Mo-Sa 08:00-20:00",
          "phone":"8428877755",
          "website":"https://www.unique-mep.com/"
        }
      },
      "geometry":{
        "type":"Point",
        "coordinates":[
          80.2277778,
          13.0738026
        ]
      }
    },
    {
      "type":"Feature",
      "properties":{
        "osm_type":"way",
        "osm_id":355899052,
        "name":"பாரதி புத்தகாலயம்",
        "office":"Trust",
        "workforce_capacity":null,
        "omr_it_corridor_candidate":false,
        "osm_tags":{
          "addr:housenumber":"7",
          "addr:postcode":"600018",
          "addr:street":"Nattumuthu Street",
          "building":"yes",
          "name":"பாரதி புத்தகாலயம்",
          "office":"Trust",
          "opening_hours":"Mo-Sa 08:00-21:00",
          "phone":"+9144 24332424",
          "smoking":"no",
          "website":"https://thamizhbooks.com/"
        }
      },
      "geometry":{
        "type":"Point",
        "coordinates":[
          80.248435,
          13.0394531
        ]
      }
    },
    {
      "type":"Feature",
      "properties":{
        "osm_type":"way",
        "osm_id":355901901,
        "name":null,
        "office":"architect",
        "workforce_capacity":null,
        "omr_it_corridor_candidate":false,
        "osm_tags":{
          "building":"yes",
          "office":"architect"
        }
      },
      "geometry":{
        "type":"Point",
        "coordinates":[
          80.2646527,
          12.9966421
        ]
      }
    },
    {
      "type":"Feature",
      "properties":{
        "osm_type":"way",
        "osm_id":363755386,
        "name":"VIJAYAKUMAR IAS ACADEMY",
        "office":"educational_institution",
        "workforce_capacity":null,
        "omr_it_corridor_candidate":false,
        "osm_tags":{
          "addr:city":"Thirumangalam, Chennai",
          "addr:district":"CHENNAI",
          "addr:housenumber":"16/148,1st floor",
          "addr:postcode":"600040",
          "addr:street":"Avvai Street",
          "building":"yes",
          "name":"VIJAYAKUMAR IAS ACADEMY",
          "office":"educational_institution",
          "opening_hours":"Mo-Fr 09:30-17:30",
          "phone":"9360533992",
          "website":"https://vijayakumariasacademy.com/"
        }
      },
      "geometry":{
        "type":"Point",
        "coordinates":[
          80.1956585,
          13.0858602
        ]
      }
    },
    {
      "type":"Feature",
      "properties":{
        "osm_type":"way",
        "osm_id":363855451,
        "name":"TamilNadu Housing Board",
        "office":"government",
        "workforce_capacity":null,
        "omr_it_corridor_candidate":false,
        "osm_tags":{
          "addr:city":"Thirumangalam, Chennai",
          "addr:postcode":"600040",
          "addr:street":"Ambattur Estate Road",
          "building":"yes",
          "government":"administrative",
          "name":"TamilNadu Housing Board",
          "name:ta":"தமிழ்நாடு வீட்டு வசதி வாரியம்",
          "office":"government"
        }
      },
      "geometry":{
        "type":"Point",
        "coordinates":[
          80.1977548,
          13.0874631
        ]
      }
    },
    {
      "type":"Feature",
      "properties":{
        "osm_type":"way",
        "osm_id":364637177,
        "name":"Sri Chaitanya School",
        "office":"educational_institution",
        "workforce_capacity":null,
        "omr_it_corridor_candidate":false,
        "osm_tags":{
          "building":"yes",
          "name":"Sri Chaitanya School",
          "office":"educational_institution"
        }
      },
      "geometry":{
        "type":"Point",
        "coordinates":[
          80.1933437,
          12.9496539
        ]
      }
    },
    {
      "type":"Feature",
      "properties":{
        "osm_type":"way",
        "osm_id":368451169,
        "name":"Tamilnadu Electricity Board Office",
        "office":"energy_supplier",
        "workforce_capacity":null,
        "omr_it_corridor_candidate":false,
        "osm_tags":{
          "addr:city":"Chennai",
          "addr:postcode":"600040",
          "addr:street":"H Block, 5th Street",
          "building":"yes",
          "name":"Tamilnadu Electricity Board Office",
          "office":"energy_supplier"
        }
      },
      "geometry":{
        "type":"Point",
        "coordinates":[
          80.2055098,
          13.0863215
        ]
      }
    },
    {
      "type":"Feature",
      "properties":{
        "osm_type":"way",
        "osm_id":402839821,
        "name":"Central Electronics Engineering Institute",
        "office":"research",
        "workforce_capacity":null,
        "omr_it_corridor_candidate":false,
        "osm_tags":{
          "building":"yes",
          "name":"Central Electronics Engineering Institute",
          "office":"research"
        }
      },
      "geometry":{
        "type":"Point",
        "coordinates":[
          80.2451186,
          12.9876455
        ]
      }
    },
    {
      "type":"Feature",
      "properties":{
        "osm_type":"way",
        "osm_id":402839823,
        "name":null,
        "office":"research",
        "workforce_capacity":null,
        "omr_it_corridor_candidate":false,
        "osm_tags":{
          "building":"yes",
          "office":"research"
        }
      },
      "geometry":{
        "type":"Point",
        "coordinates":[
          80.2451305,
          12.9870168
        ]
      }
    },
    {
      "type":"Feature",
      "properties":{
        "osm_type":"way",
        "osm_id":402839825,
        "name":null,
        "office":"research",
        "workforce_capacity":null,
        "omr_it_corridor_candidate":false,
        "osm_tags":{
          "building":"yes",
          "office":"research"
        }
      },
      "geometry":{
        "type":"Point",
        "coordinates":[
          80.2456853,
          12.9876571
        ]
      }
    },
    {
      "type":"Feature",
      "properties":{
        "osm_type":"way",
        "osm_id":402839827,
        "name":null,
        "office":"research",
        "workforce_capacity":null,
        "omr_it_corridor_candidate":false,
        "osm_tags":{
          "building":"yes",
          "office":"research"
        }
      },
      "geometry":{
        "type":"Point",
        "coordinates":[
          80.2457062,
          12.9873081
        ]
      }
    },
    {
      "type":"Feature",
      "properties":{
        "osm_type":"way",
        "osm_id":462740005,
        "name":"corporation office Thiruvanmiyur",
        "office":"government",
        "workforce_capacity":null,
        "omr_it_corridor_candidate":false,
        "osm_tags":{
          "building":"yes",
          "name":"corporation office Thiruvanmiyur",
          "office":"government"
        }
      },
      "geometry":{
        "type":"Point",
        "coordinates":[
          80.2575991,
          12.9846279
        ]
      }
    },
    {
      "type":"Feature",
      "properties":{
        "osm_type":"way",
        "osm_id":468136482,
        "name":"Cognizant Technology Solutions",
        "office":"it",
        "workforce_capacity":null,
        "omr_it_corridor_candidate":false,
        "osm_tags":{
          "addr:city":"Chennai City Corporation Limits",
          "addr:postcode":"600119",
          "addr:street":"Elcot SEZ",
          "name":"Cognizant Technology Solutions",
          "office":"it",
          "opening_hours":"09:00-18:00"
        }
      },
      "geometry":{
        "type":"Point",
        "coordinates":[
          80.2187913,
          12.9134678
        ]
      }
    },
    {
      "type":"Feature",
      "properties":{
        "osm_type":"way",
        "osm_id":546657840,
        "name":"Tamil Nadu Bio-Diversity Conservation and Greening Project",
        "office":"government",
        "workforce_capacity":null,
        "omr_it_corridor_candidate":false,
        "osm_tags":{
          "building":"yes",
          "name":"Tamil Nadu Bio-Diversity Conservation and Greening Project",
          "office":"government",
          "website":"http://www.tbgp.org"
        }
      },
      "geometry":{
        "type":"Point",
        "coordinates":[
          80.1772375,
          12.9194979
        ]
      }
    },
    {
      "type":"Feature",
      "properties":{
        "osm_type":"way",
        "osm_id":553706272,
        "name":"St. Thomas Mount Cantonment Board Office",
        "office":"government",
        "workforce_capacity":null,
        "omr_it_corridor_candidate":false,
        "osm_tags":{
          "amenity":"townhall",
          "landuse":"commercial",
          "name":"St. Thomas Mount Cantonment Board Office",
          "office":"government"
        }
      },
      "geometry":{
        "type":"Point",
        "coordinates":[
          80.1967353,
          13.0059528
        ]
      }
    },
    {
      "type":"Feature",
      "properties":{
        "osm_type":"way",
        "osm_id":560984380,
        "name":"Regional Revenue Office - Ambattur",
        "office":"government",
        "workforce_capacity":null,
        "omr_it_corridor_candidate":false,
        "osm_tags":{
          "addr:city":"Chennai",
          "building":"yes",
          "government":"regional",
          "name":"Regional Revenue Office - Ambattur",
          "office":"government"
        }
      },
      "geometry":{
        "type":"Point",
        "coordinates":[
          80.1924645,
          13.087685
        ]
      }
    },
    {
      "type":"Feature",
      "properties":{
        "osm_type":"way",
        "osm_id":653527365,
        "name":"Tamil Nadu Films Division",
        "office":"government",
        "workforce_capacity":null,
        "omr_it_corridor_candidate":false,
        "osm_tags":{
          "building":"yes",
          "name":"Tamil Nadu Films Division",
          "office":"government"
        }
      },
      "geometry":{
        "type":"Point",
        "coordinates":[
          80.2767262,
          13.0669283
        ]
      }
    },
    {
      "type":"Feature",
      "properties":{
        "osm_type":"way",
        "osm_id":670974346,
        "name":"Alandur Taluk Office",
        "office":"government",
        "workforce_capacity":null,
        "omr_it_corridor_candidate":false,
        "osm_tags":{
          "landuse":"commercial",
          "name":"Alandur Taluk Office",
          "office":"government"
        }
      },
      "geometry":{
        "type":"Point",
        "coordinates":[
          80.1953398,
          12.9985063
        ]
      }
    },
    {
      "type":"Feature",
      "properties":{
        "osm_type":"way",
        "osm_id":766595279,
        "name":null,
        "office":"yes",
        "workforce_capacity":null,
        "omr_it_corridor_candidate":false,
        "osm_tags":{
          "building":"yes",
          "office":"yes"
        }
      },
      "geometry":{
        "type":"Point",
        "coordinates":[
          80.2239718,
          12.9074
        ]
      }
    },
    {
      "type":"Feature",
      "properties":{
        "osm_type":"way",
        "osm_id":767761372,
        "name":"Prince Info City I",
        "office":"it",
        "workforce_capacity":null,
        "omr_it_corridor_candidate":false,
        "osm_tags":{
          "addr:city":"Chennai",
          "addr:housenumber":"286/1 & 286/2",
          "addr:postcode":"600096",
          "addr:street":"Old Mahabalipuram Road, Kandanchavadi",
          "building":"yes",
          "fixme":"office in G,1,4,5 = KLA Software India Pvt.,Ltd.,",
          "name":"Prince Info City I",
          "office":"it",
          "opening_hours":"24/7"
        }
      },
      "geometry":{
        "type":"Point",
        "coordinates":[
          80.2480129,
          12.9687342
        ]
      }
    },
    {
      "type":"Feature",
      "properties":{
        "osm_type":"way",
        "osm_id":840520356,
        "name":"LIC Training Office",
        "office":"insurance",
        "workforce_capacity":null,
        "omr_it_corridor_candidate":false,
        "osm_tags":{
          "brand":"Life Insurance Corporation",
          "brand:short":"LIC",
          "brand:wikidata":"Q2767170",
          "building":"yes",
          "name":"LIC Training Office",
          "office":"insurance"
        }
      },
      "geometry":{
        "type":"Point",
        "coordinates":[
          80.160189,
          13.1186863
        ]
      }
    },
    {
      "type":"Feature",
      "properties":{
        "osm_type":"way",
        "osm_id":848374256,
        "name":"Tamil Nadu Electricity Board Office",
        "office":"energy_supplier",
        "workforce_capacity":null,
        "omr_it_corridor_candidate":false,
        "osm_tags":{
          "addr:city":"Chennai",
          "addr:postcode":"600091",
          "addr:street":"Madipakkam",
          "building":"yes",
          "building:levels":"2",
          "name":"Tamil Nadu Electricity Board Office",
          "name:ta":"தமிழ்நாடு மின்சார வாரியம்",
          "office":"energy_supplier",
          "wheelchair":"limited"
        }
      },
      "geometry":{
        "type":"Point",
        "coordinates":[
          80.1987038,
          12.9628621
        ]
      }
    },
    {
      "type":"Feature",
      "properties":{
        "osm_type":"way",
        "osm_id":993020295,
        "name":"J&F India Private Limited, Radiance Towers",
        "office":"company",
        "workforce_capacity":null,
        "omr_it_corridor_candidate":false,
        "osm_tags":{
          "addr:city":"Chennai",
          "addr:housenumber":"3rd Floor, Old No.110, New No.111,",
          "addr:postcode":"600032",
          "addr:street":"33 Feet Road, Anna Salai, Guindy",
          "building":"yes",
          "building:levels":"3",
          "height_ft":"40",
          "name":"J&F India Private Limited, Radiance Towers",
          "office":"company",
          "phone":"+914449004800",
          "smoking":"separated",
          "website":"https://www.jf.ag/en"
        }
      },
      "geometry":{
        "type":"Point",
        "coordinates":[
          80.2204311,
          13.013283
        ]
      }
    },
    {
      "type":"Feature",
      "properties":{
        "osm_type":"way",
        "osm_id":1030842455,
        "name":"Sanitation Inspection Office",
        "office":"government",
        "workforce_capacity":null,
        "omr_it_corridor_candidate":false,
        "osm_tags":{
          "government":"administrative",
          "name":"Sanitation Inspection Office",
          "office":"government"
        }
      },
      "geometry":{
        "type":"Point",
        "coordinates":[
          80.181452,
          12.9770997
        ]
      }
    },
    {
      "type":"Feature",
      "properties":{
        "osm_type":"way",
        "osm_id":1032599146,
        "name":"Government eSeva Center",
        "office":"government",
        "workforce_capacity":null,
        "omr_it_corridor_candidate":false,
        "osm_tags":{
          "government":"public_service",
          "name":"Government eSeva Center",
          "office":"government"
        }
      },
      "geometry":{
        "type":"Point",
        "coordinates":[
          80.1936451,
          12.9722682
        ]
      }
    },
    {
      "type":"Feature",
      "properties":{
        "osm_type":"way",
        "osm_id":1080669050,
        "name":"Sanitation Inspection Office",
        "office":"government",
        "workforce_capacity":null,
        "omr_it_corridor_candidate":false,
        "osm_tags":{
          "government":"administrative",
          "name":"Sanitation Inspection Office",
          "office":"government"
        }
      },
      "geometry":{
        "type":"Point",
        "coordinates":[
          80.1860266,
          12.9783758
        ]
      }
    },
    {
      "type":"Feature",
      "properties":{
        "osm_type":"way",
        "osm_id":1080669051,
        "name":"Chennai Corporation e-Sevai Centre",
        "office":"government",
        "workforce_capacity":null,
        "omr_it_corridor_candidate":false,
        "osm_tags":{
          "government":"public_service",
          "name":"Chennai Corporation e-Sevai Centre",
          "office":"government"
        }
      },
      "geometry":{
        "type":"Point",
        "coordinates":[
          80.1858589,
          12.978466
        ]
      }
    },
    {
      "type":"Feature",
      "properties":{
        "osm_type":"way",
        "osm_id":1089595993,
        "name":"United India Building",
        "office":"insurance",
        "workforce_capacity":null,
        "omr_it_corridor_candidate":false,
        "osm_tags":{
          "brand":"Life Insurance Corporation",
          "brand:wikidata":"Q2767170",
          "building":"yes",
          "building:levels":"6",
          "name":"United India Building",
          "office":"insurance",
          "short_name":"LIC"
        }
      },
      "geometry":{
        "type":"Point",
        "coordinates":[
          80.2845944,
          13.0872006
        ]
      }
    },
    {
      "type":"Feature",
      "properties":{
        "osm_type":"way",
        "osm_id":1090962915,
        "name":"Integrated Commercial Taxes Office Complex, Chennai (North) Division",
        "office":"government",
        "workforce_capacity":null,
        "omr_it_corridor_candidate":false,
        "osm_tags":{
          "building":"yes",
          "building:levels":"5",
          "government":"tax",
          "name":"Integrated Commercial Taxes Office Complex, Chennai (North) Division",
          "office":"government"
        }
      },
      "geometry":{
        "type":"Point",
        "coordinates":[
          80.2745755,
          13.091816
        ]
      }
    },
    {
      "type":"Feature",
      "properties":{
        "osm_type":"way",
        "osm_id":1090989192,
        "name":"Clive House - Archaeological Survey of India",
        "office":"yes",
        "workforce_capacity":null,
        "omr_it_corridor_candidate":false,
        "osm_tags":{
          "building":"yes",
          "building:levels":"4",
          "name":"Clive House - Archaeological Survey of India",
          "office":"yes"
        }
      },
      "geometry":{
        "type":"Point",
        "coordinates":[
          80.2858926,
          13.078794
        ]
      }
    },
    {
      "type":"Feature",
      "properties":{
        "osm_type":"way",
        "osm_id":1095915250,
        "name":"BSNL",
        "office":"telecommunication",
        "workforce_capacity":null,
        "omr_it_corridor_candidate":false,
        "osm_tags":{
          "building":"yes",
          "building:levels":"2",
          "name":"BSNL",
          "office":"telecommunication"
        }
      },
      "geometry":{
        "type":"Point",
        "coordinates":[
          80.240087,
          13.0315963
        ]
      }
    },
    {
      "type":"Feature",
      "properties":{
        "osm_type":"way",
        "osm_id":1103976786,
        "name":"Chennai District Collector's Office",
        "office":"government",
        "workforce_capacity":null,
        "omr_it_corridor_candidate":false,
        "osm_tags":{
          "building":"yes",
          "building:levels":"9",
          "name":"Chennai District Collector's Office",
          "office":"government"
        }
      },
      "geometry":{
        "type":"Point",
        "coordinates":[
          80.292276,
          13.095953
        ]
      }
    },
    {
      "type":"Feature",
      "properties":{
        "osm_type":"way",
        "osm_id":1103977627,
        "name":"Custom House",
        "office":"government",
        "workforce_capacity":null,
        "omr_it_corridor_candidate":false,
        "osm_tags":{
          "building":"yes",
          "building:levels":"7",
          "name":"Custom House",
          "office":"government"
        }
      },
      "geometry":{
        "type":"Point",
        "coordinates":[
          80.2928081,
          13.0969383
        ]
      }
    },
    {
      "type":"Feature",
      "properties":{
        "osm_type":"way",
        "osm_id":1103977629,
        "name":"Directorate of Lighthouses and Lightships",
        "office":"government",
        "workforce_capacity":null,
        "omr_it_corridor_candidate":false,
        "osm_tags":{
          "building":"yes",
          "building:levels":"4",
          "name":"Directorate of Lighthouses and Lightships",
          "office":"government"
        }
      },
      "geometry":{
        "type":"Point",
        "coordinates":[
          80.2923351,
          13.0975003
        ]
      }
    },
    {
      "type":"Feature",
      "properties":{
        "osm_type":"way",
        "osm_id":1105414359,
        "name":"Life Insurance Corporation",
        "office":"insurance",
        "workforce_capacity":null,
        "omr_it_corridor_candidate":false,
        "osm_tags":{
          "brand":"Life Insurance Corporation",
          "brand:wikidata":"Q2767170",
          "building":"yes",
          "building:levels":"2",
          "name":"Life Insurance Corporation",
          "office":"insurance",
          "short_name":"LIC"
        }
      },
      "geometry":{
        "type":"Point",
        "coordinates":[
          80.2793933,
          13.1059605
        ]
      }
    },
    {
      "type":"Feature",
      "properties":{
        "osm_type":"way",
        "osm_id":1105971903,
        "name":"Chennai Metropolitan Water Supply & Sewerage Board",
        "office":"government",
        "workforce_capacity":null,
        "omr_it_corridor_candidate":false,
        "osm_tags":{
          "building":"yes",
          "building:levels":"2",
          "name":"Chennai Metropolitan Water Supply & Sewerage Board",
          "office":"government"
        }
      },
      "geometry":{
        "type":"Point",
        "coordinates":[
          80.2750971,
          13.0933562
        ]
      }
    },
    {
      "type":"Feature",
      "properties":{
        "osm_type":"way",
        "osm_id":1110170916,
        "name":"Life Insurance Corporation",
        "office":"insurance",
        "workforce_capacity":null,
        "omr_it_corridor_candidate":false,
        "osm_tags":{
          "brand":"Life Insurance Corporation",
          "brand:wikidata":"Q2767170",
          "building":"yes",
          "building:levels":"12",
          "name":"Life Insurance Corporation",
          "office":"insurance",
          "short_name":"LIC"
        }
      },
      "geometry":{
        "type":"Point",
        "coordinates":[
          80.2660921,
          13.0641959
        ]
      }
    },
    {
      "type":"Feature",
      "properties":{
        "osm_type":"way",
        "osm_id":1110726047,
        "name":null,
        "office":"company",
        "workforce_capacity":null,
        "omr_it_corridor_candidate":false,
        "osm_tags":{
          "building":"yes",
          "layer":"1",
          "office":"company"
        }
      },
      "geometry":{
        "type":"Point",
        "coordinates":[
          80.2672352,
          13.0362723
        ]
      }
    },
    {
      "type":"Feature",
      "properties":{
        "osm_type":"way",
        "osm_id":1112834745,
        "name":"Consulate General of the Federal Republic of Germany",
        "office":"diplomatic",
        "workforce_capacity":null,
        "omr_it_corridor_candidate":false,
        "osm_tags":{
          "addr:city":"Chennai",
          "addr:housenumber":"No. 9, RA Puram",
          "addr:postcode":"600 028",
          "addr:street":"Boat Club Road",
          "consulate":"consulate_general",
          "country":"DE",
          "diplomatic":"consulate",
          "name":"Consulate General of the Federal Republic of Germany",
          "name:de":"Generalkonsulat der Bundesrepublik Deutschland",
          "office":"diplomatic",
          "official_name":"Consulate General of the Federal Republic of Germany",
          "opening_hours":"Mo-Sa 10:00-05:00",
          "target":"IN",
          "website":"https://india.diplo.de/in-en/vertretungen/generalkonsulat2",
          "wheelchair":"no",
          "wikidata":"Q5164562",
          "wikipedia":"en:Consulate General of Germany, Chennai"
        }
      },
      "geometry":{
        "type":"Point",
        "coordinates":[
          80.2507802,
          13.0250574
        ]
      }
    },
    {
      "type":"Feature",
      "properties":{
        "osm_type":"way",
        "osm_id":1116261441,
        "name":null,
        "office":"energy_supplier",
        "workforce_capacity":null,
        "omr_it_corridor_candidate":false,
        "osm_tags":{
          "building":"yes",
          "building:levels":"2",
          "office":"energy_supplier"
        }
      },
      "geometry":{
        "type":"Point",
        "coordinates":[
          80.2922787,
          13.1061718
        ]
      }
    },
    {
      "type":"Feature",
      "properties":{
        "osm_type":"way",
        "osm_id":1128373253,
        "name":"Tamil Nadu Electricity Board Head Office",
        "office":"government",
        "workforce_capacity":null,
        "omr_it_corridor_candidate":false,
        "osm_tags":{
          "addr:city":"Chennai",
          "addr:housenumber":"825",
          "addr:postcode":"600002",
          "addr:street":"Link Road",
          "building":"yes",
          "building:levels":"11",
          "name":"Tamil Nadu Electricity Board Head Office",
          "office":"government",
          "phone":"09445850829"
        }
      },
      "geometry":{
        "type":"Point",
        "coordinates":[
          80.2645979,
          13.0661548
        ]
      }
    },
    {
      "type":"Feature",
      "properties":{
        "osm_type":"way",
        "osm_id":1130587009,
        "name":"Chennai Metropolitan Water Supply and Sewerage Board",
        "office":"government",
        "workforce_capacity":null,
        "omr_it_corridor_candidate":false,
        "osm_tags":{
          "building":"yes",
          "building:levels":"7",
          "name":"Chennai Metropolitan Water Supply and Sewerage Board",
          "office":"government"
        }
      },
      "geometry":{
        "type":"Point",
        "coordinates":[
          80.2718237,
          13.0727447
        ]
      }
    },
    {
      "type":"Feature",
      "properties":{
        "osm_type":"way",
        "osm_id":1130609525,
        "name":"The Bible Society of India Tamil Nadu Auxillary",
        "office":"religion",
        "workforce_capacity":null,
        "omr_it_corridor_candidate":false,
        "osm_tags":{
          "building":"yes",
          "building:levels":"2",
          "name":"The Bible Society of India Tamil Nadu Auxillary",
          "office":"religion"
        }
      },
      "geometry":{
        "type":"Point",
        "coordinates":[
          80.2782409,
          13.0824878
        ]
      }
    },
    {
      "type":"Feature",
      "properties":{
        "osm_type":"way",
        "osm_id":1130786896,
        "name":"Bharat Sanchar Nigam Limited",
        "office":"telecommunication",
        "workforce_capacity":null,
        "omr_it_corridor_candidate":false,
        "osm_tags":{
          "addr:city":"Chennai",
          "addr:housenumber":"10",
          "addr:postcode":"600002",
          "addr:street":"Dams Road",
          "building":"yes",
          "building:levels":"3",
          "name":"Bharat Sanchar Nigam Limited",
          "name:ta":"பாரத் சஞ்சார் நிகாம் லிமிடெட்",
          "office":"telecommunication"
        }
      },
      "geometry":{
        "type":"Point",
        "coordinates":[
          80.2695264,
          13.0677454
        ]
      }
    },
    {
      "type":"Feature",
      "properties":{
        "osm_type":"way",
        "osm_id":1131693913,
        "name":"Urban Administration Building",
        "office":"government",
        "workforce_capacity":null,
        "omr_it_corridor_candidate":false,
        "osm_tags":{
          "building":"yes",
          "building:levels":"12",
          "name":"Urban Administration Building",
          "office":"government"
        }
      },
      "geometry":{
        "type":"Point",
        "coordinates":[
          80.2734609,
          13.0211665
        ]
      }
    },
    {
      "type":"Feature",
      "properties":{
        "osm_type":"way",
        "osm_id":1132166886,
        "name":"Reserve Bank of India",
        "office":"government",
        "workforce_capacity":null,
        "omr_it_corridor_candidate":false,
        "osm_tags":{
          "building":"yes",
          "building:levels":"5",
          "government":"yes",
          "name":"Reserve Bank of India",
          "office":"government"
        }
      },
      "geometry":{
        "type":"Point",
        "coordinates":[
          80.2885349,
          13.0843519
        ]
      }
    },
    {
      "type":"Feature",
      "properties":{
        "osm_type":"way",
        "osm_id":1134367681,
        "name":"Tamil Nadu Commercial Taxes and Registration Department",
        "office":"government",
        "workforce_capacity":null,
        "omr_it_corridor_candidate":false,
        "osm_tags":{
          "building":"yes",
          "building:levels":"8",
          "name":"Tamil Nadu Commercial Taxes and Registration Department",
          "office":"government"
        }
      },
      "geometry":{
        "type":"Point",
        "coordinates":[
          80.232418,
          13.0238329
        ]
      }
    },
    {
      "type":"Feature",
      "properties":{
        "osm_type":"way",
        "osm_id":1134367682,
        "name":"Tamil Nadu Information Comission",
        "office":"government",
        "workforce_capacity":null,
        "omr_it_corridor_candidate":false,
        "osm_tags":{
          "building":"yes",
          "building:levels":"6",
          "name":"Tamil Nadu Information Comission",
          "office":"government"
        }
      },
      "geometry":{
        "type":"Point",
        "coordinates":[
          80.2318429,
          13.0240421
        ]
      }
    },
    {
      "type":"Feature",
      "properties":{
        "osm_type":"way",
        "osm_id":1134367683,
        "name":"Tamil Nadu Department of Animal Husbandry & Department of Fisheries",
        "office":"government",
        "workforce_capacity":null,
        "omr_it_corridor_candidate":false,
        "osm_tags":{
          "building":"yes",
          "building:levels":"6",
          "name":"Tamil Nadu Department of Animal Husbandry & Department of Fisheries",
          "office":"government"
        }
      },
      "geometry":{
        "type":"Point",
        "coordinates":[
          80.2325816,
          13.0246529
        ]
      }
    },
    {
      "type":"Feature",
      "properties":{
        "osm_type":"way",
        "osm_id":1134367684,
        "name":"Tamil Nadu Finance Department",
        "office":"government",
        "workforce_capacity":null,
        "omr_it_corridor_candidate":false,
        "osm_tags":{
          "building":"yes",
          "name":"Tamil Nadu Finance Department",
          "office":"government"
        }
      },
      "geometry":{
        "type":"Point",
        "coordinates":[
          80.2314205,
          13.0247269
        ]
      }
    },
    {
      "type":"Feature",
      "properties":{
        "osm_type":"way",
        "osm_id":1136362732,
        "name":"Tamil Nadu Forest Department",
        "office":"government",
        "workforce_capacity":null,
        "omr_it_corridor_candidate":false,
        "osm_tags":{
          "building":"yes",
          "building:levels":"5",
          "name":"Tamil Nadu Forest Department",
          "office":"government"
        }
      },
      "geometry":{
        "type":"Point",
        "coordinates":[
          80.2170476,
          12.9986453
        ]
      }
    },
    {
      "type":"Feature",
      "properties":{
        "osm_type":"way",
        "osm_id":1136399861,
        "name":"Tamil Nadu Small Industries Development Corporation",
        "office":"government",
        "workforce_capacity":null,
        "omr_it_corridor_candidate":false,
        "osm_tags":{
          "building":"yes",
          "building:levels":"9",
          "name":"Tamil Nadu Small Industries Development Corporation",
          "office":"government"
        }
      },
      "geometry":{
        "type":"Point",
        "coordinates":[
          80.2101282,
          13.0095852
        ]
      }
    },
    {
      "type":"Feature",
      "properties":{
        "osm_type":"way",
        "osm_id":1136399869,
        "name":"Directorate Of Industrial Safety and Health",
        "office":"government",
        "workforce_capacity":null,
        "omr_it_corridor_candidate":false,
        "osm_tags":{
          "building":"yes",
          "building:levels":"5",
          "name":"Directorate Of Industrial Safety and Health",
          "office":"government"
        }
      },
      "geometry":{
        "type":"Point",
        "coordinates":[
          80.209308,
          13.0133474
        ]
      }
    },
    {
      "type":"Feature",
      "properties":{
        "osm_type":"way",
        "osm_id":1136402720,
        "name":"Office of the Accountant General (A & E) Tamil Nadu",
        "office":"government",
        "workforce_capacity":null,
        "omr_it_corridor_candidate":false,
        "osm_tags":{
          "building":"yes",
          "building:levels":"6",
          "name":"Office of the Accountant General (A & E) Tamil Nadu",
          "office":"government"
        }
      },
      "geometry":{
        "type":"Point",
        "coordinates":[
          80.2487679,
          13.0441322
        ]
      }
    },
    {
      "type":"Feature",
      "properties":{
        "osm_type":"way",
        "osm_id":1136405605,
        "name":"Geological Survey of India",
        "office":"government",
        "workforce_capacity":null,
        "omr_it_corridor_candidate":false,
        "osm_tags":{
          "building":"yes",
          "building:levels":"3",
          "name":"Geological Survey of India",
          "office":"government"
        }
      },
      "geometry":{
        "type":"Point",
        "coordinates":[
          80.2020337,
          13.0112217
        ]
      }
    },
    {
      "type":"Feature",
      "properties":{
        "osm_type":"way",
        "osm_id":1147247479,
        "name":"Commercial Tax Offices",
        "office":"government",
        "workforce_capacity":null,
        "omr_it_corridor_candidate":false,
        "osm_tags":{
          "building":"yes",
          "building:levels":"5",
          "government":"tax",
          "name":"Commercial Tax Offices",
          "name:en":"Commercial Tax Offices",
          "name:ta":"வர்த்தக வரி துறை",
          "office":"government"
        }
      },
      "geometry":{
        "type":"Point",
        "coordinates":[
          80.2543304,
          13.0659947
        ]
      }
    },
    {
      "type":"Feature",
      "properties":{
        "osm_type":"way",
        "osm_id":1159446421,
        "name":"Food Ingredient Specialities Private Limited",
        "office":"company",
        "workforce_capacity":null,
        "omr_it_corridor_candidate":false,
        "osm_tags":{
          "addr:city":"Ayanambakkam, Chennai",
          "addr:housenumber":"No. 90",
          "addr:postcode":"600095",
          "addr:street":"Vanagaram - Ambattur Road",
          "building":"yes",
          "email":"foodin@dataone.in",
          "fax":"+91 04426530452",
          "name":"Food Ingredient Specialities Private Limited",
          "office":"company",
          "phone":"+91 04426531336"
        }
      },
      "geometry":{
        "type":"Point",
        "coordinates":[
          80.1515526,
          13.0668361
        ]
      }
    },
    {
      "type":"Feature",
      "properties":{
        "osm_type":"way",
        "osm_id":1174462600,
        "name":"National Insurance Company",
        "office":"insurance",
        "workforce_capacity":null,
        "omr_it_corridor_candidate":false,
        "osm_tags":{
          "brand":"National Insurance Company",
          "brand:wikidata":"Q6973776",
          "building":"yes",
          "building:levels":"2",
          "name":"National Insurance Company",
          "office":"insurance"
        }
      },
      "geometry":{
        "type":"Point",
        "coordinates":[
          80.2792519,
          13.0936132
        ]
      }
    },
    {
      "type":"Feature",
      "properties":{
        "osm_type":"way",
        "osm_id":1178077232,
        "name":"Narayana Guruviah Chetty's Charities",
        "office":"charity",
        "workforce_capacity":null,
        "omr_it_corridor_candidate":false,
        "osm_tags":{
          "building":"yes",
          "building:levels":"2",
          "name":"Narayana Guruviah Chetty's Charities",
          "office":"charity"
        }
      },
      "geometry":{
        "type":"Point",
        "coordinates":[
          80.2830259,
          13.0941328
        ]
      }
    },
    {
      "type":"Feature",
      "properties":{
        "osm_type":"way",
        "osm_id":1178720051,
        "name":"Y. V Kotiah Charities Building",
        "office":"charity",
        "workforce_capacity":null,
        "omr_it_corridor_candidate":false,
        "osm_tags":{
          "building":"yes",
          "building:levels":"3",
          "name":"Y. V Kotiah Charities Building",
          "office":"charity"
        }
      },
      "geometry":{
        "type":"Point",
        "coordinates":[
          80.2812474,
          13.0937128
        ]
      }
    },
    {
      "type":"Feature",
      "properties":{
        "osm_type":"way",
        "osm_id":1178720052,
        "name":null,
        "office":"charity",
        "workforce_capacity":null,
        "omr_it_corridor_candidate":false,
        "osm_tags":{
          "building":"yes",
          "office":"charity"
        }
      },
      "geometry":{
        "type":"Point",
        "coordinates":[
          80.2810635,
          13.0937058
        ]
      }
    },
    {
      "type":"Feature",
      "properties":{
        "osm_type":"way",
        "osm_id":1202024808,
        "name":"GCC Zone 5 Office",
        "office":"government",
        "workforce_capacity":null,
        "omr_it_corridor_candidate":false,
        "osm_tags":{
          "landuse":"commercial",
          "name":"GCC Zone 5 Office",
          "office":"government"
        }
      },
      "geometry":{
        "type":"Point",
        "coordinates":[
          80.2744627,
          13.104614
        ]
      }
    },
    {
      "type":"Feature",
      "properties":{
        "osm_type":"way",
        "osm_id":1237662351,
        "name":"Amma People's Progressive Federation (AMMK) Party Headquarters",
        "office":"political_party",
        "workforce_capacity":null,
        "omr_it_corridor_candidate":false,
        "osm_tags":{
          "addr:city":"Royapettah, Chennai",
          "addr:district":"Chennai",
          "addr:housenumber":"15",
          "addr:postcode":"600014",
          "addr:street":"Westcott Road",
          "building":"yes",
          "building:levels":"5",
          "name":"Amma People's Progressive Federation (AMMK) Party Headquarters",
          "office":"political_party"
        }
      },
      "geometry":{
        "type":"Point",
        "coordinates":[
          80.2653251,
          13.0572693
        ]
      }
    },
    {
      "type":"Feature",
      "properties":{
        "osm_type":"way",
        "osm_id":1314584112,
        "name":"Greater Chennai Corporation Zone 8 Office",
        "office":"government",
        "workforce_capacity":null,
        "omr_it_corridor_candidate":false,
        "osm_tags":{
          "government":"administrative",
          "landuse":"commercial",
          "name":"Greater Chennai Corporation Zone 8 Office",
          "office":"government"
        }
      },
      "geometry":{
        "type":"Point",
        "coordinates":[
          80.2255416,
          13.0771511
        ]
      }
    },
    {
      "type":"Feature",
      "properties":{
        "osm_type":"way",
        "osm_id":1324942076,
        "name":"Center for Excellence",
        "office":"research",
        "workforce_capacity":null,
        "omr_it_corridor_candidate":false,
        "osm_tags":{
          "addr:city":"Guindy",
          "addr:district":"Chennai",
          "addr:postcode":"600025",
          "addr:street":"center for excellent block",
          "building":"yes",
          "name":"Center for Excellence",
          "office":"research"
        }
      },
      "geometry":{
        "type":"Point",
        "coordinates":[
          80.2332119,
          13.0127657
        ]
      }
    },
    {
      "type":"Feature",
      "properties":{
        "osm_type":"way",
        "osm_id":1350837450,
        "name":"Tamilnadu uniform recruitment board",
        "office":"government",
        "workforce_capacity":null,
        "omr_it_corridor_candidate":false,
        "osm_tags":{
          "building":"yes",
          "government":"administrative",
          "name":"Tamilnadu uniform recruitment board",
          "office":"government",
          "source":"microsoft/BuildingFootprints"
        }
      },
      "geometry":{
        "type":"Point",
        "coordinates":[
          80.2637857,
          13.0738994
        ]
      }
    },
    {
      "type":"Feature",
      "properties":{
        "osm_type":"way",
        "osm_id":1355890359,
        "name":null,
        "office":"educational_institution",
        "workforce_capacity":null,
        "omr_it_corridor_candidate":false,
        "osm_tags":{
          "building":"yes",
          "layer":"1",
          "office":"educational_institution",
          "wikidata":"Q60776625",
          "wikipedia":"en:International Institute of Tamil Studies"
        }
      },
      "geometry":{
        "type":"Point",
        "coordinates":[
          80.2451331,
          12.9985107
        ]
      }
    },
    {
      "type":"Feature",
      "properties":{
        "osm_type":"way",
        "osm_id":1355890360,
        "name":null,
        "office":"research",
        "workforce_capacity":null,
        "omr_it_corridor_candidate":false,
        "osm_tags":{
          "building":"yes",
          "office":"research"
        }
      },
      "geometry":{
        "type":"Point",
        "coordinates":[
          80.2463931,
          12.9966018
        ]
      }
    },
    {
      "type":"Feature",
      "properties":{
        "osm_type":"way",
        "osm_id":1355890361,
        "name":null,
        "office":"research",
        "workforce_capacity":null,
        "omr_it_corridor_candidate":false,
        "osm_tags":{
          "building":"yes",
          "office":"research"
        }
      },
      "geometry":{
        "type":"Point",
        "coordinates":[
          80.2465113,
          12.996606
        ]
      }
    },
    {
      "type":"Feature",
      "properties":{
        "osm_type":"way",
        "osm_id":1419895750,
        "name":"Tamil Nadu Housing Board - Head Office",
        "office":"government",
        "workforce_capacity":null,
        "omr_it_corridor_candidate":false,
        "osm_tags":{
          "building":"office",
          "building:levels":"8",
          "name":"Tamil Nadu Housing Board - Head Office",
          "office":"government"
        }
      },
      "geometry":{
        "type":"Point",
        "coordinates":[
          80.2311015,
          13.0295805
        ]
      }
    },
    {
      "type":"Feature",
      "properties":{
        "osm_type":"way",
        "osm_id":1444480046,
        "name":"Ragula Tech Park",
        "office":"company",
        "workforce_capacity":null,
        "omr_it_corridor_candidate":false,
        "osm_tags":{
          "addr:city":"Tharamani",
          "addr:district":"Chennai",
          "addr:postcode":"600041",
          "addr:street":"OMR Service Road, Phase 1, Vikram Sarabhai Instronics Estate,",
          "building":"yes",
          "name":"Ragula Tech Park",
          "office":"company"
        }
      },
      "geometry":{
        "type":"Point",
        "coordinates":[
          80.2522547,
          12.9824351
        ]
      }
    },
    {
      "type":"Feature",
      "properties":{
        "osm_type":"way",
        "osm_id":1506909974,
        "name":"Taluk Office, Aminjikarai chennai",
        "office":"government",
        "workforce_capacity":null,
        "omr_it_corridor_candidate":false,
        "osm_tags":{
          "building":"yes",
          "government":"administrative",
          "name":"Taluk Office, Aminjikarai chennai",
          "office":"government"
        }
      },
      "geometry":{
        "type":"Point",
        "coordinates":[
          80.2231994,
          13.0777892
        ]
      }
    },
    {
      "type":"Feature",
      "properties":{
        "osm_type":"way",
        "osm_id":1507491435,
        "name":"ICAI Bhawan",
        "office":"government",
        "workforce_capacity":null,
        "omr_it_corridor_candidate":false,
        "osm_tags":{
          "building":"office",
          "description":"Chengalpattu district branch of the Southern India Regional Council (SIRC)",
          "name":"ICAI Bhawan",
          "office":"government"
        }
      },
      "geometry":{
        "type":"Point",
        "coordinates":[
          80.1312272,
          12.9358894
        ]
      }
    },
    {
      "type":"Feature",
      "properties":{
        "osm_type":"way",
        "osm_id":1531132889,
        "name":"TNPDCL Office (O&M Nehru Nagar)",
        "office":"government",
        "workforce_capacity":null,
        "omr_it_corridor_candidate":false,
        "osm_tags":{
          "alt_name":"alt_name = Chitlapakkam EB Office",
          "building":"yes",
          "description":"Electricity bill collection counter",
          "government":"electricity",
          "name":"TNPDCL Office (O&M Nehru Nagar)",
          "office":"government",
          "operator":"Tamil Nadu Power Distribution Corporation Limited (TNPDCL)"
        }
      },
      "geometry":{
        "type":"Point",
        "coordinates":[
          80.137968,
          12.9393174
        ]
      }
    },
    {
      "type":"Feature",
      "properties":{
        "osm_type":"way",
        "osm_id":1531186391,
        "name":"Tambaram Constituency MLA Office",
        "office":"government",
        "workforce_capacity":null,
        "omr_it_corridor_candidate":false,
        "osm_tags":{
          "addr:city":"chennai",
          "addr:district":"Chengalpattu",
          "addr:housename":"Chitlapakkam Panchayat Union Office Campus",
          "addr:postcode":"600064",
          "addr:street":"1st Main Road",
          "addr:suburb":"chitlapakkam",
          "building":"yes",
          "government":"administrative",
          "name":"Tambaram Constituency MLA Office",
          "name:ta":"தாம்பரம் தொகுதி சட்டமன்ற உறுப்பினர் அலுவலகம்",
          "office":"government",
          "opening_hours":"Mo-Fr 09:00-17:00"
        }
      },
      "geometry":{
        "type":"Point",
        "coordinates":[
          80.1377243,
          12.9409668
        ]
      }
    },
    {
      "type":"Feature",
      "properties":{
        "osm_type":"way",
        "osm_id":1533853143,
        "name":"Velammal College Security office",
        "office":"security",
        "workforce_capacity":null,
        "omr_it_corridor_candidate":false,
        "osm_tags":{
          "building":"yes",
          "name":"Velammal College Security office",
          "office":"security"
        }
      },
      "geometry":{
        "type":"Point",
        "coordinates":[
          80.1914993,
          13.1505686
        ]
      }
    },
    {
      "type":"Feature",
      "properties":{
        "osm_type":"way",
        "osm_id":1536001843,
        "name":"MSC Technology Park",
        "office":"it",
        "workforce_capacity":null,
        "omr_it_corridor_candidate":false,
        "osm_tags":{
          "addr:city":"Chennai",
          "addr:postcode":"600058",
          "addr:street":"Ambattur Estate Service Road",
          "building":"yes",
          "name":"MSC Technology Park",
          "office":"it"
        }
      },
      "geometry":{
        "type":"Point",
        "coordinates":[
          80.1608799,
          13.0915891
        ]
      }
    },
    {
      "type":"Feature",
      "properties":{
        "osm_type":"way",
        "osm_id":1537446411,
        "name":"Block Development Office",
        "office":"government",
        "workforce_capacity":null,
        "omr_it_corridor_candidate":false,
        "osm_tags":{
          "building":"yes",
          "description":"Serves as the administrative headquarters for the St. Thomas Mount Panchayat Union",
          "government":"administrative",
          "name":"Block Development Office",
          "name:ta":"ஊராட்சி ஒன்றிய அலுவலகம்",
          "office":"government"
        }
      },
      "geometry":{
        "type":"Point",
        "coordinates":[
          80.1376899,
          12.9408141
        ]
      }
    },
    {
      "type":"Feature",
      "properties":{
        "osm_type":"way",
        "osm_id":1540387223,
        "name":null,
        "office":"government",
        "workforce_capacity":null,
        "omr_it_corridor_candidate":false,
        "osm_tags":{
          "building":"yes",
          "office":"government"
        }
      },
      "geometry":{
        "type":"Point",
        "coordinates":[
          80.125566,
          12.9227985
        ]
      }
    },
    {
      "type":"Feature",
      "properties":{
        "osm_type":"way",
        "osm_id":1544042985,
        "name":"சென்னைக் குடிநீர் வாரியம் குடிநீர் நிரப்பும் நிலையம், ஈஞ்சம்பாக்கம்",
        "office":"water_utility",
        "workforce_capacity":null,
        "omr_it_corridor_candidate":false,
        "osm_tags":{
          "name":"சென்னைக் குடிநீர் வாரியம் குடிநீர் நிரப்பும் நிலையம், ஈஞ்சம்பாக்கம்",
          "name:en":"Chennai Metro Water Injambakkam Filling Point",
          "office":"water_utility"
        }
      },
      "geometry":{
        "type":"Point",
        "coordinates":[
          80.250767,
          12.9263787
        ]
      }
    },
    {
      "type":"Feature",
      "properties":{
        "osm_type":"way",
        "osm_id":1544073581,
        "name":null,
        "office":"government",
        "workforce_capacity":null,
        "omr_it_corridor_candidate":false,
        "osm_tags":{
          "office":"government"
        }
      },
      "geometry":{
        "type":"Point",
        "coordinates":[
          80.2271364,
          12.8992322
        ]
      }
    },
    {
      "type":"Feature",
      "properties":{
        "osm_type":"way",
        "osm_id":1549829129,
        "name":"Regional Transport Office, Ambattur (TN-13)",
        "office":"government",
        "workforce_capacity":null,
        "omr_it_corridor_candidate":false,
        "osm_tags":{
          "addr:street":"Taluk Office Road",
          "building":"yes",
          "government":"transportation",
          "name":"Regional Transport Office, Ambattur (TN-13)",
          "office":"government"
        }
      },
      "geometry":{
        "type":"Point",
        "coordinates":[
          80.1472085,
          13.1138001
        ]
      }
    },
    {
      "type":"Feature",
      "properties":{
        "osm_type":"way",
        "osm_id":1552025173,
        "name":"TVS Srichakra Ltd.",
        "office":"yes",
        "workforce_capacity":null,
        "omr_it_corridor_candidate":false,
        "osm_tags":{
          "landuse":"commercial",
          "name":"TVS Srichakra Ltd.",
          "office":"yes"
        }
      },
      "geometry":{
        "type":"Point",
        "coordinates":[
          80.2521852,
          13.0392368
        ]
      }
    },
    {
      "type":"Feature",
      "properties":{
        "osm_type":"way",
        "osm_id":1558383945,
        "name":"Voora IT Park",
        "office":"it",
        "workforce_capacity":null,
        "omr_it_corridor_candidate":false,
        "osm_tags":{
          "addr:city":"Ambattur",
          "addr:district":"Chennai",
          "addr:postcode":"600058",
          "addr:street":"Ambattur Estate Service Road",
          "building":"commercial",
          "building:levels":"8",
          "name":"Voora IT Park",
          "office":"it"
        }
      },
      "geometry":{
        "type":"Point",
        "coordinates":[
          80.1607051,
          13.0928457
        ]
      }
    }
  ]
}
