{"type":"FeatureCollection","features":[{"type":"Feature","geometry":{"type":"Point","coordinates":[77.6594242,12.8630037]},"properties":{"name":"International Business School","category":"education","agent":"Auto-ingested education facility mapped from OpenStreetMap."}},{"type":"Feature","geometry":{"type":"Point","coordinates":[77.6642727,12.8550625]},"properties":{"name":"Swamy Hospital","category":"hospital","agent":"Auto-ingested hospital facility mapped from OpenStreetMap."}},{"type":"Feature","geometry":{"type":"Point","coordinates":[77.5857517,12.9235041]},"properties":{"name":"Shanti Hospital","category":"hospital","agent":"Auto-ingested hospital facility mapped from OpenStreetMap."}},{"type":"Feature","geometry":{"type":"Point","coordinates":[77.6178775,12.9338273]},"properties":{"name":"Wipro K1 office","category":"corporate","agent":"Auto-ingested corporate facility mapped from OpenStreetMap."}},{"type":"Feature","geometry":{"type":"Point","coordinates":[77.6765455,12.9263714]},"properties":{"name":"Apollo Hospital","category":"hospital","agent":"Auto-ingested hospital facility mapped from OpenStreetMap."}},{"type":"Feature","geometry":{"type":"Point","coordinates":[77.6419101,12.9129006]},"properties":{"name":"Dr Ganesh Medical and Diabetic Clinic","category":"hospital","agent":"Auto-ingested hospital facility mapped from OpenStreetMap."}},{"type":"Feature","geometry":{"type":"Point","coordinates":[77.621342,13.0440258]},"properties":{"name":"Philips Innovation Campus","category":"corporate","agent":"Auto-ingested corporate facility mapped from OpenStreetMap."}},{"type":"Feature","geometry":{"type":"Point","coordinates":[77.5745968,12.9207173]},"properties":{"name":"JBS Hospital","category":"hospital","agent":"Auto-ingested hospital facility mapped from OpenStreetMap."}},{"type":"Feature","geometry":{"type":"Point","coordinates":[77.5385885,13.0393283]},"properties":{"name":"Jala Soudha (Central Water Commission)","category":"civic","agent":"Auto-ingested civic facility mapped from OpenStreetMap."}},{"type":"Feature","geometry":{"type":"Point","coordinates":[77.6409543,13.0371728]},"properties":{"name":"Sri Vijayalakshmi Pragathi Hospital","category":"hospital","agent":"Auto-ingested hospital facility mapped from OpenStreetMap."}},{"type":"Feature","geometry":{"type":"Point","coordinates":[77.6329007,13.0268228]},"properties":{"name":"Florida College of Management and Computer Science","category":"education","agent":"Auto-ingested education facility mapped from OpenStreetMap."}},{"type":"Feature","geometry":{"type":"Point","coordinates":[77.6329391,13.0269256]},"properties":{"name":"Florida College of Education","category":"education","agent":"Auto-ingested education facility mapped from OpenStreetMap."}},{"type":"Feature","geometry":{"type":"Point","coordinates":[77.6330115,13.0271338]},"properties":{"name":"Florence College of Physiotherapy","category":"education","agent":"Auto-ingested education facility mapped from OpenStreetMap."}},{"type":"Feature","geometry":{"type":"Point","coordinates":[77.6364728,13.0185503]},"properties":{"name":"Sathya Hospital","category":"hospital","agent":"Auto-ingested hospital facility mapped from OpenStreetMap."}},{"type":"Feature","geometry":{"type":"Point","coordinates":[77.6624706,12.8500655]},"properties":{"name":"Ramakrishna Hospital","category":"hospital","agent":"Auto-ingested hospital facility mapped from OpenStreetMap."}},{"type":"Feature","geometry":{"type":"Point","coordinates":[77.5404836,12.9981215]},"properties":{"name":"Chord Road Hospital Pvt Ltd","category":"hospital","agent":"Auto-ingested hospital facility mapped from OpenStreetMap."}},{"type":"Feature","geometry":{"type":"Point","coordinates":[77.5436127,12.9978931]},"properties":{"name":"Pristline Hospital","category":"hospital","agent":"Auto-ingested hospital facility mapped from OpenStreetMap."}},{"type":"Feature","geometry":{"type":"Point","coordinates":[77.5802836,12.9376734]},"properties":{"name":"Bengaluru Hospital, Susruta Medical Aid AndResearch Home Limited","category":"hospital","agent":"Auto-ingested hospital facility mapped from OpenStreetMap."}},{"type":"Feature","geometry":{"type":"Point","coordinates":[77.6665076,13.0769358]},"properties":{"name":"Vijaya Vittala Institute of Technology","category":"education","agent":"Auto-ingested education facility mapped from OpenStreetMap."}},{"type":"Feature","geometry":{"type":"Point","coordinates":[77.6654991,13.0763297]},"properties":{"name":"Alpha College of Engineering","category":"education","agent":"Auto-ingested education facility mapped from OpenStreetMap."}},{"type":"Feature","geometry":{"type":"Point","coordinates":[77.5639285,13.0011275]},"properties":{"name":"Manipal Northside Hospital","category":"hospital","agent":"Auto-ingested hospital facility mapped from OpenStreetMap."}},{"type":"Feature","geometry":{"type":"Point","coordinates":[77.5924585,12.9100629]},"properties":{"name":"Divakars speciality Hospital","category":"hospital","agent":"Auto-ingested hospital facility mapped from OpenStreetMap."}},{"type":"Feature","geometry":{"type":"Point","coordinates":[77.5923374,12.9234317]},"properties":{"name":"BMTC Hospital","category":"hospital","agent":"Auto-ingested hospital facility mapped from OpenStreetMap."}},{"type":"Feature","geometry":{"type":"Point","coordinates":[77.583477,12.9364329]},"properties":{"name":"Ramakrishna Nursing Home and Hospital","category":"hospital","agent":"Auto-ingested hospital facility mapped from OpenStreetMap."}},{"type":"Feature","geometry":{"type":"Point","coordinates":[77.576876,13.0322788]},"properties":{"name":"RMV Hospital","category":"hospital","agent":"Auto-ingested hospital facility mapped from OpenStreetMap."}},{"type":"Feature","geometry":{"type":"Point","coordinates":[77.7112689,12.9559302]},"properties":{"name":"Yashomathi Hospitals","category":"hospital","agent":"Auto-ingested hospital facility mapped from OpenStreetMap."}},{"type":"Feature","geometry":{"type":"Point","coordinates":[77.5803846,12.985247]},"properties":{"name":"Mallige Medical Centre","category":"hospital","agent":"Auto-ingested hospital facility mapped from OpenStreetMap."}},{"type":"Feature","geometry":{"type":"Point","coordinates":[77.5866159,12.9279136]},"properties":{"name":"Vijaya Pre-University College","category":"education","agent":"Auto-ingested education facility mapped from OpenStreetMap."}},{"type":"Feature","geometry":{"type":"Point","coordinates":[77.7026457,12.9494661]},"properties":{"name":"Dr. Shyamala Reddy Dental College","category":"education","agent":"Auto-ingested education facility mapped from OpenStreetMap."}},{"type":"Feature","geometry":{"type":"Point","coordinates":[77.6039313,13.0038999]},"properties":{"name":"Devine Hospital","category":"hospital","agent":"Auto-ingested hospital facility mapped from OpenStreetMap."}},{"type":"Feature","geometry":{"type":"Point","coordinates":[77.6202857,13.1246098]},"properties":{"name":"Bridavan College of Engineering","category":"education","agent":"Auto-ingested education facility mapped from OpenStreetMap."}},{"type":"Feature","geometry":{"type":"Point","coordinates":[77.5817424,12.9988604]},"properties":{"name":"Government Maternity Hospital","category":"hospital","agent":"Auto-ingested hospital facility mapped from OpenStreetMap."}},{"type":"Feature","geometry":{"type":"Point","coordinates":[77.6990468,12.9568527]},"properties":{"name":"New Akshay Mallya Hospital","category":"hospital","agent":"Auto-ingested hospital facility mapped from OpenStreetMap."}},{"type":"Feature","geometry":{"type":"Point","coordinates":[77.69923,12.9951629]},"properties":{"name":"Presidency Hospital","category":"hospital","agent":"Auto-ingested hospital facility mapped from OpenStreetMap."}},{"type":"Feature","geometry":{"type":"Point","coordinates":[77.4974982,12.90306]},"properties":{"name":"BGS Gleneagles Hospitals","category":"hospital","agent":"Auto-ingested hospital facility mapped from OpenStreetMap."}},{"type":"Feature","geometry":{"type":"Point","coordinates":[77.630134,12.9001507]},"properties":{"name":"The Oxford Dental College & Hospital","category":"education","agent":"Auto-ingested education facility mapped from OpenStreetMap."}},{"type":"Feature","geometry":{"type":"Point","coordinates":[77.560715,12.8915893]},"properties":{"name":"Metro Hospital","category":"hospital","agent":"Auto-ingested hospital facility mapped from OpenStreetMap."}},{"type":"Feature","geometry":{"type":"Point","coordinates":[77.5741985,12.9551259]},"properties":{"name":"Bangalore Institute of Technology","category":"education","agent":"Auto-ingested education facility mapped from OpenStreetMap."}},{"type":"Feature","geometry":{"type":"Point","coordinates":[77.5741194,12.9564316]},"properties":{"name":"Kempegowda Institute of Medical Sciences","category":"education","agent":"Auto-ingested education facility mapped from OpenStreetMap."}},{"type":"Feature","geometry":{"type":"Point","coordinates":[77.5741524,12.9541058]},"properties":{"name":"VV Puram College of Arts and Commerce","category":"education","agent":"Auto-ingested education facility mapped from OpenStreetMap."}},{"type":"Feature","geometry":{"type":"Point","coordinates":[77.5664343,12.9089389]},"properties":{"name":"Dayanand Sagar College of Engineering","category":"education","agent":"Auto-ingested education facility mapped from OpenStreetMap."}},{"type":"Feature","geometry":{"type":"Point","coordinates":[77.7168891,12.9668213]},"properties":{"name":"Brookefield Hospital(A Unit Of Sanjeevani Hospital)","category":"hospital","agent":"Auto-ingested hospital facility mapped from OpenStreetMap."}},{"type":"Feature","geometry":{"type":"Point","coordinates":[77.5893113,12.9933028]},"properties":{"name":"Aspect Technology Center","category":"corporate","agent":"Auto-ingested corporate facility mapped from OpenStreetMap."}},{"type":"Feature","geometry":{"type":"Point","coordinates":[77.6523255,12.995242]},"properties":{"name":"ESI Hospital","category":"hospital","agent":"Auto-ingested hospital facility mapped from OpenStreetMap."}},{"type":"Feature","geometry":{"type":"Point","coordinates":[77.7073377,12.9111263]},"properties":{"name":"Karunalayam Hospital","category":"hospital","agent":"Auto-ingested hospital facility mapped from OpenStreetMap."}},{"type":"Feature","geometry":{"type":"Point","coordinates":[77.5907094,12.9367955]},"properties":{"name":"SDS Tuberculosis Research Centre and Rajiv Gandhi Institute of Chest diseases","category":"hospital","agent":"Auto-ingested hospital facility mapped from OpenStreetMap."}},{"type":"Feature","geometry":{"type":"Point","coordinates":[77.5854533,12.942614]},"properties":{"name":"Maiya Multispecialty Hospital","category":"hospital","agent":"Auto-ingested hospital facility mapped from OpenStreetMap."}},{"type":"Feature","geometry":{"type":"Point","coordinates":[77.6148681,12.9354122]},"properties":{"name":"Bluestar Infotech Pvt Ltd","category":"corporate","agent":"Auto-ingested corporate facility mapped from OpenStreetMap."}},{"type":"Feature","geometry":{"type":"Point","coordinates":[77.5489026,13.0829889]},"properties":{"name":"Nagappa Hadli Hospital","category":"hospital","agent":"Auto-ingested hospital facility mapped from OpenStreetMap."}},{"type":"Feature","geometry":{"type":"Point","coordinates":[77.5129757,12.9746134]},"properties":{"name":"Vasan Eye Care Hospital, Nagarabhavi","category":"hospital","agent":"Auto-ingested hospital facility mapped from OpenStreetMap."}},{"type":"Feature","geometry":{"type":"Point","coordinates":[77.5153776,12.930936]},"properties":{"name":"Rc Hospital","category":"hospital","agent":"Auto-ingested hospital facility mapped from OpenStreetMap."}},{"type":"Feature","geometry":{"type":"Point","coordinates":[77.5582571,13.0686568]},"properties":{"name":"Ketham's Hospital Pvt. Ltd","category":"hospital","agent":"Auto-ingested hospital facility mapped from OpenStreetMap."}},{"type":"Feature","geometry":{"type":"Point","coordinates":[77.5155377,13.0425433]},"properties":{"name":"Ragavendra Hospital","category":"hospital","agent":"Auto-ingested hospital facility mapped from OpenStreetMap."}},{"type":"Feature","geometry":{"type":"Point","coordinates":[77.5964894,13.0973922]},"properties":{"name":"Deeksha Orthopaedic Hospital","category":"hospital","agent":"Auto-ingested hospital facility mapped from OpenStreetMap."}},{"type":"Feature","geometry":{"type":"Point","coordinates":[77.5980216,13.0997316]},"properties":{"name":"Shushrusha Hospital","category":"hospital","agent":"Auto-ingested hospital facility mapped from OpenStreetMap."}},{"type":"Feature","geometry":{"type":"Point","coordinates":[77.5913594,12.9126298]},"properties":{"name":"Chirag Hospital and Maternity Center","category":"hospital","agent":"Auto-ingested hospital facility mapped from OpenStreetMap."}},{"type":"Feature","geometry":{"type":"Point","coordinates":[77.5634884,12.9323585]},"properties":{"name":"BBMP office","category":"civic","agent":"Auto-ingested civic facility mapped from OpenStreetMap."}},{"type":"Feature","geometry":{"type":"Point","coordinates":[77.5489346,12.9256842]},"properties":{"name":"Udhbhava Hospital","category":"hospital","agent":"Auto-ingested hospital facility mapped from OpenStreetMap."}},{"type":"Feature","geometry":{"type":"Point","coordinates":[77.6616713,12.9659306]},"properties":{"name":"Sacred Heart College","category":"education","agent":"Auto-ingested education facility mapped from OpenStreetMap."}},{"type":"Feature","geometry":{"type":"Point","coordinates":[77.5598673,12.9206648]},"properties":{"name":"DG Hospital","category":"hospital","agent":"Auto-ingested hospital facility mapped from OpenStreetMap."}},{"type":"Feature","geometry":{"type":"Point","coordinates":[77.6328786,12.9015806]},"properties":{"name":"Robert Bosch Engineering and Business Solutions India Pvt Ltd.,","category":"corporate","agent":"Auto-ingested corporate facility mapped from OpenStreetMap."}},{"type":"Feature","geometry":{"type":"Point","coordinates":[77.5861904,13.0990911]},"properties":{"name":"Chaitanya Hospital","category":"hospital","agent":"Auto-ingested hospital facility mapped from OpenStreetMap."}},{"type":"Feature","geometry":{"type":"Point","coordinates":[77.6253403,12.9402371]},"properties":{"name":"Vasan Eye Care Hospital, Koramangala","category":"hospital","agent":"Auto-ingested hospital facility mapped from OpenStreetMap."}},{"type":"Feature","geometry":{"type":"Point","coordinates":[77.6113272,12.995625]},"properties":{"name":"Seventh Day Adventist Hospital","category":"hospital","agent":"Auto-ingested hospital facility mapped from OpenStreetMap."}},{"type":"Feature","geometry":{"type":"Point","coordinates":[77.5469059,13.0079383]},"properties":{"name":"Suprabha Hospital","category":"hospital","agent":"Auto-ingested hospital facility mapped from OpenStreetMap."}},{"type":"Feature","geometry":{"type":"Point","coordinates":[77.5498337,13.0037682]},"properties":{"name":"Diacon Hospital","category":"hospital","agent":"Auto-ingested hospital facility mapped from OpenStreetMap."}},{"type":"Feature","geometry":{"type":"Point","coordinates":[77.6221301,12.9273417]},"properties":{"name":"Agarwal Eye Hospital","category":"hospital","agent":"Auto-ingested hospital facility mapped from OpenStreetMap."}},{"type":"Feature","geometry":{"type":"Point","coordinates":[77.6170828,12.9257842]},"properties":{"name":"Venkateshwara Hospital","category":"hospital","agent":"Auto-ingested hospital facility mapped from OpenStreetMap."}},{"type":"Feature","geometry":{"type":"Point","coordinates":[77.543073,13.0047859]},"properties":{"name":"Namratha Hospital","category":"hospital","agent":"Auto-ingested hospital facility mapped from OpenStreetMap."}},{"type":"Feature","geometry":{"type":"Point","coordinates":[77.6374069,12.9162576]},"properties":{"name":"Devi Eye Hospital","category":"hospital","agent":"Auto-ingested hospital facility mapped from OpenStreetMap."}},{"type":"Feature","geometry":{"type":"Point","coordinates":[77.5397051,13.0275337]},"properties":{"name":"Mysore Hospital","category":"hospital","agent":"Auto-ingested hospital facility mapped from OpenStreetMap."}},{"type":"Feature","geometry":{"type":"Point","coordinates":[77.5675192,12.9458714]},"properties":{"name":"Shekar Hospital","category":"hospital","agent":"Auto-ingested hospital facility mapped from OpenStreetMap."}},{"type":"Feature","geometry":{"type":"Point","coordinates":[77.5359798,13.0011459]},"properties":{"name":"Punya Hospital","category":"hospital","agent":"Auto-ingested hospital facility mapped from OpenStreetMap."}},{"type":"Feature","geometry":{"type":"Point","coordinates":[77.6193573,12.9160081]},"properties":{"name":"Karanth Speciality Hospital","category":"hospital","agent":"Auto-ingested hospital facility mapped from OpenStreetMap."}},{"type":"Feature","geometry":{"type":"Point","coordinates":[77.6138218,12.9162878]},"properties":{"name":"Gangothri Hospital","category":"hospital","agent":"Auto-ingested hospital facility mapped from OpenStreetMap."}},{"type":"Feature","geometry":{"type":"Point","coordinates":[77.61116,12.9239335]},"properties":{"name":"Spurthy Hospital","category":"hospital","agent":"Auto-ingested hospital facility mapped from OpenStreetMap."}},{"type":"Feature","geometry":{"type":"Point","coordinates":[77.6086817,12.9351929]},"properties":{"name":"Prasad Eye Hospital","category":"hospital","agent":"Auto-ingested hospital facility mapped from OpenStreetMap."}},{"type":"Feature","geometry":{"type":"Point","coordinates":[77.5940621,12.9483598]},"properties":{"name":"Manjunath Hospital","category":"hospital","agent":"Auto-ingested hospital facility mapped from OpenStreetMap."}},{"type":"Feature","geometry":{"type":"Point","coordinates":[77.5942592,12.9484356]},"properties":{"name":"Karthik Hospital","category":"hospital","agent":"Auto-ingested hospital facility mapped from OpenStreetMap."}},{"type":"Feature","geometry":{"type":"Point","coordinates":[77.6247622,12.9147871]},"properties":{"name":"Aswad Hospital","category":"hospital","agent":"Auto-ingested hospital facility mapped from OpenStreetMap."}},{"type":"Feature","geometry":{"type":"Point","coordinates":[77.5490879,13.0022409]},"properties":{"name":"Fortis Hospital","category":"hospital","agent":"Auto-ingested hospital facility mapped from OpenStreetMap."}},{"type":"Feature","geometry":{"type":"Point","coordinates":[77.5510696,12.9956506]},"properties":{"name":"Citi Hospital","category":"hospital","agent":"Auto-ingested hospital facility mapped from OpenStreetMap."}},{"type":"Feature","geometry":{"type":"Point","coordinates":[77.5505328,12.9995223]},"properties":{"name":"Vasan Eye Care Hospital, Rajaji Nagar","category":"hospital","agent":"Auto-ingested hospital facility mapped from OpenStreetMap."}},{"type":"Feature","geometry":{"type":"Point","coordinates":[77.55045,12.9998205]},"properties":{"name":"Ananya Hospital","category":"hospital","agent":"Auto-ingested hospital facility mapped from OpenStreetMap."}},{"type":"Feature","geometry":{"type":"Point","coordinates":[77.5479135,12.973967]},"properties":{"name":"Shivakrupa Hospital","category":"hospital","agent":"Auto-ingested hospital facility mapped from OpenStreetMap."}},{"type":"Feature","geometry":{"type":"Point","coordinates":[77.6139585,13.0248621]},"properties":{"name":"Dr. Ambedkar Medical College Hospital","category":"hospital","agent":"Auto-ingested hospital facility mapped from OpenStreetMap."}},{"type":"Feature","geometry":{"type":"Point","coordinates":[77.6611465,12.9948021]},"properties":{"name":"Technologia","category":"corporate","agent":"Auto-ingested corporate facility mapped from OpenStreetMap."}},{"type":"Feature","geometry":{"type":"Point","coordinates":[77.5969354,12.9441664]},"properties":{"name":"Bangalore Institute of Dental Sciences","category":"education","agent":"Auto-ingested education facility mapped from OpenStreetMap."}},{"type":"Feature","geometry":{"type":"Point","coordinates":[77.6287122,12.9287596]},"properties":{"name":"Thoughtworks Technologies (India) Pvt. Ltd.","category":"corporate","agent":"Auto-ingested corporate facility mapped from OpenStreetMap."}},{"type":"Feature","geometry":{"type":"Point","coordinates":[77.5742046,12.9926441]},"properties":{"name":"Sri Maruthi hospital, Sheshadripuram","category":"hospital","agent":"Auto-ingested hospital facility mapped from OpenStreetMap."}},{"type":"Feature","geometry":{"type":"Point","coordinates":[77.5772559,12.9865401]},"properties":{"name":"Yadava College","category":"education","agent":"Auto-ingested education facility mapped from OpenStreetMap."}},{"type":"Feature","geometry":{"type":"Point","coordinates":[77.5183793,12.9017846]},"properties":{"name":"RNS Institute of Technology","category":"education","agent":"Auto-ingested education facility mapped from OpenStreetMap."}},{"type":"Feature","geometry":{"type":"Point","coordinates":[77.6699091,12.9267954]},"properties":{"name":"Sunny Medicals Hospital Clinic","category":"hospital","agent":"Auto-ingested hospital facility mapped from OpenStreetMap."}},{"type":"Feature","geometry":{"type":"Point","coordinates":[77.6653699,13.0148188]},"properties":{"name":"Ayur Seva Hospital","category":"hospital","agent":"Auto-ingested hospital facility mapped from OpenStreetMap."}},{"type":"Feature","geometry":{"type":"Point","coordinates":[77.6218548,12.8990004]},"properties":{"name":"Vinayaka Specialty Hospital","category":"hospital","agent":"Auto-ingested hospital facility mapped from OpenStreetMap."}},{"type":"Feature","geometry":{"type":"Point","coordinates":[77.6760593,13.0207033]},"properties":{"name":"Koshys Hospital","category":"hospital","agent":"Auto-ingested hospital facility mapped from OpenStreetMap."}},{"type":"Feature","geometry":{"type":"Point","coordinates":[77.5265054,12.9593144]},"properties":{"name":"Gurushree Hitech Multispeciality Hospital","category":"hospital","agent":"Auto-ingested hospital facility mapped from OpenStreetMap."}},{"type":"Feature","geometry":{"type":"Point","coordinates":[77.5313495,12.9755854]},"properties":{"name":"Shobha Hospital, Bengaluru Urban","category":"hospital","agent":"Auto-ingested hospital facility mapped from OpenStreetMap."}},{"type":"Feature","geometry":{"type":"Point","coordinates":[77.5426819,12.9744053]},"properties":{"name":"Gayathri Hospital, Bengaluru Urban","category":"hospital","agent":"Auto-ingested hospital facility mapped from OpenStreetMap."}},{"type":"Feature","geometry":{"type":"Point","coordinates":[77.4929837,12.9309944]},"properties":{"name":"MEDSOL Hospital","category":"hospital","agent":"Auto-ingested hospital facility mapped from OpenStreetMap."}},{"type":"Feature","geometry":{"type":"Point","coordinates":[77.5326369,12.9761294]},"properties":{"name":"Bharathy Hospital","category":"hospital","agent":"Auto-ingested hospital facility mapped from OpenStreetMap."}},{"type":"Feature","geometry":{"type":"Point","coordinates":[77.5598033,12.9202791]},"properties":{"name":"Yogananda Medical and Research Centre","category":"hospital","agent":"Auto-ingested hospital facility mapped from OpenStreetMap."}},{"type":"Feature","geometry":{"type":"Point","coordinates":[77.6194004,12.9169487]},"properties":{"name":"Alliance Business School Admin Office","category":"education","agent":"Auto-ingested education facility mapped from OpenStreetMap."}},{"type":"Feature","geometry":{"type":"Point","coordinates":[77.5648754,13.0372438]},"properties":{"name":"Shirdi Sai Hospital","category":"hospital","agent":"Auto-ingested hospital facility mapped from OpenStreetMap."}},{"type":"Feature","geometry":{"type":"Point","coordinates":[77.6348642,13.0834023]},"properties":{"name":"Dhanavantri Hospital","category":"hospital","agent":"Auto-ingested hospital facility mapped from OpenStreetMap."}},{"type":"Feature","geometry":{"type":"Point","coordinates":[77.5841671,12.8807554]},"properties":{"name":"T.R.Hospital","category":"hospital","agent":"Auto-ingested hospital facility mapped from OpenStreetMap."}},{"type":"Feature","geometry":{"type":"Point","coordinates":[77.5818317,12.8849462]},"properties":{"name":"Capitol College of Nursing","category":"education","agent":"Auto-ingested education facility mapped from OpenStreetMap."}},{"type":"Feature","geometry":{"type":"Point","coordinates":[77.5625316,13.0078742]},"properties":{"name":"Cloud Nine Hospital","category":"hospital","agent":"Auto-ingested hospital facility mapped from OpenStreetMap."}},{"type":"Feature","geometry":{"type":"Point","coordinates":[77.5606403,12.9993857]},"properties":{"name":"Nayak Hospital, Gayathri Nagar","category":"hospital","agent":"Auto-ingested hospital facility mapped from OpenStreetMap."}},{"type":"Feature","geometry":{"type":"Point","coordinates":[77.5701276,12.8845448]},"properties":{"name":"Rajnandani Hospital, Bangalore","category":"hospital","agent":"Auto-ingested hospital facility mapped from OpenStreetMap."}},{"type":"Feature","geometry":{"type":"Point","coordinates":[77.5550223,12.915903]},"properties":{"name":"Maharaja Agrasen Hospital, Bengaluru Urban","category":"hospital","agent":"Auto-ingested hospital facility mapped from OpenStreetMap."}},{"type":"Feature","geometry":{"type":"Point","coordinates":[77.5642974,12.9231342]},"properties":{"name":"Banashankari Referral Hospital","category":"hospital","agent":"Auto-ingested hospital facility mapped from OpenStreetMap."}},{"type":"Feature","geometry":{"type":"Point","coordinates":[77.555816,12.9179548]},"properties":{"name":"Bangalore Kidney Foundation - NU Hospital","category":"hospital","agent":"Auto-ingested hospital facility mapped from OpenStreetMap."}},{"type":"Feature","geometry":{"type":"Point","coordinates":[77.511726,12.9613237]},"properties":{"name":"GM Hospital, Nagarabhavi","category":"hospital","agent":"Auto-ingested hospital facility mapped from OpenStreetMap."}},{"type":"Feature","geometry":{"type":"Point","coordinates":[77.5435424,12.9856882]},"properties":{"name":"Shanbhag Hospital","category":"hospital","agent":"Auto-ingested hospital facility mapped from OpenStreetMap."}},{"type":"Feature","geometry":{"type":"Point","coordinates":[77.6580271,13.0124345]},"properties":{"name":"Srivijaya Speciality Hospital","category":"hospital","agent":"Auto-ingested hospital facility mapped from OpenStreetMap."}},{"type":"Feature","geometry":{"type":"Point","coordinates":[77.5411664,13.000431]},"properties":{"name":"Krupa Medical center","category":"hospital","agent":"Auto-ingested hospital facility mapped from OpenStreetMap."}},{"type":"Feature","geometry":{"type":"Point","coordinates":[77.5587548,13.0774744]},"properties":{"name":"Soukya Hospital","category":"hospital","agent":"Auto-ingested hospital facility mapped from OpenStreetMap."}},{"type":"Feature","geometry":{"type":"Point","coordinates":[77.6381379,12.9191813]},"properties":{"name":"Greenview Medical Center","category":"hospital","agent":"Auto-ingested hospital facility mapped from OpenStreetMap."}},{"type":"Feature","geometry":{"type":"Point","coordinates":[77.6308237,12.9064393]},"properties":{"name":"Blossoms Hospital","category":"hospital","agent":"Auto-ingested hospital facility mapped from OpenStreetMap."}},{"type":"Feature","geometry":{"type":"Point","coordinates":[77.6932596,13.0078642]},"properties":{"name":"BBMP KR Puram Sub Division","category":"civic","agent":"Auto-ingested civic facility mapped from OpenStreetMap."}},{"type":"Feature","geometry":{"type":"Point","coordinates":[77.6942547,13.0077336]},"properties":{"name":"Government Registrar Office","category":"civic","agent":"Auto-ingested civic facility mapped from OpenStreetMap."}},{"type":"Feature","geometry":{"type":"Point","coordinates":[77.6426558,13.0155815]},"properties":{"name":"East Point College","category":"education","agent":"Auto-ingested education facility mapped from OpenStreetMap."}},{"type":"Feature","geometry":{"type":"Point","coordinates":[77.5305492,12.9761551]},"properties":{"name":"ASC Degree College","category":"education","agent":"Auto-ingested education facility mapped from OpenStreetMap."}},{"type":"Feature","geometry":{"type":"Point","coordinates":[77.5369482,12.9736894]},"properties":{"name":"Penta Care Ayurvedic Hospital","category":"hospital","agent":"Auto-ingested hospital facility mapped from OpenStreetMap."}},{"type":"Feature","geometry":{"type":"Point","coordinates":[77.537746,12.9900378]},"properties":{"name":"Zee Institute of Creative Arts","category":"education","agent":"Auto-ingested education facility mapped from OpenStreetMap."}},{"type":"Feature","geometry":{"type":"Point","coordinates":[77.6750768,13.0296478]},"properties":{"name":"ProEmTech Infosytems Pvt. Ltd.","category":"corporate","agent":"Auto-ingested corporate facility mapped from OpenStreetMap."}},{"type":"Feature","geometry":{"type":"Point","coordinates":[77.5271683,12.9612829]},"properties":{"name":"Anurag Medical Center","category":"hospital","agent":"Auto-ingested hospital facility mapped from OpenStreetMap."}},{"type":"Feature","geometry":{"type":"Point","coordinates":[77.527289,12.9608934]},"properties":{"name":"Chandra Gymkhana Institute","category":"education","agent":"Auto-ingested education facility mapped from OpenStreetMap."}},{"type":"Feature","geometry":{"type":"Point","coordinates":[77.6132902,13.0007683]},"properties":{"name":"United Medical lab","category":"hospital","agent":"Auto-ingested hospital facility mapped from OpenStreetMap."}},{"type":"Feature","geometry":{"type":"Point","coordinates":[77.5905488,12.954627]},"properties":{"name":"Family & Labour Courts","category":"civic","agent":"Auto-ingested civic facility mapped from OpenStreetMap."}},{"type":"Feature","geometry":{"type":"Point","coordinates":[77.6475451,12.8413465]},"properties":{"name":"Srujana Hospital","category":"hospital","agent":"Auto-ingested hospital facility mapped from OpenStreetMap."}},{"type":"Feature","geometry":{"type":"Point","coordinates":[77.5919684,12.9896209]},"properties":{"name":"Police Superindentant's Office","category":"civic","agent":"Auto-ingested civic facility mapped from OpenStreetMap."}},{"type":"Feature","geometry":{"type":"Point","coordinates":[77.605072,12.9629203]},"properties":{"name":"ASM Technologies","category":"corporate","agent":"Auto-ingested corporate facility mapped from OpenStreetMap."}},{"type":"Feature","geometry":{"type":"Point","coordinates":[77.5342853,12.9623406]},"properties":{"name":"Sharavathi Hospitals (P) Ltd.","category":"hospital","agent":"Auto-ingested hospital facility mapped from OpenStreetMap."}},{"type":"Feature","geometry":{"type":"Point","coordinates":[77.5592568,12.9169288]},"properties":{"name":"Dr.Agarwal's Eye Hospital Ltd, Padmanabha Nagar","category":"hospital","agent":"Auto-ingested hospital facility mapped from OpenStreetMap."}},{"type":"Feature","geometry":{"type":"Point","coordinates":[77.5976171,12.8923066]},"properties":{"name":"Amiti Software Technologies Ltd.","category":"corporate","agent":"Auto-ingested corporate facility mapped from OpenStreetMap."}},{"type":"Feature","geometry":{"type":"Point","coordinates":[77.6860904,12.9321938]},"properties":{"name":"CareerNet Technologies","category":"corporate","agent":"Auto-ingested corporate facility mapped from OpenStreetMap."}},{"type":"Feature","geometry":{"type":"Point","coordinates":[77.5154779,12.931334]},"properties":{"name":"Vasan Eye Care Hospital, Rajarajeswari Nagar","category":"hospital","agent":"Auto-ingested hospital facility mapped from OpenStreetMap."}},{"type":"Feature","geometry":{"type":"Point","coordinates":[77.5655039,12.8841356]},"properties":{"name":"Grow Square Technologies","category":"corporate","agent":"Auto-ingested corporate facility mapped from OpenStreetMap."}},{"type":"Feature","geometry":{"type":"Point","coordinates":[77.5664029,12.8840897]},"properties":{"name":"Konanakunte Government Hospital","category":"hospital","agent":"Auto-ingested hospital facility mapped from OpenStreetMap."}},{"type":"Feature","geometry":{"type":"Point","coordinates":[77.5109371,12.8047243]},"properties":{"name":"Government Hospital","category":"hospital","agent":"Auto-ingested hospital facility mapped from OpenStreetMap."}},{"type":"Feature","geometry":{"type":"Point","coordinates":[77.4618775,12.896052]},"properties":{"name":"Rajarajeshwari Hospital and Medical College","category":"hospital","agent":"Auto-ingested hospital facility mapped from OpenStreetMap."}},{"type":"Feature","geometry":{"type":"Point","coordinates":[77.5762688,12.9221739]},"properties":{"name":"Sunsoft Technologies","category":"corporate","agent":"Auto-ingested corporate facility mapped from OpenStreetMap."}},{"type":"Feature","geometry":{"type":"Point","coordinates":[77.5817854,12.8872703]},"properties":{"name":"Amaravathy PU College","category":"education","agent":"Auto-ingested education facility mapped from OpenStreetMap."}},{"type":"Feature","geometry":{"type":"Point","coordinates":[77.631261,12.9020523]},"properties":{"name":"The Oxford College of Engineering","category":"education","agent":"Auto-ingested education facility mapped from OpenStreetMap."}},{"type":"Feature","geometry":{"type":"Point","coordinates":[77.4963065,12.8990538]},"properties":{"name":"SJB Institute of Technology","category":"education","agent":"Auto-ingested education facility mapped from OpenStreetMap."}},{"type":"Feature","geometry":{"type":"Point","coordinates":[77.5675933,12.921883]},"properties":{"name":"BNM Institute of Technology","category":"education","agent":"Auto-ingested education facility mapped from OpenStreetMap."}},{"type":"Feature","geometry":{"type":"Point","coordinates":[77.587698,12.9658995]},"properties":{"name":"BBMP Commissioner's Office","category":"civic","agent":"Auto-ingested civic facility mapped from OpenStreetMap."}},{"type":"Feature","geometry":{"type":"Point","coordinates":[77.5624757,12.9291956]},"properties":{"name":"Ignis Technology Solutions Pvt Ltd","category":"corporate","agent":"Auto-ingested corporate facility mapped from OpenStreetMap."}},{"type":"Feature","geometry":{"type":"Point","coordinates":[77.6375845,12.9784409]},"properties":{"name":"Motherhood Hospital(Unit Of Rhea Healthcare Pvt Ltd)","category":"hospital","agent":"Auto-ingested hospital facility mapped from OpenStreetMap."}},{"type":"Feature","geometry":{"type":"Point","coordinates":[77.6362278,12.9766951]},"properties":{"name":"Rashmi Hospital","category":"hospital","agent":"Auto-ingested hospital facility mapped from OpenStreetMap."}},{"type":"Feature","geometry":{"type":"Point","coordinates":[77.6444471,12.97594]},"properties":{"name":"BBMP Help Centre","category":"civic","agent":"Auto-ingested civic facility mapped from OpenStreetMap."}},{"type":"Feature","geometry":{"type":"Point","coordinates":[77.6357281,12.9734836]},"properties":{"name":"Netradama Eye Hospital","category":"hospital","agent":"Auto-ingested hospital facility mapped from OpenStreetMap."}},{"type":"Feature","geometry":{"type":"Point","coordinates":[77.6367467,12.977444]},"properties":{"name":"K M J College Of Nursing.","category":"education","agent":"Auto-ingested education facility mapped from OpenStreetMap."}},{"type":"Feature","geometry":{"type":"Point","coordinates":[77.6381006,12.9824741]},"properties":{"name":"Business Excellence Institute","category":"education","agent":"Auto-ingested education facility mapped from OpenStreetMap."}},{"type":"Feature","geometry":{"type":"Point","coordinates":[77.5808492,12.9096963]},"properties":{"name":"The Oxford College of Hotel Management","category":"education","agent":"Auto-ingested education facility mapped from OpenStreetMap."}},{"type":"Feature","geometry":{"type":"Point","coordinates":[77.5808465,12.9098009]},"properties":{"name":"The Oxford Pre-University College","category":"education","agent":"Auto-ingested education facility mapped from OpenStreetMap."}},{"type":"Feature","geometry":{"type":"Point","coordinates":[77.6025303,12.9425246]},"properties":{"name":"Sree Venkateshwara Speciality Hospital","category":"hospital","agent":"Auto-ingested hospital facility mapped from OpenStreetMap."}},{"type":"Feature","geometry":{"type":"Point","coordinates":[77.5694894,13.0002667]},"properties":{"name":"Leela Hospital and Diagnostic Center","category":"hospital","agent":"Auto-ingested hospital facility mapped from OpenStreetMap."}},{"type":"Feature","geometry":{"type":"Point","coordinates":[77.5841146,12.9404988]},"properties":{"name":"BBMP Ward Office","category":"civic","agent":"Auto-ingested civic facility mapped from OpenStreetMap."}},{"type":"Feature","geometry":{"type":"Point","coordinates":[77.5546759,12.9895463]},"properties":{"name":"Conet Technologies","category":"corporate","agent":"Auto-ingested corporate facility mapped from OpenStreetMap."}},{"type":"Feature","geometry":{"type":"Point","coordinates":[77.7215829,12.9818541]},"properties":{"name":"Microchip Technology India Pvt Ltd","category":"corporate","agent":"Auto-ingested corporate facility mapped from OpenStreetMap."}},{"type":"Feature","geometry":{"type":"Point","coordinates":[77.6737518,12.9241818]},"properties":{"name":"Nelivigi Eye Hospital","category":"hospital","agent":"Auto-ingested hospital facility mapped from OpenStreetMap."}},{"type":"Feature","geometry":{"type":"Point","coordinates":[77.7165083,12.958131]},"properties":{"name":"Intel Technology India Pvt Ltd","category":"corporate","agent":"Auto-ingested corporate facility mapped from OpenStreetMap."}},{"type":"Feature","geometry":{"type":"Point","coordinates":[77.6799457,12.923843]},"properties":{"name":"Accenture","category":"corporate","agent":"Auto-ingested corporate facility mapped from OpenStreetMap."}},{"type":"Feature","geometry":{"type":"Point","coordinates":[77.6993732,12.9512091]},"properties":{"name":"VAS technologies","category":"corporate","agent":"Auto-ingested corporate facility mapped from OpenStreetMap."}},{"type":"Feature","geometry":{"type":"Point","coordinates":[77.6994832,12.9517397]},"properties":{"name":"Sanghi Medical Centre (P) Ltd","category":"hospital","agent":"Auto-ingested hospital facility mapped from OpenStreetMap."}},{"type":"Feature","geometry":{"type":"Point","coordinates":[77.6798083,12.9265276]},"properties":{"name":"Robert Bosch Engineering and Business Solutions Limited","category":"corporate","agent":"Auto-ingested corporate facility mapped from OpenStreetMap."}},{"type":"Feature","geometry":{"type":"Point","coordinates":[77.5593857,13.0294181]},"properties":{"name":"Sri Sai Krupa Hospital, Bengaluru Urban","category":"hospital","agent":"Auto-ingested hospital facility mapped from OpenStreetMap."}},{"type":"Feature","geometry":{"type":"Point","coordinates":[77.6381036,12.9826672]},"properties":{"name":"ALDOS Medical Service Pvt LTD","category":"hospital","agent":"Auto-ingested hospital facility mapped from OpenStreetMap."}},{"type":"Feature","geometry":{"type":"Point","coordinates":[77.602422,12.8893134]},"properties":{"name":"Rajashree Granthim hospital","category":"hospital","agent":"Auto-ingested hospital facility mapped from OpenStreetMap."}},{"type":"Feature","geometry":{"type":"Point","coordinates":[77.6553058,12.8504718]},"properties":{"name":"Sri Laxmi Hospital","category":"hospital","agent":"Auto-ingested hospital facility mapped from OpenStreetMap."}},{"type":"Feature","geometry":{"type":"Point","coordinates":[77.6354707,12.9801983]},"properties":{"name":"Sentient Infotech","category":"corporate","agent":"Auto-ingested corporate facility mapped from OpenStreetMap."}},{"type":"Feature","geometry":{"type":"Point","coordinates":[77.6804903,12.9238005]},"properties":{"name":"Cisco Video Technology India Pvt. Ltd.","category":"corporate","agent":"Auto-ingested corporate facility mapped from OpenStreetMap."}},{"type":"Feature","geometry":{"type":"Point","coordinates":[77.6143926,12.9175685]},"properties":{"name":"Iqra International School, Bangalore","category":"education","agent":"Auto-ingested education facility mapped from OpenStreetMap."}},{"type":"Feature","geometry":{"type":"Point","coordinates":[77.608563,12.9195986]},"properties":{"name":"Wisdom International School","category":"education","agent":"Auto-ingested education facility mapped from OpenStreetMap."}},{"type":"Feature","geometry":{"type":"Point","coordinates":[77.5988107,12.9900105]},"properties":{"name":"Shifa Hospital, Bengaluru Urban","category":"hospital","agent":"Auto-ingested hospital facility mapped from OpenStreetMap."}},{"type":"Feature","geometry":{"type":"Point","coordinates":[77.6022732,12.9758075]},"properties":{"name":"Techshire Technologies Ltd","category":"corporate","agent":"Auto-ingested corporate facility mapped from OpenStreetMap."}},{"type":"Feature","geometry":{"type":"Point","coordinates":[77.5930493,12.9603157]},"properties":{"name":"HCG Cancer Hospital","category":"hospital","agent":"Auto-ingested hospital facility mapped from OpenStreetMap."}},{"type":"Feature","geometry":{"type":"Point","coordinates":[77.6860904,12.9321109]},"properties":{"name":"MDB Technologies Pvt Ltd","category":"corporate","agent":"Auto-ingested corporate facility mapped from OpenStreetMap."}},{"type":"Feature","geometry":{"type":"Point","coordinates":[77.6168555,12.9703255]},"properties":{"name":"Last Mile Consultants Technology Solutions Pvt Ltd","category":"corporate","agent":"Auto-ingested corporate facility mapped from OpenStreetMap."}},{"type":"Feature","geometry":{"type":"Point","coordinates":[77.6481266,12.9590619]},"properties":{"name":"CA Technologies Pvt Ltd","category":"corporate","agent":"Auto-ingested corporate facility mapped from OpenStreetMap."}},{"type":"Feature","geometry":{"type":"Point","coordinates":[77.6526428,12.9592995]},"properties":{"name":"Smartplay Technologies","category":"corporate","agent":"Auto-ingested corporate facility mapped from OpenStreetMap."}},{"type":"Feature","geometry":{"type":"Point","coordinates":[77.6090319,12.9740397]},"properties":{"name":"Consilient Technologies Pvt Ltd.","category":"corporate","agent":"Auto-ingested corporate facility mapped from OpenStreetMap."}},{"type":"Feature","geometry":{"type":"Point","coordinates":[77.6092447,12.973822]},"properties":{"name":"Alldigi Tech Limited","category":"corporate","agent":"Auto-ingested corporate facility mapped from OpenStreetMap."}},{"type":"Feature","geometry":{"type":"Point","coordinates":[77.6154753,12.9730408]},"properties":{"name":"Ilantus Technologies Pvt Ltd","category":"corporate","agent":"Auto-ingested corporate facility mapped from OpenStreetMap."}},{"type":"Feature","geometry":{"type":"Point","coordinates":[77.6154726,12.9728448]},"properties":{"name":"HCL Infosystems Ltd","category":"corporate","agent":"Auto-ingested corporate facility mapped from OpenStreetMap."}},{"type":"Feature","geometry":{"type":"Point","coordinates":[77.6147307,12.9744246]},"properties":{"name":"Razorfish Technologies India","category":"corporate","agent":"Auto-ingested corporate facility mapped from OpenStreetMap."}},{"type":"Feature","geometry":{"type":"Point","coordinates":[77.6147592,12.974423]},"properties":{"name":"Neev Information Technologies Pvt. Ltd","category":"corporate","agent":"Auto-ingested corporate facility mapped from OpenStreetMap."}},{"type":"Feature","geometry":{"type":"Point","coordinates":[77.6147338,12.9743428]},"properties":{"name":"EDS Technologies Pvt Ltd","category":"corporate","agent":"Auto-ingested corporate facility mapped from OpenStreetMap."}},{"type":"Feature","geometry":{"type":"Point","coordinates":[77.6473633,12.9702171]},"properties":{"name":"LDRA Technologies Pvt Ltd","category":"corporate","agent":"Auto-ingested corporate facility mapped from OpenStreetMap."}},{"type":"Feature","geometry":{"type":"Point","coordinates":[77.6445989,12.9701273]},"properties":{"name":"Mobiveil Technologies India Pvt Ltd","category":"corporate","agent":"Auto-ingested corporate facility mapped from OpenStreetMap."}},{"type":"Feature","geometry":{"type":"Point","coordinates":[77.5393225,12.993765]},"properties":{"name":"S Cadambi Pre University College","category":"education","agent":"Auto-ingested education facility mapped from OpenStreetMap."}},{"type":"Feature","geometry":{"type":"Point","coordinates":[77.5500287,12.9640883]},"properties":{"name":"Vidhanaba Kacheri","category":"civic","agent":"Auto-ingested civic facility mapped from OpenStreetMap."}},{"type":"Feature","geometry":{"type":"Point","coordinates":[77.6634021,12.81114]},"properties":{"name":"Atotech, India","category":"corporate","agent":"Auto-ingested corporate facility mapped from OpenStreetMap."}},{"type":"Feature","geometry":{"type":"Point","coordinates":[77.6287463,12.9066637]},"properties":{"name":"Prashanth Hospital","category":"hospital","agent":"Auto-ingested hospital facility mapped from OpenStreetMap."}},{"type":"Feature","geometry":{"type":"Point","coordinates":[77.6335463,13.0147612]},"properties":{"name":"Dianova Diabetes Center and Hospital","category":"hospital","agent":"Auto-ingested hospital facility mapped from OpenStreetMap."}},{"type":"Feature","geometry":{"type":"Point","coordinates":[77.6323407,12.9777082]},"properties":{"name":"Ameena Medical centre","category":"hospital","agent":"Auto-ingested hospital facility mapped from OpenStreetMap."}},{"type":"Feature","geometry":{"type":"Point","coordinates":[77.6514305,12.9234418]},"properties":{"name":"Vmoksha Technologies","category":"corporate","agent":"Auto-ingested corporate facility mapped from OpenStreetMap."}},{"type":"Feature","geometry":{"type":"Point","coordinates":[77.6036377,12.9655881]},"properties":{"name":"Presidency University","category":"education","agent":"Auto-ingested education facility mapped from OpenStreetMap."}},{"type":"Feature","geometry":{"type":"Point","coordinates":[77.6020474,12.9818655]},"properties":{"name":"Navya Technologies Pvt Ltd","category":"corporate","agent":"Auto-ingested corporate facility mapped from OpenStreetMap."}},{"type":"Feature","geometry":{"type":"Point","coordinates":[77.6020356,12.9819144]},"properties":{"name":"Schoolcity Learning India Pvt Ltd","category":"corporate","agent":"Auto-ingested corporate facility mapped from OpenStreetMap."}},{"type":"Feature","geometry":{"type":"Point","coordinates":[77.6516057,12.9159814]},"properties":{"name":"Foradian Technologies","category":"corporate","agent":"Auto-ingested corporate facility mapped from OpenStreetMap."}},{"type":"Feature","geometry":{"type":"Point","coordinates":[77.6422083,12.9704409]},"properties":{"name":"Fraser Techno Circuits Limited","category":"corporate","agent":"Auto-ingested corporate facility mapped from OpenStreetMap."}},{"type":"Feature","geometry":{"type":"Point","coordinates":[77.6362439,12.9700356]},"properties":{"name":"Dr.Agarwal Eye & Dental Hospital","category":"hospital","agent":"Auto-ingested hospital facility mapped from OpenStreetMap."}},{"type":"Feature","geometry":{"type":"Point","coordinates":[77.5460481,12.9850421]},"properties":{"name":"Dr Raos Maternity Hospital","category":"hospital","agent":"Auto-ingested hospital facility mapped from OpenStreetMap."}},{"type":"Feature","geometry":{"type":"Point","coordinates":[77.5748248,12.9485535]},"properties":{"name":"Sagar Chandramma Hospitals","category":"hospital","agent":"Auto-ingested hospital facility mapped from OpenStreetMap."}},{"type":"Feature","geometry":{"type":"Point","coordinates":[77.6432959,13.0169826]},"properties":{"name":"Trilife Hospital","category":"hospital","agent":"Auto-ingested hospital facility mapped from OpenStreetMap."}},{"type":"Feature","geometry":{"type":"Point","coordinates":[77.6021343,12.974863]},"properties":{"name":"Stracey Memorial Composite PU College","category":"education","agent":"Auto-ingested education facility mapped from OpenStreetMap."}},{"type":"Feature","geometry":{"type":"Point","coordinates":[77.5994903,12.8605475]},"properties":{"name":"BBMP tax office","category":"civic","agent":"Auto-ingested civic facility mapped from OpenStreetMap."}},{"type":"Feature","geometry":{"type":"Point","coordinates":[77.6764094,12.911533]},"properties":{"name":"Stanford Speciality Hospital","category":"hospital","agent":"Auto-ingested hospital facility mapped from OpenStreetMap."}},{"type":"Feature","geometry":{"type":"Point","coordinates":[77.6130111,12.9194712]},"properties":{"name":"Life Care Hospital","category":"hospital","agent":"Auto-ingested hospital facility mapped from OpenStreetMap."}},{"type":"Feature","geometry":{"type":"Point","coordinates":[77.6311505,12.9161259]},"properties":{"name":"Bhagavathi Hospitals Private Limited","category":"hospital","agent":"Auto-ingested hospital facility mapped from OpenStreetMap."}},{"type":"Feature","geometry":{"type":"Point","coordinates":[77.6278708,12.9250105]},"properties":{"name":"Gunasheela Hospitals","category":"hospital","agent":"Auto-ingested hospital facility mapped from OpenStreetMap."}},{"type":"Feature","geometry":{"type":"Point","coordinates":[77.5624888,12.9151071]},"properties":{"name":"NRS Medical & Dental Specialists Centre","category":"hospital","agent":"Auto-ingested hospital facility mapped from OpenStreetMap."}},{"type":"Feature","geometry":{"type":"Point","coordinates":[77.681936,12.9211137]},"properties":{"name":"Accenture BDC7","category":"corporate","agent":"Auto-ingested corporate facility mapped from OpenStreetMap."}},{"type":"Feature","geometry":{"type":"Point","coordinates":[77.6817966,12.920502]},"properties":{"name":"Cargill Business Services","category":"corporate","agent":"Auto-ingested corporate facility mapped from OpenStreetMap."}},{"type":"Feature","geometry":{"type":"Point","coordinates":[77.6819331,12.9234754]},"properties":{"name":"Impetus Infotech India Pvt Ltd","category":"corporate","agent":"Auto-ingested corporate facility mapped from OpenStreetMap."}},{"type":"Feature","geometry":{"type":"Point","coordinates":[77.6049776,12.9060641]},"properties":{"name":"Anurag Medical Centre","category":"hospital","agent":"Auto-ingested hospital facility mapped from OpenStreetMap."}},{"type":"Feature","geometry":{"type":"Point","coordinates":[77.5619057,12.9390944]},"properties":{"name":"Sarvodaya Hospital","category":"hospital","agent":"Auto-ingested hospital facility mapped from OpenStreetMap."}},{"type":"Feature","geometry":{"type":"Point","coordinates":[77.6347174,13.0830463]},"properties":{"name":"Regal Hospital","category":"hospital","agent":"Auto-ingested hospital facility mapped from OpenStreetMap."}},{"type":"Feature","geometry":{"type":"Point","coordinates":[77.6866008,12.9255755]},"properties":{"name":"Zieta Technologies","category":"corporate","agent":"Auto-ingested corporate facility mapped from OpenStreetMap."}},{"type":"Feature","geometry":{"type":"Point","coordinates":[77.5738144,12.9951627]},"properties":{"name":"Dr Solankis Eye Hospital","category":"hospital","agent":"Auto-ingested hospital facility mapped from OpenStreetMap."}},{"type":"Feature","geometry":{"type":"Point","coordinates":[77.6470594,12.975403]},"properties":{"name":"Dr. Bhargavi Reddy Women & Children Hospital","category":"hospital","agent":"Auto-ingested hospital facility mapped from OpenStreetMap."}},{"type":"Feature","geometry":{"type":"Point","coordinates":[77.6460904,12.973892]},"properties":{"name":"Axon Speciality Hospital","category":"hospital","agent":"Auto-ingested hospital facility mapped from OpenStreetMap."}},{"type":"Feature","geometry":{"type":"Point","coordinates":[77.6512682,13.0203944]},"properties":{"name":"Procare Hospital","category":"hospital","agent":"Auto-ingested hospital facility mapped from OpenStreetMap."}},{"type":"Feature","geometry":{"type":"Point","coordinates":[77.6939806,13.0087504]},"properties":{"name":"Sriram Hospital, Bangalore","category":"hospital","agent":"Auto-ingested hospital facility mapped from OpenStreetMap."}},{"type":"Feature","geometry":{"type":"Point","coordinates":[77.6935975,13.0110115]},"properties":{"name":"K R Puram Super Speciality Hospital","category":"hospital","agent":"Auto-ingested hospital facility mapped from OpenStreetMap."}},{"type":"Feature","geometry":{"type":"Point","coordinates":[77.6853394,12.9296474]},"properties":{"name":"Perdix Business Solutions","category":"corporate","agent":"Auto-ingested corporate facility mapped from OpenStreetMap."}},{"type":"Feature","geometry":{"type":"Point","coordinates":[77.6854485,12.9295908]},"properties":{"name":"Bizframe Technologies Pvt Ltd","category":"corporate","agent":"Auto-ingested corporate facility mapped from OpenStreetMap."}},{"type":"Feature","geometry":{"type":"Point","coordinates":[77.6914263,12.9318415]},"properties":{"name":"Seagate Technology","category":"corporate","agent":"Auto-ingested corporate facility mapped from OpenStreetMap."}},{"type":"Feature","geometry":{"type":"Point","coordinates":[77.6093097,12.9876871]},"properties":{"name":"Medic Star Hospital","category":"hospital","agent":"Auto-ingested hospital facility mapped from OpenStreetMap."}},{"type":"Feature","geometry":{"type":"Point","coordinates":[77.6058578,12.9856985]},"properties":{"name":"Hsis Gosha Hospital","category":"hospital","agent":"Auto-ingested hospital facility mapped from OpenStreetMap."}},{"type":"Feature","geometry":{"type":"Point","coordinates":[77.6082575,12.9959413]},"properties":{"name":"Santosh Hospital","category":"hospital","agent":"Auto-ingested hospital facility mapped from OpenStreetMap."}},{"type":"Feature","geometry":{"type":"Point","coordinates":[77.6117329,12.9914123]},"properties":{"name":"Hospital","category":"hospital","agent":"Auto-ingested hospital facility mapped from OpenStreetMap."}},{"type":"Feature","geometry":{"type":"Point","coordinates":[77.6428508,12.9552696]},"properties":{"name":"Ayurvaid Hospital","category":"hospital","agent":"Auto-ingested hospital facility mapped from OpenStreetMap."}},{"type":"Feature","geometry":{"type":"Point","coordinates":[77.6037864,12.9891941]},"properties":{"name":"H B S Hospital","category":"hospital","agent":"Auto-ingested hospital facility mapped from OpenStreetMap."}},{"type":"Feature","geometry":{"type":"Point","coordinates":[77.6798965,12.9230175]},"properties":{"name":"Altisource Business Solutions Pvt Ltd","category":"corporate","agent":"Auto-ingested corporate facility mapped from OpenStreetMap."}},{"type":"Feature","geometry":{"type":"Point","coordinates":[77.6803257,12.9249037]},"properties":{"name":"Intuit technology services","category":"corporate","agent":"Auto-ingested corporate facility mapped from OpenStreetMap."}},{"type":"Feature","geometry":{"type":"Point","coordinates":[77.6361865,12.9165359]},"properties":{"name":"Healing Earth Multispeciality Ayurveda Hospital","category":"hospital","agent":"Auto-ingested hospital facility mapped from OpenStreetMap."}},{"type":"Feature","geometry":{"type":"Point","coordinates":[77.6362187,12.9165795]},"properties":{"name":"Global Ayurveda Multispeciality Hospital","category":"hospital","agent":"Auto-ingested hospital facility mapped from OpenStreetMap."}},{"type":"Feature","geometry":{"type":"Point","coordinates":[77.6039486,12.9175511]},"properties":{"name":"Vedam Ayurveda Multispeciality Hospital","category":"hospital","agent":"Auto-ingested hospital facility mapped from OpenStreetMap."}},{"type":"Feature","geometry":{"type":"Point","coordinates":[77.6440607,13.0204424]},"properties":{"name":"Herbocare Hospital Pvt","category":"hospital","agent":"Auto-ingested hospital facility mapped from OpenStreetMap."}},{"type":"Feature","geometry":{"type":"Point","coordinates":[77.5573329,12.9378359]},"properties":{"name":"\" NRS Medical & Dental Specialists Centre\"","category":"hospital","agent":"Auto-ingested hospital facility mapped from OpenStreetMap."}},{"type":"Feature","geometry":{"type":"Point","coordinates":[77.5518394,12.9386994]},"properties":{"name":"Chiranjeevi Hospital & Maternity Home","category":"hospital","agent":"Auto-ingested hospital facility mapped from OpenStreetMap."}},{"type":"Feature","geometry":{"type":"Point","coordinates":[77.5494778,12.9373748]},"properties":{"name":"Vinayaka Hospital, Hanumantha Nagar","category":"hospital","agent":"Auto-ingested hospital facility mapped from OpenStreetMap."}},{"type":"Feature","geometry":{"type":"Point","coordinates":[77.5477956,12.9354293]},"properties":{"name":"Diavista Diabetes & Multispeciality Hospital","category":"hospital","agent":"Auto-ingested hospital facility mapped from OpenStreetMap."}},{"type":"Feature","geometry":{"type":"Point","coordinates":[77.553698,12.9420715]},"properties":{"name":"Meenakshi Hospital","category":"hospital","agent":"Auto-ingested hospital facility mapped from OpenStreetMap."}},{"type":"Feature","geometry":{"type":"Point","coordinates":[77.5603657,12.9408667]},"properties":{"name":"Medi-Tech Multi Speciality Hospital","category":"hospital","agent":"Auto-ingested hospital facility mapped from OpenStreetMap."}},{"type":"Feature","geometry":{"type":"Point","coordinates":[77.5506918,12.9420124]},"properties":{"name":"Kusuma Hospital","category":"hospital","agent":"Auto-ingested hospital facility mapped from OpenStreetMap."}},{"type":"Feature","geometry":{"type":"Point","coordinates":[77.5516293,12.9274553]},"properties":{"name":"Ring Road Hospital","category":"hospital","agent":"Auto-ingested hospital facility mapped from OpenStreetMap."}},{"type":"Feature","geometry":{"type":"Point","coordinates":[77.5438808,12.9389007]},"properties":{"name":"Pulse Multispecialty Hospital","category":"hospital","agent":"Auto-ingested hospital facility mapped from OpenStreetMap."}},{"type":"Feature","geometry":{"type":"Point","coordinates":[77.5450887,12.9316792]},"properties":{"name":"Surya Galaxy Hospital","category":"hospital","agent":"Auto-ingested hospital facility mapped from OpenStreetMap."}},{"type":"Feature","geometry":{"type":"Point","coordinates":[77.7591252,12.9967611]},"properties":{"name":"New Life Hospital bangalore","category":"hospital","agent":"Auto-ingested hospital facility mapped from OpenStreetMap."}},{"type":"Feature","geometry":{"type":"Point","coordinates":[77.5403887,12.9984229]},"properties":{"name":"Pristine Hospital","category":"hospital","agent":"Auto-ingested hospital facility mapped from OpenStreetMap."}},{"type":"Feature","geometry":{"type":"Point","coordinates":[77.5276466,12.9575029]},"properties":{"name":"Sri Vinayaka Hospital","category":"hospital","agent":"Auto-ingested hospital facility mapped from OpenStreetMap."}},{"type":"Feature","geometry":{"type":"Point","coordinates":[77.5275515,12.9594984]},"properties":{"name":"Hospital Sharavathi","category":"hospital","agent":"Auto-ingested hospital facility mapped from OpenStreetMap."}},{"type":"Feature","geometry":{"type":"Point","coordinates":[77.5403581,12.9787049]},"properties":{"name":"V Care Medical Systems P Ltd","category":"hospital","agent":"Auto-ingested hospital facility mapped from OpenStreetMap."}},{"type":"Feature","geometry":{"type":"Point","coordinates":[77.5246297,12.968821]},"properties":{"name":"Manasa Hospital","category":"hospital","agent":"Auto-ingested hospital facility mapped from OpenStreetMap."}},{"type":"Feature","geometry":{"type":"Point","coordinates":[77.5351921,12.9691657]},"properties":{"name":"Saikrupa Hospital For Women's and Surgical Centre","category":"hospital","agent":"Auto-ingested hospital facility mapped from OpenStreetMap."}},{"type":"Feature","geometry":{"type":"Point","coordinates":[77.6205504,12.9353208]},"properties":{"name":"Acura Speciality Hospital","category":"hospital","agent":"Auto-ingested hospital facility mapped from OpenStreetMap."}},{"type":"Feature","geometry":{"type":"Point","coordinates":[77.5372864,12.9717905]},"properties":{"name":"Vijayanagar Global Hospital","category":"hospital","agent":"Auto-ingested hospital facility mapped from OpenStreetMap."}},{"type":"Feature","geometry":{"type":"Point","coordinates":[77.5151893,12.9706209]},"properties":{"name":"Dhanush Hospital","category":"hospital","agent":"Auto-ingested hospital facility mapped from OpenStreetMap."}},{"type":"Feature","geometry":{"type":"Point","coordinates":[77.5184436,12.957572]},"properties":{"name":"S K Hospital, Bengaluru Urban","category":"hospital","agent":"Auto-ingested hospital facility mapped from OpenStreetMap."}},{"type":"Feature","geometry":{"type":"Point","coordinates":[77.580682,12.9062193]},"properties":{"name":"Green City Hospital, Bengaluru Urban","category":"hospital","agent":"Auto-ingested hospital facility mapped from OpenStreetMap."}},{"type":"Feature","geometry":{"type":"Point","coordinates":[77.5756907,12.9312101]},"properties":{"name":"Oxford Hospital","category":"hospital","agent":"Auto-ingested hospital facility mapped from OpenStreetMap."}},{"type":"Feature","geometry":{"type":"Point","coordinates":[77.5904192,12.9059465]},"properties":{"name":"R R Hospital & Trauma Centre","category":"hospital","agent":"Auto-ingested hospital facility mapped from OpenStreetMap."}},{"type":"Feature","geometry":{"type":"Point","coordinates":[77.6653506,12.853228]},"properties":{"name":"Springleaf Hospital","category":"hospital","agent":"Auto-ingested hospital facility mapped from OpenStreetMap."}},{"type":"Feature","geometry":{"type":"Point","coordinates":[77.6924713,13.0096231]},"properties":{"name":"Sri Ram Hospital","category":"hospital","agent":"Auto-ingested hospital facility mapped from OpenStreetMap."}},{"type":"Feature","geometry":{"type":"Point","coordinates":[77.5696566,12.9237659]},"properties":{"name":"MVJ PU College","category":"education","agent":"Auto-ingested education facility mapped from OpenStreetMap."}},{"type":"Feature","geometry":{"type":"Point","coordinates":[77.5682821,12.8943049]},"properties":{"name":"Sri Sai Ram Hospital","category":"hospital","agent":"Auto-ingested hospital facility mapped from OpenStreetMap."}},{"type":"Feature","geometry":{"type":"Point","coordinates":[77.5444298,12.9853846]},"properties":{"name":"Allen Career Institute","category":"education","agent":"Auto-ingested education facility mapped from OpenStreetMap."}},{"type":"Feature","geometry":{"type":"Point","coordinates":[77.5530755,13.0044499]},"properties":{"name":"Tamara Hospital & IVF Centre","category":"hospital","agent":"Auto-ingested hospital facility mapped from OpenStreetMap."}},{"type":"Feature","geometry":{"type":"Point","coordinates":[77.5052249,13.0187312]},"properties":{"name":"TTP Technologies PVT. Ltd","category":"corporate","agent":"Auto-ingested corporate facility mapped from OpenStreetMap."}},{"type":"Feature","geometry":{"type":"Point","coordinates":[77.4788534,12.9838763]},"properties":{"name":"Anupama Hospital","category":"hospital","agent":"Auto-ingested hospital facility mapped from OpenStreetMap."}},{"type":"Feature","geometry":{"type":"Point","coordinates":[77.6998816,13.0120509]},"properties":{"name":"Deepa Hospital","category":"hospital","agent":"Auto-ingested hospital facility mapped from OpenStreetMap."}},{"type":"Feature","geometry":{"type":"Point","coordinates":[77.5451059,12.9709463]},"properties":{"name":"Manasa Hospital, Vijayanagar","category":"hospital","agent":"Auto-ingested hospital facility mapped from OpenStreetMap."}},{"type":"Feature","geometry":{"type":"Point","coordinates":[77.6273067,13.0957329]},"properties":{"name":"Agarahara Government Hospital","category":"hospital","agent":"Auto-ingested hospital facility mapped from OpenStreetMap."}},{"type":"Feature","geometry":{"type":"Point","coordinates":[77.5426964,12.9056092]},"properties":{"name":"Nagarathna Hospital","category":"hospital","agent":"Auto-ingested hospital facility mapped from OpenStreetMap."}},{"type":"Feature","geometry":{"type":"Point","coordinates":[77.6205922,12.9984828]},"properties":{"name":"BBMP Revenue office","category":"civic","agent":"Auto-ingested civic facility mapped from OpenStreetMap."}},{"type":"Feature","geometry":{"type":"Point","coordinates":[77.5798482,12.984076]},"properties":{"name":"KPCL HRD Center, Shakti Bhavan","category":"civic","agent":"Auto-ingested civic facility mapped from OpenStreetMap."}},{"type":"Feature","geometry":{"type":"Point","coordinates":[77.5794541,12.9306876]},"properties":{"name":"Lucid Medical Diagnostics","category":"hospital","agent":"Auto-ingested hospital facility mapped from OpenStreetMap."}},{"type":"Feature","geometry":{"type":"Point","coordinates":[77.5509423,12.997613]},"properties":{"name":"Nethradhama Superspeciality Eye Hospital, Rajajinagar","category":"hospital","agent":"Auto-ingested hospital facility mapped from OpenStreetMap."}},{"type":"Feature","geometry":{"type":"Point","coordinates":[77.6776437,12.8461795]},"properties":{"name":"Infosys Office","category":"corporate","agent":"Auto-ingested corporate facility mapped from OpenStreetMap."}},{"type":"Feature","geometry":{"type":"Point","coordinates":[77.580082,13.0439246]},"properties":{"name":"Brindavan College","category":"education","agent":"Auto-ingested education facility mapped from OpenStreetMap."}},{"type":"Feature","geometry":{"type":"Point","coordinates":[77.7128053,13.0215807]},"properties":{"name":"Sathya Sai Lake Side Ortho Hospital","category":"hospital","agent":"Auto-ingested hospital facility mapped from OpenStreetMap."}},{"type":"Feature","geometry":{"type":"Point","coordinates":[77.6800412,12.9817167]},"properties":{"name":"Comfort Multispeciality Hospital","category":"hospital","agent":"Auto-ingested hospital facility mapped from OpenStreetMap."}},{"type":"Feature","geometry":{"type":"Point","coordinates":[77.5931597,12.9400669]},"properties":{"name":"National Institute of Mental Health and Neuro Sciences","category":"hospital","agent":"Auto-ingested hospital facility mapped from OpenStreetMap."}},{"type":"Feature","geometry":{"type":"Point","coordinates":[77.6445912,12.9077497]},"properties":{"name":"Zool Tech Solutions Pvt Ltd","category":"corporate","agent":"Auto-ingested corporate facility mapped from OpenStreetMap."}},{"type":"Feature","geometry":{"type":"Point","coordinates":[77.6273835,12.9716236]},"properties":{"name":"Cambridge Hospital","category":"hospital","agent":"Auto-ingested hospital facility mapped from OpenStreetMap."}},{"type":"Feature","geometry":{"type":"Point","coordinates":[77.5837482,13.0080001]},"properties":{"name":"Hosmat Hospital","category":"hospital","agent":"Auto-ingested hospital facility mapped from OpenStreetMap."}},{"type":"Feature","geometry":{"type":"Point","coordinates":[77.6305228,13.03269]},"properties":{"name":"Vbr pu college","category":"education","agent":"Auto-ingested education facility mapped from OpenStreetMap."}},{"type":"Feature","geometry":{"type":"Point","coordinates":[77.6138654,12.965781]},"properties":{"name":"Tismo Technology Solutions","category":"corporate","agent":"Auto-ingested corporate facility mapped from OpenStreetMap."}},{"type":"Feature","geometry":{"type":"Point","coordinates":[77.6143564,12.9658752]},"properties":{"name":"Digilog Technologies","category":"corporate","agent":"Auto-ingested corporate facility mapped from OpenStreetMap."}},{"type":"Feature","geometry":{"type":"Point","coordinates":[77.6569127,12.9597752]},"properties":{"name":"Cloudnine Hospital Pvt. Ltd.","category":"hospital","agent":"Auto-ingested hospital facility mapped from OpenStreetMap."}},{"type":"Feature","geometry":{"type":"Point","coordinates":[77.6583242,13.0104342]},"properties":{"name":"Columbiaa Hospital","category":"hospital","agent":"Auto-ingested hospital facility mapped from OpenStreetMap."}},{"type":"Feature","geometry":{"type":"Point","coordinates":[77.5528214,12.9933689]},"properties":{"name":"Government First Grade College","category":"education","agent":"Auto-ingested education facility mapped from OpenStreetMap."}},{"type":"Feature","geometry":{"type":"Point","coordinates":[77.5569222,12.9849537]},"properties":{"name":"Altius Hospital","category":"hospital","agent":"Auto-ingested hospital facility mapped from OpenStreetMap."}},{"type":"Feature","geometry":{"type":"Point","coordinates":[77.6459672,12.9811352]},"properties":{"name":"Trident Technologies","category":"corporate","agent":"Auto-ingested corporate facility mapped from OpenStreetMap."}},{"type":"Feature","geometry":{"type":"Point","coordinates":[77.645697,12.9823244]},"properties":{"name":"Techclyde Services Private Limited","category":"corporate","agent":"Auto-ingested corporate facility mapped from OpenStreetMap."}},{"type":"Feature","geometry":{"type":"Point","coordinates":[77.5968531,12.9918415]},"properties":{"name":"Bangalore Diabetes Hospital","category":"hospital","agent":"Auto-ingested hospital facility mapped from OpenStreetMap."}},{"type":"Feature","geometry":{"type":"Point","coordinates":[77.5526061,13.011845]},"properties":{"name":"NU Hospitals","category":"hospital","agent":"Auto-ingested hospital facility mapped from OpenStreetMap."}},{"type":"Feature","geometry":{"type":"Point","coordinates":[77.5966914,12.9472091]},"properties":{"name":"V. S. Achar Multispeciality Hospital","category":"hospital","agent":"Auto-ingested hospital facility mapped from OpenStreetMap."}},{"type":"Feature","geometry":{"type":"Point","coordinates":[77.5842632,12.933223]},"properties":{"name":"Nature Cure Hospital","category":"hospital","agent":"Auto-ingested hospital facility mapped from OpenStreetMap."}},{"type":"Feature","geometry":{"type":"Point","coordinates":[77.5273633,12.9138086]},"properties":{"name":"Usha Vikranth Diagnostic Center and Hospital","category":"hospital","agent":"Auto-ingested hospital facility mapped from OpenStreetMap."}},{"type":"Feature","geometry":{"type":"Point","coordinates":[77.6474011,12.9719805]},"properties":{"name":"Nethradhama Superspeciality Eye Hospital","category":"hospital","agent":"Auto-ingested hospital facility mapped from OpenStreetMap."}},{"type":"Feature","geometry":{"type":"Point","coordinates":[77.5482772,12.9364317]},"properties":{"name":"Advantech","category":"corporate","agent":"Auto-ingested corporate facility mapped from OpenStreetMap."}},{"type":"Feature","geometry":{"type":"Point","coordinates":[77.552163,12.9391131]},"properties":{"name":"Surabhi Technologies","category":"corporate","agent":"Auto-ingested corporate facility mapped from OpenStreetMap."}},{"type":"Feature","geometry":{"type":"Point","coordinates":[77.6229137,12.9400559]},"properties":{"name":"Juspay Technologies","category":"corporate","agent":"Auto-ingested corporate facility mapped from OpenStreetMap."}},{"type":"Feature","geometry":{"type":"Point","coordinates":[77.5939825,12.9826384]},"properties":{"name":"Frauscher Sensor Technology","category":"corporate","agent":"Auto-ingested corporate facility mapped from OpenStreetMap."}},{"type":"Feature","geometry":{"type":"Point","coordinates":[77.6303621,12.905312]},"properties":{"name":"emids Technologies Pvt Ltd","category":"corporate","agent":"Auto-ingested corporate facility mapped from OpenStreetMap."}},{"type":"Feature","geometry":{"type":"Point","coordinates":[77.5557257,12.9853484]},"properties":{"name":"Marudhar Infotech Services","category":"corporate","agent":"Auto-ingested corporate facility mapped from OpenStreetMap."}},{"type":"Feature","geometry":{"type":"Point","coordinates":[77.5559878,12.9848766]},"properties":{"name":"Rajajinagar PU Degree College","category":"education","agent":"Auto-ingested education facility mapped from OpenStreetMap."}},{"type":"Feature","geometry":{"type":"Point","coordinates":[77.5709473,12.9542624]},"properties":{"name":"Sri Shankara Cancer Hospital And Research Centre (A Service Unit Of Sscf)","category":"hospital","agent":"Auto-ingested hospital facility mapped from OpenStreetMap."}},{"type":"Feature","geometry":{"type":"Point","coordinates":[77.6227009,13.0464091]},"properties":{"name":"Mast Global Business Services India","category":"corporate","agent":"Auto-ingested corporate facility mapped from OpenStreetMap."}},{"type":"Feature","geometry":{"type":"Point","coordinates":[77.6354858,13.0867072]},"properties":{"name":"BRPL Baketech Pvt LTD - Just bake","category":"corporate","agent":"Auto-ingested corporate facility mapped from OpenStreetMap."}},{"type":"Feature","geometry":{"type":"Point","coordinates":[77.5391801,12.9939752]},"properties":{"name":"Vathsalya Speciality Hospital","category":"hospital","agent":"Auto-ingested hospital facility mapped from OpenStreetMap."}},{"type":"Feature","geometry":{"type":"Point","coordinates":[77.5911581,12.9822876]},"properties":{"name":"Karnataka Raj Bhavan","category":"civic","agent":"Auto-ingested civic facility mapped from OpenStreetMap."}},{"type":"Feature","geometry":{"type":"Point","coordinates":[77.6177434,12.9878631]},"properties":{"name":"Lakeside Medical Centre and Hospital","category":"hospital","agent":"Auto-ingested hospital facility mapped from OpenStreetMap."}},{"type":"Feature","geometry":{"type":"Point","coordinates":[77.5413282,12.9677607]},"properties":{"name":"Maruthi Hospital","category":"hospital","agent":"Auto-ingested hospital facility mapped from OpenStreetMap."}},{"type":"Feature","geometry":{"type":"Point","coordinates":[77.616947,12.9362087]},"properties":{"name":"Aparna Hospital","category":"hospital","agent":"Auto-ingested hospital facility mapped from OpenStreetMap."}},{"type":"Feature","geometry":{"type":"Point","coordinates":[77.6235872,12.9141666]},"properties":{"name":"Ascent HR Technologies","category":"corporate","agent":"Auto-ingested corporate facility mapped from OpenStreetMap."}},{"type":"Feature","geometry":{"type":"Point","coordinates":[77.6201615,12.9338175]},"properties":{"name":"Apollo Spectra Hospitals","category":"hospital","agent":"Auto-ingested hospital facility mapped from OpenStreetMap."}},{"type":"Feature","geometry":{"type":"Point","coordinates":[77.6359638,12.9256013]},"properties":{"name":"Sankeerthana Hospital and Fertility Center","category":"hospital","agent":"Auto-ingested hospital facility mapped from OpenStreetMap."}},{"type":"Feature","geometry":{"type":"Point","coordinates":[77.6354985,12.9144825]},"properties":{"name":"GeoSpark","category":"corporate","agent":"Auto-ingested corporate facility mapped from OpenStreetMap."}},{"type":"Feature","geometry":{"type":"Point","coordinates":[77.5507951,12.9913348]},"properties":{"name":"Hindi Shikshak Training College","category":"education","agent":"Auto-ingested education facility mapped from OpenStreetMap."}},{"type":"Feature","geometry":{"type":"Point","coordinates":[77.6260763,12.881611]},"properties":{"name":"Jayashree Multi Specilaity Hospital","category":"hospital","agent":"Auto-ingested hospital facility mapped from OpenStreetMap."}},{"type":"Feature","geometry":{"type":"Point","coordinates":[77.6390545,13.066842]},"properties":{"name":"Bangalore Prime Hospital","category":"hospital","agent":"Auto-ingested hospital facility mapped from OpenStreetMap."}},{"type":"Feature","geometry":{"type":"Point","coordinates":[77.5485506,12.9722253]},"properties":{"name":"Mech Pro Tech","category":"corporate","agent":"Auto-ingested corporate facility mapped from OpenStreetMap."}},{"type":"Feature","geometry":{"type":"Point","coordinates":[77.6306485,13.0282133]},"properties":{"name":"Teacher's Academy Degree College","category":"education","agent":"Auto-ingested education facility mapped from OpenStreetMap."}},{"type":"Feature","geometry":{"type":"Point","coordinates":[77.5781394,13.0711049]},"properties":{"name":"Medical Center","category":"hospital","agent":"Auto-ingested hospital facility mapped from OpenStreetMap."}},{"type":"Feature","geometry":{"type":"Point","coordinates":[77.6659275,12.8437851]},"properties":{"name":"apollo medical shop","category":"hospital","agent":"Auto-ingested hospital facility mapped from OpenStreetMap."}},{"type":"Feature","geometry":{"type":"Point","coordinates":[77.6372391,12.9781293]},"properties":{"name":"Sujatha Hospital","category":"hospital","agent":"Auto-ingested hospital facility mapped from OpenStreetMap."}},{"type":"Feature","geometry":{"type":"Point","coordinates":[77.6979598,13.011214]},"properties":{"name":"Patil Hospital","category":"hospital","agent":"Auto-ingested hospital facility mapped from OpenStreetMap."}},{"type":"Feature","geometry":{"type":"Point","coordinates":[77.6628908,13.0047554]},"properties":{"name":"Maintec Technologies Pvt Ltd","category":"corporate","agent":"Auto-ingested corporate facility mapped from OpenStreetMap."}},{"type":"Feature","geometry":{"type":"Point","coordinates":[77.6530008,13.0255001]},"properties":{"name":"Outsource Infotech","category":"corporate","agent":"Auto-ingested corporate facility mapped from OpenStreetMap."}},{"type":"Feature","geometry":{"type":"Point","coordinates":[77.7311303,12.9892878]},"properties":{"name":"ExxonMobil Services and Technology Private Limited","category":"corporate","agent":"Auto-ingested corporate facility mapped from OpenStreetMap."}},{"type":"Feature","geometry":{"type":"Point","coordinates":[77.6081923,12.9741814]},"properties":{"name":"JD Institute of Fashion Technology","category":"education","agent":"Auto-ingested education facility mapped from OpenStreetMap."}},{"type":"Feature","geometry":{"type":"Point","coordinates":[77.6076834,12.9738619]},"properties":{"name":"Future Focus Infotech Pvt. Ltd.","category":"corporate","agent":"Auto-ingested corporate facility mapped from OpenStreetMap."}},{"type":"Feature","geometry":{"type":"Point","coordinates":[77.5813432,13.1001877]},"properties":{"name":"Omega Multispeciality Hospital","category":"hospital","agent":"Auto-ingested hospital facility mapped from OpenStreetMap."}},{"type":"Feature","geometry":{"type":"Point","coordinates":[77.5792872,13.0957808]},"properties":{"name":"NDR Hospital","category":"hospital","agent":"Auto-ingested hospital facility mapped from OpenStreetMap."}},{"type":"Feature","geometry":{"type":"Point","coordinates":[77.6326812,12.9293807]},"properties":{"name":"Instamojo Technologies Pvt. Ltd.","category":"corporate","agent":"Auto-ingested corporate facility mapped from OpenStreetMap."}},{"type":"Feature","geometry":{"type":"Point","coordinates":[77.5523378,12.9859838]},"properties":{"name":"Aum Infotech Pvt Ltd","category":"corporate","agent":"Auto-ingested corporate facility mapped from OpenStreetMap."}},{"type":"Feature","geometry":{"type":"Point","coordinates":[77.559798,13.0813846]},"properties":{"name":"JN Tech Solutions","category":"corporate","agent":"Auto-ingested corporate facility mapped from OpenStreetMap."}},{"type":"Feature","geometry":{"type":"Point","coordinates":[77.539386,13.016705]},"properties":{"name":"Boregowda Lingamma Hospital","category":"hospital","agent":"Auto-ingested hospital facility mapped from OpenStreetMap."}},{"type":"Feature","geometry":{"type":"Point","coordinates":[77.5394308,13.0175606]},"properties":{"name":"Kanva Hospital","category":"hospital","agent":"Auto-ingested hospital facility mapped from OpenStreetMap."}},{"type":"Feature","geometry":{"type":"Point","coordinates":[77.5044244,13.0682855]},"properties":{"name":"Academic Block Sapthagiri College","category":"education","agent":"Auto-ingested education facility mapped from OpenStreetMap."}},{"type":"Feature","geometry":{"type":"Point","coordinates":[77.4808065,12.9156896]},"properties":{"name":"Kengeri Upanagara Government Hospital","category":"hospital","agent":"Auto-ingested hospital facility mapped from OpenStreetMap."}},{"type":"Feature","geometry":{"type":"Point","coordinates":[77.5593919,12.9158516]},"properties":{"name":"Yogananda Multi Speciality Hospital","category":"hospital","agent":"Auto-ingested hospital facility mapped from OpenStreetMap."}},{"type":"Feature","geometry":{"type":"Point","coordinates":[77.5501121,12.9998982]},"properties":{"name":"Dr. Agrawal's Eye Hospital","category":"hospital","agent":"Auto-ingested hospital facility mapped from OpenStreetMap."}},{"type":"Feature","geometry":{"type":"Point","coordinates":[77.6257144,12.9131875]},"properties":{"name":"Capillary Technologies","category":"corporate","agent":"Auto-ingested corporate facility mapped from OpenStreetMap."}},{"type":"Feature","geometry":{"type":"Point","coordinates":[77.647926,12.9690353]},"properties":{"name":"Dbaux Technologies","category":"corporate","agent":"Auto-ingested corporate facility mapped from OpenStreetMap."}},{"type":"Feature","geometry":{"type":"Point","coordinates":[77.6670251,12.8417261]},"properties":{"name":"Asti Infotech pvt. Ltd.","category":"corporate","agent":"Auto-ingested corporate facility mapped from OpenStreetMap."}},{"type":"Feature","geometry":{"type":"Point","coordinates":[77.5347984,12.9948905]},"properties":{"name":"Ashok Hospital","category":"hospital","agent":"Auto-ingested hospital facility mapped from OpenStreetMap."}},{"type":"Feature","geometry":{"type":"Point","coordinates":[77.5666429,12.9376087]},"properties":{"name":"Balaji Hospital and Gastroenterology Center","category":"hospital","agent":"Auto-ingested hospital facility mapped from OpenStreetMap."}},{"type":"Feature","geometry":{"type":"Point","coordinates":[77.4939886,12.9517481]},"properties":{"name":"Abhay Hospital","category":"hospital","agent":"Auto-ingested hospital facility mapped from OpenStreetMap."}},{"type":"Feature","geometry":{"type":"Point","coordinates":[77.568151,12.9981979]},"properties":{"name":"Dr. B. Venkatasubbarao Memorial Hospital","category":"hospital","agent":"Auto-ingested hospital facility mapped from OpenStreetMap."}},{"type":"Feature","geometry":{"type":"Point","coordinates":[77.5802779,12.9497745]},"properties":{"name":"South City Hospital, Bengaluru Urban","category":"hospital","agent":"Auto-ingested hospital facility mapped from OpenStreetMap."}},{"type":"Feature","geometry":{"type":"Point","coordinates":[77.6238732,13.0370143]},"properties":{"name":"Sri Sai Hospital, Bengaluru Urban","category":"hospital","agent":"Auto-ingested hospital facility mapped from OpenStreetMap."}},{"type":"Feature","geometry":{"type":"Point","coordinates":[77.5663653,12.9998457]},"properties":{"name":"Jupiter Hospital And Institute Of Vascular Surgery","category":"hospital","agent":"Auto-ingested hospital facility mapped from OpenStreetMap."}},{"type":"Feature","geometry":{"type":"Point","coordinates":[77.5309655,12.9829857]},"properties":{"name":"Shreyas Hospital, Bengaluru Urban","category":"hospital","agent":"Auto-ingested hospital facility mapped from OpenStreetMap."}},{"type":"Feature","geometry":{"type":"Point","coordinates":[77.6045479,13.0289685]},"properties":{"name":"Ashirwad Hospital","category":"hospital","agent":"Auto-ingested hospital facility mapped from OpenStreetMap."}},{"type":"Feature","geometry":{"type":"Point","coordinates":[77.5787745,13.0965172]},"properties":{"name":"N.D.R. Hospital","category":"hospital","agent":"Auto-ingested hospital facility mapped from OpenStreetMap."}},{"type":"Feature","geometry":{"type":"Point","coordinates":[77.608248,13.1498837]},"properties":{"name":"Krishnadevaraya Hospital And Research Centre","category":"hospital","agent":"Auto-ingested hospital facility mapped from OpenStreetMap."}},{"type":"Feature","geometry":{"type":"Point","coordinates":[77.7835518,13.0744104]},"properties":{"name":"Mission Hospital, Bengaluru Rural","category":"hospital","agent":"Auto-ingested hospital facility mapped from OpenStreetMap."}},{"type":"Feature","geometry":{"type":"Point","coordinates":[77.5688544,12.9690441]},"properties":{"name":"Radha Maternity and Surgical Hospital","category":"hospital","agent":"Auto-ingested hospital facility mapped from OpenStreetMap."}},{"type":"Feature","geometry":{"type":"Point","coordinates":[77.5809833,12.9878104]},"properties":{"name":"Hitech Kidney Stone Hospital, Bengaluru Urban","category":"hospital","agent":"Auto-ingested hospital facility mapped from OpenStreetMap."}},{"type":"Feature","geometry":{"type":"Point","coordinates":[77.5528322,12.9845512]},"properties":{"name":"Vaidyam Hospital","category":"hospital","agent":"Auto-ingested hospital facility mapped from OpenStreetMap."}},{"type":"Feature","geometry":{"type":"Point","coordinates":[77.5551014,12.9897745]},"properties":{"name":"Suresh Hospital - Bangalore","category":"hospital","agent":"Auto-ingested hospital facility mapped from OpenStreetMap."}},{"type":"Feature","geometry":{"type":"Point","coordinates":[77.580691,12.9932806]},"properties":{"name":"Samprathi Eye Hospital And Squint Centre","category":"hospital","agent":"Auto-ingested hospital facility mapped from OpenStreetMap."}},{"type":"Feature","geometry":{"type":"Point","coordinates":[77.5406188,13.0089953]},"properties":{"name":"Shankara Nethralaya Eye Hospital","category":"hospital","agent":"Auto-ingested hospital facility mapped from OpenStreetMap."}},{"type":"Feature","geometry":{"type":"Point","coordinates":[77.5799654,12.8919509]},"properties":{"name":"Supra South City Hospital","category":"hospital","agent":"Auto-ingested hospital facility mapped from OpenStreetMap."}},{"type":"Feature","geometry":{"type":"Point","coordinates":[77.5114394,12.9579894]},"properties":{"name":"Chandana Hospital","category":"hospital","agent":"Auto-ingested hospital facility mapped from OpenStreetMap."}},{"type":"Feature","geometry":{"type":"Point","coordinates":[77.6230843,13.0398217]},"properties":{"name":"J M J Hospital, Bengaluru Urban","category":"hospital","agent":"Auto-ingested hospital facility mapped from OpenStreetMap."}},{"type":"Feature","geometry":{"type":"Point","coordinates":[77.7802707,13.0672067]},"properties":{"name":"G E F Eye Hospital","category":"hospital","agent":"Auto-ingested hospital facility mapped from OpenStreetMap."}},{"type":"Feature","geometry":{"type":"Point","coordinates":[77.5655432,12.9215013]},"properties":{"name":"Sri Krishna Hospital","category":"hospital","agent":"Auto-ingested hospital facility mapped from OpenStreetMap."}},{"type":"Feature","geometry":{"type":"Point","coordinates":[77.5716037,12.9966677]},"properties":{"name":"Malleswaram Eye Day Care Hospital - Bengalore","category":"hospital","agent":"Auto-ingested hospital facility mapped from OpenStreetMap."}},{"type":"Feature","geometry":{"type":"Point","coordinates":[77.5729595,12.9933551]},"properties":{"name":"Mahaveer Eye Hospital Private Limited","category":"hospital","agent":"Auto-ingested hospital facility mapped from OpenStreetMap."}},{"type":"Feature","geometry":{"type":"Point","coordinates":[77.5802015,12.9989833]},"properties":{"name":"Bilva Hospital","category":"hospital","agent":"Auto-ingested hospital facility mapped from OpenStreetMap."}},{"type":"Feature","geometry":{"type":"Point","coordinates":[77.5773127,12.9256932]},"properties":{"name":"Nethradhama Superspeciality Eye Hospital, Jayanagar","category":"hospital","agent":"Auto-ingested hospital facility mapped from OpenStreetMap."}},{"type":"Feature","geometry":{"type":"Point","coordinates":[77.5994906,12.9122295]},"properties":{"name":"Dr Agarwals Eye Hospital Ltd","category":"hospital","agent":"Auto-ingested hospital facility mapped from OpenStreetMap."}},{"type":"Feature","geometry":{"type":"Point","coordinates":[77.6167399,12.926471]},"properties":{"name":"Sri Venkateshwara Hospitals","category":"hospital","agent":"Auto-ingested hospital facility mapped from OpenStreetMap."}},{"type":"Feature","geometry":{"type":"Point","coordinates":[77.5825109,12.8130672]},"properties":{"name":"Fosa Humanitarian Hospital","category":"hospital","agent":"Auto-ingested hospital facility mapped from OpenStreetMap."}},{"type":"Feature","geometry":{"type":"Point","coordinates":[77.5528805,12.9118831]},"properties":{"name":"C.S. Hospital","category":"hospital","agent":"Auto-ingested hospital facility mapped from OpenStreetMap."}},{"type":"Feature","geometry":{"type":"Point","coordinates":[77.5435022,12.9650437]},"properties":{"name":"Sri Kalabyraveshwara Swamy Ayurvedic Medical College hospital","category":"hospital","agent":"Auto-ingested hospital facility mapped from OpenStreetMap."}},{"type":"Feature","geometry":{"type":"Point","coordinates":[77.5455876,12.9765645]},"properties":{"name":"Anugraha Hospital, Vijayanagar","category":"hospital","agent":"Auto-ingested hospital facility mapped from OpenStreetMap."}},{"type":"Feature","geometry":{"type":"Point","coordinates":[77.5837862,13.103924]},"properties":{"name":"Apple Hospital","category":"hospital","agent":"Auto-ingested hospital facility mapped from OpenStreetMap."}},{"type":"Feature","geometry":{"type":"Point","coordinates":[77.5781228,12.9711822]},"properties":{"name":"Amar Hospital","category":"hospital","agent":"Auto-ingested hospital facility mapped from OpenStreetMap."}},{"type":"Feature","geometry":{"type":"Point","coordinates":[77.5640827,12.95727]},"properties":{"name":"Retina Institute Of Karnataka","category":"hospital","agent":"Auto-ingested hospital facility mapped from OpenStreetMap."}},{"type":"Feature","geometry":{"type":"Point","coordinates":[77.5644522,12.9572978]},"properties":{"name":"The Venlakh Hospital","category":"hospital","agent":"Auto-ingested hospital facility mapped from OpenStreetMap."}},{"type":"Feature","geometry":{"type":"Point","coordinates":[77.5644596,12.9406698]},"properties":{"name":"Vishwabharathi Hospital Pvt. Ltd","category":"hospital","agent":"Auto-ingested hospital facility mapped from OpenStreetMap."}},{"type":"Feature","geometry":{"type":"Point","coordinates":[77.5578493,12.9404548]},"properties":{"name":"Sunetra Eye Hospital, Bengaluru Urban","category":"hospital","agent":"Auto-ingested hospital facility mapped from OpenStreetMap."}},{"type":"Feature","geometry":{"type":"Point","coordinates":[77.568896,12.9276382]},"properties":{"name":"Saraswathi Hospital","category":"hospital","agent":"Auto-ingested hospital facility mapped from OpenStreetMap."}},{"type":"Feature","geometry":{"type":"Point","coordinates":[77.5333714,12.9817311]},"properties":{"name":"Padmavathi Hospital, Bengaluru Urban","category":"hospital","agent":"Auto-ingested hospital facility mapped from OpenStreetMap."}},{"type":"Feature","geometry":{"type":"Point","coordinates":[77.5031644,12.9957177]},"properties":{"name":"Panchamukhi Specialityu Hospital","category":"hospital","agent":"Auto-ingested hospital facility mapped from OpenStreetMap."}},{"type":"Feature","geometry":{"type":"Point","coordinates":[77.5087273,12.9881868]},"properties":{"name":"Sri Lakshmi Multi Speciality Hospital","category":"hospital","agent":"Auto-ingested hospital facility mapped from OpenStreetMap."}},{"type":"Feature","geometry":{"type":"Point","coordinates":[77.6235594,13.0090828]},"properties":{"name":"K C Raju Multi Speciality Hospital","category":"hospital","agent":"Auto-ingested hospital facility mapped from OpenStreetMap."}},{"type":"Feature","geometry":{"type":"Point","coordinates":[77.5957945,12.8822813]},"properties":{"name":"Vasan Eye Care Hospital, Bannergatta Road","category":"hospital","agent":"Auto-ingested hospital facility mapped from OpenStreetMap."}},{"type":"Feature","geometry":{"type":"Point","coordinates":[77.6170966,12.924624]},"properties":{"name":"Varalakshmi Hospital","category":"hospital","agent":"Auto-ingested hospital facility mapped from OpenStreetMap."}},{"type":"Feature","geometry":{"type":"Point","coordinates":[77.5587304,13.0223669]},"properties":{"name":"Kala Hospital","category":"hospital","agent":"Auto-ingested hospital facility mapped from OpenStreetMap."}},{"type":"Feature","geometry":{"type":"Point","coordinates":[77.5948906,12.917589]},"properties":{"name":"Shekhar Hospital, Jayanagar","category":"hospital","agent":"Auto-ingested hospital facility mapped from OpenStreetMap."}},{"type":"Feature","geometry":{"type":"Point","coordinates":[77.5308891,13.0842019]},"properties":{"name":"Rajalakshmi Hospital","category":"hospital","agent":"Auto-ingested hospital facility mapped from OpenStreetMap."}},{"type":"Feature","geometry":{"type":"Point","coordinates":[77.5732398,12.9103393]},"properties":{"name":"Vasan Eye Care Hospital, Sarakki","category":"hospital","agent":"Auto-ingested hospital facility mapped from OpenStreetMap."}},{"type":"Feature","geometry":{"type":"Point","coordinates":[77.7051643,12.9551501]},"properties":{"name":"Lions Airport City Hospital","category":"hospital","agent":"Auto-ingested hospital facility mapped from OpenStreetMap."}},{"type":"Feature","geometry":{"type":"Point","coordinates":[77.6235715,12.9079615]},"properties":{"name":"Mahanth Hospital","category":"hospital","agent":"Auto-ingested hospital facility mapped from OpenStreetMap."}},{"type":"Feature","geometry":{"type":"Point","coordinates":[77.5937748,12.9255233]},"properties":{"name":"Sunayana Eye Hospital","category":"hospital","agent":"Auto-ingested hospital facility mapped from OpenStreetMap."}},{"type":"Feature","geometry":{"type":"Point","coordinates":[77.592089,13.024837]},"properties":{"name":"Lakshmi Hospital, Ganganagar","category":"hospital","agent":"Auto-ingested hospital facility mapped from OpenStreetMap."}},{"type":"Feature","geometry":{"type":"Point","coordinates":[77.6479433,13.0186045]},"properties":{"name":"Lokhande S Hospital","category":"hospital","agent":"Auto-ingested hospital facility mapped from OpenStreetMap."}},{"type":"Feature","geometry":{"type":"Point","coordinates":[77.5856289,13.0250141]},"properties":{"name":"Dr. T.V.Ramesh Piles Hospital","category":"hospital","agent":"Auto-ingested hospital facility mapped from OpenStreetMap."}},{"type":"Feature","geometry":{"type":"Point","coordinates":[77.5847384,12.9163994]},"properties":{"name":"Dr Kamini Rao Hospital(A Unit Of Bacc Health Care Pvt Ltd)","category":"hospital","agent":"Auto-ingested hospital facility mapped from OpenStreetMap."}},{"type":"Feature","geometry":{"type":"Point","coordinates":[77.613084,13.0218188]},"properties":{"name":"Dr Ambedkar Medical College Hospital","category":"hospital","agent":"Auto-ingested hospital facility mapped from OpenStreetMap."}},{"type":"Feature","geometry":{"type":"Point","coordinates":[77.5588015,12.9929043]},"properties":{"name":"Supriya Hospital, Bengaluru Urban","category":"hospital","agent":"Auto-ingested hospital facility mapped from OpenStreetMap."}},{"type":"Feature","geometry":{"type":"Point","coordinates":[77.6070739,13.0212406]},"properties":{"name":"Manju Sree Hospital","category":"hospital","agent":"Auto-ingested hospital facility mapped from OpenStreetMap."}},{"type":"Feature","geometry":{"type":"Point","coordinates":[77.5770459,13.0322819]},"properties":{"name":"Raj Mahal Vilas Hospital","category":"hospital","agent":"Auto-ingested hospital facility mapped from OpenStreetMap."}},{"type":"Feature","geometry":{"type":"Point","coordinates":[77.5096312,12.974865]},"properties":{"name":"Essential Hospital","category":"hospital","agent":"Auto-ingested hospital facility mapped from OpenStreetMap."}},{"type":"Feature","geometry":{"type":"Point","coordinates":[77.6409059,13.0373572]},"properties":{"name":"Shree Vijayalakshmi Hospital and Trauma Centre","category":"hospital","agent":"Auto-ingested hospital facility mapped from OpenStreetMap."}},{"type":"Feature","geometry":{"type":"Point","coordinates":[77.5493681,12.982442]},"properties":{"name":"Sidvin Hospital Pvt Ltd","category":"hospital","agent":"Auto-ingested hospital facility mapped from OpenStreetMap."}},{"type":"Feature","geometry":{"type":"Point","coordinates":[77.5509238,12.9246384]},"properties":{"name":"Abhilash Hospital And Sara Rehabilitation Centre","category":"hospital","agent":"Auto-ingested hospital facility mapped from OpenStreetMap."}},{"type":"Feature","geometry":{"type":"Point","coordinates":[77.6263127,12.8987442]},"properties":{"name":"Kavya Hospital","category":"hospital","agent":"Auto-ingested hospital facility mapped from OpenStreetMap."}},{"type":"Feature","geometry":{"type":"Point","coordinates":[77.5457901,12.9275311]},"properties":{"name":"Sg Hospital","category":"hospital","agent":"Auto-ingested hospital facility mapped from OpenStreetMap."}},{"type":"Feature","geometry":{"type":"Point","coordinates":[77.5911717,12.9608027]},"properties":{"name":"Phoenix Hospital, Bengaluru Urban","category":"hospital","agent":"Auto-ingested hospital facility mapped from OpenStreetMap."}},{"type":"Feature","geometry":{"type":"Point","coordinates":[77.4832503,12.9215104]},"properties":{"name":"Shreya Hospital, Bengaluru Rural","category":"hospital","agent":"Auto-ingested hospital facility mapped from OpenStreetMap."}},{"type":"Feature","geometry":{"type":"Point","coordinates":[77.6335546,13.0241341]},"properties":{"name":"Vasan Eye Care Hospital, Banaswadi","category":"hospital","agent":"Auto-ingested hospital facility mapped from OpenStreetMap."}},{"type":"Feature","geometry":{"type":"Point","coordinates":[77.4857756,12.9255704]},"properties":{"name":"Sri Annapoorneshwari Hospital","category":"hospital","agent":"Auto-ingested hospital facility mapped from OpenStreetMap."}},{"type":"Feature","geometry":{"type":"Point","coordinates":[77.5920609,13.0251833]},"properties":{"name":"Vasan Eye Care Hospital, R.T.Nagar","category":"hospital","agent":"Auto-ingested hospital facility mapped from OpenStreetMap."}},{"type":"Feature","geometry":{"type":"Point","coordinates":[77.5747874,12.9563016]},"properties":{"name":"Kims Hospital and Research Centre","category":"hospital","agent":"Auto-ingested hospital facility mapped from OpenStreetMap."}},{"type":"Feature","geometry":{"type":"Point","coordinates":[77.5949925,12.9489406]},"properties":{"name":"Karthik Hospital, Bengaluru Urban","category":"hospital","agent":"Auto-ingested hospital facility mapped from OpenStreetMap."}},{"type":"Feature","geometry":{"type":"Point","coordinates":[77.5892667,12.9670215]},"properties":{"name":"Bangalore Kidney Stones Hospital","category":"hospital","agent":"Auto-ingested hospital facility mapped from OpenStreetMap."}},{"type":"Feature","geometry":{"type":"Point","coordinates":[77.6814736,12.9825937]},"properties":{"name":"Sree Lakshmi Hospital","category":"hospital","agent":"Auto-ingested hospital facility mapped from OpenStreetMap."}},{"type":"Feature","geometry":{"type":"Point","coordinates":[77.5471291,12.9271131]},"properties":{"name":"Abhaya Eye Hospital, Super Speciality Eye Care Centre","category":"hospital","agent":"Auto-ingested hospital facility mapped from OpenStreetMap."}},{"type":"Feature","geometry":{"type":"Point","coordinates":[77.6162584,12.9994472]},"properties":{"name":"Mediscope Hospital Private Limited","category":"hospital","agent":"Auto-ingested hospital facility mapped from OpenStreetMap."}},{"type":"Feature","geometry":{"type":"Point","coordinates":[77.6517145,13.0555559]},"properties":{"name":"Medi Derma Hospital","category":"hospital","agent":"Auto-ingested hospital facility mapped from OpenStreetMap."}},{"type":"Feature","geometry":{"type":"Point","coordinates":[77.4806057,12.9110975]},"properties":{"name":"Mathru Hospital - Bangalore","category":"hospital","agent":"Auto-ingested hospital facility mapped from OpenStreetMap."}},{"type":"Feature","geometry":{"type":"Point","coordinates":[77.6124926,12.9825845]},"properties":{"name":"Manjushree Speciality Hospital","category":"hospital","agent":"Auto-ingested hospital facility mapped from OpenStreetMap."}},{"type":"Feature","geometry":{"type":"Point","coordinates":[77.5473283,12.9424801]},"properties":{"name":"The Pulse Multi Speciality Hospital","category":"hospital","agent":"Auto-ingested hospital facility mapped from OpenStreetMap."}},{"type":"Feature","geometry":{"type":"Point","coordinates":[77.5703564,12.9514854]},"properties":{"name":"Popular Hospital","category":"hospital","agent":"Auto-ingested hospital facility mapped from OpenStreetMap."}},{"type":"Feature","geometry":{"type":"Point","coordinates":[77.6640775,13.0139247]},"properties":{"name":"Ayurseva Hospital","category":"hospital","agent":"Auto-ingested hospital facility mapped from OpenStreetMap."}},{"type":"Feature","geometry":{"type":"Point","coordinates":[77.5493883,12.9745134]},"properties":{"name":"Spine Care And Ortho Care Hospital","category":"hospital","agent":"Auto-ingested hospital facility mapped from OpenStreetMap."}},{"type":"Feature","geometry":{"type":"Point","coordinates":[77.5892687,12.8579673]},"properties":{"name":"Vijayashree Hospitals","category":"hospital","agent":"Auto-ingested hospital facility mapped from OpenStreetMap."}},{"type":"Feature","geometry":{"type":"Point","coordinates":[77.5474034,12.9733764]},"properties":{"name":"Tanmay Hospital","category":"hospital","agent":"Auto-ingested hospital facility mapped from OpenStreetMap."}},{"type":"Feature","geometry":{"type":"Point","coordinates":[77.7150508,12.9651587]},"properties":{"name":"Aayug Multi Speciality Hospital","category":"hospital","agent":"Auto-ingested hospital facility mapped from OpenStreetMap."}},{"type":"Feature","geometry":{"type":"Point","coordinates":[77.7002262,12.9568547]},"properties":{"name":"MGA Hospital","category":"hospital","agent":"Auto-ingested hospital facility mapped from OpenStreetMap."}},{"type":"Feature","geometry":{"type":"Point","coordinates":[77.6595353,12.8705439]},"properties":{"name":"Blossom Hospital","category":"hospital","agent":"Auto-ingested hospital facility mapped from OpenStreetMap."}},{"type":"Feature","geometry":{"type":"Point","coordinates":[77.6308219,12.9160636]},"properties":{"name":"Bhagavathi Multi Speciality Hospital","category":"hospital","agent":"Auto-ingested hospital facility mapped from OpenStreetMap."}},{"type":"Feature","geometry":{"type":"Point","coordinates":[77.6003156,12.9144587]},"properties":{"name":"Sri Sai Ram Hospital - Bangalore","category":"hospital","agent":"Auto-ingested hospital facility mapped from OpenStreetMap."}},{"type":"Feature","geometry":{"type":"Point","coordinates":[77.5427189,12.9645006]},"properties":{"name":"Susheel Hospital","category":"hospital","agent":"Auto-ingested hospital facility mapped from OpenStreetMap."}},{"type":"Feature","geometry":{"type":"Point","coordinates":[77.6307987,12.970023]},"properties":{"name":"Sadhana Eye Hospital, Bengaluru Urban","category":"hospital","agent":"Auto-ingested hospital facility mapped from OpenStreetMap."}},{"type":"Feature","geometry":{"type":"Point","coordinates":[77.5786096,12.938853]},"properties":{"name":"Av Hospital","category":"hospital","agent":"Auto-ingested hospital facility mapped from OpenStreetMap."}},{"type":"Feature","geometry":{"type":"Point","coordinates":[77.5602901,12.9632506]},"properties":{"name":"Balaji Hospital, K.H. Ranganath Colony","category":"hospital","agent":"Auto-ingested hospital facility mapped from OpenStreetMap."}},{"type":"Feature","geometry":{"type":"Point","coordinates":[77.6509675,13.0205082]},"properties":{"name":"Banasawadi Hospital","category":"hospital","agent":"Auto-ingested hospital facility mapped from OpenStreetMap."}},{"type":"Feature","geometry":{"type":"Point","coordinates":[77.6387729,13.0221036]},"properties":{"name":"Bangalore Eye Hospital And Retina Centre","category":"hospital","agent":"Auto-ingested hospital facility mapped from OpenStreetMap."}},{"type":"Feature","geometry":{"type":"Point","coordinates":[77.4800451,12.9110766]},"properties":{"name":"Belaku Eye Hospital","category":"hospital","agent":"Auto-ingested hospital facility mapped from OpenStreetMap."}},{"type":"Feature","geometry":{"type":"Point","coordinates":[77.5903161,12.9670615]},"properties":{"name":"Bhavatprabhu Hospitals Pvt Limited","category":"hospital","agent":"Auto-ingested hospital facility mapped from OpenStreetMap."}},{"type":"Feature","geometry":{"type":"Point","coordinates":[77.5419559,13.0195733]},"properties":{"name":"Raksha Multispeciality Hospital","category":"hospital","agent":"Auto-ingested hospital facility mapped from OpenStreetMap."}},{"type":"Feature","geometry":{"type":"Point","coordinates":[77.5773677,13.0983472]},"properties":{"name":"Prasad Hospital, Bengaluru Urban","category":"hospital","agent":"Auto-ingested hospital facility mapped from OpenStreetMap."}},{"type":"Feature","geometry":{"type":"Point","coordinates":[77.6126106,13.1215236]},"properties":{"name":"Saranalaya Hospital","category":"hospital","agent":"Auto-ingested hospital facility mapped from OpenStreetMap."}},{"type":"Feature","geometry":{"type":"Point","coordinates":[77.5764705,12.9403012]},"properties":{"name":"Gunasheela Surgical and Maternity Hospital","category":"hospital","agent":"Auto-ingested hospital facility mapped from OpenStreetMap."}},{"type":"Feature","geometry":{"type":"Point","coordinates":[77.5736019,12.9207314]},"properties":{"name":"Excel Care Hospital","category":"hospital","agent":"Auto-ingested hospital facility mapped from OpenStreetMap."}},{"type":"Feature","geometry":{"type":"Point","coordinates":[77.5819811,12.9292015]},"properties":{"name":"Vasan Eye Care Hospital, Jayanagar","category":"hospital","agent":"Auto-ingested hospital facility mapped from OpenStreetMap."}},{"type":"Feature","geometry":{"type":"Point","coordinates":[77.579028,12.9271389]},"properties":{"name":"Hi Tech Kidney Stone Hospital","category":"hospital","agent":"Auto-ingested hospital facility mapped from OpenStreetMap."}},{"type":"Feature","geometry":{"type":"Point","coordinates":[77.6207364,12.8981572]},"properties":{"name":"Srushti Hospital, Bengaluru Rural","category":"hospital","agent":"Auto-ingested hospital facility mapped from OpenStreetMap."}},{"type":"Feature","geometry":{"type":"Point","coordinates":[77.6005474,12.9004567]},"properties":{"name":"Parimala Speciality Hospital","category":"hospital","agent":"Auto-ingested hospital facility mapped from OpenStreetMap."}},{"type":"Feature","geometry":{"type":"Point","coordinates":[77.583809,12.8443653]},"properties":{"name":"Banashankari Hospital","category":"hospital","agent":"Auto-ingested hospital facility mapped from OpenStreetMap."}},{"type":"Feature","geometry":{"type":"Point","coordinates":[77.6354731,13.0138123]},"properties":{"name":"R K Hospital, Bengaluru Urban","category":"hospital","agent":"Auto-ingested hospital facility mapped from OpenStreetMap."}},{"type":"Feature","geometry":{"type":"Point","coordinates":[77.6079905,12.9356703]},"properties":{"name":"Prasad Eye Hospital, Bengaluru Urban","category":"hospital","agent":"Auto-ingested hospital facility mapped from OpenStreetMap."}},{"type":"Feature","geometry":{"type":"Point","coordinates":[77.5108275,12.9819768]},"properties":{"name":"Unity Lifline Hospital Pvt Ltd","category":"hospital","agent":"Auto-ingested hospital facility mapped from OpenStreetMap."}},{"type":"Feature","geometry":{"type":"Point","coordinates":[77.6681162,12.8548947]},"properties":{"name":"Anugrahaa Hospital","category":"hospital","agent":"Auto-ingested hospital facility mapped from OpenStreetMap."}},{"type":"Feature","geometry":{"type":"Point","coordinates":[77.5992653,13.0657486]},"properties":{"name":"Amrutha Hospital","category":"hospital","agent":"Auto-ingested hospital facility mapped from OpenStreetMap."}},{"type":"Feature","geometry":{"type":"Point","coordinates":[77.5207892,12.910823]},"properties":{"name":"Unity Hospital, Bengaluru Urban","category":"hospital","agent":"Auto-ingested hospital facility mapped from OpenStreetMap."}},{"type":"Feature","geometry":{"type":"Point","coordinates":[77.4784157,12.9085981]},"properties":{"name":"HK Hospital","category":"hospital","agent":"Auto-ingested hospital facility mapped from OpenStreetMap."}},{"type":"Feature","geometry":{"type":"Point","coordinates":[77.4794832,12.9868695]},"properties":{"name":"S.S.G. Hospital","category":"hospital","agent":"Auto-ingested hospital facility mapped from OpenStreetMap."}},{"type":"Feature","geometry":{"type":"Point","coordinates":[77.5830996,12.9563042]},"properties":{"name":"Bengaluru West Lions Hospital","category":"hospital","agent":"Auto-ingested hospital facility mapped from OpenStreetMap."}},{"type":"Feature","geometry":{"type":"Point","coordinates":[77.5371969,12.9716291]},"properties":{"name":"Vijayanagar Hospital","category":"hospital","agent":"Auto-ingested hospital facility mapped from OpenStreetMap."}},{"type":"Feature","geometry":{"type":"Point","coordinates":[77.5683897,12.9550181]},"properties":{"name":"Abhinava Eye Hospital","category":"hospital","agent":"Auto-ingested hospital facility mapped from OpenStreetMap."}},{"type":"Feature","geometry":{"type":"Point","coordinates":[77.5843965,12.9685305]},"properties":{"name":"Punarjyoti Eye Hospital, Bengaluru Urban","category":"hospital","agent":"Auto-ingested hospital facility mapped from OpenStreetMap."}},{"type":"Feature","geometry":{"type":"Point","coordinates":[77.6221479,13.0080166]},"properties":{"name":"Sundar Hospital","category":"hospital","agent":"Auto-ingested hospital facility mapped from OpenStreetMap."}},{"type":"Feature","geometry":{"type":"Point","coordinates":[77.6961802,13.0121705]},"properties":{"name":"Sri Ramakrishna Hospital, Bengaluru Urban","category":"hospital","agent":"Auto-ingested hospital facility mapped from OpenStreetMap."}},{"type":"Feature","geometry":{"type":"Point","coordinates":[77.5136653,13.0423919]},"properties":{"name":"Sri Venkateshwara Eye Hospital","category":"hospital","agent":"Auto-ingested hospital facility mapped from OpenStreetMap."}},{"type":"Feature","geometry":{"type":"Point","coordinates":[77.5973475,13.015884]},"properties":{"name":"V Care Hospital","category":"hospital","agent":"Auto-ingested hospital facility mapped from OpenStreetMap."}},{"type":"Feature","geometry":{"type":"Point","coordinates":[77.5315556,12.9601022]},"properties":{"name":"A.M. Hospital","category":"hospital","agent":"Auto-ingested hospital facility mapped from OpenStreetMap."}},{"type":"Feature","geometry":{"type":"Point","coordinates":[77.5352668,12.9586907]},"properties":{"name":"Divya Drishti Eye Hospital, Vijayanagar","category":"hospital","agent":"Auto-ingested hospital facility mapped from OpenStreetMap."}},{"type":"Feature","geometry":{"type":"Point","coordinates":[77.5217172,12.9617045]},"properties":{"name":"Shridevi Hospital, Bengaluru Urban","category":"hospital","agent":"Auto-ingested hospital facility mapped from OpenStreetMap."}},{"type":"Feature","geometry":{"type":"Point","coordinates":[77.6515616,13.0147224]},"properties":{"name":"Srinivasa Eye Hospital","category":"hospital","agent":"Auto-ingested hospital facility mapped from OpenStreetMap."}},{"type":"Feature","geometry":{"type":"Point","coordinates":[77.6743939,13.0112166]},"properties":{"name":"Spandana Hospital And Medical Centre","category":"hospital","agent":"Auto-ingested hospital facility mapped from OpenStreetMap."}},{"type":"Feature","geometry":{"type":"Point","coordinates":[77.5725357,12.9732706]},"properties":{"name":"Sreeniwasa Hospital","category":"hospital","agent":"Auto-ingested hospital facility mapped from OpenStreetMap."}},{"type":"Feature","geometry":{"type":"Point","coordinates":[77.5054027,13.0004769]},"properties":{"name":"K.T.G. Hospital","category":"hospital","agent":"Auto-ingested hospital facility mapped from OpenStreetMap."}},{"type":"Feature","geometry":{"type":"Point","coordinates":[77.6339279,12.8980516]},"properties":{"name":"Vasan Eye Care Hospital","category":"hospital","agent":"Auto-ingested hospital facility mapped from OpenStreetMap."}},{"type":"Feature","geometry":{"type":"Point","coordinates":[77.6321116,12.9709143]},"properties":{"name":"Health Cottage Hospital","category":"hospital","agent":"Auto-ingested hospital facility mapped from OpenStreetMap."}},{"type":"Feature","geometry":{"type":"Point","coordinates":[77.5473364,12.89708]},"properties":{"name":"Samastha Hospitals Pvt Ltd","category":"hospital","agent":"Auto-ingested hospital facility mapped from OpenStreetMap."}},{"type":"Feature","geometry":{"type":"Point","coordinates":[77.595128,13.0263344]},"properties":{"name":"Poornima Hospital","category":"hospital","agent":"Auto-ingested hospital facility mapped from OpenStreetMap."}},{"type":"Feature","geometry":{"type":"Point","coordinates":[77.7347061,13.0357404]},"properties":{"name":"S.N. Hospital","category":"hospital","agent":"Auto-ingested hospital facility mapped from OpenStreetMap."}},{"type":"Feature","geometry":{"type":"Point","coordinates":[77.633289,13.0328036]},"properties":{"name":"Good Shepherd Hospital","category":"hospital","agent":"Auto-ingested hospital facility mapped from OpenStreetMap."}},{"type":"Feature","geometry":{"type":"Point","coordinates":[77.6128413,12.9960196]},"properties":{"name":"Dr.Agarwal Eye Hospital, Frazer Town, Bangalore","category":"hospital","agent":"Auto-ingested hospital facility mapped from OpenStreetMap."}},{"type":"Feature","geometry":{"type":"Point","coordinates":[77.5744454,13.0377564]},"properties":{"name":"Mamta Hospital, Bengaluru Rural","category":"hospital","agent":"Auto-ingested hospital facility mapped from OpenStreetMap."}},{"type":"Feature","geometry":{"type":"Point","coordinates":[77.575065,13.0360827]},"properties":{"name":"S. J. Hospital","category":"hospital","agent":"Auto-ingested hospital facility mapped from OpenStreetMap."}},{"type":"Feature","geometry":{"type":"Point","coordinates":[77.5982255,12.964162]},"properties":{"name":"Republic Hospital","category":"hospital","agent":"Auto-ingested hospital facility mapped from OpenStreetMap."}},{"type":"Feature","geometry":{"type":"Point","coordinates":[77.5716318,12.9074269]},"properties":{"name":"R.R. Hospital and Trauma Centre","category":"hospital","agent":"Auto-ingested hospital facility mapped from OpenStreetMap."}},{"type":"Feature","geometry":{"type":"Point","coordinates":[77.7854079,13.074622]},"properties":{"name":"Ashwini Hospital","category":"hospital","agent":"Auto-ingested hospital facility mapped from OpenStreetMap."}},{"type":"Feature","geometry":{"type":"Point","coordinates":[77.7351701,13.0357169]},"properties":{"name":"Geetha Hospital","category":"hospital","agent":"Auto-ingested hospital facility mapped from OpenStreetMap."}},{"type":"Feature","geometry":{"type":"Point","coordinates":[77.6971089,13.0080397]},"properties":{"name":"Suresh Hospital, Bengaluru Urban","category":"hospital","agent":"Auto-ingested hospital facility mapped from OpenStreetMap."}},{"type":"Feature","geometry":{"type":"Point","coordinates":[77.6969567,13.0090854]},"properties":{"name":"Patil Hospital, Bengaluru Urban","category":"hospital","agent":"Auto-ingested hospital facility mapped from OpenStreetMap."}},{"type":"Feature","geometry":{"type":"Point","coordinates":[77.6659168,13.011968]},"properties":{"name":"Sri Sai Eye Hospital","category":"hospital","agent":"Auto-ingested hospital facility mapped from OpenStreetMap."}},{"type":"Feature","geometry":{"type":"Point","coordinates":[77.6209764,12.9543777]},"properties":{"name":"Sri Ram Speciality Hospital","category":"hospital","agent":"Auto-ingested hospital facility mapped from OpenStreetMap."}},{"type":"Feature","geometry":{"type":"Point","coordinates":[77.6354957,13.0149675]},"properties":{"name":"Zion Hospital And Research Centre Pvt.Ltd.","category":"hospital","agent":"Auto-ingested hospital facility mapped from OpenStreetMap."}},{"type":"Feature","geometry":{"type":"Point","coordinates":[77.5055636,13.0068811]},"properties":{"name":"Jai Maruthi Hospital","category":"hospital","agent":"Auto-ingested hospital facility mapped from OpenStreetMap."}},{"type":"Feature","geometry":{"type":"Point","coordinates":[77.5728562,12.9619528]},"properties":{"name":"Institute Of Nephro Urology hospital","category":"hospital","agent":"Auto-ingested hospital facility mapped from OpenStreetMap."}},{"type":"Feature","geometry":{"type":"Point","coordinates":[77.6224349,12.9425676]},"properties":{"name":"Well Spring hospital","category":"hospital","agent":"Auto-ingested hospital facility mapped from OpenStreetMap."}},{"type":"Feature","geometry":{"type":"Point","coordinates":[77.5502452,13.0105038]},"properties":{"name":"Aaroyha Mandir Hospital","category":"hospital","agent":"Auto-ingested hospital facility mapped from OpenStreetMap."}},{"type":"Feature","geometry":{"type":"Point","coordinates":[77.5374853,12.9862161]},"properties":{"name":"Punya Hospital, Bengaluru Urban","category":"hospital","agent":"Auto-ingested hospital facility mapped from OpenStreetMap."}},{"type":"Feature","geometry":{"type":"Point","coordinates":[77.48376,12.9418827]},"properties":{"name":"Vijaya Hospital, Bengaluru Urban","category":"hospital","agent":"Auto-ingested hospital facility mapped from OpenStreetMap."}},{"type":"Feature","geometry":{"type":"Point","coordinates":[77.5261763,12.9761802]},"properties":{"name":"Sandhyashree Hospital","category":"hospital","agent":"Auto-ingested hospital facility mapped from OpenStreetMap."}},{"type":"Feature","geometry":{"type":"Point","coordinates":[77.6614188,13.0276736]},"properties":{"name":"Dr. Sailaja's Super Speciality Eye Hospital","category":"hospital","agent":"Auto-ingested hospital facility mapped from OpenStreetMap."}},{"type":"Feature","geometry":{"type":"Point","coordinates":[77.5589544,12.9162753]},"properties":{"name":"Hillside Hospital","category":"hospital","agent":"Auto-ingested hospital facility mapped from OpenStreetMap."}},{"type":"Feature","geometry":{"type":"Point","coordinates":[77.5926509,12.9646359]},"properties":{"name":"Pd Hinduja Sindhi Hospital","category":"hospital","agent":"Auto-ingested hospital facility mapped from OpenStreetMap."}},{"type":"Feature","geometry":{"type":"Point","coordinates":[77.5115959,12.978053]},"properties":{"name":"Brinda Hospital","category":"hospital","agent":"Auto-ingested hospital facility mapped from OpenStreetMap."}},{"type":"Feature","geometry":{"type":"Point","coordinates":[77.4918039,12.95119]},"properties":{"name":"Sankalpa Hospital","category":"hospital","agent":"Auto-ingested hospital facility mapped from OpenStreetMap."}},{"type":"Feature","geometry":{"type":"Point","coordinates":[77.5108503,12.9705902]},"properties":{"name":"Deepashri Hospital","category":"hospital","agent":"Auto-ingested hospital facility mapped from OpenStreetMap."}},{"type":"Feature","geometry":{"type":"Point","coordinates":[77.5549364,12.9817233]},"properties":{"name":"Rotary Eye Hospital (A Unit Of Bangalore North Rotary Trust)","category":"hospital","agent":"Auto-ingested hospital facility mapped from OpenStreetMap."}},{"type":"Feature","geometry":{"type":"Point","coordinates":[77.5567093,13.0218344]},"properties":{"name":"Acharya Tulsi Jain Hospital","category":"hospital","agent":"Auto-ingested hospital facility mapped from OpenStreetMap."}},{"type":"Feature","geometry":{"type":"Point","coordinates":[77.61503,12.9526616]},"properties":{"name":"Get Well Hospital","category":"hospital","agent":"Auto-ingested hospital facility mapped from OpenStreetMap."}},{"type":"Feature","geometry":{"type":"Point","coordinates":[77.5960574,13.0241863]},"properties":{"name":"Premier Hospital","category":"hospital","agent":"Auto-ingested hospital facility mapped from OpenStreetMap."}},{"type":"Feature","geometry":{"type":"Point","coordinates":[77.5461146,13.0001802]},"properties":{"name":"Gurukripa Hospital and Health Care Centre","category":"hospital","agent":"Auto-ingested hospital facility mapped from OpenStreetMap."}},{"type":"Feature","geometry":{"type":"Point","coordinates":[77.6771966,13.0113204]},"properties":{"name":"Little Flower Hospital","category":"hospital","agent":"Auto-ingested hospital facility mapped from OpenStreetMap."}},{"type":"Feature","geometry":{"type":"Point","coordinates":[77.5755649,12.9543465]},"properties":{"name":"Venkateswara Hospital, Bengaluru Urban","category":"hospital","agent":"Auto-ingested hospital facility mapped from OpenStreetMap."}},{"type":"Feature","geometry":{"type":"Point","coordinates":[77.5222108,13.0093599]},"properties":{"name":"Sai Baba Hospital","category":"hospital","agent":"Auto-ingested hospital facility mapped from OpenStreetMap."}},{"type":"Feature","geometry":{"type":"Point","coordinates":[77.5612113,12.8914666]},"properties":{"name":"Metro Hospital, Bengaluru Rural","category":"hospital","agent":"Auto-ingested hospital facility mapped from OpenStreetMap."}},{"type":"Feature","geometry":{"type":"Point","coordinates":[77.5429603,12.9783164]},"properties":{"name":"Madhu Hospital, Bengaluru Urban","category":"hospital","agent":"Auto-ingested hospital facility mapped from OpenStreetMap."}},{"type":"Feature","geometry":{"type":"Point","coordinates":[77.6196139,13.0236062]},"properties":{"name":"Al- Habeeb Hospital","category":"hospital","agent":"Auto-ingested hospital facility mapped from OpenStreetMap."}},{"type":"Feature","geometry":{"type":"Point","coordinates":[77.7855326,13.074057]},"properties":{"name":"Sri Srinivasa Hospital, Bengaluru Rural","category":"hospital","agent":"Auto-ingested hospital facility mapped from OpenStreetMap."}},{"type":"Feature","geometry":{"type":"Point","coordinates":[77.6065864,12.9439008]},"properties":{"name":"Santhigiri Ayurveda and Siddha Hospital, Bengaluru Urban","category":"hospital","agent":"Auto-ingested hospital facility mapped from OpenStreetMap."}},{"type":"Feature","geometry":{"type":"Point","coordinates":[77.6793137,13.0123129]},"properties":{"name":"St. Anne's Pre-University College For Girls","category":"education","agent":"Auto-ingested education facility mapped from OpenStreetMap."}},{"type":"Feature","geometry":{"type":"Point","coordinates":[77.5855204,12.9554323]},"properties":{"name":"Ivision Information Technologies Pvt. Ltd.","category":"corporate","agent":"Auto-ingested corporate facility mapped from OpenStreetMap."}},{"type":"Feature","geometry":{"type":"Point","coordinates":[77.6807872,12.9721779]},"properties":{"name":"Venus MultiSpeciality Hospital","category":"hospital","agent":"Auto-ingested hospital facility mapped from OpenStreetMap."}},{"type":"Feature","geometry":{"type":"Point","coordinates":[77.5660381,12.9738299]},"properties":{"name":"Karnataka State Government Medical Officers Association","category":"civic","agent":"Auto-ingested civic facility mapped from OpenStreetMap."}},{"type":"Feature","geometry":{"type":"Point","coordinates":[77.5936252,12.9218542]},"properties":{"name":"Eynos Business Solution","category":"corporate","agent":"Auto-ingested corporate facility mapped from OpenStreetMap."}},{"type":"Feature","geometry":{"type":"Point","coordinates":[77.6369007,12.9668354]},"properties":{"name":"Lavonne Academy of Baking Science and Pastry Arts","category":"education","agent":"Auto-ingested education facility mapped from OpenStreetMap."}},{"type":"Feature","geometry":{"type":"Point","coordinates":[77.6244654,12.9102142]},"properties":{"name":"Roopena Agrahara Government Hospital","category":"hospital","agent":"Auto-ingested hospital facility mapped from OpenStreetMap."}},{"type":"Feature","geometry":{"type":"Point","coordinates":[77.736038,12.922327]},"properties":{"name":"Government Hospital, Gunjur","category":"hospital","agent":"Auto-ingested hospital facility mapped from OpenStreetMap."}},{"type":"Feature","geometry":{"type":"Point","coordinates":[77.483923,13.031132]},"properties":{"name":"Thippenalli Government Hospital","category":"hospital","agent":"Auto-ingested hospital facility mapped from OpenStreetMap."}},{"type":"Feature","geometry":{"type":"Point","coordinates":[77.5231852,13.009817]},"properties":{"name":"Laggere Government Hospital","category":"hospital","agent":"Auto-ingested hospital facility mapped from OpenStreetMap."}},{"type":"Feature","geometry":{"type":"Point","coordinates":[77.7169887,13.0164321]},"properties":{"name":"Seegehalli Government Hospital","category":"hospital","agent":"Auto-ingested hospital facility mapped from OpenStreetMap."}},{"type":"Feature","geometry":{"type":"Point","coordinates":[77.4751834,12.9629127]},"properties":{"name":"Ullalu Government Hospital","category":"hospital","agent":"Auto-ingested hospital facility mapped from OpenStreetMap."}},{"type":"Feature","geometry":{"type":"Point","coordinates":[77.5694167,12.993382]},"properties":{"name":"K.C. General Hospital","category":"hospital","agent":"Auto-ingested hospital facility mapped from OpenStreetMap."}},{"type":"Feature","geometry":{"type":"Point","coordinates":[77.744809,13.1376521]},"properties":{"name":"Government Hospital, Budigere","category":"hospital","agent":"Auto-ingested hospital facility mapped from OpenStreetMap."}},{"type":"Feature","geometry":{"type":"Point","coordinates":[77.510442,13.049152]},"properties":{"name":"NELAMAHESHWARI Government Hospital","category":"hospital","agent":"Auto-ingested hospital facility mapped from OpenStreetMap."}},{"type":"Feature","geometry":{"type":"Point","coordinates":[77.6329103,13.0701337]},"properties":{"name":"Sai Hospital","category":"hospital","agent":"Auto-ingested hospital facility mapped from OpenStreetMap."}},{"type":"Feature","geometry":{"type":"Point","coordinates":[77.4927128,12.9358669]},"properties":{"name":"Sree Ranga Hospital","category":"hospital","agent":"Auto-ingested hospital facility mapped from OpenStreetMap."}},{"type":"Feature","geometry":{"type":"Point","coordinates":[77.6085263,13.0324318]},"properties":{"name":"Cure Hospital","category":"hospital","agent":"Auto-ingested hospital facility mapped from OpenStreetMap."}},{"type":"Feature","geometry":{"type":"Point","coordinates":[77.6146442,12.9102888]},"properties":{"name":"MIMSYS Technologies Pvt. Ltd.","category":"corporate","agent":"Auto-ingested corporate facility mapped from OpenStreetMap."}},{"type":"Feature","geometry":{"type":"Point","coordinates":[77.5412566,12.931298]},"properties":{"name":"Vittal Eye HOspital","category":"hospital","agent":"Auto-ingested hospital facility mapped from OpenStreetMap."}},{"type":"Feature","geometry":{"type":"Point","coordinates":[77.6177848,12.9240924]},"properties":{"name":"Chamundi Hi Tech Hospital","category":"hospital","agent":"Auto-ingested hospital facility mapped from OpenStreetMap."}},{"type":"Feature","geometry":{"type":"Point","coordinates":[77.7004289,13.006205]},"properties":{"name":"NMPC Hospital","category":"hospital","agent":"Auto-ingested hospital facility mapped from OpenStreetMap."}},{"type":"Feature","geometry":{"type":"Point","coordinates":[77.697197,13.0082031]},"properties":{"name":"R R Hospital","category":"hospital","agent":"Auto-ingested hospital facility mapped from OpenStreetMap."}},{"type":"Feature","geometry":{"type":"Point","coordinates":[77.6713322,12.9901305]},"properties":{"name":"Jeevan Hospital","category":"hospital","agent":"Auto-ingested hospital facility mapped from OpenStreetMap."}},{"type":"Feature","geometry":{"type":"Point","coordinates":[77.6709989,12.9946786]},"properties":{"name":"Vedam Ayurveda Multi Speciality Hospital","category":"hospital","agent":"Auto-ingested hospital facility mapped from OpenStreetMap."}},{"type":"Feature","geometry":{"type":"Point","coordinates":[77.6599575,13.0283977]},"properties":{"name":"Geriatric Hospitals","category":"hospital","agent":"Auto-ingested hospital facility mapped from OpenStreetMap."}},{"type":"Feature","geometry":{"type":"Point","coordinates":[77.6994046,13.0219523]},"properties":{"name":"Health Plus Multi Speciality Hospital","category":"hospital","agent":"Auto-ingested hospital facility mapped from OpenStreetMap."}},{"type":"Feature","geometry":{"type":"Point","coordinates":[77.671863,12.9966313]},"properties":{"name":"Pragathi Piles Hospital","category":"hospital","agent":"Auto-ingested hospital facility mapped from OpenStreetMap."}},{"type":"Feature","geometry":{"type":"Point","coordinates":[77.6741439,12.9895049]},"properties":{"name":"Mahaveer Hospitals","category":"hospital","agent":"Auto-ingested hospital facility mapped from OpenStreetMap."}},{"type":"Feature","geometry":{"type":"Point","coordinates":[77.6747693,13.033219]},"properties":{"name":"Eshawar HospItal","category":"hospital","agent":"Auto-ingested hospital facility mapped from OpenStreetMap."}},{"type":"Feature","geometry":{"type":"Point","coordinates":[77.675186,12.973637]},"properties":{"name":"Medihope Super Specialty Hospital","category":"hospital","agent":"Auto-ingested hospital facility mapped from OpenStreetMap."}},{"type":"Feature","geometry":{"type":"Point","coordinates":[77.676589,12.989869]},"properties":{"name":"Cure N Care Hospital","category":"hospital","agent":"Auto-ingested hospital facility mapped from OpenStreetMap."}},{"type":"Feature","geometry":{"type":"Point","coordinates":[77.6969464,13.0106539]},"properties":{"name":"Sad Bydya Shala Ayurvedic Hospital","category":"hospital","agent":"Auto-ingested hospital facility mapped from OpenStreetMap."}},{"type":"Feature","geometry":{"type":"Point","coordinates":[77.697361,13.011115]},"properties":{"name":"Sri Lakshmi Super Speciality Hospital","category":"hospital","agent":"Auto-ingested hospital facility mapped from OpenStreetMap."}},{"type":"Feature","geometry":{"type":"Point","coordinates":[77.6757833,12.991561]},"properties":{"name":"Prakruti Hospital","category":"hospital","agent":"Auto-ingested hospital facility mapped from OpenStreetMap."}},{"type":"Feature","geometry":{"type":"Point","coordinates":[77.534972,12.975501]},"properties":{"name":"Kamadhenu Hospital","category":"hospital","agent":"Auto-ingested hospital facility mapped from OpenStreetMap."}},{"type":"Feature","geometry":{"type":"Point","coordinates":[77.6422131,12.9688989]},"properties":{"name":"Dr. Rajesh Hospitals Eye and Dental","category":"hospital","agent":"Auto-ingested hospital facility mapped from OpenStreetMap."}},{"type":"Feature","geometry":{"type":"Point","coordinates":[77.653945,12.957269]},"properties":{"name":"OJUS Multi Speciality Hospital","category":"hospital","agent":"Auto-ingested hospital facility mapped from OpenStreetMap."}},{"type":"Feature","geometry":{"type":"Point","coordinates":[77.5289448,12.9835824]},"properties":{"name":"Benaka Hospital","category":"hospital","agent":"Auto-ingested hospital facility mapped from OpenStreetMap."}},{"type":"Feature","geometry":{"type":"Point","coordinates":[77.5342045,12.9744928]},"properties":{"name":"Goverment Hospital, Hosahalli","category":"hospital","agent":"Auto-ingested hospital facility mapped from OpenStreetMap."}},{"type":"Feature","geometry":{"type":"Point","coordinates":[77.6662889,12.9635299]},"properties":{"name":"Jhon's Medical Hospital","category":"hospital","agent":"Auto-ingested hospital facility mapped from OpenStreetMap."}},{"type":"Feature","geometry":{"type":"Point","coordinates":[77.5226459,12.96767]},"properties":{"name":"Vijaya Hospital","category":"hospital","agent":"Auto-ingested hospital facility mapped from OpenStreetMap."}},{"type":"Feature","geometry":{"type":"Point","coordinates":[77.5377684,12.9707429]},"properties":{"name":"Vidya Eye Hospital","category":"hospital","agent":"Auto-ingested hospital facility mapped from OpenStreetMap."}},{"type":"Feature","geometry":{"type":"Point","coordinates":[77.6418006,12.9555948]},"properties":{"name":"Shree Sai Speciality Hospital","category":"hospital","agent":"Auto-ingested hospital facility mapped from OpenStreetMap."}},{"type":"Feature","geometry":{"type":"Point","coordinates":[77.5222312,12.9615606]},"properties":{"name":"Shree Dhanvantari Ayurveda Hospital","category":"hospital","agent":"Auto-ingested hospital facility mapped from OpenStreetMap."}},{"type":"Feature","geometry":{"type":"Point","coordinates":[77.523151,12.961509]},"properties":{"name":"Srinivasam Cancer Care Multi Speciality Hospital","category":"hospital","agent":"Auto-ingested hospital facility mapped from OpenStreetMap."}},{"type":"Feature","geometry":{"type":"Point","coordinates":[77.6603768,12.9589495]},"properties":{"name":"Magdum Hospital","category":"hospital","agent":"Auto-ingested hospital facility mapped from OpenStreetMap."}},{"type":"Feature","geometry":{"type":"Point","coordinates":[77.6424996,12.9673428]},"properties":{"name":"Athoz Hospitals","category":"hospital","agent":"Auto-ingested hospital facility mapped from OpenStreetMap."}},{"type":"Feature","geometry":{"type":"Point","coordinates":[77.5548818,12.9802303]},"properties":{"name":"G.R. Hospital","category":"hospital","agent":"Auto-ingested hospital facility mapped from OpenStreetMap."}},{"type":"Feature","geometry":{"type":"Point","coordinates":[77.5358001,12.9754301]},"properties":{"name":"Sneha Horizon Hospital","category":"hospital","agent":"Auto-ingested hospital facility mapped from OpenStreetMap."}},{"type":"Feature","geometry":{"type":"Point","coordinates":[77.524492,12.968292]},"properties":{"name":"Jagjeevanram Hospital","category":"hospital","agent":"Auto-ingested hospital facility mapped from OpenStreetMap."}},{"type":"Feature","geometry":{"type":"Point","coordinates":[77.542325,12.974339]},"properties":{"name":"Kangroo Hospital","category":"hospital","agent":"Auto-ingested hospital facility mapped from OpenStreetMap."}},{"type":"Feature","geometry":{"type":"Point","coordinates":[77.553782,12.9757486]},"properties":{"name":"Abhinav Hospital","category":"hospital","agent":"Auto-ingested hospital facility mapped from OpenStreetMap."}},{"type":"Feature","geometry":{"type":"Point","coordinates":[77.534951,12.969102]},"properties":{"name":"Suhusannidhi Hospital","category":"hospital","agent":"Auto-ingested hospital facility mapped from OpenStreetMap."}},{"type":"Feature","geometry":{"type":"Point","coordinates":[77.5208943,12.9745497]},"properties":{"name":"Panchsheela Nagar Hospital","category":"hospital","agent":"Auto-ingested hospital facility mapped from OpenStreetMap."}},{"type":"Feature","geometry":{"type":"Point","coordinates":[77.6317545,12.9693009]},"properties":{"name":"ESIC Hospital","category":"hospital","agent":"Auto-ingested hospital facility mapped from OpenStreetMap."}},{"type":"Feature","geometry":{"type":"Point","coordinates":[77.5441641,12.9794315]},"properties":{"name":"Ammashrees Hospital","category":"hospital","agent":"Auto-ingested hospital facility mapped from OpenStreetMap."}},{"type":"Feature","geometry":{"type":"Point","coordinates":[77.64308,12.963951]},"properties":{"name":"Lohitha Hospital","category":"hospital","agent":"Auto-ingested hospital facility mapped from OpenStreetMap."}},{"type":"Feature","geometry":{"type":"Point","coordinates":[77.5015759,12.9679971]},"properties":{"name":"Revathi Hospital","category":"hospital","agent":"Auto-ingested hospital facility mapped from OpenStreetMap."}},{"type":"Feature","geometry":{"type":"Point","coordinates":[77.5188263,12.9637162]},"properties":{"name":"Shanthakumari Hospital","category":"hospital","agent":"Auto-ingested hospital facility mapped from OpenStreetMap."}},{"type":"Feature","geometry":{"type":"Point","coordinates":[77.524439,12.976379]},"properties":{"name":"Sumati Hospital","category":"hospital","agent":"Auto-ingested hospital facility mapped from OpenStreetMap."}},{"type":"Feature","geometry":{"type":"Point","coordinates":[77.6401572,12.9544981]},"properties":{"name":"Swasthya Hospitals","category":"hospital","agent":"Auto-ingested hospital facility mapped from OpenStreetMap."}},{"type":"Feature","geometry":{"type":"Point","coordinates":[77.5332834,12.9698787]},"properties":{"name":"Sastry Memorial Hospital","category":"hospital","agent":"Auto-ingested hospital facility mapped from OpenStreetMap."}},{"type":"Feature","geometry":{"type":"Point","coordinates":[77.6489078,12.8859649]},"properties":{"name":"Hospitec Multispeciality Hospital","category":"hospital","agent":"Auto-ingested hospital facility mapped from OpenStreetMap."}},{"type":"Feature","geometry":{"type":"Point","coordinates":[77.699385,12.808615]},"properties":{"name":"Global Speciality Hospital","category":"hospital","agent":"Auto-ingested hospital facility mapped from OpenStreetMap."}},{"type":"Feature","geometry":{"type":"Point","coordinates":[77.6122688,12.9056165]},"properties":{"name":"Sri Venkateswara Hospital","category":"hospital","agent":"Auto-ingested hospital facility mapped from OpenStreetMap."}},{"type":"Feature","geometry":{"type":"Point","coordinates":[77.607662,12.895426]},"properties":{"name":"Rajashri Grandhim Hospitals","category":"hospital","agent":"Auto-ingested hospital facility mapped from OpenStreetMap."}},{"type":"Feature","geometry":{"type":"Point","coordinates":[77.6040715,12.8908362]},"properties":{"name":"Goldage Hospital","category":"hospital","agent":"Auto-ingested hospital facility mapped from OpenStreetMap."}},{"type":"Feature","geometry":{"type":"Point","coordinates":[77.6953077,12.8350141]},"properties":{"name":"JJ Hospitals","category":"hospital","agent":"Auto-ingested hospital facility mapped from OpenStreetMap."}},{"type":"Feature","geometry":{"type":"Point","coordinates":[77.6567056,12.850377]},"properties":{"name":"Best E City Hospital","category":"hospital","agent":"Auto-ingested hospital facility mapped from OpenStreetMap."}},{"type":"Feature","geometry":{"type":"Point","coordinates":[77.678792,12.826249]},"properties":{"name":"Bhumika Hospital","category":"hospital","agent":"Auto-ingested hospital facility mapped from OpenStreetMap."}},{"type":"Feature","geometry":{"type":"Point","coordinates":[77.549675,12.93753]},"properties":{"name":"Vinayaka Hospital","category":"hospital","agent":"Auto-ingested hospital facility mapped from OpenStreetMap."}},{"type":"Feature","geometry":{"type":"Point","coordinates":[77.5790145,12.9633185]},"properties":{"name":"Unani Hospital","category":"hospital","agent":"Auto-ingested hospital facility mapped from OpenStreetMap."}},{"type":"Feature","geometry":{"type":"Point","coordinates":[77.5794387,12.9405198]},"properties":{"name":"Bangaluru Unani Hospital","category":"hospital","agent":"Auto-ingested hospital facility mapped from OpenStreetMap."}},{"type":"Feature","geometry":{"type":"Point","coordinates":[77.574203,12.953049]},"properties":{"name":"Medcare Hospital","category":"hospital","agent":"Auto-ingested hospital facility mapped from OpenStreetMap."}},{"type":"Feature","geometry":{"type":"Point","coordinates":[77.5601782,12.9417439]},"properties":{"name":"Sumanjara Hospital","category":"hospital","agent":"Auto-ingested hospital facility mapped from OpenStreetMap."}},{"type":"Feature","geometry":{"type":"Point","coordinates":[77.560893,12.961345]},"properties":{"name":"Corporation Hospital","category":"hospital","agent":"Auto-ingested hospital facility mapped from OpenStreetMap."}},{"type":"Feature","geometry":{"type":"Point","coordinates":[77.5712865,12.945591]},"properties":{"name":"Mitralaya Hospital","category":"hospital","agent":"Auto-ingested hospital facility mapped from OpenStreetMap."}},{"type":"Feature","geometry":{"type":"Point","coordinates":[77.553598,12.942076]},"properties":{"name":"People Tree Hospitals","category":"hospital","agent":"Auto-ingested hospital facility mapped from OpenStreetMap."}},{"type":"Feature","geometry":{"type":"Point","coordinates":[77.5580361,12.940404]},"properties":{"name":"Verna Hospital","category":"hospital","agent":"Auto-ingested hospital facility mapped from OpenStreetMap."}},{"type":"Feature","geometry":{"type":"Point","coordinates":[77.5573456,12.9587464]},"properties":{"name":"Government Hospital, Banglore","category":"hospital","agent":"Auto-ingested hospital facility mapped from OpenStreetMap."}},{"type":"Feature","geometry":{"type":"Point","coordinates":[77.6104334,12.9652304]},"properties":{"name":"Alisa Eye Hospital","category":"hospital","agent":"Auto-ingested hospital facility mapped from OpenStreetMap."}},{"type":"Feature","geometry":{"type":"Point","coordinates":[77.567404,12.945944]},"properties":{"name":"Shekhar Hospital","category":"hospital","agent":"Auto-ingested hospital facility mapped from OpenStreetMap."}},{"type":"Feature","geometry":{"type":"Point","coordinates":[77.5641917,12.9415883]},"properties":{"name":"Jeevini Sarvodaya Hospital","category":"hospital","agent":"Auto-ingested hospital facility mapped from OpenStreetMap."}},{"type":"Feature","geometry":{"type":"Point","coordinates":[77.554296,12.938787]},"properties":{"name":"Raghavendra Hospital","category":"hospital","agent":"Auto-ingested hospital facility mapped from OpenStreetMap."}},{"type":"Feature","geometry":{"type":"Point","coordinates":[77.563543,12.948971]},"properties":{"name":"Parameshwari Hospital","category":"hospital","agent":"Auto-ingested hospital facility mapped from OpenStreetMap."}},{"type":"Feature","geometry":{"type":"Point","coordinates":[77.5894756,12.9654649]},"properties":{"name":"Furtde Hospital","category":"hospital","agent":"Auto-ingested hospital facility mapped from OpenStreetMap."}},{"type":"Feature","geometry":{"type":"Point","coordinates":[77.5734571,12.9702549]},"properties":{"name":"Manavarthapet Pregnancy Hospital","category":"hospital","agent":"Auto-ingested hospital facility mapped from OpenStreetMap."}},{"type":"Feature","geometry":{"type":"Point","coordinates":[77.5796583,12.9434996]},"properties":{"name":"Trinity Hospital and Heart Foundation","category":"hospital","agent":"Auto-ingested hospital facility mapped from OpenStreetMap."}},{"type":"Feature","geometry":{"type":"Point","coordinates":[77.575634,12.9420276]},"properties":{"name":"Matha Pitha Hospital","category":"hospital","agent":"Auto-ingested hospital facility mapped from OpenStreetMap."}},{"type":"Feature","geometry":{"type":"Point","coordinates":[77.5609696,12.960972]},"properties":{"name":"Herige Hospital","category":"hospital","agent":"Auto-ingested hospital facility mapped from OpenStreetMap."}},{"type":"Feature","geometry":{"type":"Point","coordinates":[77.5999044,12.9654497]},"properties":{"name":"Gleneagles Global Hospitals","category":"hospital","agent":"Auto-ingested hospital facility mapped from OpenStreetMap."}},{"type":"Feature","geometry":{"type":"Point","coordinates":[77.589928,12.9658901]},"properties":{"name":"Punarjyoti Eye Hospital","category":"hospital","agent":"Auto-ingested hospital facility mapped from OpenStreetMap."}},{"type":"Feature","geometry":{"type":"Point","coordinates":[77.5696395,12.9479647]},"properties":{"name":"Swastik Eye Hospital","category":"hospital","agent":"Auto-ingested hospital facility mapped from OpenStreetMap."}},{"type":"Feature","geometry":{"type":"Point","coordinates":[77.5799015,12.9458294]},"properties":{"name":"Dave Gray Hospital","category":"hospital","agent":"Auto-ingested hospital facility mapped from OpenStreetMap."}},{"type":"Feature","geometry":{"type":"Point","coordinates":[77.5954946,12.9650303]},"properties":{"name":"Dr. Rudrappa's Hospital","category":"hospital","agent":"Auto-ingested hospital facility mapped from OpenStreetMap."}},{"type":"Feature","geometry":{"type":"Point","coordinates":[77.54091,13.081777]},"properties":{"name":"Aveksha Hospital","category":"hospital","agent":"Auto-ingested hospital facility mapped from OpenStreetMap."}},{"type":"Feature","geometry":{"type":"Point","coordinates":[77.6535352,13.0193799]},"properties":{"name":"Shishuka Children's Speciality Hospital","category":"hospital","agent":"Auto-ingested hospital facility mapped from OpenStreetMap."}},{"type":"Feature","geometry":{"type":"Point","coordinates":[77.6120857,13.0524836]},"properties":{"name":"Navya Hospital","category":"hospital","agent":"Auto-ingested hospital facility mapped from OpenStreetMap."}},{"type":"Feature","geometry":{"type":"Point","coordinates":[77.6041042,13.0528211]},"properties":{"name":"Icon Hospital","category":"hospital","agent":"Auto-ingested hospital facility mapped from OpenStreetMap."}},{"type":"Feature","geometry":{"type":"Point","coordinates":[77.6298629,13.0283463]},"properties":{"name":"Medicure Hospital","category":"hospital","agent":"Auto-ingested hospital facility mapped from OpenStreetMap."}},{"type":"Feature","geometry":{"type":"Point","coordinates":[77.6525909,13.0102697]},"properties":{"name":"Motherhood Women & Children Hospital","category":"hospital","agent":"Auto-ingested hospital facility mapped from OpenStreetMap."}},{"type":"Feature","geometry":{"type":"Point","coordinates":[77.5535728,13.0866852]},"properties":{"name":"Santhamma Hospital","category":"hospital","agent":"Auto-ingested hospital facility mapped from OpenStreetMap."}},{"type":"Feature","geometry":{"type":"Point","coordinates":[77.6302142,13.0263661]},"properties":{"name":"Feran Hospital","category":"hospital","agent":"Auto-ingested hospital facility mapped from OpenStreetMap."}},{"type":"Feature","geometry":{"type":"Point","coordinates":[77.6604049,13.0166883]},"properties":{"name":"Super Specialty Eye Hospital","category":"hospital","agent":"Auto-ingested hospital facility mapped from OpenStreetMap."}},{"type":"Feature","geometry":{"type":"Point","coordinates":[77.5455057,13.0885791]},"properties":{"name":"Shree Sai Hospital","category":"hospital","agent":"Auto-ingested hospital facility mapped from OpenStreetMap."}},{"type":"Feature","geometry":{"type":"Point","coordinates":[77.604213,13.065863]},"properties":{"name":"Axis Hospital","category":"hospital","agent":"Auto-ingested hospital facility mapped from OpenStreetMap."}},{"type":"Feature","geometry":{"type":"Point","coordinates":[77.647187,13.0188119]},"properties":{"name":"Anjani Women's Day Care Hospital","category":"hospital","agent":"Auto-ingested hospital facility mapped from OpenStreetMap."}},{"type":"Feature","geometry":{"type":"Point","coordinates":[77.5992844,13.0658472]},"properties":{"name":"Eswar Women and Day Care Hospital","category":"hospital","agent":"Auto-ingested hospital facility mapped from OpenStreetMap."}},{"type":"Feature","geometry":{"type":"Point","coordinates":[77.6281742,13.026989]},"properties":{"name":"CDEC Hospital","category":"hospital","agent":"Auto-ingested hospital facility mapped from OpenStreetMap."}},{"type":"Feature","geometry":{"type":"Point","coordinates":[77.620568,13.029101]},"properties":{"name":"Pranam Dental Hospital","category":"hospital","agent":"Auto-ingested hospital facility mapped from OpenStreetMap."}},{"type":"Feature","geometry":{"type":"Point","coordinates":[77.6476418,13.0109537]},"properties":{"name":"Milaan Hospital","category":"hospital","agent":"Auto-ingested hospital facility mapped from OpenStreetMap."}},{"type":"Feature","geometry":{"type":"Point","coordinates":[77.654053,13.020084]},"properties":{"name":"Cloudnine Hospital","category":"hospital","agent":"Auto-ingested hospital facility mapped from OpenStreetMap."}},{"type":"Feature","geometry":{"type":"Point","coordinates":[77.6027864,13.1051735]},"properties":{"name":"NDR Multi Speciality Hospital","category":"hospital","agent":"Auto-ingested hospital facility mapped from OpenStreetMap."}},{"type":"Feature","geometry":{"type":"Point","coordinates":[77.6176084,13.120977]},"properties":{"name":"Valens Hospitals","category":"hospital","agent":"Auto-ingested hospital facility mapped from OpenStreetMap."}},{"type":"Feature","geometry":{"type":"Point","coordinates":[77.5754898,13.1039081]},"properties":{"name":"Bengalure Hospital","category":"hospital","agent":"Auto-ingested hospital facility mapped from OpenStreetMap."}},{"type":"Feature","geometry":{"type":"Point","coordinates":[77.627895,13.102578]},"properties":{"name":"Amruth Hospital","category":"hospital","agent":"Auto-ingested hospital facility mapped from OpenStreetMap."}},{"type":"Feature","geometry":{"type":"Point","coordinates":[77.629478,13.121743]},"properties":{"name":"Saralaya Hospital","category":"hospital","agent":"Auto-ingested hospital facility mapped from OpenStreetMap."}},{"type":"Feature","geometry":{"type":"Point","coordinates":[77.59858,13.101335]},"properties":{"name":"Apurva Hospital","category":"hospital","agent":"Auto-ingested hospital facility mapped from OpenStreetMap."}},{"type":"Feature","geometry":{"type":"Point","coordinates":[77.6126077,13.1215701]},"properties":{"name":"Om Shakthi Hospital","category":"hospital","agent":"Auto-ingested hospital facility mapped from OpenStreetMap."}},{"type":"Feature","geometry":{"type":"Point","coordinates":[77.6278506,13.1025229]},"properties":{"name":"Shadab Hospital","category":"hospital","agent":"Auto-ingested hospital facility mapped from OpenStreetMap."}},{"type":"Feature","geometry":{"type":"Point","coordinates":[77.596219,13.098909]},"properties":{"name":"Jayalakshmi Hospital","category":"hospital","agent":"Auto-ingested hospital facility mapped from OpenStreetMap."}},{"type":"Feature","geometry":{"type":"Point","coordinates":[77.6250507,13.1215659]},"properties":{"name":"Sri Arogya Hospital","category":"hospital","agent":"Auto-ingested hospital facility mapped from OpenStreetMap."}},{"type":"Feature","geometry":{"type":"Point","coordinates":[77.6174817,13.1213668]},"properties":{"name":"Sapthagiri Hospital","category":"hospital","agent":"Auto-ingested hospital facility mapped from OpenStreetMap."}},{"type":"Feature","geometry":{"type":"Point","coordinates":[77.596139,13.0981485]},"properties":{"name":"Pavan Hospitals","category":"hospital","agent":"Auto-ingested hospital facility mapped from OpenStreetMap."}},{"type":"Feature","geometry":{"type":"Point","coordinates":[77.5804166,13.0938081]},"properties":{"name":"Kushi Hospital","category":"hospital","agent":"Auto-ingested hospital facility mapped from OpenStreetMap."}},{"type":"Feature","geometry":{"type":"Point","coordinates":[77.6727356,13.142831]},"properties":{"name":"Vikrant Hospital","category":"hospital","agent":"Auto-ingested hospital facility mapped from OpenStreetMap."}},{"type":"Feature","geometry":{"type":"Point","coordinates":[77.6297932,13.1026581]},"properties":{"name":"Varsha Hospital","category":"hospital","agent":"Auto-ingested hospital facility mapped from OpenStreetMap."}},{"type":"Feature","geometry":{"type":"Point","coordinates":[77.609021,12.925461]},"properties":{"name":"Lavis Hospital","category":"hospital","agent":"Auto-ingested hospital facility mapped from OpenStreetMap."}},{"type":"Feature","geometry":{"type":"Point","coordinates":[77.5724702,12.9215119]},"properties":{"name":"Sevakshetra Hospital","category":"hospital","agent":"Auto-ingested hospital facility mapped from OpenStreetMap."}},{"type":"Feature","geometry":{"type":"Point","coordinates":[77.5425258,12.9055752]},"properties":{"name":"Perfetual Help Hospital","category":"hospital","agent":"Auto-ingested hospital facility mapped from OpenStreetMap."}},{"type":"Feature","geometry":{"type":"Point","coordinates":[77.6045369,12.9136262]},"properties":{"name":"Marigold Hospital","category":"hospital","agent":"Auto-ingested hospital facility mapped from OpenStreetMap."}},{"type":"Feature","geometry":{"type":"Point","coordinates":[77.5622345,12.9334096]},"properties":{"name":"Bharathi Hospitals","category":"hospital","agent":"Auto-ingested hospital facility mapped from OpenStreetMap."}},{"type":"Feature","geometry":{"type":"Point","coordinates":[77.6198634,12.9239445]},"properties":{"name":"Devi Hospital","category":"hospital","agent":"Auto-ingested hospital facility mapped from OpenStreetMap."}},{"type":"Feature","geometry":{"type":"Point","coordinates":[77.565797,12.924153]},"properties":{"name":"Devagiri Hospital","category":"hospital","agent":"Auto-ingested hospital facility mapped from OpenStreetMap."}},{"type":"Feature","geometry":{"type":"Point","coordinates":[77.6034098,12.9159348]},"properties":{"name":"Pothys Hospital","category":"hospital","agent":"Auto-ingested hospital facility mapped from OpenStreetMap."}},{"type":"Feature","geometry":{"type":"Point","coordinates":[77.593019,12.916234]},"properties":{"name":"Center for Liver Disease Hospital","category":"hospital","agent":"Auto-ingested hospital facility mapped from OpenStreetMap."}},{"type":"Feature","geometry":{"type":"Point","coordinates":[77.5746118,12.920651]},"properties":{"name":"Sahasra Hospital","category":"hospital","agent":"Auto-ingested hospital facility mapped from OpenStreetMap."}},{"type":"Feature","geometry":{"type":"Point","coordinates":[77.6090995,12.9265183]},"properties":{"name":"Health India Hospital","category":"hospital","agent":"Auto-ingested hospital facility mapped from OpenStreetMap."}},{"type":"Feature","geometry":{"type":"Point","coordinates":[77.585258,12.916885]},"properties":{"name":"Apollo Cradle Maternity & Children's Hospital","category":"hospital","agent":"Auto-ingested hospital facility mapped from OpenStreetMap."}},{"type":"Feature","geometry":{"type":"Point","coordinates":[77.542548,12.906113]},"properties":{"name":"St. Martha's Hospital","category":"hospital","agent":"Auto-ingested hospital facility mapped from OpenStreetMap."}},{"type":"Feature","geometry":{"type":"Point","coordinates":[77.508044,12.969788]},"properties":{"name":"NRI Institute","category":"education","agent":"Auto-ingested education facility mapped from OpenStreetMap."}},{"type":"Feature","geometry":{"type":"Point","coordinates":[77.6430161,12.9776264]},"properties":{"name":"Tiara FBD infotech private limited","category":"corporate","agent":"Auto-ingested corporate facility mapped from OpenStreetMap."}},{"type":"Feature","geometry":{"type":"Point","coordinates":[77.5581038,13.0770012]},"properties":{"name":"Bangalore Healthcare Center Pranav Ayurveda Hospital","category":"hospital","agent":"Auto-ingested hospital facility mapped from OpenStreetMap."}},{"type":"Feature","geometry":{"type":"Point","coordinates":[77.5041964,13.0650144]},"properties":{"name":"Kruthika Hospital","category":"hospital","agent":"Auto-ingested hospital facility mapped from OpenStreetMap."}},{"type":"Feature","geometry":{"type":"Point","coordinates":[77.5329456,13.0559513]},"properties":{"name":"Fathima Hospital","category":"hospital","agent":"Auto-ingested hospital facility mapped from OpenStreetMap."}},{"type":"Feature","geometry":{"type":"Point","coordinates":[77.5231858,13.0280728]},"properties":{"name":"Esi Hospital Peenya 1st Stage","category":"hospital","agent":"Auto-ingested hospital facility mapped from OpenStreetMap."}},{"type":"Feature","geometry":{"type":"Point","coordinates":[77.5785238,13.0044307]},"properties":{"name":"Ramani Orthopaedic Hospital","category":"hospital","agent":"Auto-ingested hospital facility mapped from OpenStreetMap."}},{"type":"Feature","geometry":{"type":"Point","coordinates":[77.547749,13.004314]},"properties":{"name":"Atharva Ayurdhama Ayurvedic Hospital","category":"hospital","agent":"Auto-ingested hospital facility mapped from OpenStreetMap."}},{"type":"Feature","geometry":{"type":"Point","coordinates":[77.551173,12.998238]},"properties":{"name":"Poornayu Ayurveda Hospital","category":"hospital","agent":"Auto-ingested hospital facility mapped from OpenStreetMap."}},{"type":"Feature","geometry":{"type":"Point","coordinates":[77.5730038,12.9969996]},"properties":{"name":"Supra Diagnostics Spine Care And Ortho Care Hospital","category":"hospital","agent":"Auto-ingested hospital facility mapped from OpenStreetMap."}},{"type":"Feature","geometry":{"type":"Point","coordinates":[77.5693714,12.9960244]},"properties":{"name":"K.C.General Hospital","category":"hospital","agent":"Auto-ingested hospital facility mapped from OpenStreetMap."}},{"type":"Feature","geometry":{"type":"Point","coordinates":[77.5539007,12.9916924]},"properties":{"name":"ESIC Model Hospital","category":"hospital","agent":"Auto-ingested hospital facility mapped from OpenStreetMap."}},{"type":"Feature","geometry":{"type":"Point","coordinates":[77.5530924,12.9904985]},"properties":{"name":"Esi Hospital Bangalore","category":"hospital","agent":"Auto-ingested hospital facility mapped from OpenStreetMap."}},{"type":"Feature","geometry":{"type":"Point","coordinates":[77.5449837,13.0066617]},"properties":{"name":"Anupama College of Management And Science","category":"education","agent":"Auto-ingested education facility mapped from OpenStreetMap."}},{"type":"Feature","geometry":{"type":"Point","coordinates":[77.5661228,12.9900587]},"properties":{"name":"Government Pre University College","category":"education","agent":"Auto-ingested education facility mapped from OpenStreetMap."}},{"type":"Feature","geometry":{"type":"Point","coordinates":[77.7166625,12.9864281]},"properties":{"name":"GPUC-Gopalan PU College","category":"education","agent":"Auto-ingested education facility mapped from OpenStreetMap."}},{"type":"Feature","geometry":{"type":"Point","coordinates":[77.510375,12.979487]},"properties":{"name":"Bsv Pu College Malagala","category":"education","agent":"Auto-ingested education facility mapped from OpenStreetMap."}},{"type":"Feature","geometry":{"type":"Point","coordinates":[77.4824667,12.97713]},"properties":{"name":"East West College of Nursing And Management","category":"education","agent":"Auto-ingested education facility mapped from OpenStreetMap."}},{"type":"Feature","geometry":{"type":"Point","coordinates":[77.4825255,12.9764149]},"properties":{"name":"East West College of Pharmacy","category":"education","agent":"Auto-ingested education facility mapped from OpenStreetMap."}},{"type":"Feature","geometry":{"type":"Point","coordinates":[77.5856195,12.9686611]},"properties":{"name":"Global Institute of Medical Science","category":"education","agent":"Auto-ingested education facility mapped from OpenStreetMap."}},{"type":"Feature","geometry":{"type":"Point","coordinates":[77.54275,12.905931]},"properties":{"name":"G.r. Correspondence College","category":"education","agent":"Auto-ingested education facility mapped from OpenStreetMap."}},{"type":"Feature","geometry":{"type":"Point","coordinates":[77.5987712,12.976046]},"properties":{"name":"G7CR Technologies Pvt Ltd","category":"corporate","agent":"Auto-ingested corporate facility mapped from OpenStreetMap."}},{"type":"Feature","geometry":{"type":"Point","coordinates":[77.6186159,12.9305937]},"properties":{"name":"St. Johns hospital Emergency ward","category":"hospital","agent":"Auto-ingested hospital facility mapped from OpenStreetMap."}},{"type":"Feature","geometry":{"type":"Point","coordinates":[77.5992958,12.9114349]},"properties":{"name":"ONZE Technologies (India) Pvt Ltd","category":"corporate","agent":"Auto-ingested corporate facility mapped from OpenStreetMap."}},{"type":"Feature","geometry":{"type":"Point","coordinates":[77.4847891,12.9208444]},"properties":{"name":"Adarsh Hospital","category":"hospital","agent":"Auto-ingested hospital facility mapped from OpenStreetMap."}},{"type":"Feature","geometry":{"type":"Point","coordinates":[77.6311777,12.9005577]},"properties":{"name":"Mando Softtech India Pvt Ltd","category":"corporate","agent":"Auto-ingested corporate facility mapped from OpenStreetMap."}},{"type":"Feature","geometry":{"type":"Point","coordinates":[77.6398645,12.9743317]},"properties":{"name":"eAge technologies","category":"corporate","agent":"Auto-ingested corporate facility mapped from OpenStreetMap."}},{"type":"Feature","geometry":{"type":"Point","coordinates":[77.6316369,13.0544507]},"properties":{"name":"Shree Manyata Hospitals","category":"hospital","agent":"Auto-ingested hospital facility mapped from OpenStreetMap."}},{"type":"Feature","geometry":{"type":"Point","coordinates":[77.5971575,12.9355966]},"properties":{"name":"Kidwai Cancer Institute Radiation Block","category":"hospital","agent":"Auto-ingested hospital facility mapped from OpenStreetMap."}},{"type":"Feature","geometry":{"type":"Point","coordinates":[77.6439378,12.8474]},"properties":{"name":"Neo Hospital","category":"hospital","agent":"Auto-ingested hospital facility mapped from OpenStreetMap."}},{"type":"Feature","geometry":{"type":"Point","coordinates":[77.5482141,13.0015778]},"properties":{"name":"PRDC Infotech Pvt. Ltd.","category":"corporate","agent":"Auto-ingested corporate facility mapped from OpenStreetMap."}},{"type":"Feature","geometry":{"type":"Point","coordinates":[77.6930943,12.9843997]},"properties":{"name":"ARM Embedded Technologies Private Ltd.","category":"corporate","agent":"Auto-ingested corporate facility mapped from OpenStreetMap."}},{"type":"Feature","geometry":{"type":"Point","coordinates":[77.6644907,12.9784191]},"properties":{"name":"Infineon Technologies Semiconductor PVT LTD","category":"corporate","agent":"Auto-ingested corporate facility mapped from OpenStreetMap."}},{"type":"Feature","geometry":{"type":"Point","coordinates":[77.660771,12.9788874]},"properties":{"name":"Concur Technologies","category":"corporate","agent":"Auto-ingested corporate facility mapped from OpenStreetMap."}},{"type":"Feature","geometry":{"type":"Point","coordinates":[77.6328917,12.9283934]},"properties":{"name":"Wipro","category":"corporate","agent":"Auto-ingested corporate facility mapped from OpenStreetMap."}},{"type":"Feature","geometry":{"type":"Point","coordinates":[77.7046741,12.9365283]},"properties":{"name":"Maya Hospital","category":"hospital","agent":"Auto-ingested hospital facility mapped from OpenStreetMap."}},{"type":"Feature","geometry":{"type":"Point","coordinates":[77.6249914,12.9400712]},"properties":{"name":"Image Consulting Business Institute","category":"corporate","agent":"Auto-ingested corporate facility mapped from OpenStreetMap."}},{"type":"Feature","geometry":{"type":"Point","coordinates":[77.7305782,12.9563317]},"properties":{"name":"Siddanth Hospital","category":"hospital","agent":"Auto-ingested hospital facility mapped from OpenStreetMap."}},{"type":"Feature","geometry":{"type":"Point","coordinates":[77.5911015,12.921552]},"properties":{"name":"Sampratishta School of Fine Arts & Design","category":"education","agent":"Auto-ingested education facility mapped from OpenStreetMap."}},{"type":"Feature","geometry":{"type":"Point","coordinates":[77.6386458,12.909413]},"properties":{"name":"GroupCyber ID Technology","category":"corporate","agent":"Auto-ingested corporate facility mapped from OpenStreetMap."}},{"type":"Feature","geometry":{"type":"Point","coordinates":[77.618422,13.0438793]},"properties":{"name":"Legato Health Technologies","category":"corporate","agent":"Auto-ingested corporate facility mapped from OpenStreetMap."}},{"type":"Feature","geometry":{"type":"Point","coordinates":[77.5502801,12.9990996]},"properties":{"name":"Sri Aurobindo College","category":"education","agent":"Auto-ingested education facility mapped from OpenStreetMap."}},{"type":"Feature","geometry":{"type":"Point","coordinates":[77.5918691,13.0264468]},"properties":{"name":"The Bangalore School of Music","category":"education","agent":"Auto-ingested education facility mapped from OpenStreetMap."}},{"type":"Feature","geometry":{"type":"Point","coordinates":[77.5837058,13.0293422]},"properties":{"name":"Dairy Science College","category":"education","agent":"Auto-ingested education facility mapped from OpenStreetMap."}},{"type":"Feature","geometry":{"type":"Point","coordinates":[77.5898427,13.1265925]},"properties":{"name":"Manipal Law School, Bengaluru","category":"education","agent":"Auto-ingested education facility mapped from OpenStreetMap."}},{"type":"Feature","geometry":{"type":"Point","coordinates":[77.5904864,13.1264958]},"properties":{"name":"Manipal Institute of Technology, Bengaluru","category":"education","agent":"Auto-ingested education facility mapped from OpenStreetMap."}},{"type":"Feature","geometry":{"type":"Point","coordinates":[77.7105652,12.9779996]},"properties":{"name":"Three Tech Engineers","category":"corporate","agent":"Auto-ingested corporate facility mapped from OpenStreetMap."}},{"type":"Feature","geometry":{"type":"Point","coordinates":[77.599461,12.9156611]},"properties":{"name":"Infosys","category":"corporate","agent":"Auto-ingested corporate facility mapped from OpenStreetMap."}},{"type":"Feature","geometry":{"type":"Point","coordinates":[77.5896874,12.8582964]},"properties":{"name":"Dr. Ramanah Manohar College of Law","category":"education","agent":"Auto-ingested education facility mapped from OpenStreetMap."}},{"type":"Feature","geometry":{"type":"Point","coordinates":[77.7250444,12.9775048]},"properties":{"name":"Envision Technology Center","category":"corporate","agent":"Auto-ingested corporate facility mapped from OpenStreetMap."}},{"type":"Feature","geometry":{"type":"Point","coordinates":[77.7209919,12.9815089]},"properties":{"name":"SrijanTechnologies Bangalore","category":"corporate","agent":"Auto-ingested corporate facility mapped from OpenStreetMap."}},{"type":"Feature","geometry":{"type":"Point","coordinates":[77.7108661,12.9769121]},"properties":{"name":"Kamal Osman JamJoom Tech Services","category":"corporate","agent":"Auto-ingested corporate facility mapped from OpenStreetMap."}},{"type":"Feature","geometry":{"type":"Point","coordinates":[77.5808372,12.9369865]},"properties":{"name":"Infosys Science Foundation","category":"corporate","agent":"Auto-ingested corporate facility mapped from OpenStreetMap."}},{"type":"Feature","geometry":{"type":"Point","coordinates":[77.628791,13.048083]},"properties":{"name":"Suraksha Hospital","category":"hospital","agent":"Auto-ingested hospital facility mapped from OpenStreetMap."}},{"type":"Feature","geometry":{"type":"Point","coordinates":[77.6919057,12.9047743]},"properties":{"name":"RCS Tech LLP","category":"corporate","agent":"Auto-ingested corporate facility mapped from OpenStreetMap."}},{"type":"Feature","geometry":{"type":"Point","coordinates":[77.693674,12.9326381]},"properties":{"name":"Micron Technology Operations India","category":"corporate","agent":"Auto-ingested corporate facility mapped from OpenStreetMap."}},{"type":"Feature","geometry":{"type":"Point","coordinates":[77.6937522,12.9327355]},"properties":{"name":"HCL Technologies","category":"corporate","agent":"Auto-ingested corporate facility mapped from OpenStreetMap."}},{"type":"Feature","geometry":{"type":"Point","coordinates":[77.5832591,12.8826341]},"properties":{"name":"Hubnxtdoor","category":"corporate","agent":"Auto-ingested corporate facility mapped from OpenStreetMap."}},{"type":"Feature","geometry":{"type":"Point","coordinates":[77.5832416,12.8825933]},"properties":{"name":"Aishan Technologies India Pvt Ltd","category":"corporate","agent":"Auto-ingested corporate facility mapped from OpenStreetMap."}},{"type":"Feature","geometry":{"type":"Point","coordinates":[77.6151279,12.9793318]},"properties":{"name":"Hasnath College for Women","category":"education","agent":"Auto-ingested education facility mapped from OpenStreetMap."}},{"type":"Feature","geometry":{"type":"Point","coordinates":[77.6935086,12.9350904]},"properties":{"name":"Omega, Embassy Tech Square","category":"corporate","agent":"Auto-ingested corporate facility mapped from OpenStreetMap."}},{"type":"Feature","geometry":{"type":"Point","coordinates":[77.7006739,12.9692353]},"properties":{"name":"Srushti Degree College","category":"education","agent":"Auto-ingested education facility mapped from OpenStreetMap."}},{"type":"Feature","geometry":{"type":"Point","coordinates":[77.6491563,12.9144825]},"properties":{"name":"Lotus Hospital","category":"hospital","agent":"Auto-ingested hospital facility mapped from OpenStreetMap."}},{"type":"Feature","geometry":{"type":"Point","coordinates":[77.5744213,12.9970094]},"properties":{"name":"BBMP Citizen Services Center","category":"civic","agent":"Auto-ingested civic facility mapped from OpenStreetMap."}},{"type":"Feature","geometry":{"type":"Point","coordinates":[77.710205,12.9708811]},"properties":{"name":"Zebra Technologies","category":"corporate","agent":"Auto-ingested corporate facility mapped from OpenStreetMap."}},{"type":"Feature","geometry":{"type":"Point","coordinates":[77.5685644,12.9577538]},"properties":{"name":"Analytical Technologies","category":"corporate","agent":"Auto-ingested corporate facility mapped from OpenStreetMap."}},{"type":"Feature","geometry":{"type":"Point","coordinates":[77.5700275,12.9533506]},"properties":{"name":"South India Banks Staff Training College","category":"education","agent":"Auto-ingested education facility mapped from OpenStreetMap."}},{"type":"Feature","geometry":{"type":"Point","coordinates":[77.5702487,12.9486863]},"properties":{"name":"Intertec Technologies Limited","category":"corporate","agent":"Auto-ingested corporate facility mapped from OpenStreetMap."}},{"type":"Feature","geometry":{"type":"Point","coordinates":[77.6267398,13.0058168]},"properties":{"name":"Peniel Community College for Women","category":"education","agent":"Auto-ingested education facility mapped from OpenStreetMap."}},{"type":"Feature","geometry":{"type":"Point","coordinates":[77.6321772,12.914575]},"properties":{"name":"Greet Technologies","category":"corporate","agent":"Auto-ingested corporate facility mapped from OpenStreetMap."}},{"type":"Feature","geometry":{"type":"Point","coordinates":[77.6321989,12.9143533]},"properties":{"name":"Codilar Technologies Pvt Ltd","category":"corporate","agent":"Auto-ingested corporate facility mapped from OpenStreetMap."}},{"type":"Feature","geometry":{"type":"Point","coordinates":[77.6328301,12.9144762]},"properties":{"name":"Magnum Technologies","category":"corporate","agent":"Auto-ingested corporate facility mapped from OpenStreetMap."}},{"type":"Feature","geometry":{"type":"Point","coordinates":[77.6325055,12.9147669]},"properties":{"name":"Thumbay Technologies","category":"corporate","agent":"Auto-ingested corporate facility mapped from OpenStreetMap."}},{"type":"Feature","geometry":{"type":"Point","coordinates":[77.5695007,13.0015536]},"properties":{"name":"Nagarathna Srikantaiah Paramedical College","category":"education","agent":"Auto-ingested education facility mapped from OpenStreetMap."}},{"type":"Feature","geometry":{"type":"Point","coordinates":[77.6435889,12.9782618]},"properties":{"name":"Ayaans Hospital","category":"hospital","agent":"Auto-ingested hospital facility mapped from OpenStreetMap."}},{"type":"Feature","geometry":{"type":"Point","coordinates":[77.5450234,12.8784742]},"properties":{"name":"Zymus Hospitals","category":"hospital","agent":"Auto-ingested hospital facility mapped from OpenStreetMap."}},{"type":"Feature","geometry":{"type":"Point","coordinates":[77.5869281,12.906071]},"properties":{"name":"Cadabam's Hospitals","category":"hospital","agent":"Auto-ingested hospital facility mapped from OpenStreetMap."}},{"type":"Feature","geometry":{"type":"Point","coordinates":[77.577323,12.9066752]},"properties":{"name":"Hanatech Solutions Pvt Ltd","category":"corporate","agent":"Auto-ingested corporate facility mapped from OpenStreetMap."}},{"type":"Feature","geometry":{"type":"Point","coordinates":[77.6155077,12.9161025]},"properties":{"name":"Besant Technologies","category":"corporate","agent":"Auto-ingested corporate facility mapped from OpenStreetMap."}},{"type":"Feature","geometry":{"type":"Point","coordinates":[77.5990339,12.9164445]},"properties":{"name":"valtech","category":"corporate","agent":"Auto-ingested corporate facility mapped from OpenStreetMap."}},{"type":"Feature","geometry":{"type":"Point","coordinates":[77.693987,12.8350455]},"properties":{"name":"JJ Hospital","category":"hospital","agent":"Auto-ingested hospital facility mapped from OpenStreetMap."}},{"type":"Feature","geometry":{"type":"Point","coordinates":[77.5112481,12.9596032]},"properties":{"name":"Fortis Hospital, Nagarbhavi","category":"hospital","agent":"Auto-ingested hospital facility mapped from OpenStreetMap."}},{"type":"Feature","geometry":{"type":"Point","coordinates":[77.5962952,12.9807116]},"properties":{"name":"Commercial Court Complex","category":"civic","agent":"Auto-ingested civic facility mapped from OpenStreetMap."}},{"type":"Feature","geometry":{"type":"Point","coordinates":[77.5860405,13.058128]},"properties":{"name":"MEDSTAR Speciality Hospital","category":"hospital","agent":"Auto-ingested hospital facility mapped from OpenStreetMap."}},{"type":"Feature","geometry":{"type":"Point","coordinates":[77.6452144,12.9201025]},"properties":{"name":"NestAway Technologies","category":"corporate","agent":"Auto-ingested corporate facility mapped from OpenStreetMap."}},{"type":"Feature","geometry":{"type":"Point","coordinates":[77.6493687,12.9176716]},"properties":{"name":"Engoti Technologies","category":"corporate","agent":"Auto-ingested corporate facility mapped from OpenStreetMap."}},{"type":"Feature","geometry":{"type":"Point","coordinates":[77.6147113,12.9317175]},"properties":{"name":"Accenture BDC-14","category":"corporate","agent":"Auto-ingested corporate facility mapped from OpenStreetMap."}},{"type":"Feature","geometry":{"type":"Point","coordinates":[77.6075621,12.936851]},"properties":{"name":"Accenture BDC-9","category":"corporate","agent":"Auto-ingested corporate facility mapped from OpenStreetMap."}},{"type":"Feature","geometry":{"type":"Point","coordinates":[77.6868595,12.9249652]},"properties":{"name":"Honeywell Technology Solutions","category":"corporate","agent":"Auto-ingested corporate facility mapped from OpenStreetMap."}},{"type":"Feature","geometry":{"type":"Point","coordinates":[77.5948654,12.9874213]},"properties":{"name":"IDeA College","category":"education","agent":"Auto-ingested education facility mapped from OpenStreetMap."}},{"type":"Feature","geometry":{"type":"Point","coordinates":[77.5909142,12.9879659]},"properties":{"name":"St. Anne's PU College","category":"education","agent":"Auto-ingested education facility mapped from OpenStreetMap."}},{"type":"Feature","geometry":{"type":"Point","coordinates":[77.5861788,12.9736287]},"properties":{"name":"Government Science College","category":"education","agent":"Auto-ingested education facility mapped from OpenStreetMap."}},{"type":"Feature","geometry":{"type":"Point","coordinates":[77.5850362,12.9738939]},"properties":{"name":"Government Arts College","category":"education","agent":"Auto-ingested education facility mapped from OpenStreetMap."}},{"type":"Feature","geometry":{"type":"Point","coordinates":[77.5842717,12.975095]},"properties":{"name":"Central College","category":"education","agent":"Auto-ingested education facility mapped from OpenStreetMap."}},{"type":"Feature","geometry":{"type":"Point","coordinates":[77.5832927,12.980325]},"properties":{"name":"Maharani's Arts, Commerce and Management College","category":"education","agent":"Auto-ingested education facility mapped from OpenStreetMap."}},{"type":"Feature","geometry":{"type":"Point","coordinates":[77.583451,12.9775492]},"properties":{"name":"VHD Home Science College","category":"education","agent":"Auto-ingested education facility mapped from OpenStreetMap."}},{"type":"Feature","geometry":{"type":"Point","coordinates":[77.5839847,12.9795827]},"properties":{"name":"Maharani's Science College for Women","category":"education","agent":"Auto-ingested education facility mapped from OpenStreetMap."}},{"type":"Feature","geometry":{"type":"Point","coordinates":[77.6282837,12.9778346]},"properties":{"name":"Uvin Care Hospital","category":"hospital","agent":"Auto-ingested hospital facility mapped from OpenStreetMap."}},{"type":"Feature","geometry":{"type":"Point","coordinates":[77.6368614,12.8933895]},"properties":{"name":"Sai Sparsh Hospital","category":"hospital","agent":"Auto-ingested hospital facility mapped from OpenStreetMap."}},{"type":"Feature","geometry":{"type":"Point","coordinates":[77.6314701,12.916991]},"properties":{"name":"IBS Business Solutions","category":"corporate","agent":"Auto-ingested corporate facility mapped from OpenStreetMap."}},{"type":"Feature","geometry":{"type":"Point","coordinates":[77.5707809,12.9075935]},"properties":{"name":"Bengaluru City Hospital","category":"hospital","agent":"Auto-ingested hospital facility mapped from OpenStreetMap."}},{"type":"Feature","geometry":{"type":"Point","coordinates":[77.6145878,12.9971683]},"properties":{"name":"Aspire Hospital","category":"hospital","agent":"Auto-ingested hospital facility mapped from OpenStreetMap."}},{"type":"Feature","geometry":{"type":"Point","coordinates":[77.5863504,13.1277797]},"properties":{"name":"Nitte School of Architecture Planning & Design","category":"education","agent":"Auto-ingested education facility mapped from OpenStreetMap."}},{"type":"Feature","geometry":{"type":"Point","coordinates":[77.5868466,13.1303461]},"properties":{"name":"Nitte School of Fashion Technology and Interior Design","category":"education","agent":"Auto-ingested education facility mapped from OpenStreetMap."}},{"type":"Feature","geometry":{"type":"Point","coordinates":[77.5886518,13.1309703]},"properties":{"name":"NITTE School of Management","category":"education","agent":"Auto-ingested education facility mapped from OpenStreetMap."}},{"type":"Feature","geometry":{"type":"Point","coordinates":[77.5869191,13.1307666]},"properties":{"name":"Nitte College of Pharmaceutical Sciences","category":"education","agent":"Auto-ingested education facility mapped from OpenStreetMap."}},{"type":"Feature","geometry":{"type":"Point","coordinates":[77.550214,12.8835095]},"properties":{"name":"Dhee Hospital","category":"hospital","agent":"Auto-ingested hospital facility mapped from OpenStreetMap."}},{"type":"Feature","geometry":{"type":"Point","coordinates":[77.6769089,12.9994188]},"properties":{"name":"Lowry Adventist College And Group Of Institutions","category":"education","agent":"Auto-ingested education facility mapped from OpenStreetMap."}},{"type":"Feature","geometry":{"type":"Point","coordinates":[77.5692974,13.0075248]},"properties":{"name":"Wisdomleaf Technologies","category":"corporate","agent":"Auto-ingested corporate facility mapped from OpenStreetMap."}},{"type":"Feature","geometry":{"type":"Point","coordinates":[77.6481809,12.9240012]},"properties":{"name":"Sai Thunga Hospitals","category":"hospital","agent":"Auto-ingested hospital facility mapped from OpenStreetMap."}},{"type":"Feature","geometry":{"type":"Point","coordinates":[77.567378,13.098072]},"properties":{"name":"Esha Hospital","category":"hospital","agent":"Auto-ingested hospital facility mapped from OpenStreetMap."}},{"type":"Feature","geometry":{"type":"Point","coordinates":[77.6367793,12.9777914]},"properties":{"name":"Indian Institute of Fashion Technology","category":"education","agent":"Auto-ingested education facility mapped from OpenStreetMap."}},{"type":"Feature","geometry":{"type":"Point","coordinates":[77.6037517,12.9058817]},"properties":{"name":"Chirag Global Hospital","category":"hospital","agent":"Auto-ingested hospital facility mapped from OpenStreetMap."}},{"type":"Feature","geometry":{"type":"Point","coordinates":[77.5874562,13.0612215]},"properties":{"name":"Cauvery First Grade college","category":"education","agent":"Auto-ingested education facility mapped from OpenStreetMap."}},{"type":"Feature","geometry":{"type":"Point","coordinates":[77.592227,13.0624568]},"properties":{"name":"Manipal Hospital OPD","category":"hospital","agent":"Auto-ingested hospital facility mapped from OpenStreetMap."}},{"type":"Feature","geometry":{"type":"Point","coordinates":[77.6308206,12.9292846]},"properties":{"name":"VirtuBox Infotech Pvt Ltd","category":"corporate","agent":"Auto-ingested corporate facility mapped from OpenStreetMap."}},{"type":"Feature","geometry":{"type":"Point","coordinates":[77.5545009,13.0065047]},"properties":{"name":"PMC Hospital","category":"hospital","agent":"Auto-ingested hospital facility mapped from OpenStreetMap."}},{"type":"Feature","geometry":{"type":"Point","coordinates":[77.5550964,12.9988382]},"properties":{"name":"New Varalakshmi Hospital","category":"hospital","agent":"Auto-ingested hospital facility mapped from OpenStreetMap."}},{"type":"Feature","geometry":{"type":"Point","coordinates":[77.6292337,13.001194]},"properties":{"name":"WorldSource Infotech","category":"corporate","agent":"Auto-ingested corporate facility mapped from OpenStreetMap."}},{"type":"Feature","geometry":{"type":"Point","coordinates":[77.5215723,13.0378544]},"properties":{"name":"GPS Institute of Agricultural Management","category":"education","agent":"Auto-ingested education facility mapped from OpenStreetMap."}},{"type":"Feature","geometry":{"type":"Point","coordinates":[77.50291,13.0473955]},"properties":{"name":"Sacred Heart College of Nursing","category":"education","agent":"Auto-ingested education facility mapped from OpenStreetMap."}},{"type":"Feature","geometry":{"type":"Point","coordinates":[77.7273354,12.9883802]},"properties":{"name":"Sasmos Het Technologies Limited","category":"corporate","agent":"Auto-ingested corporate facility mapped from OpenStreetMap."}},{"type":"Feature","geometry":{"type":"Point","coordinates":[77.6068343,12.9368197]},"properties":{"name":"Brillio Technologies Pvt Ltd","category":"corporate","agent":"Auto-ingested corporate facility mapped from OpenStreetMap."}},{"type":"Feature","geometry":{"type":"Point","coordinates":[77.4809643,12.915418]},"properties":{"name":"Seshadripuram Independent Pre-University College","category":"education","agent":"Auto-ingested education facility mapped from OpenStreetMap."}},{"type":"Feature","geometry":{"type":"Point","coordinates":[77.4811537,12.9155804]},"properties":{"name":"Seshadripuram Academy of Business Studies","category":"education","agent":"Auto-ingested education facility mapped from OpenStreetMap."}},{"type":"Feature","geometry":{"type":"Point","coordinates":[77.5536287,13.002768]},"properties":{"name":"Apollo Cradle Children's Hospital","category":"hospital","agent":"Auto-ingested hospital facility mapped from OpenStreetMap."}},{"type":"Feature","geometry":{"type":"Point","coordinates":[77.5930638,13.0620051]},"properties":{"name":"Motherhood Children's Hospital","category":"hospital","agent":"Auto-ingested hospital facility mapped from OpenStreetMap."}},{"type":"Feature","geometry":{"type":"Point","coordinates":[77.5990105,12.9732274]},"properties":{"name":"Bhoruka Park Pvt. Ltd.","category":"corporate","agent":"Auto-ingested corporate facility mapped from OpenStreetMap."}},{"type":"Feature","geometry":{"type":"Point","coordinates":[77.5914802,12.9906736]},"properties":{"name":"UltraTech Cement","category":"corporate","agent":"Auto-ingested corporate facility mapped from OpenStreetMap."}},{"type":"Feature","geometry":{"type":"Point","coordinates":[77.5852812,12.9790145]},"properties":{"name":"Government Institute of Printing Technology","category":"education","agent":"Auto-ingested education facility mapped from OpenStreetMap."}},{"type":"Feature","geometry":{"type":"Point","coordinates":[77.5816294,12.9747615]},"properties":{"name":"University Law College","category":"education","agent":"Auto-ingested education facility mapped from OpenStreetMap."}},{"type":"Feature","geometry":{"type":"Point","coordinates":[77.6515698,12.8728525]},"properties":{"name":"Abiramm Hospital","category":"hospital","agent":"Auto-ingested hospital facility mapped from OpenStreetMap."}},{"type":"Feature","geometry":{"type":"Point","coordinates":[77.6542581,12.871395]},"properties":{"name":"Sri Sai Hospital","category":"hospital","agent":"Auto-ingested hospital facility mapped from OpenStreetMap."}},{"type":"Feature","geometry":{"type":"Point","coordinates":[77.6505317,12.8892622]},"properties":{"name":"Raksha Hospital","category":"hospital","agent":"Auto-ingested hospital facility mapped from OpenStreetMap."}},{"type":"Feature","geometry":{"type":"Point","coordinates":[77.651729,12.9693937]},"properties":{"name":"Ararat Technologies","category":"corporate","agent":"Auto-ingested corporate facility mapped from OpenStreetMap."}},{"type":"Feature","geometry":{"type":"Point","coordinates":[77.6576221,12.9713403]},"properties":{"name":"KPIT Technologies","category":"corporate","agent":"Auto-ingested corporate facility mapped from OpenStreetMap."}},{"type":"Feature","geometry":{"type":"Point","coordinates":[77.6109015,12.9658506]},"properties":{"name":"St Philomenas Hospital OPD Building","category":"hospital","agent":"Auto-ingested hospital facility mapped from OpenStreetMap."}},{"type":"Feature","geometry":{"type":"Point","coordinates":[77.6150393,12.9303897]},"properties":{"name":"Tricon InfoTech Pvt. Ltd.","category":"corporate","agent":"Auto-ingested corporate facility mapped from OpenStreetMap."}},{"type":"Feature","geometry":{"type":"Point","coordinates":[77.5366254,12.9735547]},"properties":{"name":"BBMP","category":"civic","agent":"Auto-ingested civic facility mapped from OpenStreetMap."}},{"type":"Feature","geometry":{"type":"Point","coordinates":[77.5382536,12.9744024]},"properties":{"name":"BBMP Street Light Center","category":"civic","agent":"Auto-ingested civic facility mapped from OpenStreetMap."}},{"type":"Feature","geometry":{"type":"Point","coordinates":[77.5358965,12.9754354]},"properties":{"name":"Hiremath Hospital","category":"hospital","agent":"Auto-ingested hospital facility mapped from OpenStreetMap."}},{"type":"Feature","geometry":{"type":"Point","coordinates":[77.6075693,12.9962739]},"properties":{"name":"Gawai Hospital","category":"hospital","agent":"Auto-ingested hospital facility mapped from OpenStreetMap."}},{"type":"Feature","geometry":{"type":"Point","coordinates":[77.7500478,12.9678752]},"properties":{"name":"Dr. Agarwal's Eye Hospital","category":"hospital","agent":"Auto-ingested hospital facility mapped from OpenStreetMap."}},{"type":"Feature","geometry":{"type":"Point","coordinates":[77.6296323,12.9342277]},"properties":{"name":"Beams Hospitals Private Limited","category":"hospital","agent":"Auto-ingested hospital facility mapped from OpenStreetMap."}},{"type":"Feature","geometry":{"type":"Point","coordinates":[77.7079091,12.8015345]},"properties":{"name":"Best Hospital","category":"hospital","agent":"Auto-ingested hospital facility mapped from OpenStreetMap."}},{"type":"Feature","geometry":{"type":"Point","coordinates":[77.5824398,12.9569057]},"properties":{"name":"H Siddiah Referral Hospital","category":"hospital","agent":"Auto-ingested hospital facility mapped from OpenStreetMap."}},{"type":"Feature","geometry":{"type":"Point","coordinates":[77.5539724,12.9937247]},"properties":{"name":"Jindal Charitable Hospital","category":"hospital","agent":"Auto-ingested hospital facility mapped from OpenStreetMap."}},{"type":"Feature","geometry":{"type":"Point","coordinates":[77.6143018,12.9644726]},"properties":{"name":"Hosmat Hospitals","category":"hospital","agent":"Auto-ingested hospital facility mapped from OpenStreetMap."}},{"type":"Feature","geometry":{"type":"Point","coordinates":[77.499694,12.9233711]},"properties":{"name":"RV University","category":"education","agent":"Auto-ingested education facility mapped from OpenStreetMap."}},{"type":"Feature","geometry":{"type":"Point","coordinates":[77.7472104,12.9388501]},"properties":{"name":"Sree Venkateshwara Hospital","category":"hospital","agent":"Auto-ingested hospital facility mapped from OpenStreetMap."}},{"type":"Feature","geometry":{"type":"Point","coordinates":[77.5764082,12.9296701]},"properties":{"name":"AMC Multispeciality Hospital","category":"hospital","agent":"Auto-ingested hospital facility mapped from OpenStreetMap."}},{"type":"Feature","geometry":{"type":"Point","coordinates":[77.4718966,12.9516069]},"properties":{"name":"Mount Carmel College of Nursing","category":"education","agent":"Auto-ingested education facility mapped from OpenStreetMap."}},{"type":"Feature","geometry":{"type":"Point","coordinates":[77.5848675,12.9405054]},"properties":{"name":"Big Hospitals","category":"hospital","agent":"Auto-ingested hospital facility mapped from OpenStreetMap."}},{"type":"Feature","geometry":{"type":"Point","coordinates":[77.7383003,12.9827818]},"properties":{"name":"HCL Tech","category":"corporate","agent":"Auto-ingested corporate facility mapped from OpenStreetMap."}},{"type":"Feature","geometry":{"type":"Point","coordinates":[77.731064,12.9568206]},"properties":{"name":"Ente Technologies, Inc.","category":"corporate","agent":"Auto-ingested corporate facility mapped from OpenStreetMap."}},{"type":"Feature","geometry":{"type":"Point","coordinates":[77.6597392,13.0058328]},"properties":{"name":"NASA Hospitals","category":"hospital","agent":"Auto-ingested hospital facility mapped from OpenStreetMap."}},{"type":"Feature","geometry":{"type":"Point","coordinates":[77.6449862,12.9149968]},"properties":{"name":"South Park Commons","category":"corporate","agent":"Auto-ingested corporate facility mapped from OpenStreetMap."}},{"type":"Feature","geometry":{"type":"Point","coordinates":[77.6094917,12.9142094]},"properties":{"name":"Cooling Technologies","category":"corporate","agent":"Auto-ingested corporate facility mapped from OpenStreetMap."}},{"type":"Feature","geometry":{"type":"Point","coordinates":[77.579739,13.077387]},"properties":{"name":"Institute of Agri-Business Management","category":"education","agent":"Auto-ingested education facility mapped from OpenStreetMap."}},{"type":"Feature","geometry":{"type":"Point","coordinates":[77.6385853,13.0219385]},"properties":{"name":"Bangalore Orthopeadic And Surgical Hospital","category":"hospital","agent":"Auto-ingested hospital facility mapped from OpenStreetMap."}},{"type":"Feature","geometry":{"type":"Point","coordinates":[77.5570151,12.9754949]},"properties":{"name":"Seshadripuram Commerce College","category":"education","agent":"Auto-ingested education facility mapped from OpenStreetMap."}},{"type":"Feature","geometry":{"type":"Point","coordinates":[77.5460762,12.9070989]},"properties":{"name":"Nano Hospitals","category":"hospital","agent":"Auto-ingested hospital facility mapped from OpenStreetMap."}},{"type":"Feature","geometry":{"type":"Point","coordinates":[77.6556289,13.0083281]},"properties":{"name":"Sansee Technologies","category":"corporate","agent":"Auto-ingested corporate facility mapped from OpenStreetMap."}},{"type":"Feature","geometry":{"type":"Point","coordinates":[77.7308598,12.9702309]},"properties":{"name":"Optimized Electrotech","category":"corporate","agent":"Auto-ingested corporate facility mapped from OpenStreetMap."}},{"type":"Feature","geometry":{"type":"Point","coordinates":[77.5985918,13.0536545]},"properties":{"name":"EnerMAN Technologies Pvt. Ltd.","category":"corporate","agent":"Auto-ingested corporate facility mapped from OpenStreetMap."}},{"type":"Feature","geometry":{"type":"Point","coordinates":[77.6745439,12.9259103]},"properties":{"name":"HEN Technologies","category":"corporate","agent":"Auto-ingested corporate facility mapped from OpenStreetMap."}},{"type":"Feature","geometry":{"type":"Point","coordinates":[77.7497856,12.9853202]},"properties":{"name":"BMW TechWorks India","category":"corporate","agent":"Auto-ingested corporate facility mapped from OpenStreetMap."}},{"type":"Feature","geometry":{"type":"Point","coordinates":[77.6969668,12.9372157]},"properties":{"name":"Bazaarvoice Technology India","category":"corporate","agent":"Auto-ingested corporate facility mapped from OpenStreetMap."}},{"type":"Feature","geometry":{"type":"Point","coordinates":[77.6852483,12.932315]},"properties":{"name":"Sakra World Hospital","category":"hospital","agent":"Auto-ingested hospital facility mapped from OpenStreetMap."}},{"type":"Feature","geometry":{"type":"Point","coordinates":[77.7166571,12.9865202]},"properties":{"name":"GCC-Gopalan College of Commerce","category":"education","agent":"Auto-ingested education facility mapped from OpenStreetMap."}},{"type":"Feature","geometry":{"type":"Point","coordinates":[77.7171122,12.9864718]},"properties":{"name":"GCEM-Gopalan College of Engineering and Management","category":"education","agent":"Auto-ingested education facility mapped from OpenStreetMap."}},{"type":"Feature","geometry":{"type":"Point","coordinates":[77.5098188,13.0189131]},"properties":{"name":"Enfireix Technologies Pvt Ltd.","category":"corporate","agent":"Auto-ingested corporate facility mapped from OpenStreetMap."}},{"type":"Feature","geometry":{"type":"Point","coordinates":[77.4856544,13.0841838]},"properties":{"name":"Acharya Institute of technology","category":"education","agent":"Auto-ingested education facility mapped from OpenStreetMap."}},{"type":"Feature","geometry":{"type":"Point","coordinates":[77.5380931,12.9857593]},"properties":{"name":"Shri Kalleshwara Techno Private Limited","category":"corporate","agent":"Auto-ingested corporate facility mapped from OpenStreetMap."}},{"type":"Feature","geometry":{"type":"Point","coordinates":[77.5769836,12.9496369]},"properties":{"name":"Jain college (CGS)","category":"education","agent":"Auto-ingested education facility mapped from OpenStreetMap."}},{"type":"Feature","geometry":{"type":"Point","coordinates":[77.6402789,13.0849778]},"properties":{"name":"Yenepoya College","category":"education","agent":"Auto-ingested education facility mapped from OpenStreetMap."}},{"type":"Feature","geometry":{"type":"Point","coordinates":[77.7326435,12.9891224]},"properties":{"name":"Trintech Solutions","category":"corporate","agent":"Auto-ingested corporate facility mapped from OpenStreetMap."}},{"type":"Feature","geometry":{"type":"Point","coordinates":[77.5620847,12.8940033]},"properties":{"name":"R V College","category":"education","agent":"Auto-ingested education facility mapped from OpenStreetMap."}},{"type":"Feature","geometry":{"type":"Point","coordinates":[77.6135418,12.877246]},"properties":{"name":"Zigma Technologies","category":"corporate","agent":"Auto-ingested corporate facility mapped from OpenStreetMap."}},{"type":"Feature","geometry":{"type":"Point","coordinates":[77.6542531,12.8695143]},"properties":{"name":"Apollo Cradle & Children's Hospital","category":"hospital","agent":"Auto-ingested hospital facility mapped from OpenStreetMap."}},{"type":"Feature","geometry":{"type":"Point","coordinates":[77.7038312,12.9835894]},"properties":{"name":"FAB Global Business Service","category":"corporate","agent":"Auto-ingested corporate facility mapped from OpenStreetMap."}},{"type":"Feature","geometry":{"type":"Point","coordinates":[77.7043006,12.9836966]},"properties":{"name":"Synapse Techno Design","category":"corporate","agent":"Auto-ingested corporate facility mapped from OpenStreetMap."}},{"type":"Feature","geometry":{"type":"Point","coordinates":[77.7036676,12.9837933]},"properties":{"name":"HCL Techonlogies","category":"corporate","agent":"Auto-ingested corporate facility mapped from OpenStreetMap."}},{"type":"Feature","geometry":{"type":"Point","coordinates":[77.6631602,12.855088]},"properties":{"name":"Kauvery hospital","category":"hospital","agent":"Auto-ingested hospital facility mapped from OpenStreetMap."}},{"type":"Feature","geometry":{"type":"Point","coordinates":[77.6626868,13.0003096]},"properties":{"name":"BBMP CVR Office","category":"civic","agent":"Auto-ingested civic facility mapped from OpenStreetMap."}},{"type":"Feature","geometry":{"type":"Point","coordinates":[77.5971792,12.8872525]},"properties":{"name":"Mesa School of Business","category":"education","agent":"Auto-ingested education facility mapped from OpenStreetMap."}},{"type":"Feature","geometry":{"type":"Point","coordinates":[77.648516,13.059585]},"properties":{"name":"Sunshine Hospital","category":"hospital","agent":"Auto-ingested hospital facility mapped from OpenStreetMap."}},{"type":"Feature","geometry":{"type":"Point","coordinates":[77.5021489,12.953181]},"properties":{"name":"University Law College & Department Of Studies In Law","category":"education","agent":"Auto-ingested education facility mapped from OpenStreetMap."}},{"type":"Feature","geometry":{"type":"Point","coordinates":[77.64555,12.9072685]},"properties":{"name":"Ovum Women & Child Speciality Hospital","category":"hospital","agent":"Auto-ingested hospital facility mapped from OpenStreetMap."}},{"type":"Feature","geometry":{"type":"Point","coordinates":[77.750957,12.9849077]},"properties":{"name":"Celebal Technologies","category":"corporate","agent":"Auto-ingested corporate facility mapped from OpenStreetMap."}},{"type":"Feature","geometry":{"type":"Point","coordinates":[77.7511516,12.9848392]},"properties":{"name":"Vitanetwork Technologies","category":"corporate","agent":"Auto-ingested corporate facility mapped from OpenStreetMap."}},{"type":"Feature","geometry":{"type":"Point","coordinates":[77.7505027,12.9850677]},"properties":{"name":"Consuma Technologies","category":"corporate","agent":"Auto-ingested corporate facility mapped from OpenStreetMap."}},{"type":"Feature","geometry":{"type":"Point","coordinates":[77.6501575,12.9194451]},"properties":{"name":"Nous Infosystems","category":"corporate","agent":"Auto-ingested corporate facility mapped from OpenStreetMap."}},{"type":"Feature","geometry":{"type":"Point","coordinates":[77.6310153,12.916165]},"properties":{"name":"Reckonsys Tech Labs Pvt Ltd","category":"corporate","agent":"Auto-ingested corporate facility mapped from OpenStreetMap."}},{"type":"Feature","geometry":{"type":"Point","coordinates":[77.6013598,12.8657691]},"properties":{"name":"Maaruti Dental College Campus","category":"education","agent":"Auto-ingested education facility mapped from OpenStreetMap."}},{"type":"Feature","geometry":{"type":"Point","coordinates":[77.6023239,12.8958685]},"properties":{"name":"Indian Institute of Management Bangalore","category":"education","agent":"Auto-ingested education facility mapped from OpenStreetMap."}},{"type":"Feature","geometry":{"type":"Point","coordinates":[77.5850249,12.9114199]},"properties":{"name":"Aster RV Hospital","category":"hospital","agent":"Auto-ingested hospital facility mapped from OpenStreetMap."}},{"type":"Feature","geometry":{"type":"Point","coordinates":[77.6165297,12.9328424]},"properties":{"name":"Jyoti Nivas Women's College","category":"education","agent":"Auto-ingested education facility mapped from OpenStreetMap."}},{"type":"Feature","geometry":{"type":"Point","coordinates":[77.5963055,12.9210524]},"properties":{"name":"ME & WA College","category":"education","agent":"Auto-ingested education facility mapped from OpenStreetMap."}},{"type":"Feature","geometry":{"type":"Point","coordinates":[77.6461885,12.9779337]},"properties":{"name":"Chinmaya Mission Hospital","category":"hospital","agent":"Auto-ingested hospital facility mapped from OpenStreetMap."}},{"type":"Feature","geometry":{"type":"Point","coordinates":[77.6402949,13.038901]},"properties":{"name":"Sadupadesa College","category":"education","agent":"Auto-ingested education facility mapped from OpenStreetMap."}},{"type":"Feature","geometry":{"type":"Point","coordinates":[77.6388752,13.0364055]},"properties":{"name":"Asanath College","category":"education","agent":"Auto-ingested education facility mapped from OpenStreetMap."}},{"type":"Feature","geometry":{"type":"Point","coordinates":[77.5326462,13.0342791]},"properties":{"name":"Indian Plywood Industries Research and Training Institute","category":"education","agent":"Auto-ingested education facility mapped from OpenStreetMap."}},{"type":"Feature","geometry":{"type":"Point","coordinates":[77.5350017,13.0347813]},"properties":{"name":"National Institute of Design - NID R&D Campus","category":"education","agent":"Auto-ingested education facility mapped from OpenStreetMap."}},{"type":"Feature","geometry":{"type":"Point","coordinates":[77.6693003,13.063974]},"properties":{"name":"Shri Vidya Niketan School and College","category":"education","agent":"Auto-ingested education facility mapped from OpenStreetMap."}},{"type":"Feature","geometry":{"type":"Point","coordinates":[77.6538567,13.0618103]},"properties":{"name":"South Asia Institute of Advanced Christian Studies","category":"education","agent":"Auto-ingested education facility mapped from OpenStreetMap."}},{"type":"Feature","geometry":{"type":"Point","coordinates":[77.5675088,13.0301869]},"properties":{"name":"MS Ramaiah University","category":"education","agent":"Auto-ingested education facility mapped from OpenStreetMap."}},{"type":"Feature","geometry":{"type":"Point","coordinates":[77.6696022,13.0312504]},"properties":{"name":"Saint John's Academy of Management Studies","category":"education","agent":"Auto-ingested education facility mapped from OpenStreetMap."}},{"type":"Feature","geometry":{"type":"Point","coordinates":[77.6397006,13.0284669]},"properties":{"name":"Bangalore City College","category":"education","agent":"Auto-ingested education facility mapped from OpenStreetMap."}},{"type":"Feature","geometry":{"type":"Point","coordinates":[77.6401929,13.0266869]},"properties":{"name":"Indo Asian Academy of Management Studies","category":"education","agent":"Auto-ingested education facility mapped from OpenStreetMap."}},{"type":"Feature","geometry":{"type":"Point","coordinates":[77.5697431,12.9950532]},"properties":{"name":"K C General Hospital","category":"hospital","agent":"Auto-ingested hospital facility mapped from OpenStreetMap."}},{"type":"Feature","geometry":{"type":"Point","coordinates":[77.5857431,12.9708175]},"properties":{"name":"St Marthas Hospital","category":"hospital","agent":"Auto-ingested hospital facility mapped from OpenStreetMap."}},{"type":"Feature","geometry":{"type":"Point","coordinates":[77.585197,12.973065]},"properties":{"name":"Nrupathunga University","category":"education","agent":"Auto-ingested education facility mapped from OpenStreetMap."}},{"type":"Feature","geometry":{"type":"Point","coordinates":[77.5950421,12.9681553]},"properties":{"name":"Vydehi Superspeciality Hospital","category":"hospital","agent":"Auto-ingested hospital facility mapped from OpenStreetMap."}},{"type":"Feature","geometry":{"type":"Point","coordinates":[77.5873338,12.9641582]},"properties":{"name":"United Mission PUC and Degree College","category":"education","agent":"Auto-ingested education facility mapped from OpenStreetMap."}},{"type":"Feature","geometry":{"type":"Point","coordinates":[77.6051251,12.9337333]},"properties":{"name":"Christ University","category":"education","agent":"Auto-ingested education facility mapped from OpenStreetMap."}},{"type":"Feature","geometry":{"type":"Point","coordinates":[77.5811095,13.0130745]},"properties":{"name":"Raman Research Institute","category":"education","agent":"Auto-ingested education facility mapped from OpenStreetMap."}},{"type":"Feature","geometry":{"type":"Point","coordinates":[77.5829668,13.0009049]},"properties":{"name":"National Tuberculosis Institute","category":"education","agent":"Auto-ingested education facility mapped from OpenStreetMap."}},{"type":"Feature","geometry":{"type":"Point","coordinates":[77.5373063,13.0336385]},"properties":{"name":"Central Manufacturing Technology Institute","category":"education","agent":"Auto-ingested education facility mapped from OpenStreetMap."}},{"type":"Feature","geometry":{"type":"Point","coordinates":[77.4943559,13.1355146]},"properties":{"name":"Indian Institute of Horticultural Research","category":"education","agent":"Auto-ingested education facility mapped from OpenStreetMap."}},{"type":"Feature","geometry":{"type":"Point","coordinates":[77.5788375,12.9255074]},"properties":{"name":"National College Jayanagar","category":"education","agent":"Auto-ingested education facility mapped from OpenStreetMap."}},{"type":"Feature","geometry":{"type":"Point","coordinates":[77.5788669,12.9247333]},"properties":{"name":"National College","category":"education","agent":"Auto-ingested education facility mapped from OpenStreetMap."}},{"type":"Feature","geometry":{"type":"Point","coordinates":[77.592549,12.9261175]},"properties":{"name":"Jayanagar General Hospital","category":"hospital","agent":"Auto-ingested hospital facility mapped from OpenStreetMap."}},{"type":"Feature","geometry":{"type":"Point","coordinates":[77.5996686,12.9268468]},"properties":{"name":"Carmel Convent PU College","category":"education","agent":"Auto-ingested education facility mapped from OpenStreetMap."}},{"type":"Feature","geometry":{"type":"Point","coordinates":[77.5899069,12.9383683]},"properties":{"name":"Hospital Complex","category":"hospital","agent":"Auto-ingested hospital facility mapped from OpenStreetMap."}},{"type":"Feature","geometry":{"type":"Point","coordinates":[77.5927214,12.9225159]},"properties":{"name":"RV Institute of Management","category":"education","agent":"Auto-ingested education facility mapped from OpenStreetMap."}},{"type":"Feature","geometry":{"type":"Point","coordinates":[77.599265,12.918526]},"properties":{"name":"Sri Jayadeva Institute Of Cardiology","category":"hospital","agent":"Auto-ingested hospital facility mapped from OpenStreetMap."}},{"type":"Feature","geometry":{"type":"Point","coordinates":[77.6640427,12.95715]},"properties":{"name":"Institute of Aerospace Medicine - IAM","category":"education","agent":"Auto-ingested education facility mapped from OpenStreetMap."}},{"type":"Feature","geometry":{"type":"Point","coordinates":[77.5448528,13.0438125]},"properties":{"name":"St. Claret College","category":"education","agent":"Auto-ingested education facility mapped from OpenStreetMap."}},{"type":"Feature","geometry":{"type":"Point","coordinates":[77.5497795,13.0458868]},"properties":{"name":"Government College","category":"education","agent":"Auto-ingested education facility mapped from OpenStreetMap."}},{"type":"Feature","geometry":{"type":"Point","coordinates":[77.5383775,13.0428557]},"properties":{"name":"National Academy of Customs Excise and Narcotics","category":"education","agent":"Auto-ingested education facility mapped from OpenStreetMap."}},{"type":"Feature","geometry":{"type":"Point","coordinates":[77.5567647,13.0503387]},"properties":{"name":"BEL Hospital","category":"hospital","agent":"Auto-ingested hospital facility mapped from OpenStreetMap."}},{"type":"Feature","geometry":{"type":"Point","coordinates":[77.5552088,13.0502782]},"properties":{"name":"BEL PU Composite College and First Grade College","category":"education","agent":"Auto-ingested education facility mapped from OpenStreetMap."}},{"type":"Feature","geometry":{"type":"Point","coordinates":[77.6503968,13.0715402]},"properties":{"name":"Southern Asia Bible College","category":"education","agent":"Auto-ingested education facility mapped from OpenStreetMap."}},{"type":"Feature","geometry":{"type":"Point","coordinates":[77.5985816,12.8947511]},"properties":{"name":"Fortis Hospitals, Bannerghatta Road","category":"hospital","agent":"Auto-ingested hospital facility mapped from OpenStreetMap."}},{"type":"Feature","geometry":{"type":"Point","coordinates":[77.5952993,12.9914884]},"properties":{"name":"Bhagwan Mahaveer Jain Hospital","category":"hospital","agent":"Auto-ingested hospital facility mapped from OpenStreetMap."}},{"type":"Feature","geometry":{"type":"Point","coordinates":[77.5678141,13.0031052]},"properties":{"name":"Government Ladies College","category":"education","agent":"Auto-ingested education facility mapped from OpenStreetMap."}},{"type":"Feature","geometry":{"type":"Point","coordinates":[77.5762497,12.9889187]},"properties":{"name":"Sheshadripuram College","category":"education","agent":"Auto-ingested education facility mapped from OpenStreetMap."}},{"type":"Feature","geometry":{"type":"Point","coordinates":[77.6047116,12.9830115]},"properties":{"name":"Bowring and Lady Curzon Hospitals","category":"hospital","agent":"Auto-ingested hospital facility mapped from OpenStreetMap."}},{"type":"Feature","geometry":{"type":"Point","coordinates":[77.6438639,13.0372145]},"properties":{"name":"National Institute of Creative Communication - NICC","category":"education","agent":"Auto-ingested education facility mapped from OpenStreetMap."}},{"type":"Feature","geometry":{"type":"Point","coordinates":[77.6557658,12.836831]},"properties":{"name":"Tower 12","category":"corporate","agent":"Auto-ingested corporate facility mapped from OpenStreetMap."}},{"type":"Feature","geometry":{"type":"Point","coordinates":[77.5312839,13.0237647]},"properties":{"name":"Foremen Training Institute - FTI","category":"education","agent":"Auto-ingested education facility mapped from OpenStreetMap."}},{"type":"Feature","geometry":{"type":"Point","coordinates":[77.599792,12.9837175]},"properties":{"name":"Sir Haji Ismail Gosha Sait Hospital","category":"hospital","agent":"Auto-ingested hospital facility mapped from OpenStreetMap."}},{"type":"Feature","geometry":{"type":"Point","coordinates":[77.5861015,12.9746977]},"properties":{"name":"University Visvesvaraya College of Engineering","category":"education","agent":"Auto-ingested education facility mapped from OpenStreetMap."}},{"type":"Feature","geometry":{"type":"Point","coordinates":[77.5875018,12.9806688]},"properties":{"name":"Udyoga Soudha","category":"civic","agent":"Auto-ingested civic facility mapped from OpenStreetMap."}},{"type":"Feature","geometry":{"type":"Point","coordinates":[77.5676947,12.9641529]},"properties":{"name":"Government Veterinary Hospital","category":"hospital","agent":"Auto-ingested hospital facility mapped from OpenStreetMap."}},{"type":"Feature","geometry":{"type":"Point","coordinates":[77.5651105,12.9798353]},"properties":{"name":"Divisional Railway Hospital","category":"hospital","agent":"Auto-ingested hospital facility mapped from OpenStreetMap."}},{"type":"Feature","geometry":{"type":"Point","coordinates":[77.5636204,12.9764135]},"properties":{"name":"Bapuji College","category":"education","agent":"Auto-ingested education facility mapped from OpenStreetMap."}},{"type":"Feature","geometry":{"type":"Point","coordinates":[77.5395051,12.9667564]},"properties":{"name":"Government Degree College","category":"education","agent":"Auto-ingested education facility mapped from OpenStreetMap."}},{"type":"Feature","geometry":{"type":"Point","coordinates":[77.5901708,13.0347249]},"properties":{"name":"Baptist Hospital","category":"hospital","agent":"Auto-ingested hospital facility mapped from OpenStreetMap."}},{"type":"Feature","geometry":{"type":"Point","coordinates":[77.5870065,12.9280149]},"properties":{"name":"Vijaya College","category":"education","agent":"Auto-ingested education facility mapped from OpenStreetMap."}},{"type":"Feature","geometry":{"type":"Point","coordinates":[77.5006374,12.9232]},"properties":{"name":"R. V. College of Engineering","category":"education","agent":"Auto-ingested education facility mapped from OpenStreetMap."}},{"type":"Feature","geometry":{"type":"Point","coordinates":[77.6379214,12.9636618]},"properties":{"name":"The Energy Resource Institute","category":"education","agent":"Auto-ingested education facility mapped from OpenStreetMap."}},{"type":"Feature","geometry":{"type":"Point","coordinates":[77.6342897,12.9765873]},"properties":{"name":"Sri Bhagavan Mahaveer Jain College","category":"education","agent":"Auto-ingested education facility mapped from OpenStreetMap."}},{"type":"Feature","geometry":{"type":"Point","coordinates":[77.5853965,13.0994426]},"properties":{"name":"Jyothi College","category":"education","agent":"Auto-ingested education facility mapped from OpenStreetMap."}},{"type":"Feature","geometry":{"type":"Point","coordinates":[77.588044,13.0998144]},"properties":{"name":"Seshadripuram First Grade College","category":"education","agent":"Auto-ingested education facility mapped from OpenStreetMap."}},{"type":"Feature","geometry":{"type":"Point","coordinates":[77.5829963,13.1041114]},"properties":{"name":"Railways Hospital","category":"hospital","agent":"Auto-ingested hospital facility mapped from OpenStreetMap."}},{"type":"Feature","geometry":{"type":"Point","coordinates":[77.5893851,13.0971434]},"properties":{"name":"KK Hospital","category":"hospital","agent":"Auto-ingested hospital facility mapped from OpenStreetMap."}},{"type":"Feature","geometry":{"type":"Point","coordinates":[77.5908585,13.083563]},"properties":{"name":"Central Institute of Medicinal and Aromatic Plants","category":"education","agent":"Auto-ingested education facility mapped from OpenStreetMap."}},{"type":"Feature","geometry":{"type":"Point","coordinates":[77.5050775,12.9025617]},"properties":{"name":"JSS Academy of Technical Education","category":"education","agent":"Auto-ingested education facility mapped from OpenStreetMap."}},{"type":"Feature","geometry":{"type":"Point","coordinates":[77.5066686,12.9645962]},"properties":{"name":"Dr. Ambedkar Institute of Technology","category":"education","agent":"Auto-ingested education facility mapped from OpenStreetMap."}},{"type":"Feature","geometry":{"type":"Point","coordinates":[77.5054516,12.9617018]},"properties":{"name":"Indian Institute of Plantation Management","category":"education","agent":"Auto-ingested education facility mapped from OpenStreetMap."}},{"type":"Feature","geometry":{"type":"Point","coordinates":[77.5635104,13.0054003]},"properties":{"name":"MES College of Arts and Science","category":"education","agent":"Auto-ingested education facility mapped from OpenStreetMap."}},{"type":"Feature","geometry":{"type":"Point","coordinates":[77.544629,12.8792524]},"properties":{"name":"KS Institute of Technology","category":"education","agent":"Auto-ingested education facility mapped from OpenStreetMap."}},{"type":"Feature","geometry":{"type":"Point","coordinates":[77.5797725,12.9110143]},"properties":{"name":"Rajshekhar Hospital","category":"hospital","agent":"Auto-ingested hospital facility mapped from OpenStreetMap."}},{"type":"Feature","geometry":{"type":"Point","coordinates":[77.5506312,12.8887443]},"properties":{"name":"City Engineering College","category":"education","agent":"Auto-ingested education facility mapped from OpenStreetMap."}},{"type":"Feature","geometry":{"type":"Point","coordinates":[77.7262738,12.9757887]},"properties":{"name":"Tata Consultancy Services - TCS Abhilash","category":"corporate","agent":"Auto-ingested corporate facility mapped from OpenStreetMap."}},{"type":"Feature","geometry":{"type":"Point","coordinates":[77.7123637,12.9665657]},"properties":{"name":"CMR Institute of Technology","category":"education","agent":"Auto-ingested education facility mapped from OpenStreetMap."}},{"type":"Feature","geometry":{"type":"Point","coordinates":[77.6583092,12.9578114]},"properties":{"name":"Vishweshwaraiah College","category":"education","agent":"Auto-ingested education facility mapped from OpenStreetMap."}},{"type":"Feature","geometry":{"type":"Point","coordinates":[77.7128215,12.9571436]},"properties":{"name":"Sankara Eye Hospital","category":"hospital","agent":"Auto-ingested hospital facility mapped from OpenStreetMap."}},{"type":"Feature","geometry":{"type":"Point","coordinates":[77.6932731,12.9657747]},"properties":{"name":"HAL Management Academy","category":"education","agent":"Auto-ingested education facility mapped from OpenStreetMap."}},{"type":"Feature","geometry":{"type":"Point","coordinates":[77.6993773,12.9529212]},"properties":{"name":"Vanshee Towers","category":"corporate","agent":"Auto-ingested corporate facility mapped from OpenStreetMap."}},{"type":"Feature","geometry":{"type":"Point","coordinates":[77.5945358,12.9833345]},"properties":{"name":"Sparsh Hospital For Advanced Surgeries, Bengaluru Urban","category":"hospital","agent":"Auto-ingested hospital facility mapped from OpenStreetMap."}},{"type":"Feature","geometry":{"type":"Point","coordinates":[77.7303048,12.9808814]},"properties":{"name":"Sri Sathya Sai Institute of Higher Medical Sciences","category":"hospital","agent":"Auto-ingested hospital facility mapped from OpenStreetMap."}},{"type":"Feature","geometry":{"type":"Point","coordinates":[77.5041669,12.9324122]},"properties":{"name":"Indian Statistical Institute","category":"education","agent":"Auto-ingested education facility mapped from OpenStreetMap."}},{"type":"Feature","geometry":{"type":"Point","coordinates":[77.7595963,13.0012666]},"properties":{"name":"Sri Sathya Sai Institute of Higher Learning","category":"education","agent":"Auto-ingested education facility mapped from OpenStreetMap."}},{"type":"Feature","geometry":{"type":"Point","coordinates":[77.5814061,12.9323472]},"properties":{"name":"NMKRV College","category":"education","agent":"Auto-ingested education facility mapped from OpenStreetMap."}},{"type":"Feature","geometry":{"type":"Point","coordinates":[77.5869848,12.9626905]},"properties":{"name":"Bishop Cotton's Women's Christian College","category":"education","agent":"Auto-ingested education facility mapped from OpenStreetMap."}},{"type":"Feature","geometry":{"type":"Point","coordinates":[77.6022188,12.9342944]},"properties":{"name":"Oracle Technology Park","category":"corporate","agent":"Auto-ingested corporate facility mapped from OpenStreetMap."}},{"type":"Feature","geometry":{"type":"Point","coordinates":[77.5136186,12.908884]},"properties":{"name":"Manipal Speciality Hospital","category":"hospital","agent":"Auto-ingested hospital facility mapped from OpenStreetMap."}},{"type":"Feature","geometry":{"type":"Point","coordinates":[77.5458768,13.0897175]},"properties":{"name":"Sambhram Institute of Technology","category":"education","agent":"Auto-ingested education facility mapped from OpenStreetMap."}},{"type":"Feature","geometry":{"type":"Point","coordinates":[77.6490296,12.9587074]},"properties":{"name":"Manipal Hospital, Bengaluru Urban","category":"hospital","agent":"Auto-ingested hospital facility mapped from OpenStreetMap."}},{"type":"Feature","geometry":{"type":"Point","coordinates":[77.5680227,13.1338993]},"properties":{"name":"BMS Institute of Technology and Management","category":"education","agent":"Auto-ingested education facility mapped from OpenStreetMap."}},{"type":"Feature","geometry":{"type":"Point","coordinates":[77.5934644,13.0971325]},"properties":{"name":"Government School","category":"education","agent":"Auto-ingested education facility mapped from OpenStreetMap."}},{"type":"Feature","geometry":{"type":"Point","coordinates":[77.5944513,13.096833]},"properties":{"name":"Government PU College","category":"education","agent":"Auto-ingested education facility mapped from OpenStreetMap."}},{"type":"Feature","geometry":{"type":"Point","coordinates":[77.5574602,12.9125019]},"properties":{"name":"Sri Kumarans College","category":"education","agent":"Auto-ingested education facility mapped from OpenStreetMap."}},{"type":"Feature","geometry":{"type":"Point","coordinates":[77.5861481,13.0994512]},"properties":{"name":"Chaitanya Nursing College","category":"education","agent":"Auto-ingested education facility mapped from OpenStreetMap."}},{"type":"Feature","geometry":{"type":"Point","coordinates":[77.5455617,12.9409612]},"properties":{"name":"Radhakrishna Multispeciality Hospital","category":"hospital","agent":"Auto-ingested hospital facility mapped from OpenStreetMap."}},{"type":"Feature","geometry":{"type":"Point","coordinates":[77.5550382,13.0091201]},"properties":{"name":"Vivekananda Degree College","category":"education","agent":"Auto-ingested education facility mapped from OpenStreetMap."}},{"type":"Feature","geometry":{"type":"Point","coordinates":[77.634495,12.9167312]},"properties":{"name":"Vidhya Bharathi College","category":"education","agent":"Auto-ingested education facility mapped from OpenStreetMap."}},{"type":"Feature","geometry":{"type":"Point","coordinates":[77.6296512,12.9262511]},"properties":{"name":"St. Francis College","category":"education","agent":"Auto-ingested education facility mapped from OpenStreetMap."}},{"type":"Feature","geometry":{"type":"Point","coordinates":[77.6293555,12.9238171]},"properties":{"name":"Krupanidhi College","category":"education","agent":"Auto-ingested education facility mapped from OpenStreetMap."}},{"type":"Feature","geometry":{"type":"Point","coordinates":[77.5796155,12.9164637]},"properties":{"name":"Rajalakshmi Multispeciality Hospital","category":"hospital","agent":"Auto-ingested hospital facility mapped from OpenStreetMap."}},{"type":"Feature","geometry":{"type":"Point","coordinates":[77.5784875,12.9261331]},"properties":{"name":"City College, Bangalore","category":"education","agent":"Auto-ingested education facility mapped from OpenStreetMap."}},{"type":"Feature","geometry":{"type":"Point","coordinates":[77.5777418,12.9269091]},"properties":{"name":"Bangalore International Academy","category":"education","agent":"Auto-ingested education facility mapped from OpenStreetMap."}},{"type":"Feature","geometry":{"type":"Point","coordinates":[77.6225779,12.9296226]},"properties":{"name":"Vemana Institute of Technology","category":"education","agent":"Auto-ingested education facility mapped from OpenStreetMap."}},{"type":"Feature","geometry":{"type":"Point","coordinates":[77.6230045,12.9294621]},"properties":{"name":"RJS Institute of Management Studies","category":"education","agent":"Auto-ingested education facility mapped from OpenStreetMap."}},{"type":"Feature","geometry":{"type":"Point","coordinates":[77.6796542,12.9977389]},"properties":{"name":"Lowry Memorial College","category":"education","agent":"Auto-ingested education facility mapped from OpenStreetMap."}},{"type":"Feature","geometry":{"type":"Point","coordinates":[77.6481409,12.9585777]},"properties":{"name":"Manipal Hospital","category":"hospital","agent":"Auto-ingested hospital facility mapped from OpenStreetMap."}},{"type":"Feature","geometry":{"type":"Point","coordinates":[77.6446972,12.9829238]},"properties":{"name":"Indiranagar Government Hospital","category":"hospital","agent":"Auto-ingested hospital facility mapped from OpenStreetMap."}},{"type":"Feature","geometry":{"type":"Point","coordinates":[77.6465364,12.9855497]},"properties":{"name":"Montfort College","category":"education","agent":"Auto-ingested education facility mapped from OpenStreetMap."}},{"type":"Feature","geometry":{"type":"Point","coordinates":[77.6436191,12.9839262]},"properties":{"name":"Isolation Hospital","category":"hospital","agent":"Auto-ingested hospital facility mapped from OpenStreetMap."}},{"type":"Feature","geometry":{"type":"Point","coordinates":[77.6437586,12.9864155]},"properties":{"name":"Epidemic Disesase Hospital","category":"hospital","agent":"Auto-ingested hospital facility mapped from OpenStreetMap."}},{"type":"Feature","geometry":{"type":"Point","coordinates":[77.6379617,12.9720071]},"properties":{"name":"Dr Ambedkar College","category":"education","agent":"Auto-ingested education facility mapped from OpenStreetMap."}},{"type":"Feature","geometry":{"type":"Point","coordinates":[77.6123107,12.9730026]},"properties":{"name":"Shrutha Towers","category":"corporate","agent":"Auto-ingested corporate facility mapped from OpenStreetMap."}},{"type":"Feature","geometry":{"type":"Point","coordinates":[77.5535011,12.9909672]},"properties":{"name":"Employees' State Insurance Corporation Model Hospital","category":"hospital","agent":"Auto-ingested hospital facility mapped from OpenStreetMap."}},{"type":"Feature","geometry":{"type":"Point","coordinates":[77.5931803,12.9568046]},"properties":{"name":"Karnataka State Road Transport Corporation - KSRTC HQ","category":"civic","agent":"Auto-ingested civic facility mapped from OpenStreetMap."}},{"type":"Feature","geometry":{"type":"Point","coordinates":[77.5904079,12.9612179]},"properties":{"name":"Government Pharmacy College","category":"education","agent":"Auto-ingested education facility mapped from OpenStreetMap."}},{"type":"Feature","geometry":{"type":"Point","coordinates":[77.6072979,13.1497114]},"properties":{"name":"Sir M Visvesvarayya Institute of Technology","category":"education","agent":"Auto-ingested education facility mapped from OpenStreetMap."}},{"type":"Feature","geometry":{"type":"Point","coordinates":[77.6625981,12.888835]},"properties":{"name":"Sadhguru Sainath International School and College","category":"education","agent":"Auto-ingested education facility mapped from OpenStreetMap."}},{"type":"Feature","geometry":{"type":"Point","coordinates":[77.602831,12.970355]},"properties":{"name":"St. Joseph's College of Business Administration","category":"education","agent":"Auto-ingested education facility mapped from OpenStreetMap."}},{"type":"Feature","geometry":{"type":"Point","coordinates":[77.6041777,12.9711296]},"properties":{"name":"St. Joseph's Pre-University College","category":"education","agent":"Auto-ingested education facility mapped from OpenStreetMap."}},{"type":"Feature","geometry":{"type":"Point","coordinates":[77.5412224,12.9308127]},"properties":{"name":"Vittala International Institute Of Ophthalmology, Hosakerehalli","category":"hospital","agent":"Auto-ingested hospital facility mapped from OpenStreetMap."}},{"type":"Feature","geometry":{"type":"Point","coordinates":[77.4992054,13.074814]},"properties":{"name":"Sri Krishna Institute of Technology","category":"education","agent":"Auto-ingested education facility mapped from OpenStreetMap."}},{"type":"Feature","geometry":{"type":"Point","coordinates":[77.513684,12.9909868]},"properties":{"name":"National Institute of Unani Medicine","category":"education","agent":"Auto-ingested education facility mapped from OpenStreetMap."}},{"type":"Feature","geometry":{"type":"Point","coordinates":[77.656317,12.966082]},"properties":{"name":"ISRO Employees Hospital","category":"hospital","agent":"Auto-ingested hospital facility mapped from OpenStreetMap."}},{"type":"Feature","geometry":{"type":"Point","coordinates":[77.5535397,12.9959167]},"properties":{"name":"K L E Society's S. Nijalingappa College","category":"education","agent":"Auto-ingested education facility mapped from OpenStreetMap."}},{"type":"Feature","geometry":{"type":"Point","coordinates":[77.569775,13.0282176]},"properties":{"name":"Ramaiah Memorial Hospital","category":"hospital","agent":"Auto-ingested hospital facility mapped from OpenStreetMap."}},{"type":"Feature","geometry":{"type":"Point","coordinates":[77.615546,12.9728956]},"properties":{"name":"Shubharam Complex","category":"corporate","agent":"Auto-ingested corporate facility mapped from OpenStreetMap."}},{"type":"Feature","geometry":{"type":"Point","coordinates":[77.575137,12.99118]},"properties":{"name":"Seshadripuram Law College","category":"education","agent":"Auto-ingested education facility mapped from OpenStreetMap."}},{"type":"Feature","geometry":{"type":"Point","coordinates":[77.5736948,12.9634957]},"properties":{"name":"Victoria Hospital","category":"hospital","agent":"Auto-ingested hospital facility mapped from OpenStreetMap."}},{"type":"Feature","geometry":{"type":"Point","coordinates":[77.5748847,12.9543874]},"properties":{"name":"Vokkaligara Sangha Dental College","category":"education","agent":"Auto-ingested education facility mapped from OpenStreetMap."}},{"type":"Feature","geometry":{"type":"Point","coordinates":[77.6941018,12.9818956]},"properties":{"name":"Dell EMC Tower B","category":"corporate","agent":"Auto-ingested corporate facility mapped from OpenStreetMap."}},{"type":"Feature","geometry":{"type":"Point","coordinates":[77.6713465,12.9166623]},"properties":{"name":"Zepto HQ-Bharat IT Park","category":"corporate","agent":"Auto-ingested corporate facility mapped from OpenStreetMap."}},{"type":"Feature","geometry":{"type":"Point","coordinates":[77.7000103,13.0206562]},"properties":{"name":"St. Anthony Composite P. U. College","category":"education","agent":"Auto-ingested education facility mapped from OpenStreetMap."}},{"type":"Feature","geometry":{"type":"Point","coordinates":[77.6700891,12.9188294]},"properties":{"name":"GRS Towers","category":"corporate","agent":"Auto-ingested corporate facility mapped from OpenStreetMap."}},{"type":"Feature","geometry":{"type":"Point","coordinates":[77.5845256,12.9643477]},"properties":{"name":"Dasappa Maternity Hospital","category":"hospital","agent":"Auto-ingested hospital facility mapped from OpenStreetMap."}},{"type":"Feature","geometry":{"type":"Point","coordinates":[77.598822,12.9961635]},"properties":{"name":"United Theological College","category":"education","agent":"Auto-ingested education facility mapped from OpenStreetMap."}},{"type":"Feature","geometry":{"type":"Point","coordinates":[77.5919059,12.9181468]},"properties":{"name":"Jain University","category":"education","agent":"Auto-ingested education facility mapped from OpenStreetMap."}},{"type":"Feature","geometry":{"type":"Point","coordinates":[77.6276505,12.9351012]},"properties":{"name":"Chinmaya Mission School","category":"education","agent":"Auto-ingested education facility mapped from OpenStreetMap."}},{"type":"Feature","geometry":{"type":"Point","coordinates":[77.565225,13.0309173]},"properties":{"name":"M S Ramaiah Institute of Technology","category":"education","agent":"Auto-ingested education facility mapped from OpenStreetMap."}},{"type":"Feature","geometry":{"type":"Point","coordinates":[77.5566697,12.9837431]},"properties":{"name":"MEI Polytechnic College","category":"education","agent":"Auto-ingested education facility mapped from OpenStreetMap."}},{"type":"Feature","geometry":{"type":"Point","coordinates":[77.4993799,12.9258463]},"properties":{"name":"Bangalore Institute of Management Studies","category":"education","agent":"Auto-ingested education facility mapped from OpenStreetMap."}},{"type":"Feature","geometry":{"type":"Point","coordinates":[77.508529,13.0250286]},"properties":{"name":"NTTF Technical Training Institute","category":"education","agent":"Auto-ingested education facility mapped from OpenStreetMap."}},{"type":"Feature","geometry":{"type":"Point","coordinates":[77.569833,13.0291538]},"properties":{"name":"M S Ramaiah Institute of Management Sciences","category":"education","agent":"Auto-ingested education facility mapped from OpenStreetMap."}},{"type":"Feature","geometry":{"type":"Point","coordinates":[77.5376773,12.9830454]},"properties":{"name":"Government Homeopathy College & Hospital","category":"education","agent":"Auto-ingested education facility mapped from OpenStreetMap."}},{"type":"Feature","geometry":{"type":"Point","coordinates":[77.5428202,12.9773598]},"properties":{"name":"Dasarahalli Referral Hospital","category":"hospital","agent":"Auto-ingested hospital facility mapped from OpenStreetMap."}},{"type":"Feature","geometry":{"type":"Point","coordinates":[77.5434098,12.9651167]},"properties":{"name":"Ayurvedic Medical College","category":"education","agent":"Auto-ingested education facility mapped from OpenStreetMap."}},{"type":"Feature","geometry":{"type":"Point","coordinates":[77.6748978,12.8482756]},"properties":{"name":"Xavier Institute of Management and Entrepreneurship","category":"education","agent":"Auto-ingested education facility mapped from OpenStreetMap."}},{"type":"Feature","geometry":{"type":"Point","coordinates":[77.5659049,12.9415239]},"properties":{"name":"BMS College of Engineering","category":"education","agent":"Auto-ingested education facility mapped from OpenStreetMap."}},{"type":"Feature","geometry":{"type":"Point","coordinates":[77.6214886,13.0108569]},"properties":{"name":"Siddhartha PU College","category":"education","agent":"Auto-ingested education facility mapped from OpenStreetMap."}},{"type":"Feature","geometry":{"type":"Point","coordinates":[77.6148515,13.0241073]},"properties":{"name":"Dr. Ambedkar Medical College","category":"education","agent":"Auto-ingested education facility mapped from OpenStreetMap."}},{"type":"Feature","geometry":{"type":"Point","coordinates":[77.5768623,13.0271503]},"properties":{"name":"Nethra Eye Hospital","category":"hospital","agent":"Auto-ingested hospital facility mapped from OpenStreetMap."}},{"type":"Feature","geometry":{"type":"Point","coordinates":[77.7241918,12.9733539]},"properties":{"name":"John F. Welch Technology Centre","category":"corporate","agent":"Auto-ingested corporate facility mapped from OpenStreetMap."}},{"type":"Feature","geometry":{"type":"Point","coordinates":[77.725362,12.9772597]},"properties":{"name":"Santhosh Towers","category":"corporate","agent":"Auto-ingested corporate facility mapped from OpenStreetMap."}},{"type":"Feature","geometry":{"type":"Point","coordinates":[77.7225676,12.9689665]},"properties":{"name":"Accenture Solutions Pvt Ltd","category":"corporate","agent":"Auto-ingested corporate facility mapped from OpenStreetMap."}},{"type":"Feature","geometry":{"type":"Point","coordinates":[77.7627604,12.9849166]},"properties":{"name":"M V Jayaram College of Engineering","category":"education","agent":"Auto-ingested education facility mapped from OpenStreetMap."}},{"type":"Feature","geometry":{"type":"Point","coordinates":[77.607378,12.9711731]},"properties":{"name":"H M Towers","category":"corporate","agent":"Auto-ingested corporate facility mapped from OpenStreetMap."}},{"type":"Feature","geometry":{"type":"Point","coordinates":[77.5905885,12.988373]},"properties":{"name":"St. Anne's First Grade College for Women","category":"education","agent":"Auto-ingested education facility mapped from OpenStreetMap."}},{"type":"Feature","geometry":{"type":"Point","coordinates":[77.6223395,13.0304973]},"properties":{"name":"Darul Uloom Sabeelur Rashad Arabic College","category":"education","agent":"Auto-ingested education facility mapped from OpenStreetMap."}},{"type":"Feature","geometry":{"type":"Point","coordinates":[77.619781,13.0362002]},"properties":{"name":"HKBK College of Engineering","category":"education","agent":"Auto-ingested education facility mapped from OpenStreetMap."}},{"type":"Feature","geometry":{"type":"Point","coordinates":[77.6934117,12.8097315]},"properties":{"name":"BTL Institute of Technology","category":"education","agent":"Auto-ingested education facility mapped from OpenStreetMap."}},{"type":"Feature","geometry":{"type":"Point","coordinates":[77.5782302,12.9363124]},"properties":{"name":"Surana College","category":"education","agent":"Auto-ingested education facility mapped from OpenStreetMap."}},{"type":"Feature","geometry":{"type":"Point","coordinates":[77.5777437,13.0772767]},"properties":{"name":"College of Agriculture","category":"education","agent":"Auto-ingested education facility mapped from OpenStreetMap."}},{"type":"Feature","geometry":{"type":"Point","coordinates":[77.5925411,12.9780466]},"properties":{"name":"High Court of Karnataka","category":"civic","agent":"Auto-ingested civic facility mapped from OpenStreetMap."}},{"type":"Feature","geometry":{"type":"Point","coordinates":[77.58689,12.9835106]},"properties":{"name":"Govt R C College","category":"education","agent":"Auto-ingested education facility mapped from OpenStreetMap."}},{"type":"Feature","geometry":{"type":"Point","coordinates":[77.7168805,13.0499709]},"properties":{"name":"East Point College of Engineering","category":"education","agent":"Auto-ingested education facility mapped from OpenStreetMap."}},{"type":"Feature","geometry":{"type":"Point","coordinates":[77.6632889,12.8442717]},"properties":{"name":"International Institute of Information Technology Bangalore","category":"education","agent":"Auto-ingested education facility mapped from OpenStreetMap."}},{"type":"Feature","geometry":{"type":"Point","coordinates":[77.6527313,12.9119735]},"properties":{"name":"National Institute of Fashion Technology","category":"education","agent":"Auto-ingested education facility mapped from OpenStreetMap."}},{"type":"Feature","geometry":{"type":"Point","coordinates":[77.6943036,12.9344683]},"properties":{"name":"Umiya Business Bay 1","category":"corporate","agent":"Auto-ingested corporate facility mapped from OpenStreetMap."}},{"type":"Feature","geometry":{"type":"Point","coordinates":[77.6507354,13.0061592]},"properties":{"name":"CMR College","category":"education","agent":"Auto-ingested education facility mapped from OpenStreetMap."}},{"type":"Feature","geometry":{"type":"Point","coordinates":[77.7531194,12.9984828]},"properties":{"name":"Government High School & Junior College,Belatur Colony","category":"education","agent":"Auto-ingested education facility mapped from OpenStreetMap."}},{"type":"Feature","geometry":{"type":"Point","coordinates":[77.6001395,12.9357702]},"properties":{"name":"Government Technical Industrial Institute","category":"education","agent":"Auto-ingested education facility mapped from OpenStreetMap."}},{"type":"Feature","geometry":{"type":"Point","coordinates":[77.5981388,12.936526]},"properties":{"name":"Kidwai Memorial Institute of Oncology","category":"hospital","agent":"Auto-ingested hospital facility mapped from OpenStreetMap."}},{"type":"Feature","geometry":{"type":"Point","coordinates":[77.7151535,13.0249701]},"properties":{"name":"SJES College","category":"education","agent":"Auto-ingested education facility mapped from OpenStreetMap."}},{"type":"Feature","geometry":{"type":"Point","coordinates":[77.6428677,12.9159389]},"properties":{"name":"Oxford Management College","category":"education","agent":"Auto-ingested education facility mapped from OpenStreetMap."}},{"type":"Feature","geometry":{"type":"Point","coordinates":[77.6425948,12.916582]},"properties":{"name":"Shakuntala Devi International Institute of Management Sciences and PreUniversity","category":"education","agent":"Auto-ingested education facility mapped from OpenStreetMap."}},{"type":"Feature","geometry":{"type":"Point","coordinates":[77.6011903,12.9076733]},"properties":{"name":"Nexus Vega City","category":"corporate","agent":"Auto-ingested corporate facility mapped from OpenStreetMap."}},{"type":"Feature","geometry":{"type":"Point","coordinates":[77.5947942,12.9059044]},"properties":{"name":"SKR Towers","category":"corporate","agent":"Auto-ingested corporate facility mapped from OpenStreetMap."}},{"type":"Feature","geometry":{"type":"Point","coordinates":[77.5591701,12.9209039]},"properties":{"name":"Regional Institute of Co-operative Management","category":"education","agent":"Auto-ingested education facility mapped from OpenStreetMap."}},{"type":"Feature","geometry":{"type":"Point","coordinates":[77.6827612,12.8320355]},"properties":{"name":"SFS Degree College","category":"education","agent":"Auto-ingested education facility mapped from OpenStreetMap."}},{"type":"Feature","geometry":{"type":"Point","coordinates":[77.6822436,12.8330573]},"properties":{"name":"Suvidya College","category":"education","agent":"Auto-ingested education facility mapped from OpenStreetMap."}},{"type":"Feature","geometry":{"type":"Point","coordinates":[77.4653706,12.8912228]},"properties":{"name":"ACS College of Engineering","category":"education","agent":"Auto-ingested education facility mapped from OpenStreetMap."}},{"type":"Feature","geometry":{"type":"Point","coordinates":[77.4496199,12.886691]},"properties":{"name":"Rajarajeshwari College of Engineering","category":"education","agent":"Auto-ingested education facility mapped from OpenStreetMap."}},{"type":"Feature","geometry":{"type":"Point","coordinates":[77.450487,12.8877537]},"properties":{"name":"Rajarajeswari Dental College and Hospital","category":"education","agent":"Auto-ingested education facility mapped from OpenStreetMap."}},{"type":"Feature","geometry":{"type":"Point","coordinates":[77.5535336,12.991548]},"properties":{"name":"Employees' State Insurance Corporation Medical College & Post Graduate Institute of Medical Science & Research","category":"education","agent":"Auto-ingested education facility mapped from OpenStreetMap."}},{"type":"Feature","geometry":{"type":"Point","coordinates":[77.5926745,12.9644407]},"properties":{"name":"P.D. Hinduja Sindhi Hospital","category":"hospital","agent":"Auto-ingested hospital facility mapped from OpenStreetMap."}},{"type":"Feature","geometry":{"type":"Point","coordinates":[77.5940584,12.9878732]},"properties":{"name":"MSIL Tower","category":"corporate","agent":"Auto-ingested corporate facility mapped from OpenStreetMap."}},{"type":"Feature","geometry":{"type":"Point","coordinates":[77.6165729,12.8682011]},"properties":{"name":"Fullinfaws College","category":"education","agent":"Auto-ingested education facility mapped from OpenStreetMap."}},{"type":"Feature","geometry":{"type":"Point","coordinates":[77.6624983,12.8494542]},"properties":{"name":"IFIM Business School","category":"education","agent":"Auto-ingested education facility mapped from OpenStreetMap."}},{"type":"Feature","geometry":{"type":"Point","coordinates":[77.66877,12.8411504]},"properties":{"name":"Symbiosis Institute of Business Mangament","category":"education","agent":"Auto-ingested education facility mapped from OpenStreetMap."}},{"type":"Feature","geometry":{"type":"Point","coordinates":[77.6659626,12.8410638]},"properties":{"name":"Tower 1","category":"corporate","agent":"Auto-ingested corporate facility mapped from OpenStreetMap."}},{"type":"Feature","geometry":{"type":"Point","coordinates":[77.6671836,12.8412016]},"properties":{"name":"Tower 2","category":"corporate","agent":"Auto-ingested corporate facility mapped from OpenStreetMap."}},{"type":"Feature","geometry":{"type":"Point","coordinates":[77.5851028,12.9173301]},"properties":{"name":"Shri Krishna Sevashrama Hospital","category":"hospital","agent":"Auto-ingested hospital facility mapped from OpenStreetMap."}},{"type":"Feature","geometry":{"type":"Point","coordinates":[77.5529529,12.9815956]},"properties":{"name":"RPA First Grade College","category":"education","agent":"Auto-ingested education facility mapped from OpenStreetMap."}},{"type":"Feature","geometry":{"type":"Point","coordinates":[77.7053083,12.9555043]},"properties":{"name":"Lions Seva Hospital","category":"hospital","agent":"Auto-ingested hospital facility mapped from OpenStreetMap."}},{"type":"Feature","geometry":{"type":"Point","coordinates":[77.6644813,12.8400518]},"properties":{"name":"Prathik Tech Park","category":"corporate","agent":"Auto-ingested corporate facility mapped from OpenStreetMap."}},{"type":"Feature","geometry":{"type":"Point","coordinates":[77.5649082,12.9907432]},"properties":{"name":"Sreerampura Referal Hospital","category":"hospital","agent":"Auto-ingested hospital facility mapped from OpenStreetMap."}},{"type":"Feature","geometry":{"type":"Point","coordinates":[77.5565621,12.911963]},"properties":{"name":"Benaka Towers","category":"corporate","agent":"Auto-ingested corporate facility mapped from OpenStreetMap."}},{"type":"Feature","geometry":{"type":"Point","coordinates":[77.5494145,13.1232871]},"properties":{"name":"The Institute of Transdisciplinary Health Sciences and Technology","category":"education","agent":"Auto-ingested education facility mapped from OpenStreetMap."}},{"type":"Feature","geometry":{"type":"Point","coordinates":[77.5624631,12.9267695]},"properties":{"name":"KIMS - Kempegowda Institute of Medical Sciences","category":"education","agent":"Auto-ingested education facility mapped from OpenStreetMap."}},{"type":"Feature","geometry":{"type":"Point","coordinates":[77.6664034,12.9623685]},"properties":{"name":"HAL Hospital","category":"hospital","agent":"Auto-ingested hospital facility mapped from OpenStreetMap."}},{"type":"Feature","geometry":{"type":"Point","coordinates":[77.6771954,12.9259251]},"properties":{"name":"B M Shammanna Tower","category":"corporate","agent":"Auto-ingested corporate facility mapped from OpenStreetMap."}},{"type":"Feature","geometry":{"type":"Point","coordinates":[77.564005,12.9294355]},"properties":{"name":"Pro MED Hospital","category":"hospital","agent":"Auto-ingested hospital facility mapped from OpenStreetMap."}},{"type":"Feature","geometry":{"type":"Point","coordinates":[77.5843165,12.9363683]},"properties":{"name":"Apollo Speciality Hospital","category":"hospital","agent":"Auto-ingested hospital facility mapped from OpenStreetMap."}},{"type":"Feature","geometry":{"type":"Point","coordinates":[77.5721649,12.9216723]},"properties":{"name":"Sevakshetra Hospital, Bengaluru Urban","category":"hospital","agent":"Auto-ingested hospital facility mapped from OpenStreetMap."}},{"type":"Feature","geometry":{"type":"Point","coordinates":[77.5774064,12.9253024]},"properties":{"name":"Netradhama Hospital","category":"hospital","agent":"Auto-ingested hospital facility mapped from OpenStreetMap."}},{"type":"Feature","geometry":{"type":"Point","coordinates":[77.6715179,12.9241742]},"properties":{"name":"Sri Venkateshwara Towers","category":"corporate","agent":"Auto-ingested corporate facility mapped from OpenStreetMap."}},{"type":"Feature","geometry":{"type":"Point","coordinates":[77.560704,13.0302068]},"properties":{"name":"Subbaiah Hospital","category":"hospital","agent":"Auto-ingested hospital facility mapped from OpenStreetMap."}},{"type":"Feature","geometry":{"type":"Point","coordinates":[77.6090706,12.9349583]},"properties":{"name":"SV Towers","category":"corporate","agent":"Auto-ingested corporate facility mapped from OpenStreetMap."}},{"type":"Feature","geometry":{"type":"Point","coordinates":[77.6730225,12.924749]},"properties":{"name":"Ganapa Tower","category":"corporate","agent":"Auto-ingested corporate facility mapped from OpenStreetMap."}},{"type":"Feature","geometry":{"type":"Point","coordinates":[77.6032014,12.975686]},"properties":{"name":"Triumph Towers","category":"corporate","agent":"Auto-ingested corporate facility mapped from OpenStreetMap."}},{"type":"Feature","geometry":{"type":"Point","coordinates":[77.7174349,12.9852698]},"properties":{"name":"Gopalan International School","category":"education","agent":"Auto-ingested education facility mapped from OpenStreetMap."}},{"type":"Feature","geometry":{"type":"Point","coordinates":[77.6470411,12.9596474]},"properties":{"name":"Maruthi Towers","category":"corporate","agent":"Auto-ingested corporate facility mapped from OpenStreetMap."}},{"type":"Feature","geometry":{"type":"Point","coordinates":[77.601975,12.9758509]},"properties":{"name":"Sama Towers","category":"corporate","agent":"Auto-ingested corporate facility mapped from OpenStreetMap."}},{"type":"Feature","geometry":{"type":"Point","coordinates":[77.5945504,12.9884932]},"properties":{"name":"Fortis Hospitals Limited, Bengaluru Urban","category":"hospital","agent":"Auto-ingested hospital facility mapped from OpenStreetMap."}},{"type":"Feature","geometry":{"type":"Point","coordinates":[77.5940171,12.9827136]},"properties":{"name":"Prestige Khoday Tower","category":"corporate","agent":"Auto-ingested corporate facility mapped from OpenStreetMap."}},{"type":"Feature","geometry":{"type":"Point","coordinates":[77.5990048,12.9760982]},"properties":{"name":"Mitra Towers","category":"corporate","agent":"Auto-ingested corporate facility mapped from OpenStreetMap."}},{"type":"Feature","geometry":{"type":"Point","coordinates":[77.6080867,12.9730008]},"properties":{"name":"ACR Towers","category":"corporate","agent":"Auto-ingested corporate facility mapped from OpenStreetMap."}},{"type":"Feature","geometry":{"type":"Point","coordinates":[77.575312,12.9623462]},"properties":{"name":"Government College of Nursing","category":"education","agent":"Auto-ingested education facility mapped from OpenStreetMap."}},{"type":"Feature","geometry":{"type":"Point","coordinates":[77.5758966,12.9637904]},"properties":{"name":"Government Dental College and Research Institute","category":"education","agent":"Auto-ingested education facility mapped from OpenStreetMap."}},{"type":"Feature","geometry":{"type":"Point","coordinates":[77.6369836,12.980648]},"properties":{"name":"Park Plaza","category":"corporate","agent":"Auto-ingested corporate facility mapped from OpenStreetMap."}},{"type":"Feature","geometry":{"type":"Point","coordinates":[77.6366462,12.9792283]},"properties":{"name":"JSA Towers","category":"corporate","agent":"Auto-ingested corporate facility mapped from OpenStreetMap."}},{"type":"Feature","geometry":{"type":"Point","coordinates":[77.5468302,13.1256158]},"properties":{"name":"Institute of Ayurveda and Integrative Medicine (I-AIM)","category":"hospital","agent":"Auto-ingested hospital facility mapped from OpenStreetMap."}},{"type":"Feature","geometry":{"type":"Point","coordinates":[77.5973387,12.970774]},"properties":{"name":"Eden Park","category":"corporate","agent":"Auto-ingested corporate facility mapped from OpenStreetMap."}},{"type":"Feature","geometry":{"type":"Point","coordinates":[77.6355075,12.9803157]},"properties":{"name":"Ramp Technologies","category":"corporate","agent":"Auto-ingested corporate facility mapped from OpenStreetMap."}},{"type":"Feature","geometry":{"type":"Point","coordinates":[77.6116387,12.9702208]},"properties":{"name":"Senior Police Officers Research and Training Institute","category":"education","agent":"Auto-ingested education facility mapped from OpenStreetMap."}},{"type":"Feature","geometry":{"type":"Point","coordinates":[77.6021255,12.9685196]},"properties":{"name":"Gold Tower","category":"corporate","agent":"Auto-ingested corporate facility mapped from OpenStreetMap."}},{"type":"Feature","geometry":{"type":"Point","coordinates":[77.5993586,12.9668583]},"properties":{"name":"Janardhan Tower","category":"corporate","agent":"Auto-ingested corporate facility mapped from OpenStreetMap."}},{"type":"Feature","geometry":{"type":"Point","coordinates":[77.5438731,13.0116917]},"properties":{"name":"Sanjeevani Hospital","category":"hospital","agent":"Auto-ingested hospital facility mapped from OpenStreetMap."}},{"type":"Feature","geometry":{"type":"Point","coordinates":[77.5925247,12.9100277]},"properties":{"name":"Ganesh Towers","category":"corporate","agent":"Auto-ingested corporate facility mapped from OpenStreetMap."}},{"type":"Feature","geometry":{"type":"Point","coordinates":[77.5935945,12.9356389]},"properties":{"name":"Sanjay Gandhi Accident and Trauma Hospital","category":"hospital","agent":"Auto-ingested hospital facility mapped from OpenStreetMap."}},{"type":"Feature","geometry":{"type":"Point","coordinates":[77.6381223,12.9191928]},"properties":{"name":"Greenview Hospital","category":"hospital","agent":"Auto-ingested hospital facility mapped from OpenStreetMap."}},{"type":"Feature","geometry":{"type":"Point","coordinates":[77.5881572,12.9529705]},"properties":{"name":"Al Ameen Pre and Degree College","category":"education","agent":"Auto-ingested education facility mapped from OpenStreetMap."}},{"type":"Feature","geometry":{"type":"Point","coordinates":[77.5640222,12.9744546]},"properties":{"name":"Leprosy Hospital","category":"hospital","agent":"Auto-ingested hospital facility mapped from OpenStreetMap."}},{"type":"Feature","geometry":{"type":"Point","coordinates":[77.5807346,12.9432616]},"properties":{"name":"R V Teachers College","category":"education","agent":"Auto-ingested education facility mapped from OpenStreetMap."}},{"type":"Feature","geometry":{"type":"Point","coordinates":[77.527802,13.0384676]},"properties":{"name":"Ravi Kirloskar Memorial Hospital","category":"hospital","agent":"Auto-ingested hospital facility mapped from OpenStreetMap."}},{"type":"Feature","geometry":{"type":"Point","coordinates":[77.6781978,12.926343]},"properties":{"name":"SM Towers","category":"corporate","agent":"Auto-ingested corporate facility mapped from OpenStreetMap."}},{"type":"Feature","geometry":{"type":"Point","coordinates":[77.5892236,12.9630819]},"properties":{"name":"Brownman Towers","category":"corporate","agent":"Auto-ingested corporate facility mapped from OpenStreetMap."}},{"type":"Feature","geometry":{"type":"Point","coordinates":[77.6496726,12.9538588]},"properties":{"name":"Tower 3","category":"corporate","agent":"Auto-ingested corporate facility mapped from OpenStreetMap."}},{"type":"Feature","geometry":{"type":"Point","coordinates":[77.58071,13.0943148]},"properties":{"name":"Dr. Agarwal Eye Hospital","category":"hospital","agent":"Auto-ingested hospital facility mapped from OpenStreetMap."}},{"type":"Feature","geometry":{"type":"Point","coordinates":[77.6010332,12.9819279]},"properties":{"name":"Pranava Park","category":"corporate","agent":"Auto-ingested corporate facility mapped from OpenStreetMap."}},{"type":"Feature","geometry":{"type":"Point","coordinates":[77.6010537,12.9820524]},"properties":{"name":"TNT Towers","category":"corporate","agent":"Auto-ingested corporate facility mapped from OpenStreetMap."}},{"type":"Feature","geometry":{"type":"Point","coordinates":[77.6040416,12.9799824]},"properties":{"name":"Infantry Techno Park","category":"corporate","agent":"Auto-ingested corporate facility mapped from OpenStreetMap."}},{"type":"Feature","geometry":{"type":"Point","coordinates":[77.6144986,12.9999803]},"properties":{"name":"Annasawmy Mudaliar General Hospital","category":"hospital","agent":"Auto-ingested hospital facility mapped from OpenStreetMap."}},{"type":"Feature","geometry":{"type":"Point","coordinates":[77.5717299,13.1077314]},"properties":{"name":"Neha Prakash Hospital, Bengaluru Urban","category":"hospital","agent":"Auto-ingested hospital facility mapped from OpenStreetMap."}},{"type":"Feature","geometry":{"type":"Point","coordinates":[77.5772997,13.1056278]},"properties":{"name":"Sri Lakshmi Venkateshwara Hospital","category":"hospital","agent":"Auto-ingested hospital facility mapped from OpenStreetMap."}},{"type":"Feature","geometry":{"type":"Point","coordinates":[77.5936343,13.065084]},"properties":{"name":"Prolife Hospital","category":"hospital","agent":"Auto-ingested hospital facility mapped from OpenStreetMap."}},{"type":"Feature","geometry":{"type":"Point","coordinates":[77.568979,13.0331809]},"properties":{"name":"Sharada Towers","category":"corporate","agent":"Auto-ingested corporate facility mapped from OpenStreetMap."}},{"type":"Feature","geometry":{"type":"Point","coordinates":[77.5952185,13.082907]},"properties":{"name":"MM Towers","category":"corporate","agent":"Auto-ingested corporate facility mapped from OpenStreetMap."}},{"type":"Feature","geometry":{"type":"Point","coordinates":[77.7478126,12.9828993]},"properties":{"name":"Amrik Hospital","category":"hospital","agent":"Auto-ingested hospital facility mapped from OpenStreetMap."}},{"type":"Feature","geometry":{"type":"Point","coordinates":[77.6451234,12.9597428]},"properties":{"name":"Anjaneya Techno Park","category":"corporate","agent":"Auto-ingested corporate facility mapped from OpenStreetMap."}},{"type":"Feature","geometry":{"type":"Point","coordinates":[77.6354956,13.0260008]},"properties":{"name":"BBMP Kacharakanahalli Ward Office","category":"civic","agent":"Auto-ingested civic facility mapped from OpenStreetMap."}},{"type":"Feature","geometry":{"type":"Point","coordinates":[77.627494,12.9714272]},"properties":{"name":"Shyamala Hospital","category":"hospital","agent":"Auto-ingested hospital facility mapped from OpenStreetMap."}},{"type":"Feature","geometry":{"type":"Point","coordinates":[77.7159938,12.9601392]},"properties":{"name":"ASK Towers","category":"corporate","agent":"Auto-ingested corporate facility mapped from OpenStreetMap."}},{"type":"Feature","geometry":{"type":"Point","coordinates":[77.5969251,12.9850061]},"properties":{"name":"Al Yusuf Tower","category":"corporate","agent":"Auto-ingested corporate facility mapped from OpenStreetMap."}},{"type":"Feature","geometry":{"type":"Point","coordinates":[77.5964846,12.9854842]},"properties":{"name":"Kareem Towers","category":"corporate","agent":"Auto-ingested corporate facility mapped from OpenStreetMap."}},{"type":"Feature","geometry":{"type":"Point","coordinates":[77.5941396,12.9618736]},"properties":{"name":"KMK Tower","category":"corporate","agent":"Auto-ingested corporate facility mapped from OpenStreetMap."}},{"type":"Feature","geometry":{"type":"Point","coordinates":[77.7064747,12.9920515]},"properties":{"name":"Kinder Women's Hospital & Fertility Center","category":"hospital","agent":"Auto-ingested hospital facility mapped from OpenStreetMap."}},{"type":"Feature","geometry":{"type":"Point","coordinates":[77.7198859,12.9555643]},"properties":{"name":"TMR Towers","category":"corporate","agent":"Auto-ingested corporate facility mapped from OpenStreetMap."}},{"type":"Feature","geometry":{"type":"Point","coordinates":[77.5947839,12.9462798]},"properties":{"name":"Abhaya Hospital","category":"hospital","agent":"Auto-ingested hospital facility mapped from OpenStreetMap."}},{"type":"Feature","geometry":{"type":"Point","coordinates":[77.5732119,12.9233595]},"properties":{"name":"Raj Towers","category":"corporate","agent":"Auto-ingested corporate facility mapped from OpenStreetMap."}},{"type":"Feature","geometry":{"type":"Point","coordinates":[77.596808,12.9491979]},"properties":{"name":"BBMP Maternity Hospital","category":"hospital","agent":"Auto-ingested hospital facility mapped from OpenStreetMap."}},{"type":"Feature","geometry":{"type":"Point","coordinates":[77.6181542,12.9337358]},"properties":{"name":"MPD Tower","category":"corporate","agent":"Auto-ingested corporate facility mapped from OpenStreetMap."}},{"type":"Feature","geometry":{"type":"Point","coordinates":[77.6931357,12.9765722]},"properties":{"name":"Bangalore Management Academy","category":"education","agent":"Auto-ingested education facility mapped from OpenStreetMap."}},{"type":"Feature","geometry":{"type":"Point","coordinates":[77.7170038,12.9705179]},"properties":{"name":"Knowledge Square IT Park","category":"corporate","agent":"Auto-ingested corporate facility mapped from OpenStreetMap."}},{"type":"Feature","geometry":{"type":"Point","coordinates":[77.6237929,12.9336704]},"properties":{"name":"ANI Technologies Pvt Ltd.","category":"corporate","agent":"Auto-ingested corporate facility mapped from OpenStreetMap."}},{"type":"Feature","geometry":{"type":"Point","coordinates":[77.6175164,12.9251469]},"properties":{"name":"BBMP Madiwala Branch","category":"civic","agent":"Auto-ingested civic facility mapped from OpenStreetMap."}},{"type":"Feature","geometry":{"type":"Point","coordinates":[77.5791232,12.9364617]},"properties":{"name":"Opteamix India Business Solutions Pvt Ltd","category":"corporate","agent":"Auto-ingested corporate facility mapped from OpenStreetMap."}},{"type":"Feature","geometry":{"type":"Point","coordinates":[77.5386455,12.9928137]},"properties":{"name":"Supra Hospital","category":"hospital","agent":"Auto-ingested hospital facility mapped from OpenStreetMap."}},{"type":"Feature","geometry":{"type":"Point","coordinates":[77.5386927,12.9929463]},"properties":{"name":"GM Hospital","category":"hospital","agent":"Auto-ingested hospital facility mapped from OpenStreetMap."}},{"type":"Feature","geometry":{"type":"Point","coordinates":[77.5694218,12.9375231]},"properties":{"name":"BBMP Complex","category":"civic","agent":"Auto-ingested civic facility mapped from OpenStreetMap."}},{"type":"Feature","geometry":{"type":"Point","coordinates":[77.6007286,12.9344816]},"properties":{"name":"Karmika Bhavana","category":"civic","agent":"Auto-ingested civic facility mapped from OpenStreetMap."}},{"type":"Feature","geometry":{"type":"Point","coordinates":[77.6278614,12.9174115]},"properties":{"name":"Unizen Technologies","category":"corporate","agent":"Auto-ingested corporate facility mapped from OpenStreetMap."}},{"type":"Feature","geometry":{"type":"Point","coordinates":[77.6945095,12.9351805]},"properties":{"name":"InMobi Technologies","category":"corporate","agent":"Auto-ingested corporate facility mapped from OpenStreetMap."}},{"type":"Feature","geometry":{"type":"Point","coordinates":[77.5564198,12.9226912]},"properties":{"name":"Ram Towers","category":"corporate","agent":"Auto-ingested corporate facility mapped from OpenStreetMap."}},{"type":"Feature","geometry":{"type":"Point","coordinates":[77.6698729,12.927406]},"properties":{"name":"Sri Varu Towers","category":"corporate","agent":"Auto-ingested corporate facility mapped from OpenStreetMap."}},{"type":"Feature","geometry":{"type":"Point","coordinates":[77.6031945,12.9052747]},"properties":{"name":"Sakhi Hospital (A Unit Of Prasad Healthcare Services)","category":"hospital","agent":"Auto-ingested hospital facility mapped from OpenStreetMap."}},{"type":"Feature","geometry":{"type":"Point","coordinates":[77.5513126,12.9391883]},"properties":{"name":"Prashanth Hospitals","category":"hospital","agent":"Auto-ingested hospital facility mapped from OpenStreetMap."}},{"type":"Feature","geometry":{"type":"Point","coordinates":[77.6177462,12.9165313]},"properties":{"name":"N.R Towers","category":"corporate","agent":"Auto-ingested corporate facility mapped from OpenStreetMap."}},{"type":"Feature","geometry":{"type":"Point","coordinates":[77.5684217,13.0084773]},"properties":{"name":"Vagus Super Speciality Hospital","category":"hospital","agent":"Auto-ingested hospital facility mapped from OpenStreetMap."}},{"type":"Feature","geometry":{"type":"Point","coordinates":[77.6309346,12.90101]},"properties":{"name":"Oxford College","category":"education","agent":"Auto-ingested education facility mapped from OpenStreetMap."}},{"type":"Feature","geometry":{"type":"Point","coordinates":[77.6067344,12.9743076]},"properties":{"name":"MSR West Park","category":"corporate","agent":"Auto-ingested corporate facility mapped from OpenStreetMap."}},{"type":"Feature","geometry":{"type":"Point","coordinates":[77.6339615,12.9780001]},"properties":{"name":"City Centre","category":"corporate","agent":"Auto-ingested corporate facility mapped from OpenStreetMap."}},{"type":"Feature","geometry":{"type":"Point","coordinates":[77.4869066,12.9288205]},"properties":{"name":"Meditech Diagnostic Laboratory","category":"corporate","agent":"Auto-ingested corporate facility mapped from OpenStreetMap."}},{"type":"Feature","geometry":{"type":"Point","coordinates":[77.6055502,12.9733809]},"properties":{"name":"Cresent Park","category":"corporate","agent":"Auto-ingested corporate facility mapped from OpenStreetMap."}},{"type":"Feature","geometry":{"type":"Point","coordinates":[77.643384,13.0204476]},"properties":{"name":"Cavalier Tower","category":"corporate","agent":"Auto-ingested corporate facility mapped from OpenStreetMap."}},{"type":"Feature","geometry":{"type":"Point","coordinates":[77.6432944,13.0171298]},"properties":{"name":"Ovum Hospitals","category":"hospital","agent":"Auto-ingested hospital facility mapped from OpenStreetMap."}},{"type":"Feature","geometry":{"type":"Point","coordinates":[77.7089879,12.9830441]},"properties":{"name":"Lithium Urban technologies","category":"corporate","agent":"Auto-ingested corporate facility mapped from OpenStreetMap."}},{"type":"Feature","geometry":{"type":"Point","coordinates":[77.5775108,12.9262236]},"properties":{"name":"Deepak Hospital","category":"hospital","agent":"Auto-ingested hospital facility mapped from OpenStreetMap."}},{"type":"Feature","geometry":{"type":"Point","coordinates":[77.5978834,12.9752593]},"properties":{"name":"Kasthuri Tower","category":"corporate","agent":"Auto-ingested corporate facility mapped from OpenStreetMap."}},{"type":"Feature","geometry":{"type":"Point","coordinates":[77.6979705,12.9431077]},"properties":{"name":"PR Business Centre","category":"corporate","agent":"Auto-ingested corporate facility mapped from OpenStreetMap."}},{"type":"Feature","geometry":{"type":"Point","coordinates":[77.5821636,12.9854416]},"properties":{"name":"Karnataka Judicial Academy","category":"education","agent":"Auto-ingested education facility mapped from OpenStreetMap."}},{"type":"Feature","geometry":{"type":"Point","coordinates":[77.6358788,13.1155417]},"properties":{"name":"REVA University","category":"education","agent":"Auto-ingested education facility mapped from OpenStreetMap."}},{"type":"Feature","geometry":{"type":"Point","coordinates":[77.7454453,12.9583372]},"properties":{"name":"Manipal Hospitals","category":"hospital","agent":"Auto-ingested hospital facility mapped from OpenStreetMap."}},{"type":"Feature","geometry":{"type":"Point","coordinates":[77.7025531,12.9659074]},"properties":{"name":"Jeevika Hospital","category":"hospital","agent":"Auto-ingested hospital facility mapped from OpenStreetMap."}},{"type":"Feature","geometry":{"type":"Point","coordinates":[77.6074034,12.9699963]},"properties":{"name":"St Josephs College of Commerce","category":"education","agent":"Auto-ingested education facility mapped from OpenStreetMap."}},{"type":"Feature","geometry":{"type":"Point","coordinates":[77.5626393,13.0437363]},"properties":{"name":"BEL Academy for Excellence","category":"education","agent":"Auto-ingested education facility mapped from OpenStreetMap."}},{"type":"Feature","geometry":{"type":"Point","coordinates":[77.5737218,12.9795326]},"properties":{"name":"Government Ayurvedic Medical College","category":"education","agent":"Auto-ingested education facility mapped from OpenStreetMap."}},{"type":"Feature","geometry":{"type":"Point","coordinates":[77.6467105,13.0152635]},"properties":{"name":"Sharada Medicals","category":"hospital","agent":"Auto-ingested hospital facility mapped from OpenStreetMap."}},{"type":"Feature","geometry":{"type":"Point","coordinates":[77.5770401,13.1032527]},"properties":{"name":"Sri Rashmi Fabritech","category":"corporate","agent":"Auto-ingested corporate facility mapped from OpenStreetMap."}},{"type":"Feature","geometry":{"type":"Point","coordinates":[77.6608858,13.0054864]},"properties":{"name":"New Horizon PU College","category":"education","agent":"Auto-ingested education facility mapped from OpenStreetMap."}},{"type":"Feature","geometry":{"type":"Point","coordinates":[77.4572342,12.8938602]},"properties":{"name":"SDM Institute of Ayurveda & Hospital","category":"hospital","agent":"Auto-ingested hospital facility mapped from OpenStreetMap."}},{"type":"Feature","geometry":{"type":"Point","coordinates":[77.6266773,12.973692]},"properties":{"name":"Halasuru Referal Hospital","category":"hospital","agent":"Auto-ingested hospital facility mapped from OpenStreetMap."}},{"type":"Feature","geometry":{"type":"Point","coordinates":[77.6256572,12.9740209]},"properties":{"name":"St Anne's Degree College","category":"education","agent":"Auto-ingested education facility mapped from OpenStreetMap."}},{"type":"Feature","geometry":{"type":"Point","coordinates":[77.6150722,12.9815448]},"properties":{"name":"RBANMS College","category":"education","agent":"Auto-ingested education facility mapped from OpenStreetMap."}},{"type":"Feature","geometry":{"type":"Point","coordinates":[77.4945382,13.0709875]},"properties":{"name":"Soundarya Institute of Management","category":"education","agent":"Auto-ingested education facility mapped from OpenStreetMap."}},{"type":"Feature","geometry":{"type":"Point","coordinates":[77.6446189,12.9644861]},"properties":{"name":"PU Cauvery College","category":"education","agent":"Auto-ingested education facility mapped from OpenStreetMap."}},{"type":"Feature","geometry":{"type":"Point","coordinates":[77.5994408,12.9153598]},"properties":{"name":"Practo Technologies Pvt Ltd","category":"corporate","agent":"Auto-ingested corporate facility mapped from OpenStreetMap."}},{"type":"Feature","geometry":{"type":"Point","coordinates":[77.6191416,12.9716895]},"properties":{"name":"Du Park Trinity","category":"corporate","agent":"Auto-ingested corporate facility mapped from OpenStreetMap."}},{"type":"Feature","geometry":{"type":"Point","coordinates":[77.6936549,12.9558447]},"properties":{"name":"VRR Hanuman Tower","category":"corporate","agent":"Auto-ingested corporate facility mapped from OpenStreetMap."}},{"type":"Feature","geometry":{"type":"Point","coordinates":[77.6079397,12.9726092]},"properties":{"name":"Pinto Towers","category":"corporate","agent":"Auto-ingested corporate facility mapped from OpenStreetMap."}},{"type":"Feature","geometry":{"type":"Point","coordinates":[77.4751598,13.1486352]},"properties":{"name":"Central Poultry Development Organisation And Training Institute","category":"education","agent":"Auto-ingested education facility mapped from OpenStreetMap."}},{"type":"Feature","geometry":{"type":"Point","coordinates":[77.5108905,13.0735071]},"properties":{"name":"RR College of Pharmacy","category":"education","agent":"Auto-ingested education facility mapped from OpenStreetMap."}},{"type":"Feature","geometry":{"type":"Point","coordinates":[77.6135839,12.9308359]},"properties":{"name":"Indian Institute of Psychology & Research","category":"education","agent":"Auto-ingested education facility mapped from OpenStreetMap."}},{"type":"Feature","geometry":{"type":"Point","coordinates":[77.6648854,12.8378523]},"properties":{"name":"Aliaxis Research and Technology Centre Asia","category":"corporate","agent":"Auto-ingested corporate facility mapped from OpenStreetMap."}},{"type":"Feature","geometry":{"type":"Point","coordinates":[77.5975797,12.9533742]},"properties":{"name":"Indira Gandhi National Open University","category":"education","agent":"Auto-ingested education facility mapped from OpenStreetMap."}},{"type":"Feature","geometry":{"type":"Point","coordinates":[77.6011314,12.991305]},"properties":{"name":"CSI Hospital","category":"hospital","agent":"Auto-ingested hospital facility mapped from OpenStreetMap."}},{"type":"Feature","geometry":{"type":"Point","coordinates":[77.462609,12.8939067]},"properties":{"name":"Rajarajeshwari Medical College and Hospital","category":"education","agent":"Auto-ingested education facility mapped from OpenStreetMap."}},{"type":"Feature","geometry":{"type":"Point","coordinates":[77.6061275,12.9672196]},"properties":{"name":"Brigade Towers","category":"corporate","agent":"Auto-ingested corporate facility mapped from OpenStreetMap."}},{"type":"Feature","geometry":{"type":"Point","coordinates":[77.5727797,13.1046531]},"properties":{"name":"SB Nursing College","category":"education","agent":"Auto-ingested education facility mapped from OpenStreetMap."}},{"type":"Feature","geometry":{"type":"Point","coordinates":[77.5980043,13.0506431]},"properties":{"name":"Presidency College","category":"education","agent":"Auto-ingested education facility mapped from OpenStreetMap."}},{"type":"Feature","geometry":{"type":"Point","coordinates":[77.585701,12.9662043]},"properties":{"name":"Abbas Khan College","category":"education","agent":"Auto-ingested education facility mapped from OpenStreetMap."}},{"type":"Feature","geometry":{"type":"Point","coordinates":[77.599855,12.9278986]},"properties":{"name":"Sagar Hospitals","category":"hospital","agent":"Auto-ingested hospital facility mapped from OpenStreetMap."}},{"type":"Feature","geometry":{"type":"Point","coordinates":[77.5651623,12.9078674]},"properties":{"name":"Sagar Hospital","category":"hospital","agent":"Auto-ingested hospital facility mapped from OpenStreetMap."}},{"type":"Feature","geometry":{"type":"Point","coordinates":[77.6355707,12.9709976]},"properties":{"name":"College of Nursing - ESIC","category":"education","agent":"Auto-ingested education facility mapped from OpenStreetMap."}},{"type":"Feature","geometry":{"type":"Point","coordinates":[77.7016114,13.0111621]},"properties":{"name":"Silicon City College","category":"education","agent":"Auto-ingested education facility mapped from OpenStreetMap."}},{"type":"Feature","geometry":{"type":"Point","coordinates":[77.4819509,12.9684192]},"properties":{"name":"KLE Law College","category":"education","agent":"Auto-ingested education facility mapped from OpenStreetMap."}},{"type":"Feature","geometry":{"type":"Point","coordinates":[77.627935,12.9638769]},"properties":{"name":"Command Hospital (Air Force)","category":"hospital","agent":"Auto-ingested hospital facility mapped from OpenStreetMap."}},{"type":"Feature","geometry":{"type":"Point","coordinates":[77.5879044,13.1293899]},"properties":{"name":"Nitte Meenakshi Institute of Technology","category":"education","agent":"Auto-ingested education facility mapped from OpenStreetMap."}},{"type":"Feature","geometry":{"type":"Point","coordinates":[77.5962927,13.0995716]},"properties":{"name":"Yelahanka Government Hospital","category":"hospital","agent":"Auto-ingested hospital facility mapped from OpenStreetMap."}},{"type":"Feature","geometry":{"type":"Point","coordinates":[77.6111852,12.9649568]},"properties":{"name":"St. Philomena's Hospital","category":"hospital","agent":"Auto-ingested hospital facility mapped from OpenStreetMap."}},{"type":"Feature","geometry":{"type":"Point","coordinates":[77.7303716,12.9767231]},"properties":{"name":"Vydehi Institute of Medical Science and Research Center","category":"education","agent":"Auto-ingested education facility mapped from OpenStreetMap."}},{"type":"Feature","geometry":{"type":"Point","coordinates":[77.6977273,12.8871419]},"properties":{"name":"Bhoomi College","category":"education","agent":"Auto-ingested education facility mapped from OpenStreetMap."}},{"type":"Feature","geometry":{"type":"Point","coordinates":[77.5942601,12.9898869]},"properties":{"name":"Al-Ameen Hospital","category":"hospital","agent":"Auto-ingested hospital facility mapped from OpenStreetMap."}},{"type":"Feature","geometry":{"type":"Point","coordinates":[77.5529389,13.0067504]},"properties":{"name":"St. Theresa's Hospital","category":"hospital","agent":"Auto-ingested hospital facility mapped from OpenStreetMap."}},{"type":"Feature","geometry":{"type":"Point","coordinates":[77.5528926,12.923763]},"properties":{"name":"JSS Tower","category":"corporate","agent":"Auto-ingested corporate facility mapped from OpenStreetMap."}},{"type":"Feature","geometry":{"type":"Point","coordinates":[77.6424351,13.058229]},"properties":{"name":"Kristu Jayanti University","category":"education","agent":"Auto-ingested education facility mapped from OpenStreetMap."}},{"type":"Feature","geometry":{"type":"Point","coordinates":[77.6338225,13.0279653]},"properties":{"name":"Royal College of Management Studies","category":"education","agent":"Auto-ingested education facility mapped from OpenStreetMap."}},{"type":"Feature","geometry":{"type":"Point","coordinates":[77.6470614,12.9756177]},"properties":{"name":"Life Hospital","category":"hospital","agent":"Auto-ingested hospital facility mapped from OpenStreetMap."}},{"type":"Feature","geometry":{"type":"Point","coordinates":[77.5803074,12.9496516]},"properties":{"name":"South City Hospital","category":"hospital","agent":"Auto-ingested hospital facility mapped from OpenStreetMap."}},{"type":"Feature","geometry":{"type":"Point","coordinates":[77.6614009,12.9645727]},"properties":{"name":"Sacred Heart Degree College","category":"education","agent":"Auto-ingested education facility mapped from OpenStreetMap."}},{"type":"Feature","geometry":{"type":"Point","coordinates":[77.7286414,12.9880712]},"properties":{"name":"Manipal Hospitals Whitefield","category":"hospital","agent":"Auto-ingested hospital facility mapped from OpenStreetMap."}},{"type":"Feature","geometry":{"type":"Point","coordinates":[77.6957524,12.8069097]},"properties":{"name":"Sparsh Hospital, Bengaluru Urban","category":"hospital","agent":"Auto-ingested hospital facility mapped from OpenStreetMap."}},{"type":"Feature","geometry":{"type":"Point","coordinates":[77.6946919,12.8066737]},"properties":{"name":"Mazumdar Shaw Medical Center","category":"hospital","agent":"Auto-ingested hospital facility mapped from OpenStreetMap."}},{"type":"Feature","geometry":{"type":"Point","coordinates":[77.6714888,12.9174984]},"properties":{"name":"ALT training college","category":"education","agent":"Auto-ingested education facility mapped from OpenStreetMap."}},{"type":"Feature","geometry":{"type":"Point","coordinates":[77.697834,12.9753078]},"properties":{"name":"Rainbow Children's Hospital","category":"hospital","agent":"Auto-ingested hospital facility mapped from OpenStreetMap."}},{"type":"Feature","geometry":{"type":"Point","coordinates":[77.7282286,12.9904745]},"properties":{"name":"Tower C","category":"corporate","agent":"Auto-ingested corporate facility mapped from OpenStreetMap."}},{"type":"Feature","geometry":{"type":"Point","coordinates":[77.5977936,12.9492019]},"properties":{"name":"Agadi Hospital","category":"hospital","agent":"Auto-ingested hospital facility mapped from OpenStreetMap."}},{"type":"Feature","geometry":{"type":"Point","coordinates":[77.6950639,12.8964133]},"properties":{"name":"Punarjani Ayurvedic Multispeciality Hospital","category":"hospital","agent":"Auto-ingested hospital facility mapped from OpenStreetMap."}},{"type":"Feature","geometry":{"type":"Point","coordinates":[77.6943074,12.9338581]},"properties":{"name":"Umiya Business Bay 2","category":"corporate","agent":"Auto-ingested corporate facility mapped from OpenStreetMap."}},{"type":"Feature","geometry":{"type":"Point","coordinates":[77.5217734,12.8222]},"properties":{"name":"Sri Sri Ayurveda hospital","category":"hospital","agent":"Auto-ingested hospital facility mapped from OpenStreetMap."}},{"type":"Feature","geometry":{"type":"Point","coordinates":[77.515023,12.8250806]},"properties":{"name":"Dayananda Sagar Academy of Technology and Management","category":"education","agent":"Auto-ingested education facility mapped from OpenStreetMap."}},{"type":"Feature","geometry":{"type":"Point","coordinates":[77.5866665,12.9786163]},"properties":{"name":"Institute of Hotel Management","category":"education","agent":"Auto-ingested education facility mapped from OpenStreetMap."}},{"type":"Feature","geometry":{"type":"Point","coordinates":[77.6921961,12.9343765]},"properties":{"name":"New Horizon College of Engineering","category":"education","agent":"Auto-ingested education facility mapped from OpenStreetMap."}},{"type":"Feature","geometry":{"type":"Point","coordinates":[77.749386,12.9659169]},"properties":{"name":"Svastha Hospital","category":"hospital","agent":"Auto-ingested hospital facility mapped from OpenStreetMap."}},{"type":"Feature","geometry":{"type":"Point","coordinates":[77.5429924,13.0277509]},"properties":{"name":"Sparsh Hospital","category":"hospital","agent":"Auto-ingested hospital facility mapped from OpenStreetMap."}},{"type":"Feature","geometry":{"type":"Point","coordinates":[77.6336898,12.8984751]},"properties":{"name":"GKR Towers","category":"corporate","agent":"Auto-ingested corporate facility mapped from OpenStreetMap."}},{"type":"Feature","geometry":{"type":"Point","coordinates":[77.7031995,13.0218135]},"properties":{"name":"Kristu Jyoti College","category":"education","agent":"Auto-ingested education facility mapped from OpenStreetMap."}},{"type":"Feature","geometry":{"type":"Point","coordinates":[77.6415271,13.0297477]},"properties":{"name":"St Vincent Pallotti College","category":"education","agent":"Auto-ingested education facility mapped from OpenStreetMap."}},{"type":"Feature","geometry":{"type":"Point","coordinates":[77.5674679,12.9413364]},"properties":{"name":"BMS Hospital","category":"hospital","agent":"Auto-ingested hospital facility mapped from OpenStreetMap."}},{"type":"Feature","geometry":{"type":"Point","coordinates":[77.5321405,12.9348535]},"properties":{"name":"PES University","category":"education","agent":"Auto-ingested education facility mapped from OpenStreetMap."}},{"type":"Feature","geometry":{"type":"Point","coordinates":[77.6246913,12.9810372]},"properties":{"name":"Aavishkar Academy","category":"education","agent":"Auto-ingested education facility mapped from OpenStreetMap."}},{"type":"Feature","geometry":{"type":"Point","coordinates":[77.7597267,12.8796357]},"properties":{"name":"International School Of Management Excellence","category":"education","agent":"Auto-ingested education facility mapped from OpenStreetMap."}},{"type":"Feature","geometry":{"type":"Point","coordinates":[77.5006239,12.9246391]},"properties":{"name":"Medical Centre","category":"hospital","agent":"Auto-ingested hospital facility mapped from OpenStreetMap."}},{"type":"Feature","geometry":{"type":"Point","coordinates":[77.4968578,12.9244411]},"properties":{"name":"Bangalore Integrated Management Academy","category":"education","agent":"Auto-ingested education facility mapped from OpenStreetMap."}},{"type":"Feature","geometry":{"type":"Point","coordinates":[77.5459005,12.9980069]},"properties":{"name":"M C Modi Eye Hospital","category":"hospital","agent":"Auto-ingested hospital facility mapped from OpenStreetMap."}},{"type":"Feature","geometry":{"type":"Point","coordinates":[77.6081437,13.1497515]},"properties":{"name":"Krishnadevaraya College of Dental Science","category":"education","agent":"Auto-ingested education facility mapped from OpenStreetMap."}},{"type":"Feature","geometry":{"type":"Point","coordinates":[77.5035875,13.0725243]},"properties":{"name":"Nrr Hospital","category":"hospital","agent":"Auto-ingested hospital facility mapped from OpenStreetMap."}},{"type":"Feature","geometry":{"type":"Point","coordinates":[77.5078291,13.0548077]},"properties":{"name":"shopping city feet shop","category":"corporate","agent":"Auto-ingested corporate facility mapped from OpenStreetMap."}},{"type":"Feature","geometry":{"type":"Point","coordinates":[77.5077537,13.046863]},"properties":{"name":"Thirumala Carving Technology","category":"corporate","agent":"Auto-ingested corporate facility mapped from OpenStreetMap."}},{"type":"Feature","geometry":{"type":"Point","coordinates":[77.5970471,13.0982401]},"properties":{"name":"Deeksha Hospital","category":"hospital","agent":"Auto-ingested hospital facility mapped from OpenStreetMap."}},{"type":"Feature","geometry":{"type":"Point","coordinates":[77.5845504,13.019455]},"properties":{"name":"Pinnacle West Tower","category":"corporate","agent":"Auto-ingested corporate facility mapped from OpenStreetMap."}},{"type":"Feature","geometry":{"type":"Point","coordinates":[77.7898694,12.8605649]},"properties":{"name":"Town Hospital","category":"hospital","agent":"Auto-ingested hospital facility mapped from OpenStreetMap."}},{"type":"Feature","geometry":{"type":"Point","coordinates":[77.5226387,12.9414292]},"properties":{"name":"Puneeth Rajkumar Multispeciality Hospital","category":"hospital","agent":"Auto-ingested hospital facility mapped from OpenStreetMap."}},{"type":"Feature","geometry":{"type":"Point","coordinates":[77.5262224,12.9272671]},"properties":{"name":"Global Academy of Technology","category":"education","agent":"Auto-ingested education facility mapped from OpenStreetMap."}},{"type":"Feature","geometry":{"type":"Point","coordinates":[77.5764128,13.1247842]},"properties":{"name":"CRPF Hospital","category":"hospital","agent":"Auto-ingested hospital facility mapped from OpenStreetMap."}},{"type":"Feature","geometry":{"type":"Point","coordinates":[77.5533932,13.005314]},"properties":{"name":"Indian Institute of Spirituality","category":"education","agent":"Auto-ingested education facility mapped from OpenStreetMap."}},{"type":"Feature","geometry":{"type":"Point","coordinates":[77.6355917,13.0302427]},"properties":{"name":"Indian Academy Group of Institutions","category":"education","agent":"Auto-ingested education facility mapped from OpenStreetMap."}},{"type":"Feature","geometry":{"type":"Point","coordinates":[77.6325562,13.028489]},"properties":{"name":"HOSMAT Hospital, Kalyan Nagar","category":"hospital","agent":"Auto-ingested hospital facility mapped from OpenStreetMap."}},{"type":"Feature","geometry":{"type":"Point","coordinates":[77.5837987,13.1036126]},"properties":{"name":"Navachethana Hospital","category":"hospital","agent":"Auto-ingested hospital facility mapped from OpenStreetMap."}},{"type":"Feature","geometry":{"type":"Point","coordinates":[77.525514,12.9427199]},"properties":{"name":"Natus Woman and Children Hospital","category":"hospital","agent":"Auto-ingested hospital facility mapped from OpenStreetMap."}},{"type":"Feature","geometry":{"type":"Point","coordinates":[77.5875159,12.985856]},"properties":{"name":"One Trade Tower","category":"corporate","agent":"Auto-ingested corporate facility mapped from OpenStreetMap."}},{"type":"Feature","geometry":{"type":"Point","coordinates":[77.5814923,12.9841069]},"properties":{"name":"Lotus Towers","category":"corporate","agent":"Auto-ingested corporate facility mapped from OpenStreetMap."}},{"type":"Feature","geometry":{"type":"Point","coordinates":[77.5757991,12.9818346]},"properties":{"name":"SJR College of Law","category":"education","agent":"Auto-ingested education facility mapped from OpenStreetMap."}},{"type":"Feature","geometry":{"type":"Point","coordinates":[77.6301463,12.9270487]},"properties":{"name":"St. Francis Composite PU College","category":"education","agent":"Auto-ingested education facility mapped from OpenStreetMap."}},{"type":"Feature","geometry":{"type":"Point","coordinates":[77.4965581,13.0532657]},"properties":{"name":"Karnataka State Labour Institute","category":"education","agent":"Auto-ingested education facility mapped from OpenStreetMap."}},{"type":"Feature","geometry":{"type":"Point","coordinates":[77.5895344,13.0362616]},"properties":{"name":"Rama Towers","category":"corporate","agent":"Auto-ingested corporate facility mapped from OpenStreetMap."}},{"type":"Feature","geometry":{"type":"Point","coordinates":[77.4832827,13.0507482]},"properties":{"name":"Jindal Naturecure Institute hospital","category":"hospital","agent":"Auto-ingested hospital facility mapped from OpenStreetMap."}},{"type":"Feature","geometry":{"type":"Point","coordinates":[77.5921105,13.0022168]},"properties":{"name":"Indian Institute of Ayurvedic Medicine & Research","category":"education","agent":"Auto-ingested education facility mapped from OpenStreetMap."}},{"type":"Feature","geometry":{"type":"Point","coordinates":[77.6823567,13.0046358]},"properties":{"name":"ITI General Hospital","category":"hospital","agent":"Auto-ingested hospital facility mapped from OpenStreetMap."}},{"type":"Feature","geometry":{"type":"Point","coordinates":[77.5941222,13.0099309]},"properties":{"name":"JC Nagar Municipal Hospital","category":"hospital","agent":"Auto-ingested hospital facility mapped from OpenStreetMap."}},{"type":"Feature","geometry":{"type":"Point","coordinates":[77.6141253,12.9667495]},"properties":{"name":"BBMP Waste Transfer Station","category":"civic","agent":"Auto-ingested civic facility mapped from OpenStreetMap."}},{"type":"Feature","geometry":{"type":"Point","coordinates":[77.6371783,13.0883323]},"properties":{"name":"KNS Institute of Technology","category":"education","agent":"Auto-ingested education facility mapped from OpenStreetMap."}},{"type":"Feature","geometry":{"type":"Point","coordinates":[77.7348013,13.0787857]},"properties":{"name":"Swami Vivekananda College of Nursing","category":"education","agent":"Auto-ingested education facility mapped from OpenStreetMap."}},{"type":"Feature","geometry":{"type":"Point","coordinates":[77.5612902,12.9821724]},"properties":{"name":"SJR College for Women","category":"education","agent":"Auto-ingested education facility mapped from OpenStreetMap."}},{"type":"Feature","geometry":{"type":"Point","coordinates":[77.5426566,12.9871277]},"properties":{"name":"VVS Girls College","category":"education","agent":"Auto-ingested education facility mapped from OpenStreetMap."}},{"type":"Feature","geometry":{"type":"Point","coordinates":[77.7169334,12.9864242]},"properties":{"name":"GSAP-Gopalan College Of Architecture","category":"education","agent":"Auto-ingested education facility mapped from OpenStreetMap."}},{"type":"Feature","geometry":{"type":"Point","coordinates":[77.49845,12.926725]},"properties":{"name":"St. Anthony's PU College","category":"education","agent":"Auto-ingested education facility mapped from OpenStreetMap."}},{"type":"Feature","geometry":{"type":"Point","coordinates":[77.5810306,13.0537899]},"properties":{"name":"Impact College of Engineering and Applied Sciences","category":"education","agent":"Auto-ingested education facility mapped from OpenStreetMap."}},{"type":"Feature","geometry":{"type":"Point","coordinates":[77.5830666,13.0248754]},"properties":{"name":"ICAR - Indian Veterinary Research Institute, Hebbal","category":"education","agent":"Auto-ingested education facility mapped from OpenStreetMap."}},{"type":"Feature","geometry":{"type":"Point","coordinates":[77.5581059,13.127423]},"properties":{"name":"ICAR - Indian Veterinary Research Institute, Yelahanka","category":"education","agent":"Auto-ingested education facility mapped from OpenStreetMap."}},{"type":"Feature","geometry":{"type":"Point","coordinates":[77.6996336,12.8854855]},"properties":{"name":"Bangalore Technological Institute","category":"education","agent":"Auto-ingested education facility mapped from OpenStreetMap."}},{"type":"Feature","geometry":{"type":"Point","coordinates":[77.5451393,13.141502]},"properties":{"name":"Dr. NSAM First Grade College","category":"education","agent":"Auto-ingested education facility mapped from OpenStreetMap."}},{"type":"Feature","geometry":{"type":"Point","coordinates":[77.536518,12.9830546]},"properties":{"name":"Government Homeopathic Hospital","category":"hospital","agent":"Auto-ingested hospital facility mapped from OpenStreetMap."}},{"type":"Feature","geometry":{"type":"Point","coordinates":[77.6063126,12.9615474]},"properties":{"name":"Baldwin Methodist College","category":"education","agent":"Auto-ingested education facility mapped from OpenStreetMap."}},{"type":"Feature","geometry":{"type":"Point","coordinates":[77.5792111,12.9863583]},"properties":{"name":"Dr. P.R. Desai Hospital Pvt Ltd","category":"hospital","agent":"Auto-ingested hospital facility mapped from OpenStreetMap."}},{"type":"Feature","geometry":{"type":"Point","coordinates":[77.5584602,12.998356]},"properties":{"name":"Mariyappa First Grade College","category":"education","agent":"Auto-ingested education facility mapped from OpenStreetMap."}},{"type":"Feature","geometry":{"type":"Point","coordinates":[77.6130602,12.9725039]},"properties":{"name":"St. Joseph's Institute of Management","category":"education","agent":"Auto-ingested education facility mapped from OpenStreetMap."}},{"type":"Feature","geometry":{"type":"Point","coordinates":[77.5560784,13.0142942]},"properties":{"name":"Manipal Hospital Yeshwantpur","category":"hospital","agent":"Auto-ingested hospital facility mapped from OpenStreetMap."}},{"type":"Feature","geometry":{"type":"Point","coordinates":[77.6509159,12.9050747]},"properties":{"name":"TruEstate (IQOL Technologies)","category":"corporate","agent":"Auto-ingested corporate facility mapped from OpenStreetMap."}},{"type":"Feature","geometry":{"type":"Point","coordinates":[77.5918707,13.0545318]},"properties":{"name":"Aster CMI Hospital","category":"hospital","agent":"Auto-ingested hospital facility mapped from OpenStreetMap."}},{"type":"Feature","geometry":{"type":"Point","coordinates":[77.5689321,12.914142]},"properties":{"name":"National Power Training Institute","category":"education","agent":"Auto-ingested education facility mapped from OpenStreetMap."}},{"type":"Feature","geometry":{"type":"Point","coordinates":[77.6014367,12.983676]},"properties":{"name":"BBMP PU College","category":"education","agent":"Auto-ingested education facility mapped from OpenStreetMap."}},{"type":"Feature","geometry":{"type":"Point","coordinates":[77.5099921,12.9834643]},"properties":{"name":"Kempegowda Institute of Management Studies and Research","category":"education","agent":"Auto-ingested education facility mapped from OpenStreetMap."}},{"type":"Feature","geometry":{"type":"Point","coordinates":[77.5057463,12.9566063]},"properties":{"name":"National School of Drama, Bengaluru","category":"education","agent":"Auto-ingested education facility mapped from OpenStreetMap."}},{"type":"Feature","geometry":{"type":"Point","coordinates":[77.6377447,13.0846319]},"properties":{"name":"Manipal Academy Of BFSI","category":"education","agent":"Auto-ingested education facility mapped from OpenStreetMap."}},{"type":"Feature","geometry":{"type":"Point","coordinates":[77.6359056,13.0860699]},"properties":{"name":"Karnataka College of Pharmacy","category":"education","agent":"Auto-ingested education facility mapped from OpenStreetMap."}},{"type":"Feature","geometry":{"type":"Point","coordinates":[77.6151763,12.9821415]},"properties":{"name":"RBANMS First Grade Evening College","category":"education","agent":"Auto-ingested education facility mapped from OpenStreetMap."}},{"type":"Feature","geometry":{"type":"Point","coordinates":[77.5138572,12.9533957]},"properties":{"name":"Institute for Social and Economic Change","category":"education","agent":"Auto-ingested education facility mapped from OpenStreetMap."}},{"type":"Feature","geometry":{"type":"Point","coordinates":[77.5159691,12.9528954]},"properties":{"name":"National Law School of India University","category":"education","agent":"Auto-ingested education facility mapped from OpenStreetMap."}},{"type":"Feature","geometry":{"type":"Point","coordinates":[77.5171654,12.9494982]},"properties":{"name":"Dr. B. R. Ambedkar School of Economics University, Bengaluru","category":"education","agent":"Auto-ingested education facility mapped from OpenStreetMap."}},{"type":"Feature","geometry":{"type":"Point","coordinates":[77.5188318,12.9525207]},"properties":{"name":"Maulana Azad National Urdu University","category":"education","agent":"Auto-ingested education facility mapped from OpenStreetMap."}},{"type":"Feature","geometry":{"type":"Point","coordinates":[77.6097218,12.9656576]},"properties":{"name":"Vikram Aura Hospitals","category":"hospital","agent":"Auto-ingested hospital facility mapped from OpenStreetMap."}},{"type":"Feature","geometry":{"type":"Point","coordinates":[77.6032839,12.9704168]},"properties":{"name":"St Joseph's College of Law","category":"education","agent":"Auto-ingested education facility mapped from OpenStreetMap."}},{"type":"Feature","geometry":{"type":"Point","coordinates":[77.5725513,13.0029512]},"properties":{"name":"Rajiv Gandhi College Of Law","category":"education","agent":"Auto-ingested education facility mapped from OpenStreetMap."}},{"type":"Feature","geometry":{"type":"Point","coordinates":[77.6169973,12.9696002]},"properties":{"name":"Karnataka State Police Housing Corporation Limited","category":"civic","agent":"Auto-ingested civic facility mapped from OpenStreetMap."}},{"type":"Feature","geometry":{"type":"Point","coordinates":[77.5056937,13.0357273]},"properties":{"name":"Chirst University Yeshwantpur Campus","category":"education","agent":"Auto-ingested education facility mapped from OpenStreetMap."}},{"type":"Feature","geometry":{"type":"Point","coordinates":[77.6765573,12.9124863]},"properties":{"name":"BN Specialty Hospital","category":"hospital","agent":"Auto-ingested hospital facility mapped from OpenStreetMap."}},{"type":"Feature","geometry":{"type":"Point","coordinates":[77.7162105,12.9550562]},"properties":{"name":"DSR Techno Cube","category":"corporate","agent":"Auto-ingested corporate facility mapped from OpenStreetMap."}},{"type":"Feature","geometry":{"type":"Point","coordinates":[77.7339468,12.9883438]},"properties":{"name":"Aster Women and Children Hospital","category":"hospital","agent":"Auto-ingested hospital facility mapped from OpenStreetMap."}},{"type":"Feature","geometry":{"type":"Point","coordinates":[77.5065296,13.0463371]},"properties":{"name":"Prakriya Hospital","category":"hospital","agent":"Auto-ingested hospital facility mapped from OpenStreetMap."}},{"type":"Feature","geometry":{"type":"Point","coordinates":[77.596113,12.8778683]},"properties":{"name":"Christ University Bannerghatta Road","category":"education","agent":"Auto-ingested education facility mapped from OpenStreetMap."}},{"type":"Feature","geometry":{"type":"Point","coordinates":[77.7770656,12.8439831]},"properties":{"name":"Azim Premji University","category":"education","agent":"Auto-ingested education facility mapped from OpenStreetMap."}},{"type":"Feature","geometry":{"type":"Point","coordinates":[77.5635513,13.0293756]},"properties":{"name":"National Institute of Advanced Studies - NIAS","category":"education","agent":"Auto-ingested education facility mapped from OpenStreetMap."}},{"type":"Feature","geometry":{"type":"Point","coordinates":[77.5868339,13.0994183]},"properties":{"name":"Bishop Cotton Academy of Professional Management","category":"education","agent":"Auto-ingested education facility mapped from OpenStreetMap."}},{"type":"Feature","geometry":{"type":"Point","coordinates":[77.5904173,13.094775]},"properties":{"name":"Agragami College of Aeronautical Engineering","category":"education","agent":"Auto-ingested education facility mapped from OpenStreetMap."}},{"type":"Feature","geometry":{"type":"Point","coordinates":[77.590225,13.0957382]},"properties":{"name":"East West College of Engineering","category":"education","agent":"Auto-ingested education facility mapped from OpenStreetMap."}},{"type":"Feature","geometry":{"type":"Point","coordinates":[77.5867157,12.9542208]},"properties":{"name":"Al-Ameen Arts and Science College","category":"education","agent":"Auto-ingested education facility mapped from OpenStreetMap."}},{"type":"Feature","geometry":{"type":"Point","coordinates":[77.5890581,13.1264517]},"properties":{"name":"Manipal Academy of Higher Education, Bengaluru","category":"education","agent":"Auto-ingested education facility mapped from OpenStreetMap."}},{"type":"Feature","geometry":{"type":"Point","coordinates":[77.5829112,12.8622781]},"properties":{"name":"Jeevalaya Institute of Philosophy","category":"education","agent":"Auto-ingested education facility mapped from OpenStreetMap."}},{"type":"Feature","geometry":{"type":"Point","coordinates":[77.60226,12.9896386]},"properties":{"name":"Charaka Super Speciality Hospital","category":"hospital","agent":"Auto-ingested hospital facility mapped from OpenStreetMap."}},{"type":"Feature","geometry":{"type":"Point","coordinates":[77.7084843,12.9736568]},"properties":{"name":"Hephzi Towers","category":"corporate","agent":"Auto-ingested corporate facility mapped from OpenStreetMap."}},{"type":"Feature","geometry":{"type":"Point","coordinates":[77.6086002,12.9482501]},"properties":{"name":"National Institute of Animal Nutrition and Physiology","category":"education","agent":"Auto-ingested education facility mapped from OpenStreetMap."}},{"type":"Feature","geometry":{"type":"Point","coordinates":[77.6267551,13.0767034]},"properties":{"name":"Police Training School","category":"education","agent":"Auto-ingested education facility mapped from OpenStreetMap."}},{"type":"Feature","geometry":{"type":"Point","coordinates":[77.7617741,13.0541702]},"properties":{"name":"Brigade Signature Towers","category":"corporate","agent":"Auto-ingested corporate facility mapped from OpenStreetMap."}},{"type":"Feature","geometry":{"type":"Point","coordinates":[77.5056378,13.0346158]},"properties":{"name":"St. Paul's College","category":"education","agent":"Auto-ingested education facility mapped from OpenStreetMap."}},{"type":"Feature","geometry":{"type":"Point","coordinates":[77.708504,12.9129942]},"properties":{"name":"Carmelaram Theology College","category":"education","agent":"Auto-ingested education facility mapped from OpenStreetMap."}},{"type":"Feature","geometry":{"type":"Point","coordinates":[77.4636448,12.8488998]},"properties":{"name":"BGS College","category":"education","agent":"Auto-ingested education facility mapped from OpenStreetMap."}},{"type":"Feature","geometry":{"type":"Point","coordinates":[77.5868658,12.8310931]},"properties":{"name":"Union Bank of India Staff College","category":"education","agent":"Auto-ingested education facility mapped from OpenStreetMap."}},{"type":"Feature","geometry":{"type":"Point","coordinates":[77.5889213,12.8284764]},"properties":{"name":"AMC Engineering College","category":"education","agent":"Auto-ingested education facility mapped from OpenStreetMap."}},{"type":"Feature","geometry":{"type":"Point","coordinates":[77.6450517,12.9166101]},"properties":{"name":"Phoenix Hospital","category":"hospital","agent":"Auto-ingested hospital facility mapped from OpenStreetMap."}},{"type":"Feature","geometry":{"type":"Point","coordinates":[77.6771657,12.8409395]},"properties":{"name":"Salarpuriya Sattva South-Gate Tech Park","category":"corporate","agent":"Auto-ingested corporate facility mapped from OpenStreetMap."}},{"type":"Feature","geometry":{"type":"Point","coordinates":[77.5600013,13.0151199]},"properties":{"name":"ESI Hospital Malleshwaram Branch","category":"hospital","agent":"Auto-ingested hospital facility mapped from OpenStreetMap."}},{"type":"Feature","geometry":{"type":"Point","coordinates":[77.6400977,12.9124786]},"properties":{"name":"Oriental Towers","category":"corporate","agent":"Auto-ingested corporate facility mapped from OpenStreetMap."}},{"type":"Feature","geometry":{"type":"Point","coordinates":[77.6435134,12.9082086]},"properties":{"name":"Narayana Multispeciality Hospital","category":"hospital","agent":"Auto-ingested hospital facility mapped from OpenStreetMap."}},{"type":"Feature","geometry":{"type":"Point","coordinates":[77.6065768,12.9969585]},"properties":{"name":"MQI College","category":"education","agent":"Auto-ingested education facility mapped from OpenStreetMap."}},{"type":"Feature","geometry":{"type":"Point","coordinates":[77.5709861,13.0120786]},"properties":{"name":"Institute of Wood Science and Technology","category":"education","agent":"Auto-ingested education facility mapped from OpenStreetMap."}},{"type":"Feature","geometry":{"type":"Point","coordinates":[77.5616587,12.9988218]},"properties":{"name":"Vivekananda College of Law","category":"education","agent":"Auto-ingested education facility mapped from OpenStreetMap."}},{"type":"Feature","geometry":{"type":"Point","coordinates":[77.4598763,12.8882897]},"properties":{"name":"St. Benedict's Academy","category":"education","agent":"Auto-ingested education facility mapped from OpenStreetMap."}},{"type":"Feature","geometry":{"type":"Point","coordinates":[77.5991486,12.9120727]},"properties":{"name":"Raman Towers","category":"corporate","agent":"Auto-ingested corporate facility mapped from OpenStreetMap."}},{"type":"Feature","geometry":{"type":"Point","coordinates":[77.7138833,12.9644828]},"properties":{"name":"Doddanekkundi BBMP Office","category":"civic","agent":"Auto-ingested civic facility mapped from OpenStreetMap."}},{"type":"Feature","geometry":{"type":"Point","coordinates":[77.4842662,13.0034333]},"properties":{"name":"Acharya Bangalore Business School","category":"education","agent":"Auto-ingested education facility mapped from OpenStreetMap."}},{"type":"Feature","geometry":{"type":"Point","coordinates":[77.7590705,13.0091404]},"properties":{"name":"Miracle Hospital","category":"hospital","agent":"Auto-ingested hospital facility mapped from OpenStreetMap."}},{"type":"Feature","geometry":{"type":"Point","coordinates":[77.5782397,12.9900633]},"properties":{"name":"Kumara Park BWSSB Service Station","category":"civic","agent":"Auto-ingested civic facility mapped from OpenStreetMap."}},{"type":"Feature","geometry":{"type":"Point","coordinates":[77.6108833,12.9645944]},"properties":{"name":"St. Philomena's College of Nursing","category":"education","agent":"Auto-ingested education facility mapped from OpenStreetMap."}},{"type":"Feature","geometry":{"type":"Point","coordinates":[77.595129,12.9865726]},"properties":{"name":"Chaman Business Centre","category":"corporate","agent":"Auto-ingested corporate facility mapped from OpenStreetMap."}},{"type":"Feature","geometry":{"type":"Point","coordinates":[77.5915553,13.1258755]},"properties":{"name":"Srishti Manipal Institute of Art, Design and Technology","category":"education","agent":"Auto-ingested education facility mapped from OpenStreetMap."}},{"type":"Feature","geometry":{"type":"Point","coordinates":[77.5600393,12.9882302]},"properties":{"name":"Suguna Hospital","category":"hospital","agent":"Auto-ingested hospital facility mapped from OpenStreetMap."}},{"type":"Feature","geometry":{"type":"Point","coordinates":[77.7331674,12.9852447]},"properties":{"name":"Jain University School of Allied Healthcare & Sciences","category":"education","agent":"Auto-ingested education facility mapped from OpenStreetMap."}},{"type":"Feature","geometry":{"type":"Point","coordinates":[77.6406846,13.040171]},"properties":{"name":"Sparsh Hospital, Hennur","category":"hospital","agent":"Auto-ingested hospital facility mapped from OpenStreetMap."}},{"type":"Feature","geometry":{"type":"Point","coordinates":[77.6047605,12.9569001]},"properties":{"name":"Dr Agarwal's Eye Hospital","category":"hospital","agent":"Auto-ingested hospital facility mapped from OpenStreetMap."}},{"type":"Feature","geometry":{"type":"Point","coordinates":[77.6371661,13.0651208]},"properties":{"name":"Bible College and Ministry Training Center","category":"education","agent":"Auto-ingested education facility mapped from OpenStreetMap."}},{"type":"Feature","geometry":{"type":"Point","coordinates":[77.4976197,12.9263091]},"properties":{"name":"Darshan College","category":"education","agent":"Auto-ingested education facility mapped from OpenStreetMap."}},{"type":"Feature","geometry":{"type":"Point","coordinates":[77.5988818,12.9838498]},"properties":{"name":"Bowring and Lady Curzon Medical College","category":"education","agent":"Auto-ingested education facility mapped from OpenStreetMap."}},{"type":"Feature","geometry":{"type":"Point","coordinates":[77.6229245,12.9400088]},"properties":{"name":"Juspay Technologies Private Limited","category":"corporate","agent":"Auto-ingested corporate facility mapped from OpenStreetMap."}},{"type":"Feature","geometry":{"type":"Point","coordinates":[77.5945708,12.8507133]},"properties":{"name":"T John College","category":"education","agent":"Auto-ingested education facility mapped from OpenStreetMap."}},{"type":"Feature","geometry":{"type":"Point","coordinates":[77.7155216,12.9017283]},"properties":{"name":"Snehadaan Hospital","category":"hospital","agent":"Auto-ingested hospital facility mapped from OpenStreetMap."}},{"type":"Feature","geometry":{"type":"Point","coordinates":[77.5216783,12.9264187]},"properties":{"name":"SS Sparsh Hospital","category":"hospital","agent":"Auto-ingested hospital facility mapped from OpenStreetMap."}},{"type":"Feature","geometry":{"type":"Point","coordinates":[77.5546015,12.997409]},"properties":{"name":"Sri Sai College for Women","category":"education","agent":"Auto-ingested education facility mapped from OpenStreetMap."}},{"type":"Feature","geometry":{"type":"Point","coordinates":[77.5800714,13.1166792]},"properties":{"name":"KPTCL Hospital Yelahanka","category":"hospital","agent":"Auto-ingested hospital facility mapped from OpenStreetMap."}},{"type":"Feature","geometry":{"type":"Point","coordinates":[77.658857,13.1186237]},"properties":{"name":"CMR University Campus (Lakeside)","category":"education","agent":"Auto-ingested education facility mapped from OpenStreetMap."}},{"type":"Feature","geometry":{"type":"Point","coordinates":[77.6660037,12.9196924]},"properties":{"name":"SBR Towers","category":"corporate","agent":"Auto-ingested corporate facility mapped from OpenStreetMap."}},{"type":"Feature","geometry":{"type":"Point","coordinates":[77.5895866,13.0874224]},"properties":{"name":"Manipal Institute of Regenerative Medicine","category":"education","agent":"Auto-ingested education facility mapped from OpenStreetMap."}},{"type":"Feature","geometry":{"type":"Point","coordinates":[77.6442503,12.9115313]},"properties":{"name":"Rinku Towers","category":"corporate","agent":"Auto-ingested corporate facility mapped from OpenStreetMap."}},{"type":"Feature","geometry":{"type":"Point","coordinates":[77.5937862,12.9949885]},"properties":{"name":"BBMP Hospital","category":"hospital","agent":"Auto-ingested hospital facility mapped from OpenStreetMap."}},{"type":"Feature","geometry":{"type":"Point","coordinates":[77.7041678,13.0205206]},"properties":{"name":"Visvadeep: Institute of Youth Ministry and Faith Education","category":"education","agent":"Auto-ingested education facility mapped from OpenStreetMap."}},{"type":"Feature","geometry":{"type":"Point","coordinates":[77.7024819,13.0229356]},"properties":{"name":"Don Bosco College","category":"education","agent":"Auto-ingested education facility mapped from OpenStreetMap."}},{"type":"Feature","geometry":{"type":"Point","coordinates":[77.5079984,13.0184908]},"properties":{"name":"M.S. Ramaiah University of Applied Sciences, Peenya Campus","category":"education","agent":"Auto-ingested education facility mapped from OpenStreetMap."}},{"type":"Feature","geometry":{"type":"Point","coordinates":[77.5966313,12.8745052]},"properties":{"name":"Islamia Institute of Technology","category":"education","agent":"Auto-ingested education facility mapped from OpenStreetMap."}},{"type":"Feature","geometry":{"type":"Point","coordinates":[77.6033814,13.1076284]},"properties":{"name":"Manipal Hospital North","category":"hospital","agent":"Auto-ingested hospital facility mapped from OpenStreetMap."}},{"type":"Feature","geometry":{"type":"Point","coordinates":[77.5695202,13.0009076]},"properties":{"name":"Trident Towers","category":"corporate","agent":"Auto-ingested corporate facility mapped from OpenStreetMap."}},{"type":"Feature","geometry":{"type":"Point","coordinates":[77.7190232,12.9733935]},"properties":{"name":"Tules Cad Cam Technologies Private Limited","category":"corporate","agent":"Auto-ingested corporate facility mapped from OpenStreetMap."}},{"type":"Feature","geometry":{"type":"Point","coordinates":[77.5937463,12.9671904]},"properties":{"name":"JNR City Centre","category":"corporate","agent":"Auto-ingested corporate facility mapped from OpenStreetMap."}},{"type":"Feature","geometry":{"type":"Point","coordinates":[77.5893672,13.0937967]},"properties":{"name":"Anupamaa Hospital","category":"hospital","agent":"Auto-ingested hospital facility mapped from OpenStreetMap."}},{"type":"Feature","geometry":{"type":"Point","coordinates":[77.5990815,13.1429082]},"properties":{"name":"Strate School of Design","category":"education","agent":"Auto-ingested education facility mapped from OpenStreetMap."}},{"type":"Feature","geometry":{"type":"Point","coordinates":[77.6318433,13.0859941]},"properties":{"name":"Kotak Manipal Academy of Banking","category":"education","agent":"Auto-ingested education facility mapped from OpenStreetMap."}},{"type":"Feature","geometry":{"type":"Point","coordinates":[77.4767205,12.9628808]},"properties":{"name":"Karnataka Institute of Leather & Fashion Techology","category":"education","agent":"Auto-ingested education facility mapped from OpenStreetMap."}},{"type":"Feature","geometry":{"type":"Point","coordinates":[77.6004187,12.9649692]},"properties":{"name":"Baldwin Women's Methodist College","category":"education","agent":"Auto-ingested education facility mapped from OpenStreetMap."}},{"type":"Feature","geometry":{"type":"Point","coordinates":[77.5121822,12.8332195]},"properties":{"name":"Indus Business Academy","category":"education","agent":"Auto-ingested education facility mapped from OpenStreetMap."}},{"type":"Feature","geometry":{"type":"Point","coordinates":[77.5009673,13.0727709]},"properties":{"name":"Sapthagiri Institute of Allied Health Sciences","category":"education","agent":"Auto-ingested education facility mapped from OpenStreetMap."}},{"type":"Feature","geometry":{"type":"Point","coordinates":[77.500558,13.0740179]},"properties":{"name":"Sapthagiri School of Nursing","category":"education","agent":"Auto-ingested education facility mapped from OpenStreetMap."}},{"type":"Feature","geometry":{"type":"Point","coordinates":[77.6566243,13.0619238]},"properties":{"name":"Gateway Community College","category":"education","agent":"Auto-ingested education facility mapped from OpenStreetMap."}},{"type":"Feature","geometry":{"type":"Point","coordinates":[77.5924806,12.9478274]},"properties":{"name":"Brains Super Speciality Hospital","category":"hospital","agent":"Auto-ingested hospital facility mapped from OpenStreetMap."}},{"type":"Feature","geometry":{"type":"Point","coordinates":[77.5870753,12.9769337]},"properties":{"name":"Government SKSJ Technology Institute","category":"education","agent":"Auto-ingested education facility mapped from OpenStreetMap."}},{"type":"Feature","geometry":{"type":"Point","coordinates":[77.477391,12.918389]},"properties":{"name":"SBS PU and Degree College","category":"education","agent":"Auto-ingested education facility mapped from OpenStreetMap."}},{"type":"Feature","geometry":{"type":"Point","coordinates":[77.4650489,12.8972748]},"properties":{"name":"IBS Business School","category":"education","agent":"Auto-ingested education facility mapped from OpenStreetMap."}},{"type":"Feature","geometry":{"type":"Point","coordinates":[77.6637215,13.0282304]},"properties":{"name":"BBMP Office Jayanthinagar","category":"civic","agent":"Auto-ingested civic facility mapped from OpenStreetMap."}},{"type":"Feature","geometry":{"type":"Point","coordinates":[77.6163751,12.9951859]},"properties":{"name":"Bangalore City Corporation Shopping Complex","category":"corporate","agent":"Auto-ingested corporate facility mapped from OpenStreetMap."}},{"type":"Feature","geometry":{"type":"Point","coordinates":[77.6662881,12.8627925]},"properties":{"name":"PESU HOSPITAL","category":"hospital","agent":"Auto-ingested hospital facility mapped from OpenStreetMap."}},{"type":"Feature","geometry":{"type":"Point","coordinates":[77.6212551,12.9359987]},"properties":{"name":"Infomart Tech Park","category":"corporate","agent":"Auto-ingested corporate facility mapped from OpenStreetMap."}},{"type":"Feature","geometry":{"type":"Point","coordinates":[77.5603082,12.9031532]},"properties":{"name":"Vasavi Hospital","category":"hospital","agent":"Auto-ingested hospital facility mapped from OpenStreetMap."}},{"type":"Feature","geometry":{"type":"Point","coordinates":[77.6082057,13.1183866]},"properties":{"name":"Brains Hospital","category":"hospital","agent":"Auto-ingested hospital facility mapped from OpenStreetMap."}},{"type":"Feature","geometry":{"type":"Point","coordinates":[77.6088685,13.1143915]},"properties":{"name":"MVM Institute of Nursing Sciences","category":"education","agent":"Auto-ingested education facility mapped from OpenStreetMap."}},{"type":"Feature","geometry":{"type":"Point","coordinates":[77.6546129,12.9239785]},"properties":{"name":"Cordis Technology","category":"corporate","agent":"Auto-ingested corporate facility mapped from OpenStreetMap."}},{"type":"Feature","geometry":{"type":"Point","coordinates":[77.6534488,12.8404256]},"properties":{"name":"Sky-wards Sun Park","category":"corporate","agent":"Auto-ingested corporate facility mapped from OpenStreetMap."}},{"type":"Feature","geometry":{"type":"Point","coordinates":[77.6236634,13.1028982]},"properties":{"name":"Presidency PU College, Kogilu","category":"education","agent":"Auto-ingested education facility mapped from OpenStreetMap."}},{"type":"Feature","geometry":{"type":"Point","coordinates":[77.6162262,13.14367]},"properties":{"name":"SJPU PU College","category":"education","agent":"Auto-ingested education facility mapped from OpenStreetMap."}},{"type":"Feature","geometry":{"type":"Point","coordinates":[77.530936,13.0249864]},"properties":{"name":"ESI Hospital Peenya","category":"hospital","agent":"Auto-ingested hospital facility mapped from OpenStreetMap."}},{"type":"Feature","geometry":{"type":"Point","coordinates":[77.5129468,12.8422553]},"properties":{"name":"Jyothy Institute of Technology","category":"education","agent":"Auto-ingested education facility mapped from OpenStreetMap."}},{"type":"Feature","geometry":{"type":"Point","coordinates":[77.6103684,13.1451404]},"properties":{"name":"Jain School of Design, Media and Creative Arts","category":"education","agent":"Auto-ingested education facility mapped from OpenStreetMap."}},{"type":"Feature","geometry":{"type":"Point","coordinates":[77.5569728,13.0893182]},"properties":{"name":"Adhyayana PU College","category":"education","agent":"Auto-ingested education facility mapped from OpenStreetMap."}},{"type":"Feature","geometry":{"type":"Point","coordinates":[77.4503115,12.8782421]},"properties":{"name":"Government High School, Kumbalagodu","category":"education","agent":"Auto-ingested education facility mapped from OpenStreetMap."}},{"type":"Feature","geometry":{"type":"Point","coordinates":[77.4516438,12.8780656]},"properties":{"name":"National Academy of RUDSETI","category":"education","agent":"Auto-ingested education facility mapped from OpenStreetMap."}},{"type":"Feature","geometry":{"type":"Point","coordinates":[77.6674739,12.9202359]},"properties":{"name":"Rainbow Childrens Hospital","category":"hospital","agent":"Auto-ingested hospital facility mapped from OpenStreetMap."}},{"type":"Feature","geometry":{"type":"Point","coordinates":[77.5298236,13.0328569]},"properties":{"name":"Government PU College, Peenya","category":"education","agent":"Auto-ingested education facility mapped from OpenStreetMap."}},{"type":"Feature","geometry":{"type":"Point","coordinates":[77.4532753,12.925892]},"properties":{"name":"Padmashree Institute of Management & Sciences","category":"education","agent":"Auto-ingested education facility mapped from OpenStreetMap."}},{"type":"Feature","geometry":{"type":"Point","coordinates":[77.5326224,13.0649412]},"properties":{"name":"Ashoka College","category":"education","agent":"Auto-ingested education facility mapped from OpenStreetMap."}},{"type":"Feature","geometry":{"type":"Point","coordinates":[77.5964164,12.9447394]},"properties":{"name":"Safa Medicure Hospital","category":"hospital","agent":"Auto-ingested hospital facility mapped from OpenStreetMap."}},{"type":"Feature","geometry":{"type":"Point","coordinates":[77.5863327,13.0924907]},"properties":{"name":"Chaitanya Medical Centre Maternity and Surgical Care","category":"hospital","agent":"Auto-ingested hospital facility mapped from OpenStreetMap."}},{"type":"Feature","geometry":{"type":"Point","coordinates":[77.6136581,12.9632885]},"properties":{"name":"Fenopix Technologies Pvt Ltd","category":"corporate","agent":"Auto-ingested corporate facility mapped from OpenStreetMap."}},{"type":"Feature","geometry":{"type":"Point","coordinates":[77.5130235,12.8781579]},"properties":{"name":"RV College of Architecture","category":"education","agent":"Auto-ingested education facility mapped from OpenStreetMap."}},{"type":"Feature","geometry":{"type":"Point","coordinates":[77.5711462,12.9538911]},"properties":{"name":"Rangadore Memorial Hospital","category":"hospital","agent":"Auto-ingested hospital facility mapped from OpenStreetMap."}},{"type":"Feature","geometry":{"type":"Point","coordinates":[77.5141591,13.1070127]},"properties":{"name":"Lakshya Career Academy PU College","category":"education","agent":"Auto-ingested education facility mapped from OpenStreetMap."}},{"type":"Feature","geometry":{"type":"Point","coordinates":[77.6018866,12.9758735]},"properties":{"name":"Rayyan Towers","category":"corporate","agent":"Auto-ingested corporate facility mapped from OpenStreetMap."}},{"type":"Feature","geometry":{"type":"Point","coordinates":[77.5840403,12.9606538]},"properties":{"name":"Trustwell Hospitals","category":"hospital","agent":"Auto-ingested hospital facility mapped from OpenStreetMap."}},{"type":"Feature","geometry":{"type":"Point","coordinates":[77.5096932,12.9111596]},"properties":{"name":"Panchasheela Polytechnic School","category":"education","agent":"Auto-ingested education facility mapped from OpenStreetMap."}},{"type":"Feature","geometry":{"type":"Point","coordinates":[77.6462518,13.0146326]},"properties":{"name":"Parimala Towers","category":"corporate","agent":"Auto-ingested corporate facility mapped from OpenStreetMap."}},{"type":"Feature","geometry":{"type":"Point","coordinates":[77.6651791,12.971172]},"properties":{"name":"BEML Hospital","category":"hospital","agent":"Auto-ingested hospital facility mapped from OpenStreetMap."}},{"type":"Feature","geometry":{"type":"Point","coordinates":[77.5758246,12.8727754]},"properties":{"name":"RV Institute of Technology and Management","category":"education","agent":"Auto-ingested education facility mapped from OpenStreetMap."}},{"type":"Feature","geometry":{"type":"Point","coordinates":[77.5327686,12.9749836]},"properties":{"name":"KTSV PU College","category":"education","agent":"Auto-ingested education facility mapped from OpenStreetMap."}},{"type":"Feature","geometry":{"type":"Point","coordinates":[77.7098152,12.8131103]},"properties":{"name":"Bangalore College Of Engineering And Technology","category":"education","agent":"Auto-ingested education facility mapped from OpenStreetMap."}},{"type":"Feature","geometry":{"type":"Point","coordinates":[77.6569341,13.0269962]},"properties":{"name":"Sri Chaitanya PU College, Horamavu","category":"education","agent":"Auto-ingested education facility mapped from OpenStreetMap."}},{"type":"Feature","geometry":{"type":"Point","coordinates":[77.712382,12.9566836]},"properties":{"name":"Sri Vishveshathirtha Memorial Hospital","category":"hospital","agent":"Auto-ingested hospital facility mapped from OpenStreetMap."}},{"type":"Feature","geometry":{"type":"Point","coordinates":[77.5461093,12.8836678]},"properties":{"name":"Hillside College of Nursing","category":"education","agent":"Auto-ingested education facility mapped from OpenStreetMap."}},{"type":"Feature","geometry":{"type":"Point","coordinates":[77.7135958,12.8387846]},"properties":{"name":"National School of Business","category":"education","agent":"Auto-ingested education facility mapped from OpenStreetMap."}},{"type":"Feature","geometry":{"type":"Point","coordinates":[77.6355525,13.0707812]},"properties":{"name":"Traffic Training and Road Safety Institute","category":"education","agent":"Auto-ingested education facility mapped from OpenStreetMap."}},{"type":"Feature","geometry":{"type":"Point","coordinates":[77.4667132,12.8986489]},"properties":{"name":"Fiscal Policy Institute","category":"education","agent":"Auto-ingested education facility mapped from OpenStreetMap."}},{"type":"Feature","geometry":{"type":"Point","coordinates":[77.5912825,12.8669346]},"properties":{"name":"Nirmala Jyothi Technical Institute Salesian Sisters","category":"education","agent":"Auto-ingested education facility mapped from OpenStreetMap."}},{"type":"Feature","geometry":{"type":"Point","coordinates":[77.5676809,13.1056977]},"properties":{"name":"Indira Priyadarshini College of Law","category":"education","agent":"Auto-ingested education facility mapped from OpenStreetMap."}},{"type":"Feature","geometry":{"type":"Point","coordinates":[77.5191873,13.0457712]},"properties":{"name":"Govt. First Grade College","category":"education","agent":"Auto-ingested education facility mapped from OpenStreetMap."}},{"type":"Feature","geometry":{"type":"Point","coordinates":[77.4810597,12.9510658]},"properties":{"name":"Government Multi-Speciality Hospital","category":"hospital","agent":"Auto-ingested hospital facility mapped from OpenStreetMap."}},{"type":"Feature","geometry":{"type":"Point","coordinates":[77.6349303,13.0170434]},"properties":{"name":"St. Paul PU College","category":"education","agent":"Auto-ingested education facility mapped from OpenStreetMap."}},{"type":"Feature","geometry":{"type":"Point","coordinates":[77.6098557,12.9950655]},"properties":{"name":"Goodwill College for Women","category":"education","agent":"Auto-ingested education facility mapped from OpenStreetMap."}},{"type":"Feature","geometry":{"type":"Point","coordinates":[77.4948419,12.9049222]},"properties":{"name":"St. Mary's Global Academy","category":"education","agent":"Auto-ingested education facility mapped from OpenStreetMap."}},{"type":"Feature","geometry":{"type":"Point","coordinates":[77.5619876,13.1161867]},"properties":{"name":"Nagarjuna Degree College","category":"education","agent":"Auto-ingested education facility mapped from OpenStreetMap."}},{"type":"Feature","geometry":{"type":"Point","coordinates":[77.520875,12.8250586]},"properties":{"name":"Sri Sri Institute","category":"education","agent":"Auto-ingested education facility mapped from OpenStreetMap."}},{"type":"Feature","geometry":{"type":"Point","coordinates":[77.6524884,13.0097817]},"properties":{"name":"New Shores International College","category":"education","agent":"Auto-ingested education facility mapped from OpenStreetMap."}},{"type":"Feature","geometry":{"type":"Point","coordinates":[77.7019935,12.8834247]},"properties":{"name":"Vidya Shri College","category":"education","agent":"Auto-ingested education facility mapped from OpenStreetMap."}},{"type":"Feature","geometry":{"type":"Point","coordinates":[77.6347837,13.0322731]},"properties":{"name":"Indian Academy PUC","category":"education","agent":"Auto-ingested education facility mapped from OpenStreetMap."}},{"type":"Feature","geometry":{"type":"Point","coordinates":[77.5754737,13.0388245]},"properties":{"name":"SYA PU College","category":"education","agent":"Auto-ingested education facility mapped from OpenStreetMap."}},{"type":"Feature","geometry":{"type":"Point","coordinates":[77.5760886,13.038576]},"properties":{"name":"SM PU and Degree College","category":"education","agent":"Auto-ingested education facility mapped from OpenStreetMap."}},{"type":"Feature","geometry":{"type":"Point","coordinates":[77.5480666,12.8603251]},"properties":{"name":"Nayak's SN Tower","category":"corporate","agent":"Auto-ingested corporate facility mapped from OpenStreetMap."}},{"type":"Feature","geometry":{"type":"Point","coordinates":[77.5979688,13.0333663]},"properties":{"name":"Rajiv Gandhi Institute of Technology","category":"education","agent":"Auto-ingested education facility mapped from OpenStreetMap."}},{"type":"Feature","geometry":{"type":"Point","coordinates":[77.5974269,13.0338347]},"properties":{"name":"Sri Rajiv Gandhi College of Dental Sciences & Hospital","category":"education","agent":"Auto-ingested education facility mapped from OpenStreetMap."}},{"type":"Feature","geometry":{"type":"Point","coordinates":[77.5892348,13.0294084]},"properties":{"name":"Vidya Vahini School and PU College","category":"education","agent":"Auto-ingested education facility mapped from OpenStreetMap."}},{"type":"Feature","geometry":{"type":"Point","coordinates":[77.6021684,13.0220826]},"properties":{"name":"Lal Bahabur Shastri Degree College","category":"education","agent":"Auto-ingested education facility mapped from OpenStreetMap."}},{"type":"Feature","geometry":{"type":"Point","coordinates":[77.5092195,12.9864958]},"properties":{"name":"RVS College of Nursing Sciences","category":"education","agent":"Auto-ingested education facility mapped from OpenStreetMap."}},{"type":"Feature","geometry":{"type":"Point","coordinates":[77.5092114,12.9837378]},"properties":{"name":"Vokkaligara Sangha Industrial Training Institute","category":"education","agent":"Auto-ingested education facility mapped from OpenStreetMap."}},{"type":"Feature","geometry":{"type":"Point","coordinates":[77.5894824,12.8804042]},"properties":{"name":"Universal College of Nursing","category":"education","agent":"Auto-ingested education facility mapped from OpenStreetMap."}},{"type":"Feature","geometry":{"type":"Point","coordinates":[77.5067244,12.9899715]},"properties":{"name":"GT College","category":"education","agent":"Auto-ingested education facility mapped from OpenStreetMap."}},{"type":"Feature","geometry":{"type":"Point","coordinates":[77.5832353,12.9268959]},"properties":{"name":"RV Dental College","category":"education","agent":"Auto-ingested education facility mapped from OpenStreetMap."}},{"type":"Feature","geometry":{"type":"Point","coordinates":[77.576658,12.9271061]},"properties":{"name":"Yadiyuru Maternity Hospital","category":"hospital","agent":"Auto-ingested hospital facility mapped from OpenStreetMap."}},{"type":"Feature","geometry":{"type":"Point","coordinates":[77.5772972,12.9267938]},"properties":{"name":"Ayurveda Prathisthana Hospital","category":"hospital","agent":"Auto-ingested hospital facility mapped from OpenStreetMap."}},{"type":"Feature","geometry":{"type":"Point","coordinates":[77.7049303,13.0130342]},"properties":{"name":"Garden City College","category":"education","agent":"Auto-ingested education facility mapped from OpenStreetMap."}},{"type":"Feature","geometry":{"type":"Point","coordinates":[77.704656,13.0125259]},"properties":{"name":"Cambridge Institute of Technolgy","category":"education","agent":"Auto-ingested education facility mapped from OpenStreetMap."}},{"type":"Feature","geometry":{"type":"Point","coordinates":[77.6986981,13.0142221]},"properties":{"name":"Government First Grade College, KR Puram","category":"education","agent":"Auto-ingested education facility mapped from OpenStreetMap."}},{"type":"Feature","geometry":{"type":"Point","coordinates":[77.7172701,13.0529326]},"properties":{"name":"East Point Hospital and Medical College","category":"hospital","agent":"Auto-ingested hospital facility mapped from OpenStreetMap."}},{"type":"Feature","geometry":{"type":"Point","coordinates":[77.6807681,12.8348606]},"properties":{"name":"Vimalaya Hospital","category":"hospital","agent":"Auto-ingested hospital facility mapped from OpenStreetMap."}},{"type":"Feature","geometry":{"type":"Point","coordinates":[77.6740463,12.8957568]},"properties":{"name":"Karnataka Reddyjana Sangha Medical College","category":"education","agent":"Auto-ingested education facility mapped from OpenStreetMap."}},{"type":"Feature","geometry":{"type":"Point","coordinates":[77.5519578,13.1213492]},"properties":{"name":"Ramakrishna Ayurvedic College","category":"education","agent":"Auto-ingested education facility mapped from OpenStreetMap."}},{"type":"Feature","geometry":{"type":"Point","coordinates":[77.7016687,13.0207585]},"properties":{"name":"Shanthinilaya Hospital","category":"hospital","agent":"Auto-ingested hospital facility mapped from OpenStreetMap."}},{"type":"Feature","geometry":{"type":"Point","coordinates":[77.6638777,13.0160783]},"properties":{"name":"Havnur College of Law","category":"education","agent":"Auto-ingested education facility mapped from OpenStreetMap."}},{"type":"Feature","geometry":{"type":"Point","coordinates":[77.6303209,12.903684]},"properties":{"name":"ICAT Design & Media College","category":"education","agent":"Auto-ingested education facility mapped from OpenStreetMap."}},{"type":"Feature","geometry":{"type":"Point","coordinates":[77.6984746,13.0358042]},"properties":{"name":"Diamond PU College","category":"education","agent":"Auto-ingested education facility mapped from OpenStreetMap."}},{"type":"Feature","geometry":{"type":"Point","coordinates":[77.6339212,13.115139]},"properties":{"name":"Apex Hospital","category":"hospital","agent":"Auto-ingested hospital facility mapped from OpenStreetMap."}},{"type":"Feature","geometry":{"type":"Point","coordinates":[77.7151689,13.0096303]},"properties":{"name":"SEA College","category":"education","agent":"Auto-ingested education facility mapped from OpenStreetMap."}},{"type":"Feature","geometry":{"type":"Point","coordinates":[77.5879955,12.8248703]},"properties":{"name":"Narsee Monjee Institute of Management Studies","category":"education","agent":"Auto-ingested education facility mapped from OpenStreetMap."}},{"type":"Feature","geometry":{"type":"Point","coordinates":[77.5969221,12.9438635]},"properties":{"name":"Vignan Hospital","category":"hospital","agent":"Auto-ingested hospital facility mapped from OpenStreetMap."}},{"type":"Feature","geometry":{"type":"Point","coordinates":[77.6757868,12.9005656]},"properties":{"name":"Aarogya Hastha Hospital","category":"hospital","agent":"Auto-ingested hospital facility mapped from OpenStreetMap."}},{"type":"Feature","geometry":{"type":"Point","coordinates":[77.6337162,13.1040841]},"properties":{"name":"Westline College","category":"education","agent":"Auto-ingested education facility mapped from OpenStreetMap."}},{"type":"Feature","geometry":{"type":"Point","coordinates":[77.6648169,13.1250135]},"properties":{"name":"VBR College","category":"education","agent":"Auto-ingested education facility mapped from OpenStreetMap."}},{"type":"Feature","geometry":{"type":"Point","coordinates":[77.7585201,12.9805772]},"properties":{"name":"Government Polytechnic College","category":"education","agent":"Auto-ingested education facility mapped from OpenStreetMap."}},{"type":"Feature","geometry":{"type":"Point","coordinates":[77.7145589,13.0343176]},"properties":{"name":"Divine Grace Institute of Health Sciences","category":"education","agent":"Auto-ingested education facility mapped from OpenStreetMap."}},{"type":"Feature","geometry":{"type":"Point","coordinates":[77.5476351,12.9959368]},"properties":{"name":"Goutham College","category":"education","agent":"Auto-ingested education facility mapped from OpenStreetMap."}},{"type":"Feature","geometry":{"type":"Point","coordinates":[77.6657847,13.1050337]},"properties":{"name":"Maseehul Uloom University","category":"education","agent":"Auto-ingested education facility mapped from OpenStreetMap."}},{"type":"Feature","geometry":{"type":"Point","coordinates":[77.6680468,13.1130946]},"properties":{"name":"AP Securitas Training Academy","category":"education","agent":"Auto-ingested education facility mapped from OpenStreetMap."}},{"type":"Feature","geometry":{"type":"Point","coordinates":[77.5303875,13.1025584]},"properties":{"name":"DR Academy","category":"education","agent":"Auto-ingested education facility mapped from OpenStreetMap."}},{"type":"Feature","geometry":{"type":"Point","coordinates":[77.6533225,13.0541358]},"properties":{"name":"Narayana PU College","category":"education","agent":"Auto-ingested education facility mapped from OpenStreetMap."}},{"type":"Feature","geometry":{"type":"Point","coordinates":[77.6991972,13.0297781]},"properties":{"name":"Indusridge PU College","category":"education","agent":"Auto-ingested education facility mapped from OpenStreetMap."}},{"type":"Feature","geometry":{"type":"Point","coordinates":[77.6438562,13.0294338]},"properties":{"name":"SASI PU College","category":"education","agent":"Auto-ingested education facility mapped from OpenStreetMap."}},{"type":"Feature","geometry":{"type":"Point","coordinates":[77.7338372,12.9890029]},"properties":{"name":"Aster Whitefield Hospital","category":"hospital","agent":"Auto-ingested hospital facility mapped from OpenStreetMap."}},{"type":"Feature","geometry":{"type":"Point","coordinates":[77.706862,13.025362]},"properties":{"name":"Garden City University","category":"education","agent":"Auto-ingested education facility mapped from OpenStreetMap."}},{"type":"Feature","geometry":{"type":"Point","coordinates":[77.6960166,13.0124246]},"properties":{"name":"Sree Venkateshwara P U College","category":"education","agent":"Auto-ingested education facility mapped from OpenStreetMap."}},{"type":"Feature","geometry":{"type":"Point","coordinates":[77.5033435,12.9597621]},"properties":{"name":"J S Pre-University College","category":"education","agent":"Auto-ingested education facility mapped from OpenStreetMap."}},{"type":"Feature","geometry":{"type":"Point","coordinates":[77.5121793,12.8050377]},"properties":{"name":"Kaggalipura Government Hospital","category":"hospital","agent":"Auto-ingested hospital facility mapped from OpenStreetMap."}},{"type":"Feature","geometry":{"type":"Point","coordinates":[77.4924502,12.947338]},"properties":{"name":"Jnanaprakash Academy for Competitive Examinations","category":"education","agent":"Auto-ingested education facility mapped from OpenStreetMap."}},{"type":"Feature","geometry":{"type":"Point","coordinates":[77.4795905,12.9724884]},"properties":{"name":"Kautilya PU College","category":"education","agent":"Auto-ingested education facility mapped from OpenStreetMap."}},{"type":"Feature","geometry":{"type":"Point","coordinates":[77.5830772,13.0424752]},"properties":{"name":"Regional Plant Quarantine Station","category":"civic","agent":"Auto-ingested civic facility mapped from OpenStreetMap."}},{"type":"Feature","geometry":{"type":"Point","coordinates":[77.5509192,13.0495632]},"properties":{"name":"HMT Hospital","category":"hospital","agent":"Auto-ingested hospital facility mapped from OpenStreetMap."}}]}