{"type":"FeatureCollection","features":[{"type":"Feature","id":"s105","properties":{"source_id":"s105","route_id":"GREEN","route_name":"Madavara - Silk Institute","route_color":"009933","source_name":"bmrcl_gtfs_unofficial"},"geometry":{"type":"LineString","coordinates":[[77.52551,13.036352],[77.52627,13.035942],[77.52662,13.035765],[77.526985,13.03562],[77.52725,13.035536],[77.529816,13.034861],[77.5301,13.034762],[77.530624,13.034527],[77.531,13.034347],[77.535446,13.031744],[77.53662,13.030946],[77.537865,13.030153],[77.540215,13.028788],[77.54164,13.027987],[77.54249,13.027549],[77.54322,13.027135],[77.54368,13.026839],[77.54649,13.025218],[77.54734,13.024755],[77.55102,13.022634],[77.55131,13.022433],[77.55149,13.022279],[77.55172,13.022034],[77.55204,13.021527],[77.55311,13.019498],[77.55318,13.019352],[77.55384,13.016834],[77.55388,13.016648],[77.55395,13.016007],[77.554085,13.013763],[77.55405,13.013473],[77.55393,13.013222],[77.5538,13.013025],[77.55363,13.012839],[77.553444,13.012707],[77.55315,13.012547],[77.55241,13.012195],[77.55033,13.011041],[77.55014,13.010919],[77.549805,13.010644],[77.54942,13.010184],[77.54926,13.009911],[77.54912,13.009604],[77.54906,13.009419],[77.54894,13.008865],[77.54872,13.007378],[77.548676,13.007027],[77.548676,13.006678],[77.54887,13.005671],[77.5494,13.002551],[77.5497,13.000536],[77.54999,12.998884],[77.55007,12.99854],[77.55018,12.998318],[77.55035,12.998136],[77.55053,12.998002],[77.55075,12.997906],[77.55098,12.997846],[77.55121,12.997844],[77.551506,12.997893],[77.55216,12.998056],[77.55306,12.99825],[77.55542,12.998695],[77.5559,12.998683],[77.55629,12.998635],[77.55688,12.998524],[77.557396,12.998412],[77.557884,12.998273],[77.55863,12.998025],[77.56012,12.997472],[77.56127,12.99692],[77.5616,12.996785],[77.561806,12.996728],[77.56331,12.996541],[77.56432,12.996338],[77.56474,12.996283],[77.56486,12.996287],[77.56571,12.996438],[77.565956,12.996453],[77.5663,12.99641],[77.5665,12.996321],[77.566666,12.996215],[77.566895,12.995968],[77.56854,12.993648],[77.569084,12.992799],[77.5711,12.990016],[77.571396,12.989627],[77.57165,12.989244],[77.57181,12.988872],[77.571884,12.988634],[77.571945,12.988335],[77.57199,12.987536],[77.572,12.987276],[77.57207,12.985722],[77.57195,12.981792],[77.572,12.980429],[77.572075,12.980159],[77.57228,12.979795],[77.57278,12.978832],[77.57285,12.978501],[77.57285,12.97796],[77.573074,12.976823],[77.573006,12.973318],[77.57461,12.969702],[77.5747,12.969299],[77.57459,12.967471],[77.57454,12.965682],[77.57461,12.965034],[77.57474,12.964528],[77.57485,12.964131],[77.57489,12.963897],[77.57493,12.963372],[77.57489,12.962302],[77.574684,12.96089],[77.574486,12.959669],[77.57423,12.958963],[77.574135,12.958635],[77.573685,12.957416],[77.57363,12.957201],[77.573616,12.956978],[77.57367,12.955944],[77.57372,12.949482],[77.57378,12.949205],[77.573944,12.948882],[77.57402,12.948781],[77.574135,12.948682],[77.57424,12.948604],[77.57436,12.948544],[77.574554,12.948476],[77.57483,12.948426],[77.57573,12.948328],[77.57636,12.948286],[77.57898,12.948307],[77.57917,12.948269],[77.579384,12.948189],[77.57961,12.948048],[77.57977,12.947897],[77.579956,12.94759],[77.58002,12.947317],[77.58004,12.946535],[77.580055,12.940163],[77.58007,12.939617],[77.58011,12.933122],[77.58016,12.929507],[77.58022,12.927145],[77.580246,12.924916],[77.580284,12.922131],[77.580315,12.91829],[77.580284,12.91808],[77.580215,12.917857],[77.58017,12.917764],[77.580055,12.917591],[77.579834,12.917381],[77.57965,12.917275],[77.57942,12.917196],[77.579,12.917149],[77.57851,12.917159],[77.57834,12.917191],[77.57802,12.917279],[77.57743,12.917508],[77.577255,12.917558],[77.57709,12.917587],[77.57493,12.917626],[77.57478,12.917606],[77.57449,12.917519],[77.574265,12.917387],[77.57412,12.917268],[77.573975,12.917085],[77.57388,12.916897],[77.57383,12.916724],[77.57362,12.915219],[77.573395,12.913949],[77.5732,12.913142],[77.573044,12.912677],[77.57293,12.912023],[77.57289,12.911675],[77.57288,12.911436],[77.57296,12.908955],[77.573044,12.908157],[77.57315,12.907481],[77.573235,12.906644],[77.573296,12.90622],[77.57332,12.905963],[77.57335,12.905773],[77.57337,12.905306],[77.57334,12.904904],[77.573235,12.903846],[77.57324,12.903628],[77.57344,12.902377],[77.57347,12.902068],[77.57348,12.901919],[77.573425,12.901497],[77.57336,12.901175],[77.5731,12.900277],[77.572914,12.899682],[77.57286,12.899605],[77.57255,12.898998],[77.57126,12.897252],[77.57014,12.896033]]}},{"type":"Feature","id":"s1200","properties":{"source_id":"s1200","route_id":"GREEN","route_name":"Madavara - Silk Institute","route_color":"009933","source_name":"bmrcl_gtfs_unofficial"},"geometry":{"type":"LineString","coordinates":[[77.52998,12.861712],[77.530495,12.862542],[77.53081,12.862773],[77.532074,12.863624],[77.532486,12.863969],[77.53302,12.864492],[77.53424,12.866038],[77.535,12.867055],[77.53659,12.869117],[77.539825,12.873148],[77.54011,12.873435],[77.54036,12.873674],[77.5407,12.873954],[77.54129,12.874312],[77.54235,12.874797],[77.54296,12.875054],[77.54339,12.875315],[77.543655,12.875536],[77.54393,12.875821],[77.54418,12.87614],[77.544426,12.876628],[77.5456,12.879415],[77.54652,12.881678],[77.54682,12.882395],[77.54702,12.882748],[77.54714,12.882898],[77.54732,12.883022],[77.54779,12.88325],[77.55036,12.883902],[77.552925,12.884665],[77.554924,12.885286],[77.55599,12.885637],[77.55688,12.88589],[77.55774,12.886199],[77.55798,12.886261],[77.55928,12.886667],[77.559975,12.886917],[77.56042,12.887135],[77.56121,12.887721],[77.56152,12.88793],[77.56349,12.889624],[77.563995,12.890088],[77.565315,12.891276],[77.56615,12.891989],[77.567474,12.893221],[77.568214,12.893946],[77.56922,12.894993],[77.57014,12.896036],[77.57126,12.897252],[77.57255,12.898998],[77.57286,12.899605],[77.572914,12.899682],[77.5731,12.900277],[77.57336,12.901175],[77.573425,12.901497],[77.57348,12.901919],[77.57347,12.902068],[77.57344,12.902377],[77.57324,12.903628],[77.573235,12.903846],[77.57334,12.904904],[77.57337,12.905306],[77.57335,12.905773],[77.57332,12.905963],[77.573296,12.90622],[77.573235,12.906644],[77.57315,12.907481],[77.573044,12.908157],[77.57296,12.908955],[77.57288,12.911436],[77.57289,12.911675],[77.57293,12.912023],[77.573044,12.912677],[77.5732,12.913142],[77.573395,12.913949],[77.57362,12.915219],[77.57383,12.916724],[77.57388,12.916897],[77.573975,12.917085],[77.57412,12.917268],[77.574265,12.917387],[77.57449,12.917519],[77.57478,12.917606],[77.57493,12.917626],[77.575096,12.917626],[77.57709,12.917587],[77.577255,12.917558],[77.57743,12.917508],[77.57802,12.917279],[77.57834,12.917191],[77.57851,12.917159],[77.579,12.917149],[77.57942,12.917196],[77.579735,12.917314],[77.579834,12.917381],[77.580055,12.917591],[77.58017,12.917764],[77.580215,12.917857],[77.580284,12.91808],[77.580315,12.91829],[77.5803,12.920073],[77.58029,12.920853],[77.580284,12.922131],[77.580246,12.924916],[77.58022,12.927145],[77.58016,12.929507],[77.58011,12.933122],[77.58007,12.939617],[77.580055,12.940163],[77.58004,12.946535],[77.58002,12.947317],[77.579956,12.94759],[77.57977,12.947897],[77.57961,12.948048],[77.579384,12.948189],[77.57917,12.948269],[77.57898,12.948307],[77.57636,12.948286],[77.57573,12.948328],[77.57483,12.948426],[77.574554,12.948476],[77.57436,12.948544],[77.57424,12.948604],[77.574135,12.948682],[77.57402,12.948781],[77.573944,12.948882],[77.57378,12.949205],[77.57372,12.949482],[77.57367,12.955944],[77.573616,12.956978],[77.57363,12.957201],[77.573685,12.957416],[77.574135,12.958635],[77.57423,12.958963],[77.574486,12.959669],[77.574684,12.96089],[77.57489,12.962302],[77.57493,12.963372],[77.57489,12.963897],[77.57485,12.964131],[77.57474,12.964528],[77.57461,12.965034],[77.57454,12.965682],[77.57459,12.967471],[77.5747,12.969299],[77.57461,12.969702],[77.573006,12.973318],[77.573074,12.976823],[77.57285,12.97796],[77.57285,12.978501],[77.57278,12.978832],[77.57228,12.979795],[77.572075,12.980159],[77.572,12.980429],[77.57195,12.981792],[77.57207,12.985722],[77.572,12.987276],[77.57199,12.987536],[77.571945,12.988335],[77.571884,12.988634],[77.57181,12.988872],[77.57165,12.989244],[77.571396,12.989627],[77.5711,12.990016],[77.569084,12.992799],[77.56854,12.993648],[77.566895,12.995968],[77.566666,12.996215],[77.5665,12.996321],[77.5663,12.99641],[77.565956,12.996453],[77.56571,12.996438],[77.56486,12.996287],[77.56474,12.996283],[77.56432,12.996338],[77.56331,12.996541],[77.561806,12.996728],[77.5616,12.996785],[77.56127,12.99692],[77.56012,12.997472],[77.55863,12.998025],[77.557884,12.998273],[77.557396,12.998412],[77.55688,12.998524],[77.55629,12.998635],[77.5559,12.998683],[77.55542,12.998695],[77.55306,12.99825],[77.55216,12.998056],[77.551506,12.997893],[77.55121,12.997844],[77.55098,12.997846],[77.55075,12.997906],[77.55053,12.998002],[77.55035,12.998136],[77.55018,12.998318],[77.55007,12.99854],[77.54999,12.998884],[77.5497,13.000536],[77.5494,13.002551],[77.54887,13.005671],[77.548676,13.006678],[77.548676,13.007027],[77.54872,13.007378],[77.54894,13.008865],[77.54906,13.009419],[77.54912,13.009604],[77.54926,13.009911],[77.54942,13.010184],[77.549805,13.010644],[77.55014,13.010919],[77.55033,13.011041],[77.55241,13.012195],[77.55315,13.012547],[77.553444,13.012707],[77.55363,13.012839],[77.5538,13.013025],[77.55393,13.013222],[77.55405,13.013473],[77.554085,13.013763],[77.55395,13.016007],[77.55388,13.016648],[77.55384,13.016834],[77.55318,13.019352],[77.55311,13.019498],[77.55204,13.021527],[77.55172,13.022034],[77.55149,13.022279],[77.55118,13.02253],[77.55102,13.022634],[77.54975,13.023369],[77.54734,13.024755],[77.54649,13.025218],[77.54368,13.026839],[77.54322,13.027135],[77.54249,13.027549],[77.54164,13.027987],[77.540215,13.028788],[77.537865,13.030153],[77.53662,13.030946],[77.535446,13.031744],[77.531,13.034347],[77.530624,13.034527],[77.5301,13.034762],[77.529816,13.034861],[77.52725,13.035536],[77.526985,13.03562],[77.52662,13.035765],[77.52627,13.035942],[77.520836,13.038883],[77.51976,13.039444],[77.51854,13.040104],[77.51842,13.04019],[77.51653,13.041907],[77.51623,13.042052],[77.512566,13.043296],[77.511375,13.043714],[77.51095,13.043908],[77.50886,13.044987],[77.508224,13.045265],[77.50514,13.046161],[77.50178,13.047375],[77.500145,13.047978],[77.49415,13.050227],[77.493256,13.050531],[77.49241,13.050752],[77.48977,13.051701],[77.4892,13.051926],[77.48128,13.05479],[77.477425,13.056353],[77.47281,13.057436]]}},{"type":"Feature","id":"s1205","properties":{"source_id":"s1205","route_id":"GREEN","route_name":"Madavara - Silk Institute","route_color":"009933","source_name":"bmrcl_gtfs_unofficial"},"geometry":{"type":"LineString","coordinates":[[77.57014,12.896033],[77.57126,12.897252],[77.57255,12.898998],[77.57286,12.899605],[77.572914,12.899682],[77.5731,12.900277],[77.57336,12.901175],[77.573425,12.901497],[77.57348,12.901919],[77.57347,12.902068],[77.57344,12.902377],[77.57324,12.903628],[77.573235,12.903846],[77.57334,12.904904],[77.57337,12.905306],[77.57335,12.905773],[77.57332,12.905963],[77.573296,12.90622],[77.573235,12.906644],[77.57315,12.907481],[77.573044,12.908157],[77.57296,12.908955],[77.57288,12.911436],[77.57289,12.911675],[77.57293,12.912023],[77.573044,12.912677],[77.5732,12.913142],[77.573395,12.913949],[77.57362,12.915219],[77.57383,12.916724],[77.57388,12.916897],[77.573975,12.917085],[77.57412,12.917268],[77.574265,12.917387],[77.57449,12.917519],[77.57478,12.917606],[77.57493,12.917626],[77.57709,12.917587],[77.577255,12.917558],[77.57743,12.917508],[77.57802,12.917279],[77.57834,12.917191],[77.57851,12.917159],[77.579,12.917149],[77.57942,12.917196],[77.57965,12.917275],[77.579834,12.917381],[77.580055,12.917591],[77.58017,12.917764],[77.580215,12.917857],[77.580284,12.91808],[77.580315,12.91829],[77.580284,12.922131],[77.580246,12.924916],[77.58022,12.927145],[77.58016,12.929507],[77.58011,12.933122],[77.58007,12.939617],[77.580055,12.940163],[77.58004,12.946535],[77.58002,12.947317],[77.579956,12.94759],[77.57977,12.947897],[77.57961,12.948048],[77.579384,12.948189],[77.57917,12.948269],[77.57898,12.948307],[77.57636,12.948286],[77.57573,12.948328],[77.57483,12.948426],[77.574554,12.948476],[77.57436,12.948544],[77.57424,12.948604],[77.574135,12.948682],[77.57402,12.948781],[77.573944,12.948882],[77.57378,12.949205],[77.57372,12.949482],[77.57367,12.955944],[77.573616,12.956978],[77.57363,12.957201],[77.573685,12.957416],[77.574135,12.958635],[77.57423,12.958963],[77.574486,12.959669],[77.574684,12.96089],[77.57489,12.962302],[77.57493,12.963372],[77.57489,12.963897],[77.57485,12.964131],[77.57474,12.964528],[77.57461,12.965034],[77.57454,12.965682],[77.57459,12.967471],[77.5747,12.969299],[77.57461,12.969702],[77.573006,12.973318],[77.573074,12.976823],[77.57285,12.97796],[77.57285,12.978501],[77.57278,12.978832],[77.57228,12.979795],[77.572075,12.980159],[77.572,12.980429],[77.57195,12.981792],[77.57207,12.985722],[77.572,12.987276],[77.57199,12.987536],[77.571945,12.988335],[77.571884,12.988634],[77.57181,12.988872],[77.57165,12.989244],[77.571396,12.989627],[77.5711,12.990016],[77.569084,12.992799],[77.56854,12.993648],[77.566895,12.995968],[77.566666,12.996215],[77.5665,12.996321],[77.5663,12.99641],[77.565956,12.996453],[77.56571,12.996438],[77.56486,12.996287],[77.56474,12.996283],[77.56432,12.996338],[77.56331,12.996541],[77.561806,12.996728],[77.5616,12.996785],[77.56127,12.99692],[77.56012,12.997472],[77.55863,12.998025],[77.557884,12.998273],[77.557396,12.998412],[77.55688,12.998524],[77.55629,12.998635],[77.5559,12.998683],[77.55542,12.998695],[77.55306,12.99825],[77.55216,12.998056],[77.551506,12.997893],[77.55121,12.997844],[77.55098,12.997846],[77.55075,12.997906],[77.55053,12.998002],[77.55035,12.998136],[77.55018,12.998318],[77.55007,12.99854],[77.54999,12.998884],[77.5497,13.000536],[77.5494,13.002551],[77.54887,13.005671],[77.548676,13.006678],[77.548676,13.007027],[77.54872,13.007378],[77.54894,13.008865],[77.54906,13.009419],[77.54912,13.009604],[77.54926,13.009911],[77.54942,13.010184],[77.549805,13.010644],[77.55014,13.010919],[77.55033,13.011041],[77.55241,13.012195],[77.55315,13.012547],[77.553444,13.012707],[77.55363,13.012839],[77.5538,13.013025],[77.55393,13.013222],[77.55405,13.013473],[77.554085,13.013763],[77.55395,13.016007],[77.55388,13.016648],[77.55384,13.016834],[77.55318,13.019352],[77.55311,13.019498],[77.55204,13.021527],[77.55172,13.022034],[77.55149,13.022279],[77.55131,13.022433],[77.55102,13.022634],[77.54734,13.024755],[77.54649,13.025218],[77.54368,13.026839],[77.54322,13.027135],[77.54249,13.027549],[77.54164,13.027987],[77.540215,13.028788],[77.537865,13.030153],[77.53662,13.030946],[77.535446,13.031744],[77.531,13.034347],[77.530624,13.034527],[77.5301,13.034762],[77.529816,13.034861],[77.52725,13.035536],[77.526985,13.03562],[77.52662,13.035765],[77.52627,13.035942],[77.52551,13.036352]]}},{"type":"Feature","id":"s1388","properties":{"source_id":"s1388","route_id":"PURPLE","route_name":"Whitefield (Kadugodi) - Challaghatta","route_color":"8C2877","source_name":"bmrcl_gtfs_unofficial"},"geometry":{"type":"LineString","coordinates":[[77.57288,12.975767],[77.57413,12.975665],[77.57572,12.975287],[77.57613,12.975175],[77.578125,12.974359],[77.58041,12.973347],[77.580894,12.973104],[77.581154,12.973025],[77.58136,12.973023],[77.581535,12.973056],[77.58196,12.973249],[77.584206,12.97454],[77.58496,12.974987],[77.58516,12.975083],[77.58787,12.97623],[77.5906,12.977665],[77.59183,12.978996],[77.593216,12.980612],[77.593735,12.981018],[77.594086,12.981267],[77.594536,12.981525],[77.594864,12.981624],[77.59518,12.981632],[77.59572,12.981555],[77.595985,12.981488],[77.59633,12.981389],[77.59757,12.980979],[77.59864,12.980614],[77.599945,12.980109],[77.6001,12.980013],[77.60026,12.979878],[77.600365,12.979767],[77.60072,12.979298],[77.60084,12.979119],[77.60098,12.978837],[77.60143,12.977589],[77.601585,12.97724],[77.60177,12.976972],[77.60193,12.976833],[77.60217,12.976691],[77.60237,12.976604],[77.605034,12.975979],[77.607994,12.975255],[77.60825,12.975186],[77.60887,12.974974],[77.61192,12.974245],[77.612755,12.974017],[77.618416,12.972719],[77.61868,12.972671],[77.619125,12.972641],[77.620255,12.972707],[77.62084,12.972763],[77.621315,12.972878],[77.6217,12.973004],[77.62203,12.973135],[77.62248,12.973343],[77.62492,12.974819],[77.62585,12.975452],[77.626015,12.975633],[77.62637,12.976108],[77.62666,12.976517],[77.62722,12.97735],[77.62746,12.977575],[77.62773,12.977789],[77.62835,12.978159],[77.62879,12.978404],[77.628975,12.978471],[77.62917,12.978499],[77.63265,12.978178],[77.63294,12.978172],[77.63866,12.978353],[77.639694,12.978374],[77.63997,12.978406],[77.64017,12.978473],[77.64035,12.978593],[77.64047,12.978701],[77.6406,12.978854],[77.640724,12.979113],[77.640755,12.979304],[77.64076,12.979497],[77.64057,12.982925],[77.64056,12.9835],[77.64063,12.983859],[77.64073,12.984081],[77.64104,12.984385],[77.64127,12.984511],[77.64624,12.986498],[77.647316,12.986909],[77.647575,12.987047],[77.64783,12.987211],[77.648056,12.987499],[77.64822,12.987753],[77.64836,12.98815],[77.648575,12.988874],[77.648705,12.989204],[77.64893,12.989534],[77.64913,12.989715],[77.649376,12.989863],[77.64966,12.989963],[77.652374,12.990714]]}},{"type":"Feature","id":"s1396","properties":{"source_id":"s1396","route_id":"PURPLE","route_name":"Whitefield (Kadugodi) - Challaghatta","route_color":"8C2877","source_name":"bmrcl_gtfs_unofficial"},"geometry":{"type":"LineString","coordinates":[[77.57288,12.975767],[77.57413,12.975665],[77.57572,12.975287],[77.57613,12.975175],[77.578125,12.974359],[77.58041,12.973347],[77.580894,12.973104],[77.581154,12.973025],[77.58136,12.973023],[77.581535,12.973056],[77.58196,12.973249],[77.584206,12.97454],[77.58496,12.974987],[77.58516,12.975083],[77.58787,12.97623],[77.5906,12.977665],[77.59183,12.978996],[77.593216,12.980612],[77.593735,12.981018],[77.594086,12.981267],[77.594536,12.981525],[77.594864,12.981624],[77.59518,12.981632],[77.59572,12.981555],[77.595985,12.981488],[77.59633,12.981389],[77.59757,12.980979],[77.59864,12.980614],[77.599945,12.980109],[77.6001,12.980013],[77.60026,12.979878],[77.600365,12.979767],[77.60072,12.979298],[77.60084,12.979119],[77.60098,12.978837],[77.60143,12.977589],[77.601585,12.97724],[77.60177,12.976972],[77.60193,12.976833],[77.60217,12.976691],[77.60237,12.976604],[77.605034,12.975979],[77.607994,12.975255],[77.60825,12.975186],[77.60887,12.974974],[77.61192,12.974245],[77.612755,12.974017],[77.618416,12.972719],[77.61868,12.972671],[77.619125,12.972641],[77.620255,12.972707],[77.62084,12.972763],[77.621315,12.972878],[77.6217,12.973004],[77.62203,12.973135],[77.62248,12.973343],[77.62492,12.974819],[77.62585,12.975452],[77.626015,12.975633],[77.62637,12.976108],[77.62666,12.976517],[77.62722,12.97735],[77.62746,12.977575],[77.62773,12.977789],[77.62835,12.978159],[77.62879,12.978404],[77.628975,12.978471],[77.62917,12.978499],[77.63265,12.978178],[77.63294,12.978172],[77.63866,12.978353],[77.639694,12.978374],[77.63997,12.978406],[77.64017,12.978473],[77.64035,12.978593],[77.64047,12.978701],[77.6406,12.978854],[77.640724,12.979113],[77.64076,12.979497],[77.64057,12.982925],[77.64056,12.9835],[77.64063,12.983859],[77.64073,12.984081],[77.64104,12.984385],[77.64127,12.984511],[77.64624,12.986498],[77.647316,12.986909],[77.647575,12.987047],[77.64783,12.987211],[77.648056,12.987499],[77.64818,12.987692],[77.64822,12.987753],[77.648315,12.988012],[77.648575,12.988874],[77.648705,12.989204],[77.64893,12.989534],[77.64921,12.989767],[77.649376,12.989863],[77.64966,12.989963],[77.65411,12.991191],[77.654564,12.991352],[77.654854,12.991538],[77.65551,12.992163],[77.65583,12.992439],[77.656586,12.992933],[77.65909,12.994344],[77.66033,12.99499],[77.661125,12.995383],[77.661316,12.99546],[77.661644,12.995551],[77.662056,12.995611],[77.66238,12.995623],[77.66274,12.995591],[77.663445,12.995429],[77.66396,12.995336],[77.66424,12.99531],[77.664635,12.99531],[77.665016,12.995336],[77.665474,12.995419],[77.66634,12.995672],[77.66741,12.996069],[77.668175,12.996397],[77.66892,12.996751],[77.66948,12.996916],[77.66973,12.996966],[77.67016,12.996971],[77.67026,12.996983],[77.670395,12.997024],[77.674934,12.999226],[77.675446,12.99947],[77.6762,12.9998],[77.67651,12.999866],[77.67683,12.999901],[77.67845,12.999949],[77.67989,13.000019],[77.68064,13.000113],[77.680855,13.000157],[77.681366,13.000299],[77.6816,13.00039],[77.68187,13.000431],[77.6826,13.000404],[77.68382,13.000403],[77.684555,13.000379],[77.68621,13.000259],[77.68657,13.000179],[77.686745,13.000118],[77.68727,12.999791],[77.68769,12.99948],[77.68792,12.999269],[77.688194,12.998964],[77.68866,12.998476],[77.688896,12.998254],[77.6904,12.997497],[77.6915,12.996994],[77.69373,12.99621],[77.69525,12.995542],[77.695564,12.995455],[77.697,12.995272],[77.69793,12.995125],[77.69809,12.99508],[77.69919,12.994669],[77.70002,12.994401],[77.70161,12.994032],[77.70212,12.993869],[77.70364,12.993475],[77.7048,12.993147],[77.70522,12.993062],[77.70561,12.993026],[77.70753,12.992944],[77.70942,12.992867],[77.71058,12.992854],[77.71081,12.992834],[77.7116,12.99265],[77.71281,12.992277],[77.71341,12.992009],[77.71359,12.991891],[77.713715,12.991775],[77.713936,12.991385],[77.713974,12.990839],[77.71395,12.990584],[77.71388,12.990448],[77.71377,12.990286],[77.71364,12.990175],[77.71338,12.990002],[77.713066,12.989807],[77.711754,12.989022],[77.71044,12.988259],[77.709724,12.98787],[77.70957,12.987747],[77.7093,12.987478],[77.70902,12.987096],[77.70871,12.986512],[77.70844,12.985809],[77.708305,12.98522],[77.70826,12.984305],[77.708305,12.983049],[77.70835,12.982639],[77.708466,12.982074],[77.70889,12.980531],[77.709274,12.979208],[77.70938,12.97894],[77.70948,12.97876],[77.70964,12.978563],[77.70993,12.978393],[77.7103,12.978272],[77.71045,12.978252],[77.71075,12.978249],[77.7112,12.97817],[77.712036,12.978058],[77.714516,12.977764],[77.71635,12.977483],[77.71752,12.97737],[77.71985,12.977191],[77.72268,12.976888],[77.723175,12.976798],[77.723595,12.976738],[77.72611,12.976505],[77.72635,12.976515],[77.726555,12.976567],[77.72669,12.97662],[77.72683,12.976698],[77.72695,12.976802],[77.72709,12.976953],[77.7272,12.977138],[77.72724,12.977233],[77.727295,12.977486],[77.727325,12.978588],[77.72729,12.979342],[77.72729,12.979692],[77.72732,12.980031],[77.7275,12.981023],[77.72762,12.981543],[77.72766,12.981715],[77.72778,12.982213],[77.72785,12.982454],[77.72806,12.982947],[77.72827,12.983341],[77.72845,12.983593],[77.72867,12.983889],[77.72901,12.984309],[77.729485,12.984874],[77.72996,12.985392],[77.73021,12.985611],[77.73041,12.985758],[77.731766,12.98657],[77.73204,12.986838],[77.73255,12.987521],[77.732765,12.987699],[77.73286,12.987756],[77.73296,12.987816],[77.73322,12.987909],[77.73346,12.987936],[77.733635,12.987927],[77.7353,12.987684],[77.735855,12.987635],[77.739204,12.987636],[77.73996,12.987627],[77.74015,12.987608],[77.743935,12.986654],[77.74552,12.986233],[77.74585,12.986121],[77.74815,12.985248],[77.750984,12.984266],[77.75126,12.984222],[77.751396,12.984215],[77.751686,12.984247],[77.751854,12.984293],[77.75215,12.984403],[77.75232,12.984504],[77.75261,12.984721],[77.75275,12.984872],[77.752884,12.985059],[77.75308,12.985387],[77.753624,12.986745],[77.75455,12.988907],[77.754814,12.989526],[77.75507,12.990051],[77.755226,12.990288],[77.75675,12.992297],[77.75696,12.992621],[77.75712,12.993006],[77.75778,12.995197],[77.75792,12.99575]]}},{"type":"Feature","id":"s1517","properties":{"source_id":"s1517","route_id":"PURPLE","route_name":"Whitefield (Kadugodi) - Challaghatta","route_color":"8C2877","source_name":"bmrcl_gtfs_unofficial"},"geometry":{"type":"LineString","coordinates":[[77.53015,12.946738],[77.53088,12.94706],[77.53265,12.947608],[77.53427,12.948045],[77.534615,12.948155],[77.534805,12.948237],[77.53601,12.94897],[77.53633,12.949221],[77.53693,12.949802],[77.5371,12.95002],[77.537254,12.950306],[77.53734,12.950638],[77.53734,12.951037],[77.53731,12.951175],[77.536995,12.952033],[77.53666,12.953135],[77.536606,12.953236],[77.53638,12.953519],[77.534935,12.954985],[77.534805,12.955176],[77.53471,12.955391],[77.53462,12.955708],[77.53438,12.956712],[77.5343,12.957002],[77.53409,12.957568],[77.53373,12.958318],[77.533356,12.959189],[77.53308,12.959939],[77.53304,12.960154],[77.53305,12.960364],[77.53309,12.960592],[77.53315,12.960823],[77.533554,12.961875],[77.53533,12.965862],[77.53591,12.96702],[77.53618,12.967598],[77.536674,12.968877],[77.537384,12.970954],[77.53769,12.971789],[77.53787,12.972204],[77.53799,12.972391],[77.53817,12.972621],[77.538345,12.97279],[77.538574,12.972969],[77.53888,12.973139],[77.53939,12.973282],[77.54182,12.973788],[77.54338,12.974102],[77.544556,12.97422],[77.546814,12.97422],[77.5471,12.974251],[77.547554,12.974361],[77.54807,12.974507],[77.548386,12.974545],[77.54855,12.974532],[77.54891,12.974459],[77.5493,12.974245],[77.54979,12.97393],[77.54991,12.973875],[77.55022,12.973801],[77.550385,12.973798],[77.550545,12.973817],[77.55072,12.973864],[77.55092,12.973976],[77.552185,12.974957],[77.55238,12.975103],[77.55274,12.975333],[77.552956,12.975434],[77.55315,12.975504],[77.55353,12.975573],[77.55382,12.975602],[77.55687,12.975698],[77.55893,12.975825],[77.56006,12.975809],[77.56063,12.975765],[77.56173,12.975712],[77.562325,12.975647],[77.562675,12.975638],[77.56341,12.975685],[77.56538,12.975903],[77.56672,12.976013],[77.56912,12.976024],[77.57129,12.975891],[77.57413,12.975665],[77.57572,12.975287],[77.57613,12.975175],[77.578125,12.974359],[77.58041,12.973347],[77.580894,12.973104],[77.581154,12.973025],[77.58136,12.973023],[77.581535,12.973056],[77.58196,12.973249],[77.584206,12.97454],[77.58496,12.974987],[77.58516,12.975083],[77.58787,12.97623],[77.5906,12.977665],[77.59183,12.978996],[77.593216,12.980612],[77.593735,12.981018],[77.594086,12.981267],[77.594536,12.981525],[77.594864,12.981624],[77.59518,12.981632],[77.59572,12.981555],[77.595985,12.981488],[77.59633,12.981389],[77.59757,12.980979],[77.59864,12.980614],[77.599945,12.980109],[77.6001,12.980013],[77.60026,12.979878],[77.600365,12.979767],[77.60072,12.979298],[77.60084,12.979119],[77.60098,12.978837],[77.60143,12.977589],[77.601585,12.97724],[77.60177,12.976972],[77.60193,12.976833],[77.60217,12.976691],[77.60237,12.976604],[77.605034,12.975979],[77.607994,12.975255],[77.60825,12.975186],[77.60887,12.974974],[77.61192,12.974245],[77.612755,12.974017],[77.618416,12.972719],[77.61868,12.972671],[77.619125,12.972641],[77.620255,12.972707],[77.62084,12.972763],[77.621315,12.972878],[77.6217,12.973004],[77.62203,12.973135],[77.62248,12.973343],[77.62492,12.974819],[77.62585,12.975452],[77.626015,12.975633],[77.62637,12.976108],[77.62666,12.976517],[77.62722,12.97735],[77.62746,12.977575],[77.62773,12.977789],[77.62835,12.978159],[77.62879,12.978404],[77.628975,12.978471],[77.62917,12.978499],[77.63265,12.978178],[77.63294,12.978172],[77.63866,12.978353],[77.639694,12.978374],[77.63997,12.978406],[77.64017,12.978473],[77.64035,12.978593],[77.64047,12.978701],[77.6406,12.978854],[77.640724,12.979113],[77.640755,12.979304],[77.64076,12.979497],[77.64057,12.982925],[77.64056,12.9835],[77.64063,12.983859],[77.64073,12.984081],[77.64104,12.984385],[77.64127,12.984511],[77.64624,12.986498],[77.647316,12.986909],[77.647575,12.987047],[77.64783,12.987211],[77.648056,12.987499],[77.64822,12.987753],[77.64836,12.98815],[77.648575,12.988874],[77.648705,12.989204],[77.64893,12.989534],[77.64913,12.989715],[77.64929,12.989821],[77.64946,12.989896],[77.64966,12.989963],[77.65411,12.991191],[77.654564,12.991352],[77.654854,12.991538],[77.65551,12.992163],[77.65583,12.992439],[77.656586,12.992933],[77.65909,12.994344],[77.660904,12.995279],[77.661316,12.99546],[77.661644,12.995551],[77.661896,12.995595],[77.66225,12.995621],[77.66251,12.995618],[77.66274,12.995591],[77.663445,12.995429],[77.66396,12.995336],[77.66444,12.995306],[77.665016,12.995336],[77.665474,12.995419],[77.66588,12.995532],[77.66634,12.995672],[77.66741,12.996069],[77.668175,12.996397],[77.66892,12.996751],[77.66948,12.996916],[77.66973,12.996966],[77.67016,12.996971],[77.67026,12.996983],[77.670395,12.997024],[77.675446,12.99947],[77.6762,12.9998],[77.676346,12.999838],[77.67683,12.999901],[77.67845,12.999949],[77.67989,13.000019],[77.68064,13.000113],[77.680855,13.000157],[77.681366,13.000299],[77.6816,13.00039],[77.68187,13.000431],[77.6826,13.000404],[77.68382,13.000403],[77.684555,13.000379],[77.68621,13.000259],[77.68637,13.000229],[77.686745,13.000118],[77.68727,12.999791],[77.68769,12.99948],[77.68792,12.999269],[77.688194,12.998964],[77.68866,12.998476],[77.688896,12.998254],[77.6904,12.997497],[77.6915,12.996994],[77.69373,12.99621],[77.69525,12.995542],[77.695564,12.995455],[77.697,12.995272],[77.69793,12.995125],[77.69809,12.99508],[77.69919,12.994669],[77.70002,12.994401],[77.70161,12.994032],[77.70212,12.993869],[77.70368,12.993465]]}},{"type":"Feature","id":"s2248","properties":{"source_id":"s2248","route_id":"YELLOW","route_name":"Rashtreeya Vidyalaya Road - Delta Electronics Bommasandra","route_color":"FFDF00","source_name":"bmrcl_gtfs_unofficial"},"geometry":{"type":"LineString","coordinates":[[77.58009,12.92096],[77.58011,12.920228],[77.58018,12.919521],[77.580215,12.918204],[77.580246,12.918032],[77.58027,12.917949],[77.580376,12.917715],[77.58043,12.917634],[77.580666,12.917393],[77.58087,12.917266],[77.58099,12.917219],[77.58123,12.91716],[77.581345,12.917146],[77.58671,12.917019],[77.58718,12.917099],[77.587494,12.917116],[77.58937,12.917074],[77.589584,12.917047],[77.59005,12.916957],[77.59034,12.916943],[77.59649,12.916826],[77.59764,12.916821],[77.60189,12.916736],[77.60462,12.916703],[77.606895,12.916631],[77.61069,12.916543],[77.61183,12.916546],[77.6142,12.916474],[77.615555,12.916377],[77.61664,12.916259],[77.6171,12.916257],[77.61757,12.916282],[77.61839,12.916288],[77.61908,12.916239],[77.61932,12.916239],[77.61953,12.916276],[77.6201,12.916441],[77.62161,12.91692],[77.62192,12.916987],[77.62212,12.916993],[77.62243,12.916941],[77.62271,12.916823],[77.622955,12.916647],[77.62309,12.916502],[77.623146,12.916422],[77.62414,12.914633],[77.62452,12.913904],[77.62536,12.912572],[77.6265,12.910622],[77.63019,12.904646],[77.63071,12.903832],[77.63224,12.901332],[77.632866,12.90034],[77.63421,12.89815],[77.63552,12.895955],[77.636604,12.894294],[77.63774,12.892426],[77.63886,12.890548],[77.64018,12.888442],[77.64294,12.883971],[77.644806,12.880935],[77.64641,12.878292],[77.64695,12.877357],[77.64723,12.87694],[77.64746,12.876645],[77.65061,12.873127],[77.65174,12.871646],[77.6525,12.870718],[77.65299,12.870072],[77.6573,12.864625],[77.65789,12.863952],[77.658745,12.862866],[77.65972,12.861658],[77.66059,12.860534],[77.661575,12.859178],[77.66241,12.857952],[77.66286,12.857329],[77.66364,12.856385],[77.66414,12.855822],[77.66457,12.855405],[77.664925,12.855028],[77.66659,12.852888],[77.66749,12.85165],[77.66844,12.850442],[77.66987,12.84858],[77.67022,12.848069],[77.670494,12.847548],[77.67085,12.846977],[77.6717,12.845717],[77.67185,12.845533],[77.672134,12.845276],[77.67258,12.844974],[77.67311,12.844499],[77.67432,12.843172],[77.67529,12.841923],[77.677864,12.838543],[77.67822,12.838023],[77.678375,12.837757],[77.67918,12.835814],[77.67951,12.834921],[77.68011,12.833272],[77.68031,12.832411],[77.680565,12.831566],[77.68174,12.827996],[77.682106,12.827173],[77.683174,12.825126],[77.68359,12.824563],[77.686874,12.821079],[77.68836,12.81941]]}},{"type":"Feature","id":"s2694","properties":{"source_id":"s2694","route_id":"PURPLE","route_name":"Whitefield (Kadugodi) - Challaghatta","route_color":"8C2877","source_name":"bmrcl_gtfs_unofficial"},"geometry":{"type":"LineString","coordinates":[[77.6068,12.975546],[77.605034,12.975979],[77.602615,12.97654],[77.60237,12.976604],[77.60217,12.976691],[77.60193,12.976833],[77.60177,12.976972],[77.601585,12.97724],[77.60143,12.977589],[77.60098,12.978837],[77.60084,12.979119],[77.60072,12.979298],[77.600365,12.979767],[77.60026,12.979878],[77.6001,12.980013],[77.599945,12.980109],[77.59864,12.980614],[77.59633,12.981389],[77.59572,12.981555],[77.595535,12.981587],[77.59518,12.981632],[77.594864,12.981624],[77.594536,12.981525],[77.594086,12.981267],[77.593735,12.981018],[77.593216,12.980612],[77.59183,12.978996],[77.5906,12.977665],[77.58787,12.97623],[77.58516,12.975083],[77.58496,12.974987],[77.584206,12.97454],[77.58196,12.973249],[77.581535,12.973056],[77.58136,12.973023],[77.581154,12.973025],[77.580894,12.973104],[77.58041,12.973347],[77.578125,12.974359],[77.57613,12.975175],[77.57572,12.975287],[77.57413,12.975665],[77.57129,12.975891],[77.56912,12.976024],[77.56672,12.976013],[77.56538,12.975903],[77.56341,12.975685],[77.562675,12.975638],[77.562325,12.975647],[77.56173,12.975712],[77.56063,12.975765],[77.56006,12.975809],[77.55893,12.975825],[77.55687,12.975698],[77.55382,12.975602],[77.55353,12.975573],[77.55315,12.975504],[77.552956,12.975434],[77.55274,12.975333],[77.55238,12.975103],[77.552185,12.974957],[77.55092,12.973976],[77.55072,12.973864],[77.550545,12.973817],[77.550385,12.973798],[77.55022,12.973801],[77.54991,12.973875],[77.54979,12.97393],[77.5493,12.974245],[77.54891,12.974459],[77.54855,12.974532],[77.548386,12.974545],[77.54826,12.974539],[77.54807,12.974507],[77.547554,12.974361],[77.5471,12.974251],[77.546814,12.97422],[77.544556,12.97422],[77.54338,12.974102],[77.54182,12.973788],[77.53939,12.973282],[77.53888,12.973139],[77.538574,12.972969],[77.538345,12.97279],[77.53817,12.972621],[77.53799,12.972391],[77.53787,12.972204],[77.53778,12.972018],[77.537384,12.970954],[77.536674,12.968877],[77.53618,12.967598],[77.53591,12.96702],[77.53533,12.965862],[77.533554,12.961875],[77.53315,12.960823],[77.53309,12.960592],[77.53305,12.960364],[77.53304,12.960154],[77.53308,12.959939],[77.533356,12.959189],[77.53373,12.958318],[77.53409,12.957568],[77.5343,12.957002],[77.53438,12.956712],[77.53462,12.955708],[77.53471,12.955391],[77.534805,12.955176],[77.534935,12.954985],[77.53638,12.953519],[77.536606,12.953236],[77.53666,12.953135],[77.536995,12.952033],[77.53731,12.951175],[77.53734,12.951037],[77.53734,12.950638],[77.537254,12.950306],[77.5371,12.95002],[77.53693,12.949802],[77.53633,12.949221],[77.53601,12.94897],[77.534805,12.948237],[77.534615,12.948155],[77.53427,12.948045],[77.53265,12.947608],[77.53088,12.94706],[77.52924,12.94633],[77.52873,12.946013],[77.52831,12.945714],[77.527725,12.945214],[77.52729,12.944809],[77.52666,12.944048],[77.52631,12.943438],[77.5257,12.942611],[77.5251,12.941683],[77.524826,12.941206],[77.524666,12.940956],[77.52406,12.940113],[77.52346,12.939455],[77.52295,12.938983],[77.521736,12.938187],[77.52143,12.937917],[77.52114,12.937577],[77.52088,12.937242],[77.52056,12.936994],[77.51966,12.936674],[77.51902,12.936424],[77.51869,12.936339],[77.518364,12.936313],[77.51785,12.936335],[77.51701,12.936325],[77.51654,12.936279],[77.51552,12.936137],[77.5151,12.936101],[77.51424,12.936058],[77.51383,12.935983],[77.51222,12.935383],[77.51154,12.935175],[77.51104,12.934965],[77.510735,12.934739],[77.510506,12.934499],[77.50842,12.932606],[77.50681,12.931485],[77.50654,12.931273],[77.50639,12.931125],[77.50597,12.930321],[77.50575,12.930001],[77.505516,12.929764],[77.50528,12.929616],[77.50505,12.929504],[77.504005,12.92916],[77.50389,12.929096],[77.5034,12.928678],[77.50298,12.928207],[77.5025,12.927765],[77.50026,12.926077],[77.499176,12.925092],[77.49756,12.923495],[77.49727,12.923291],[77.49682,12.923085],[77.49606,12.922775],[77.494415,12.92193],[77.49389,12.921592],[77.49366,12.921392],[77.49336,12.920944],[77.49281,12.920248],[77.492546,12.919996],[77.49202,12.919592],[77.49148,12.91902],[77.49122,12.918613],[77.490746,12.917677],[77.49042,12.916946],[77.490105,12.916583],[77.48968,12.916243],[77.48879,12.915425],[77.48828,12.915052],[77.48727,12.914258],[77.48591,12.913266],[77.48551,12.912962],[77.48534,12.912798],[77.48521,12.912612],[77.48503,12.912245],[77.48468,12.911074],[77.48459,12.910901],[77.4844,12.910673],[77.48432,12.910609],[77.48407,12.910453],[77.48387,12.910382],[77.483765,12.910359],[77.48355,12.910341],[77.48334,12.91036],[77.482666,12.910381],[77.482506,12.910372],[77.48219,12.910334],[77.481735,12.91022],[77.481445,12.910108],[77.481155,12.909966],[77.48089,12.909798],[77.48064,12.909605],[77.4804,12.909448],[77.48021,12.909323],[77.48009,12.909272],[77.47898,12.908851],[77.47879,12.908788],[77.47788,12.908611],[77.47759,12.908519],[77.47732,12.908407],[77.47658,12.907928],[77.47596,12.907602],[77.47581,12.907502],[77.47534,12.907291],[77.47394,12.906988],[77.47368,12.906876],[77.47344,12.906751],[77.47323,12.906619],[77.47197,12.905639],[77.471214,12.905096],[77.470955,12.904882],[77.470764,12.904659],[77.46956,12.902693],[77.46911,12.902212],[77.46885,12.902021],[77.46631,12.900649],[77.46552,12.900177],[77.46471,12.899617],[77.46171,12.897717],[77.46127,12.897373]]}},{"type":"Feature","id":"s2696","properties":{"source_id":"s2696","route_id":"PURPLE","route_name":"Whitefield (Kadugodi) - Challaghatta","route_color":"8C2877","source_name":"bmrcl_gtfs_unofficial"},"geometry":{"type":"LineString","coordinates":[[77.70368,12.993465],[77.70212,12.993869],[77.70161,12.994032],[77.70002,12.994401],[77.69919,12.994669],[77.69809,12.99508],[77.69793,12.995125],[77.697,12.995272],[77.695564,12.995455],[77.69525,12.995542],[77.69373,12.99621],[77.6915,12.996994],[77.6904,12.997497],[77.688896,12.998254],[77.68866,12.998476],[77.688194,12.998964],[77.68792,12.999269],[77.68769,12.99948],[77.68727,12.999791],[77.686745,13.000118],[77.68637,13.000229],[77.68621,13.000259],[77.684555,13.000379],[77.68382,13.000403],[77.6826,13.000404],[77.68187,13.000431],[77.6816,13.00039],[77.681366,13.000299],[77.680855,13.000157],[77.68064,13.000113],[77.67989,13.000019],[77.67845,12.999949],[77.67683,12.999901],[77.676346,12.999838],[77.6762,12.9998],[77.675446,12.99947],[77.670395,12.997024],[77.67026,12.996983],[77.67016,12.996971],[77.66973,12.996966],[77.66948,12.996916],[77.66892,12.996751],[77.668175,12.996397],[77.66741,12.996069],[77.66634,12.995672],[77.66588,12.995532],[77.665474,12.995419],[77.665016,12.995336],[77.66444,12.995306],[77.66396,12.995336],[77.663445,12.995429],[77.66274,12.995591],[77.66251,12.995618],[77.66225,12.995621],[77.661896,12.995595],[77.661644,12.995551],[77.661316,12.99546],[77.660904,12.995279],[77.65909,12.994344],[77.656586,12.992933],[77.65583,12.992439],[77.65551,12.992163],[77.654854,12.991538],[77.654564,12.991352],[77.65411,12.991191],[77.64966,12.989963],[77.64946,12.989896],[77.64929,12.989821],[77.64913,12.989715],[77.64893,12.989534],[77.648705,12.989204],[77.648575,12.988874],[77.64836,12.98815],[77.64822,12.987753],[77.648056,12.987499],[77.64783,12.987211],[77.647575,12.987047],[77.647316,12.986909],[77.64624,12.986498],[77.64127,12.984511],[77.64104,12.984385],[77.64073,12.984081],[77.64063,12.983859],[77.64056,12.9835],[77.64057,12.982925],[77.64076,12.979497],[77.640755,12.979304],[77.640724,12.979113],[77.6406,12.978854],[77.64047,12.978701],[77.64035,12.978593],[77.64017,12.978473],[77.63997,12.978406],[77.639694,12.978374],[77.63866,12.978353],[77.63294,12.978172],[77.63265,12.978178],[77.62917,12.978499],[77.628975,12.978471],[77.62879,12.978404],[77.62835,12.978159],[77.62773,12.977789],[77.62746,12.977575],[77.62722,12.97735],[77.62666,12.976517],[77.626015,12.975633],[77.62585,12.975452],[77.62492,12.974819],[77.62248,12.973343],[77.62203,12.973135],[77.6217,12.973004],[77.621315,12.972878],[77.62084,12.972763],[77.620255,12.972707],[77.619125,12.972641],[77.61868,12.972671],[77.618416,12.972719],[77.612755,12.974017],[77.61192,12.974245],[77.60887,12.974974],[77.60825,12.975186],[77.607994,12.975255],[77.605034,12.975979],[77.60237,12.976604],[77.60217,12.976691],[77.60193,12.976833],[77.60177,12.976972],[77.601585,12.97724],[77.60143,12.977589],[77.60098,12.978837],[77.60084,12.979119],[77.60072,12.979298],[77.600365,12.979767],[77.60026,12.979878],[77.6001,12.980013],[77.599945,12.980109],[77.59864,12.980614],[77.59757,12.980979],[77.59633,12.981389],[77.595985,12.981488],[77.59572,12.981555],[77.59518,12.981632],[77.594864,12.981624],[77.594536,12.981525],[77.594086,12.981267],[77.593735,12.981018],[77.593216,12.980612],[77.59183,12.978996],[77.5906,12.977665],[77.58787,12.97623],[77.58516,12.975083],[77.58496,12.974987],[77.584206,12.97454],[77.58196,12.973249],[77.581535,12.973056],[77.58136,12.973023],[77.581154,12.973025],[77.580894,12.973104],[77.58041,12.973347],[77.578125,12.974359],[77.57613,12.975175],[77.57572,12.975287],[77.57413,12.975665],[77.57129,12.975891],[77.56912,12.976024],[77.56672,12.976013],[77.56538,12.975903],[77.56341,12.975685],[77.562675,12.975638],[77.562325,12.975647],[77.56173,12.975712],[77.56063,12.975765],[77.56006,12.975809],[77.55893,12.975825],[77.55687,12.975698],[77.55382,12.975602],[77.55353,12.975573],[77.55315,12.975504],[77.552956,12.975434],[77.55274,12.975333],[77.55238,12.975103],[77.552185,12.974957],[77.55092,12.973976],[77.55072,12.973864],[77.550545,12.973817],[77.550385,12.973798],[77.55022,12.973801],[77.54991,12.973875],[77.54979,12.97393],[77.5493,12.974245],[77.54891,12.974459],[77.54855,12.974532],[77.548386,12.974545],[77.54826,12.974539],[77.54807,12.974507],[77.547554,12.974361],[77.5471,12.974251],[77.546814,12.97422],[77.544556,12.97422],[77.54338,12.974102],[77.54182,12.973788],[77.53939,12.973282],[77.53888,12.973139],[77.538574,12.972969],[77.538345,12.97279],[77.53817,12.972621],[77.53799,12.972391],[77.53787,12.972204],[77.53778,12.972018],[77.537384,12.970954],[77.536674,12.968877],[77.53618,12.967598],[77.53591,12.96702],[77.53533,12.965862],[77.533554,12.961875],[77.53315,12.960823],[77.53309,12.960592],[77.53305,12.960364],[77.53304,12.960154],[77.53308,12.959939],[77.533356,12.959189],[77.53373,12.958318],[77.53409,12.957568],[77.5343,12.957002],[77.53438,12.956712],[77.53462,12.955708],[77.53471,12.955391],[77.534805,12.955176],[77.534935,12.954985],[77.53638,12.953519],[77.536606,12.953236],[77.53666,12.953135],[77.536995,12.952033],[77.53731,12.951175],[77.53734,12.951037],[77.53734,12.950638],[77.537254,12.950306],[77.5371,12.95002],[77.53693,12.949802],[77.53633,12.949221],[77.53601,12.94897],[77.534805,12.948237],[77.534615,12.948155],[77.53427,12.948045],[77.53265,12.947608],[77.53088,12.94706],[77.52924,12.94633],[77.52873,12.946013],[77.52831,12.945714],[77.527725,12.945214],[77.52729,12.944809],[77.52666,12.944048],[77.52631,12.943438],[77.5257,12.942611],[77.5251,12.941683],[77.524826,12.941206],[77.524666,12.940956],[77.52406,12.940113],[77.52346,12.939455],[77.52295,12.938983],[77.521736,12.938187],[77.52143,12.937917],[77.52114,12.937577],[77.52088,12.937242],[77.52056,12.936994],[77.51966,12.936674],[77.51902,12.936424],[77.51869,12.936339],[77.518364,12.936313],[77.51785,12.936335],[77.51701,12.936325],[77.51654,12.936279],[77.51552,12.936137],[77.5151,12.936101],[77.51424,12.936058],[77.51383,12.935983],[77.51222,12.935383],[77.51154,12.935175],[77.51104,12.934965],[77.510735,12.934739],[77.510506,12.934499],[77.50842,12.932606],[77.50681,12.931485],[77.50654,12.931273],[77.50639,12.931125],[77.50597,12.930321],[77.50575,12.930001],[77.505516,12.929764],[77.50528,12.929616],[77.50505,12.929504],[77.504005,12.92916],[77.50389,12.929096],[77.5034,12.928678],[77.50298,12.928207],[77.5025,12.927765],[77.50026,12.926077],[77.499176,12.925092],[77.49756,12.923495],[77.49727,12.923291],[77.49682,12.923085],[77.49606,12.922775],[77.494415,12.92193],[77.49389,12.921592],[77.49366,12.921392],[77.49336,12.920944],[77.49281,12.920248],[77.492546,12.919996],[77.49202,12.919592],[77.49148,12.91902],[77.49122,12.918613],[77.490746,12.917677],[77.49042,12.916946],[77.490105,12.916583],[77.48968,12.916243],[77.48879,12.915425],[77.48828,12.915052],[77.48727,12.914258],[77.48591,12.913266],[77.48551,12.912962],[77.48534,12.912798],[77.48521,12.912612],[77.48503,12.912245],[77.48468,12.911074],[77.48459,12.910901],[77.4844,12.910673],[77.48432,12.910609],[77.48407,12.910453],[77.48387,12.910382],[77.483765,12.910359],[77.48355,12.910341],[77.48334,12.91036],[77.482666,12.910381],[77.482506,12.910372],[77.48219,12.910334],[77.481735,12.91022],[77.481445,12.910108],[77.481155,12.909966],[77.48089,12.909798],[77.48064,12.909605],[77.4804,12.909448],[77.48021,12.909323],[77.48009,12.909272],[77.47898,12.908851],[77.47879,12.908788],[77.47788,12.908611],[77.47759,12.908519],[77.47732,12.908407],[77.47658,12.907928],[77.47596,12.907602],[77.47581,12.907502],[77.47534,12.907291],[77.47394,12.906988],[77.47368,12.906876],[77.47344,12.906751],[77.47323,12.906619],[77.47197,12.905639],[77.471214,12.905096],[77.470955,12.904882],[77.470764,12.904659],[77.46956,12.902693],[77.46911,12.902212],[77.46885,12.902021],[77.46631,12.900649],[77.46552,12.900177],[77.46471,12.899617],[77.46171,12.897717],[77.46127,12.897373]]}},{"type":"Feature","id":"s2827","properties":{"source_id":"s2827","route_id":"PURPLE","route_name":"Whitefield (Kadugodi) - Challaghatta","route_color":"8C2877","source_name":"bmrcl_gtfs_unofficial"},"geometry":{"type":"LineString","coordinates":[[77.73777,12.9876375],[77.735855,12.987635],[77.7353,12.987684],[77.733635,12.987927],[77.73346,12.987936],[77.73322,12.987909],[77.73296,12.987816],[77.73286,12.987756],[77.732765,12.987699],[77.73255,12.987521],[77.73204,12.986838],[77.731766,12.98657],[77.73041,12.985758],[77.73021,12.985611],[77.72996,12.985392],[77.729485,12.984874],[77.72901,12.984309],[77.72845,12.983593],[77.72827,12.983341],[77.72806,12.982947],[77.72785,12.982454],[77.72773,12.98202],[77.72766,12.981715],[77.72762,12.981543],[77.727425,12.980632],[77.72732,12.980031],[77.72729,12.979692],[77.72729,12.979342],[77.727325,12.978588],[77.727295,12.977486],[77.72727,12.977353],[77.7272,12.977138],[77.72709,12.976953],[77.72702,12.97687],[77.72683,12.976698],[77.72669,12.97662],[77.726555,12.976567],[77.72635,12.976515],[77.72625,12.976507],[77.72611,12.976505],[77.72561,12.97655],[77.723595,12.976738],[77.723175,12.976798],[77.72268,12.976888],[77.71985,12.977191],[77.71752,12.97737],[77.71635,12.977483],[77.714516,12.977764],[77.712036,12.978058],[77.7112,12.97817],[77.71075,12.978249],[77.71045,12.978252],[77.7103,12.978272],[77.70993,12.978393],[77.70964,12.978563],[77.70948,12.97876],[77.70938,12.97894],[77.709274,12.979208],[77.70904,12.980032],[77.708466,12.982074],[77.70835,12.982639],[77.70832,12.98293],[77.70826,12.984305],[77.708305,12.98522],[77.70844,12.985809],[77.70871,12.986512],[77.70902,12.987096],[77.7093,12.987478],[77.70957,12.987747],[77.709724,12.98787],[77.71044,12.988259],[77.711754,12.989022],[77.713066,12.989807],[77.71338,12.990002],[77.71364,12.990175],[77.71377,12.990286],[77.71388,12.990448],[77.71395,12.990584],[77.713974,12.990839],[77.713936,12.991385],[77.713715,12.991775],[77.71359,12.991891],[77.71341,12.992009],[77.71281,12.992277],[77.7116,12.99265],[77.71081,12.992834],[77.71058,12.992854],[77.70942,12.992867],[77.70753,12.992944],[77.70561,12.993026],[77.70522,12.993062],[77.7048,12.993147],[77.70364,12.993475],[77.70212,12.993869],[77.70161,12.994032],[77.70002,12.994401],[77.69919,12.994669],[77.69809,12.99508],[77.69793,12.995125],[77.697,12.995272],[77.695564,12.995455],[77.69525,12.995542],[77.69373,12.99621],[77.6915,12.996994],[77.6904,12.997497],[77.688896,12.998254],[77.68866,12.998476],[77.688194,12.998964],[77.68792,12.999269],[77.68769,12.99948],[77.68727,12.999791],[77.686745,13.000118],[77.68657,13.000179],[77.68621,13.000259],[77.684555,13.000379],[77.68382,13.000403],[77.68295,13.000399],[77.68197,13.000431],[77.68178,13.000425],[77.6816,13.00039],[77.681366,13.000299],[77.680855,13.000157],[77.68064,13.000113],[77.67989,13.000019],[77.67845,12.999949],[77.67683,12.999901],[77.67651,12.999866],[77.6762,12.9998],[77.675446,12.99947],[77.674934,12.999226],[77.670395,12.997024],[77.67026,12.996983],[77.67016,12.996971],[77.66973,12.996966],[77.66948,12.996916],[77.66892,12.996751],[77.668175,12.996397],[77.66741,12.996069],[77.66634,12.995672],[77.665474,12.995419],[77.665016,12.995336],[77.664635,12.99531],[77.66424,12.99531],[77.66396,12.995336],[77.663445,12.995429],[77.66274,12.995591],[77.66238,12.995623],[77.662056,12.995611],[77.661644,12.995551],[77.661316,12.99546],[77.661125,12.995383],[77.66033,12.99499],[77.65909,12.994344],[77.656586,12.992933],[77.65583,12.992439],[77.65551,12.992163],[77.654854,12.991538],[77.654564,12.991352],[77.65411,12.991191],[77.64966,12.989963],[77.649376,12.989863],[77.64921,12.989767],[77.64893,12.989534],[77.648705,12.989204],[77.648575,12.988874],[77.648315,12.988012],[77.64822,12.987753],[77.64818,12.987692],[77.648056,12.987499],[77.64783,12.987211],[77.647575,12.987047],[77.647316,12.986909],[77.64624,12.986498],[77.64127,12.984511],[77.64104,12.984385],[77.64073,12.984081],[77.64063,12.983859],[77.64056,12.9835],[77.64057,12.982925],[77.64076,12.979497],[77.640724,12.979113],[77.6406,12.978854],[77.64047,12.978701],[77.64035,12.978593],[77.64017,12.978473],[77.63997,12.978406],[77.639694,12.978374],[77.63866,12.978353],[77.63294,12.978172],[77.63265,12.978178],[77.62917,12.978499],[77.628975,12.978471],[77.62879,12.978404],[77.62835,12.978159],[77.62773,12.977789],[77.62746,12.977575],[77.62722,12.97735],[77.62666,12.976517],[77.626015,12.975633],[77.62585,12.975452],[77.62492,12.974819],[77.62248,12.973343],[77.62203,12.973135],[77.6217,12.973004],[77.621315,12.972878],[77.62084,12.972763],[77.620255,12.972707],[77.619125,12.972641],[77.61868,12.972671],[77.618416,12.972719],[77.612755,12.974017],[77.61192,12.974245],[77.60887,12.974974],[77.60825,12.975186],[77.607994,12.975255],[77.605034,12.975979],[77.60237,12.976604],[77.60217,12.976691],[77.60193,12.976833],[77.60177,12.976972],[77.601585,12.97724],[77.60143,12.977589],[77.60098,12.978837],[77.60084,12.979119],[77.60072,12.979298],[77.600365,12.979767],[77.60026,12.979878],[77.6001,12.980013],[77.599945,12.980109],[77.59864,12.980614],[77.59757,12.980979],[77.59633,12.981389],[77.595985,12.981488],[77.59572,12.981555],[77.59518,12.981632],[77.594864,12.981624],[77.594536,12.981525],[77.594086,12.981267],[77.593735,12.981018],[77.593216,12.980612],[77.59183,12.978996],[77.5906,12.977665],[77.58787,12.97623],[77.58516,12.975083],[77.58496,12.974987],[77.584206,12.97454],[77.58196,12.973249],[77.581535,12.973056],[77.58136,12.973023],[77.581154,12.973025],[77.580894,12.973104],[77.58041,12.973347],[77.578125,12.974359],[77.57613,12.975175],[77.57572,12.975287],[77.57413,12.975665],[77.57129,12.975891],[77.56912,12.976024],[77.56672,12.976013],[77.56538,12.975903],[77.56341,12.975685],[77.562675,12.975638],[77.562325,12.975647],[77.56173,12.975712],[77.56063,12.975765],[77.56006,12.975809],[77.55893,12.975825],[77.55687,12.975698],[77.55382,12.975602],[77.55353,12.975573],[77.55315,12.975504],[77.552956,12.975434],[77.55274,12.975333],[77.55238,12.975103],[77.552185,12.974957],[77.55092,12.973976],[77.55072,12.973864],[77.550545,12.973817],[77.550385,12.973798],[77.55022,12.973801],[77.55006,12.973834],[77.54991,12.973875],[77.54979,12.97393],[77.5493,12.974245],[77.54891,12.974459],[77.54855,12.974532],[77.548386,12.974545],[77.54807,12.974507],[77.547554,12.974361],[77.5471,12.974251],[77.546814,12.97422],[77.544556,12.97422],[77.54338,12.974102],[77.54182,12.973788],[77.53939,12.973282],[77.53888,12.973139],[77.538574,12.972969],[77.538345,12.97279],[77.53817,12.972621],[77.53799,12.972391],[77.53787,12.972204],[77.53769,12.971789],[77.537384,12.970954],[77.536674,12.968877],[77.53618,12.967598],[77.53591,12.96702],[77.53533,12.965862],[77.533554,12.961875],[77.53315,12.960823],[77.53309,12.960592],[77.53305,12.960364],[77.53304,12.960154],[77.53308,12.959939],[77.533356,12.959189],[77.53373,12.958318],[77.53409,12.957568],[77.5343,12.957002],[77.53438,12.956712],[77.53462,12.955708],[77.53471,12.955391],[77.534805,12.955176],[77.534935,12.954985],[77.53638,12.953519],[77.536606,12.953236],[77.53666,12.953135],[77.536995,12.952033],[77.53731,12.951175],[77.53734,12.951037],[77.53734,12.950638],[77.537254,12.950306],[77.5371,12.95002],[77.53693,12.949802],[77.53633,12.949221],[77.53601,12.94897],[77.534805,12.948237],[77.534615,12.948155],[77.53427,12.948045],[77.53265,12.947608],[77.53088,12.94706],[77.53015,12.946738]]}},{"type":"Feature","id":"s2858","properties":{"source_id":"s2858","route_id":"PURPLE","route_name":"Whitefield (Kadugodi) - Challaghatta","route_color":"8C2877","source_name":"bmrcl_gtfs_unofficial"},"geometry":{"type":"LineString","coordinates":[[77.57288,12.975767],[77.57413,12.975665],[77.57572,12.975287],[77.57613,12.975175],[77.578125,12.974359],[77.58041,12.973347],[77.580894,12.973104],[77.581154,12.973025],[77.58136,12.973023],[77.581535,12.973056],[77.58196,12.973249],[77.584206,12.97454],[77.58496,12.974987],[77.58516,12.975083],[77.58787,12.97623],[77.5906,12.977665],[77.59183,12.978996],[77.593216,12.980612],[77.593735,12.981018],[77.594086,12.981267],[77.594536,12.981525],[77.594864,12.981624],[77.59518,12.981632],[77.59572,12.981555],[77.595985,12.981488],[77.59633,12.981389],[77.59757,12.980979],[77.59864,12.980614],[77.599945,12.980109],[77.6001,12.980013],[77.60026,12.979878],[77.600365,12.979767],[77.60072,12.979298],[77.60084,12.979119],[77.60098,12.978837],[77.60143,12.977589],[77.601585,12.97724],[77.60177,12.976972],[77.60193,12.976833],[77.60217,12.976691],[77.60237,12.976604],[77.605034,12.975979],[77.607994,12.975255],[77.60825,12.975186],[77.60887,12.974974],[77.61192,12.974245],[77.612755,12.974017],[77.618416,12.972719],[77.61868,12.972671],[77.619125,12.972641],[77.620255,12.972707],[77.62084,12.972763],[77.621315,12.972878],[77.6217,12.973004],[77.62203,12.973135],[77.62248,12.973343],[77.62492,12.974819],[77.62585,12.975452],[77.626015,12.975633],[77.62637,12.976108],[77.62666,12.976517],[77.62722,12.97735],[77.62746,12.977575],[77.62773,12.977789],[77.62835,12.978159],[77.62879,12.978404],[77.628975,12.978471],[77.62917,12.978499],[77.63265,12.978178],[77.63294,12.978172],[77.63866,12.978353],[77.639694,12.978374],[77.63997,12.978406],[77.64017,12.978473],[77.64035,12.978593],[77.64047,12.978701],[77.6406,12.978854],[77.640724,12.979113],[77.64076,12.979497],[77.64057,12.982925],[77.64056,12.9835],[77.64063,12.983859],[77.64073,12.984081],[77.64104,12.984385],[77.64127,12.984511],[77.64624,12.986498],[77.647316,12.986909],[77.647575,12.987047],[77.64783,12.987211],[77.648056,12.987499],[77.64818,12.987692],[77.64822,12.987753],[77.648315,12.988012],[77.648575,12.988874],[77.648705,12.989204],[77.64893,12.989534],[77.64921,12.989767],[77.649376,12.989863],[77.64966,12.989963],[77.65411,12.991191],[77.654564,12.991352],[77.654854,12.991538],[77.65551,12.992163],[77.65583,12.992439],[77.656586,12.992933],[77.65909,12.994344],[77.66033,12.99499],[77.661125,12.995383],[77.661316,12.99546],[77.661644,12.995551],[77.662056,12.995611],[77.66238,12.995623],[77.66274,12.995591],[77.663445,12.995429],[77.66396,12.995336],[77.66424,12.99531],[77.664635,12.99531],[77.665016,12.995336],[77.665474,12.995419],[77.66634,12.995672],[77.66741,12.996069],[77.668175,12.996397],[77.66892,12.996751],[77.66948,12.996916],[77.66973,12.996966],[77.67016,12.996971],[77.67026,12.996983],[77.670395,12.997024],[77.674934,12.999226],[77.675446,12.99947],[77.6762,12.9998],[77.67651,12.999866],[77.67683,12.999901],[77.67845,12.999949],[77.67989,13.000019],[77.68064,13.000113],[77.680855,13.000157],[77.681366,13.000299],[77.6816,13.00039],[77.68178,13.000425],[77.68197,13.000431],[77.68295,13.000399],[77.68382,13.000403],[77.684555,13.000379],[77.68621,13.000259],[77.68657,13.000179],[77.686745,13.000118],[77.68727,12.999791],[77.68769,12.99948],[77.68792,12.999269],[77.688194,12.998964],[77.68866,12.998476],[77.688896,12.998254],[77.6904,12.997497],[77.6915,12.996994],[77.69373,12.99621],[77.69525,12.995542],[77.695564,12.995455],[77.697,12.995272],[77.69793,12.995125],[77.69809,12.99508],[77.69919,12.994669],[77.70002,12.994401],[77.70161,12.994032],[77.70212,12.993869],[77.70364,12.993475],[77.7048,12.993147],[77.70522,12.993062],[77.70561,12.993026],[77.70753,12.992944],[77.70942,12.992867],[77.71058,12.992854],[77.71081,12.992834],[77.7116,12.99265],[77.71281,12.992277],[77.71341,12.992009],[77.71359,12.991891],[77.713715,12.991775],[77.713936,12.991385],[77.713974,12.990839],[77.71395,12.990584],[77.71388,12.990448],[77.71377,12.990286],[77.71364,12.990175],[77.71338,12.990002],[77.713066,12.989807],[77.711754,12.989022],[77.71044,12.988259],[77.709724,12.98787],[77.70957,12.987747],[77.7093,12.987478],[77.70902,12.987096],[77.70871,12.986512],[77.70844,12.985809],[77.708305,12.98522],[77.70826,12.984305],[77.70832,12.98293],[77.70835,12.982639],[77.708466,12.982074],[77.70904,12.980032],[77.709274,12.979208],[77.70938,12.97894],[77.70948,12.97876],[77.70964,12.978563],[77.70993,12.978393],[77.7103,12.978272],[77.71045,12.978252],[77.71075,12.978249],[77.7112,12.97817],[77.712036,12.978058],[77.714516,12.977764],[77.71635,12.977483],[77.71752,12.97737],[77.71985,12.977191],[77.72268,12.976888],[77.723175,12.976798],[77.723595,12.976738],[77.72561,12.97655],[77.72611,12.976505],[77.72625,12.976507],[77.72635,12.976515],[77.726555,12.976567],[77.72669,12.97662],[77.72683,12.976698],[77.72702,12.97687],[77.72709,12.976953],[77.7272,12.977138],[77.72727,12.977353],[77.727295,12.977486],[77.727325,12.978588],[77.72729,12.979342],[77.72729,12.979692],[77.72732,12.980031],[77.727425,12.980632],[77.72762,12.981543],[77.72766,12.981715],[77.72773,12.98202],[77.72785,12.982454],[77.72806,12.982947],[77.72827,12.983341],[77.72845,12.983593],[77.72901,12.984309],[77.729485,12.984874],[77.72996,12.985392],[77.73021,12.985611],[77.73041,12.985758],[77.731766,12.98657],[77.73204,12.986838],[77.73255,12.987521],[77.732765,12.987699],[77.73286,12.987756],[77.73296,12.987816],[77.73322,12.987909],[77.73346,12.987936],[77.733635,12.987927],[77.7353,12.987684],[77.735855,12.987635],[77.73777,12.9876375]]}},{"type":"Feature","id":"s2876","properties":{"source_id":"s2876","route_id":"PURPLE","route_name":"Whitefield (Kadugodi) - Challaghatta","route_color":"8C2877","source_name":"bmrcl_gtfs_unofficial"},"geometry":{"type":"LineString","coordinates":[[77.57288,12.975767],[77.57413,12.975665],[77.57572,12.975287],[77.57613,12.975175],[77.578125,12.974359],[77.58041,12.973347],[77.580894,12.973104],[77.581154,12.973025],[77.58136,12.973023],[77.581535,12.973056],[77.58196,12.973249],[77.584206,12.97454],[77.58496,12.974987],[77.58516,12.975083],[77.58787,12.97623],[77.5906,12.977665],[77.59183,12.978996],[77.593216,12.980612],[77.593735,12.981018],[77.594086,12.981267],[77.594536,12.981525],[77.594864,12.981624],[77.59518,12.981632],[77.59572,12.981555],[77.595985,12.981488],[77.59633,12.981389],[77.59757,12.980979],[77.59864,12.980614],[77.599945,12.980109],[77.6001,12.980013],[77.60026,12.979878],[77.600365,12.979767],[77.60072,12.979298],[77.60084,12.979119],[77.60098,12.978837],[77.60143,12.977589],[77.601585,12.97724],[77.60177,12.976972],[77.60193,12.976833],[77.60217,12.976691],[77.60237,12.976604],[77.602615,12.97654],[77.605034,12.975979],[77.6068,12.975546]]}},{"type":"Feature","id":"s319","properties":{"source_id":"s319","route_id":"PURPLE","route_name":"Whitefield (Kadugodi) - Challaghatta","route_color":"8C2877","source_name":"bmrcl_gtfs_unofficial"},"geometry":{"type":"LineString","coordinates":[[77.652374,12.990714],[77.64966,12.989963],[77.649376,12.989863],[77.64913,12.989715],[77.64893,12.989534],[77.648705,12.989204],[77.648575,12.988874],[77.64836,12.98815],[77.64822,12.987753],[77.648056,12.987499],[77.64783,12.987211],[77.647575,12.987047],[77.647316,12.986909],[77.64624,12.986498],[77.64127,12.984511],[77.64104,12.984385],[77.64073,12.984081],[77.64063,12.983859],[77.64056,12.9835],[77.64057,12.982925],[77.64076,12.979497],[77.640755,12.979304],[77.640724,12.979113],[77.6406,12.978854],[77.64047,12.978701],[77.64035,12.978593],[77.64017,12.978473],[77.63997,12.978406],[77.639694,12.978374],[77.63866,12.978353],[77.63294,12.978172],[77.63265,12.978178],[77.62917,12.978499],[77.628975,12.978471],[77.62879,12.978404],[77.62835,12.978159],[77.62773,12.977789],[77.62746,12.977575],[77.62722,12.97735],[77.62666,12.976517],[77.626015,12.975633],[77.62585,12.975452],[77.62492,12.974819],[77.62248,12.973343],[77.62203,12.973135],[77.6217,12.973004],[77.621315,12.972878],[77.62084,12.972763],[77.620255,12.972707],[77.619125,12.972641],[77.61868,12.972671],[77.618416,12.972719],[77.612755,12.974017],[77.61192,12.974245],[77.60887,12.974974],[77.60825,12.975186],[77.607994,12.975255],[77.605034,12.975979],[77.60237,12.976604],[77.60217,12.976691],[77.60193,12.976833],[77.60177,12.976972],[77.601585,12.97724],[77.60143,12.977589],[77.60098,12.978837],[77.60084,12.979119],[77.60072,12.979298],[77.600365,12.979767],[77.60026,12.979878],[77.6001,12.980013],[77.599945,12.980109],[77.59864,12.980614],[77.59757,12.980979],[77.59633,12.981389],[77.595985,12.981488],[77.59572,12.981555],[77.59518,12.981632],[77.594864,12.981624],[77.594536,12.981525],[77.594086,12.981267],[77.593735,12.981018],[77.593216,12.980612],[77.59183,12.978996],[77.5906,12.977665],[77.58787,12.97623],[77.58516,12.975083],[77.58496,12.974987],[77.584206,12.97454],[77.58196,12.973249],[77.581535,12.973056],[77.58136,12.973023],[77.581154,12.973025],[77.580894,12.973104],[77.58041,12.973347],[77.578125,12.974359],[77.57613,12.975175],[77.57572,12.975287],[77.57413,12.975665],[77.57129,12.975891],[77.56912,12.976024],[77.56672,12.976013],[77.56538,12.975903],[77.56341,12.975685],[77.562675,12.975638],[77.562325,12.975647],[77.56173,12.975712],[77.56063,12.975765],[77.56006,12.975809],[77.55893,12.975825],[77.55687,12.975698],[77.55382,12.975602],[77.55353,12.975573],[77.55315,12.975504],[77.552956,12.975434],[77.55274,12.975333],[77.55238,12.975103],[77.552185,12.974957],[77.55092,12.973976],[77.55072,12.973864],[77.550545,12.973817],[77.550385,12.973798],[77.55022,12.973801],[77.54991,12.973875],[77.54979,12.97393],[77.5493,12.974245],[77.54891,12.974459],[77.54855,12.974532],[77.548386,12.974545],[77.54826,12.974539],[77.54807,12.974507],[77.547554,12.974361],[77.5471,12.974251],[77.546814,12.97422],[77.544556,12.97422],[77.54338,12.974102],[77.54182,12.973788],[77.53939,12.973282],[77.53888,12.973139],[77.538574,12.972969],[77.538345,12.97279],[77.53817,12.972621],[77.53799,12.972391],[77.53787,12.972204],[77.53778,12.972018],[77.537384,12.970954],[77.536674,12.968877],[77.53618,12.967598],[77.53591,12.96702],[77.53533,12.965862],[77.533554,12.961875],[77.53315,12.960823],[77.53309,12.960592],[77.53305,12.960364],[77.53304,12.960154],[77.53308,12.959939],[77.533356,12.959189],[77.53373,12.958318],[77.53409,12.957568],[77.5343,12.957002],[77.53438,12.956712],[77.53462,12.955708],[77.53471,12.955391],[77.534805,12.955176],[77.534935,12.954985],[77.53638,12.953519],[77.536606,12.953236],[77.53666,12.953135],[77.536995,12.952033],[77.53731,12.951175],[77.53734,12.951037],[77.53734,12.950638],[77.537254,12.950306],[77.5371,12.95002],[77.53693,12.949802],[77.53633,12.949221],[77.53601,12.94897],[77.534805,12.948237],[77.534615,12.948155],[77.53427,12.948045],[77.53265,12.947608],[77.53088,12.94706],[77.53015,12.946738]]}},{"type":"Feature","id":"s321","properties":{"source_id":"s321","route_id":"PURPLE","route_name":"Whitefield (Kadugodi) - Challaghatta","route_color":"8C2877","source_name":"bmrcl_gtfs_unofficial"},"geometry":{"type":"LineString","coordinates":[[77.652374,12.990714],[77.64966,12.989963],[77.649376,12.989863],[77.64913,12.989715],[77.64893,12.989534],[77.648705,12.989204],[77.648575,12.988874],[77.64836,12.98815],[77.64822,12.987753],[77.648056,12.987499],[77.64783,12.987211],[77.647575,12.987047],[77.647316,12.986909],[77.64624,12.986498],[77.64127,12.984511],[77.64104,12.984385],[77.64073,12.984081],[77.64063,12.983859],[77.64056,12.9835],[77.64057,12.982925],[77.64076,12.979497],[77.640755,12.979304],[77.640724,12.979113],[77.6406,12.978854],[77.64047,12.978701],[77.64035,12.978593],[77.64017,12.978473],[77.63997,12.978406],[77.639694,12.978374],[77.63866,12.978353],[77.63294,12.978172],[77.63265,12.978178],[77.62917,12.978499],[77.628975,12.978471],[77.62879,12.978404],[77.62835,12.978159],[77.62773,12.977789],[77.62746,12.977575],[77.62722,12.97735],[77.62666,12.976517],[77.626015,12.975633],[77.62585,12.975452],[77.62492,12.974819],[77.62248,12.973343],[77.62203,12.973135],[77.6217,12.973004],[77.621315,12.972878],[77.62084,12.972763],[77.620255,12.972707],[77.619125,12.972641],[77.61868,12.972671],[77.618416,12.972719],[77.612755,12.974017],[77.61192,12.974245],[77.60887,12.974974],[77.60825,12.975186],[77.607994,12.975255],[77.605034,12.975979],[77.60237,12.976604],[77.60217,12.976691],[77.60193,12.976833],[77.60177,12.976972],[77.601585,12.97724],[77.60143,12.977589],[77.60098,12.978837],[77.60084,12.979119],[77.60072,12.979298],[77.600365,12.979767],[77.60026,12.979878],[77.6001,12.980013],[77.599945,12.980109],[77.59864,12.980614],[77.59757,12.980979],[77.59633,12.981389],[77.595985,12.981488],[77.59572,12.981555],[77.59518,12.981632],[77.594864,12.981624],[77.594536,12.981525],[77.594086,12.981267],[77.593735,12.981018],[77.593216,12.980612],[77.59183,12.978996],[77.5906,12.977665],[77.58787,12.97623],[77.58516,12.975083],[77.58496,12.974987],[77.584206,12.97454],[77.58196,12.973249],[77.581535,12.973056],[77.58136,12.973023],[77.581154,12.973025],[77.580894,12.973104],[77.58041,12.973347],[77.578125,12.974359],[77.57613,12.975175],[77.57572,12.975287],[77.57413,12.975665],[77.57288,12.975767]]}},{"type":"Feature","id":"s3224","properties":{"source_id":"s3224","route_id":"YELLOW","route_name":"Rashtreeya Vidyalaya Road - Delta Electronics Bommasandra","route_color":"FFDF00","source_name":"bmrcl_gtfs_unofficial"},"geometry":{"type":"LineString","coordinates":[[77.68836,12.81941],[77.686874,12.821079],[77.68359,12.824563],[77.683174,12.825126],[77.682106,12.827173],[77.68174,12.827996],[77.680565,12.831566],[77.68031,12.832411],[77.68011,12.833272],[77.67951,12.834921],[77.67918,12.835814],[77.678375,12.837757],[77.67822,12.838023],[77.677864,12.838543],[77.67529,12.841923],[77.67432,12.843172],[77.67311,12.844499],[77.67258,12.844974],[77.672134,12.845276],[77.67185,12.845533],[77.6717,12.845717],[77.67085,12.846977],[77.670494,12.847548],[77.67022,12.848069],[77.66987,12.84858],[77.66844,12.850442],[77.66749,12.85165],[77.66659,12.852888],[77.664925,12.855028],[77.66457,12.855405],[77.66414,12.855822],[77.66364,12.856385],[77.66286,12.857329],[77.66241,12.857952],[77.661575,12.859178],[77.66059,12.860534],[77.65972,12.861658],[77.658745,12.862866],[77.65789,12.863952],[77.6573,12.864625],[77.65299,12.870072],[77.6525,12.870718],[77.65174,12.871646],[77.65061,12.873127],[77.64746,12.876645],[77.64723,12.87694],[77.64695,12.877357],[77.64641,12.878292],[77.644806,12.880935],[77.64294,12.883971],[77.64018,12.888442],[77.63886,12.890548],[77.63774,12.892426],[77.636604,12.894294],[77.63552,12.895955],[77.63421,12.89815],[77.632866,12.90034],[77.63224,12.901332],[77.63071,12.903832],[77.63019,12.904646],[77.6265,12.910622],[77.62536,12.912572],[77.62452,12.913904],[77.62414,12.914633],[77.623146,12.916422],[77.62309,12.916502],[77.622955,12.916647],[77.62271,12.916823],[77.62243,12.916941],[77.62212,12.916993],[77.62192,12.916987],[77.62161,12.91692],[77.6201,12.916441],[77.61953,12.916276],[77.61932,12.916239],[77.61908,12.916239],[77.61839,12.916288],[77.61757,12.916282],[77.6171,12.916257],[77.61664,12.916259],[77.615555,12.916377],[77.6142,12.916474],[77.61183,12.916546],[77.61069,12.916543],[77.606895,12.916631],[77.60462,12.916703],[77.60189,12.916736],[77.59764,12.916821],[77.59649,12.916826],[77.59034,12.916943],[77.59005,12.916957],[77.589584,12.917047],[77.58937,12.917074],[77.587494,12.917116],[77.58718,12.917099],[77.58671,12.917019],[77.581345,12.917146],[77.58123,12.91716],[77.58099,12.917219],[77.58087,12.917266],[77.580666,12.917393],[77.58043,12.917634],[77.580376,12.917715],[77.58027,12.917949],[77.580246,12.918032],[77.580215,12.918204],[77.58018,12.919521],[77.58011,12.920228],[77.58009,12.92096]]}},{"type":"Feature","id":"s363","properties":{"source_id":"s363","route_id":"PURPLE","route_name":"Whitefield (Kadugodi) - Challaghatta","route_color":"8C2877","source_name":"bmrcl_gtfs_unofficial"},"geometry":{"type":"LineString","coordinates":[[77.75792,12.99575],[77.75778,12.995197],[77.75712,12.993006],[77.75696,12.992621],[77.75675,12.992297],[77.755226,12.990288],[77.75507,12.990051],[77.754814,12.989526],[77.75455,12.988907],[77.753624,12.986745],[77.75308,12.985387],[77.752884,12.985059],[77.75275,12.984872],[77.75261,12.984721],[77.75232,12.984504],[77.75215,12.984403],[77.751854,12.984293],[77.751686,12.984247],[77.751396,12.984215],[77.75126,12.984222],[77.750984,12.984266],[77.74815,12.985248],[77.74585,12.986121],[77.74552,12.986233],[77.743935,12.986654],[77.74015,12.987608],[77.73996,12.987627],[77.739204,12.987636],[77.735855,12.987635],[77.7353,12.987684],[77.733635,12.987927],[77.73346,12.987936],[77.73322,12.987909],[77.73296,12.987816],[77.73286,12.987756],[77.732765,12.987699],[77.73255,12.987521],[77.73204,12.986838],[77.731766,12.98657],[77.73041,12.985758],[77.73021,12.985611],[77.72996,12.985392],[77.729485,12.984874],[77.72901,12.984309],[77.72867,12.983889],[77.72845,12.983593],[77.72827,12.983341],[77.72806,12.982947],[77.72785,12.982454],[77.72778,12.982213],[77.72766,12.981715],[77.72762,12.981543],[77.7275,12.981023],[77.72732,12.980031],[77.72729,12.979692],[77.72729,12.979342],[77.727325,12.978588],[77.727295,12.977486],[77.72724,12.977233],[77.7272,12.977138],[77.72709,12.976953],[77.72695,12.976802],[77.72683,12.976698],[77.72669,12.97662],[77.726555,12.976567],[77.72635,12.976515],[77.72611,12.976505],[77.723595,12.976738],[77.723175,12.976798],[77.72268,12.976888],[77.71985,12.977191],[77.71752,12.97737],[77.71635,12.977483],[77.714516,12.977764],[77.712036,12.978058],[77.7112,12.97817],[77.71075,12.978249],[77.71045,12.978252],[77.7103,12.978272],[77.70993,12.978393],[77.70964,12.978563],[77.70948,12.97876],[77.70938,12.97894],[77.709274,12.979208],[77.70889,12.980531],[77.708466,12.982074],[77.70835,12.982639],[77.708305,12.983049],[77.70826,12.984305],[77.708305,12.98522],[77.70844,12.985809],[77.70871,12.986512],[77.70902,12.987096],[77.7093,12.987478],[77.70957,12.987747],[77.709724,12.98787],[77.71044,12.988259],[77.711754,12.989022],[77.713066,12.989807],[77.71338,12.990002],[77.71364,12.990175],[77.71377,12.990286],[77.71388,12.990448],[77.71395,12.990584],[77.713974,12.990839],[77.713936,12.991385],[77.713715,12.991775],[77.71359,12.991891],[77.71341,12.992009],[77.71281,12.992277],[77.7116,12.99265],[77.71081,12.992834],[77.71058,12.992854],[77.70942,12.992867],[77.70753,12.992944],[77.70561,12.993026],[77.70522,12.993062],[77.7048,12.993147],[77.70364,12.993475],[77.70212,12.993869],[77.70161,12.994032],[77.70002,12.994401],[77.69919,12.994669],[77.69809,12.99508],[77.69793,12.995125],[77.697,12.995272],[77.695564,12.995455],[77.69525,12.995542],[77.69373,12.99621],[77.6915,12.996994],[77.6904,12.997497],[77.688896,12.998254],[77.68866,12.998476],[77.688194,12.998964],[77.68792,12.999269],[77.68769,12.99948],[77.68727,12.999791],[77.686745,13.000118],[77.68657,13.000179],[77.68621,13.000259],[77.684555,13.000379],[77.68382,13.000403],[77.6826,13.000404],[77.68187,13.000431],[77.6816,13.00039],[77.681366,13.000299],[77.680855,13.000157],[77.68064,13.000113],[77.67989,13.000019],[77.67845,12.999949],[77.67683,12.999901],[77.67651,12.999866],[77.6762,12.9998],[77.675446,12.99947],[77.674934,12.999226],[77.670395,12.997024],[77.67026,12.996983],[77.67016,12.996971],[77.66973,12.996966],[77.66948,12.996916],[77.66892,12.996751],[77.668175,12.996397],[77.66741,12.996069],[77.66634,12.995672],[77.665474,12.995419],[77.665016,12.995336],[77.664635,12.99531],[77.66424,12.99531],[77.66396,12.995336],[77.663445,12.995429],[77.66274,12.995591],[77.66238,12.995623],[77.662056,12.995611],[77.661644,12.995551],[77.661316,12.99546],[77.661125,12.995383],[77.66033,12.99499],[77.65909,12.994344],[77.656586,12.992933],[77.65583,12.992439],[77.65551,12.992163],[77.654854,12.991538],[77.654564,12.991352],[77.65411,12.991191],[77.64966,12.989963],[77.649376,12.989863],[77.64921,12.989767],[77.64893,12.989534],[77.648705,12.989204],[77.648575,12.988874],[77.648315,12.988012],[77.64822,12.987753],[77.64818,12.987692],[77.648056,12.987499],[77.64783,12.987211],[77.647575,12.987047],[77.647316,12.986909],[77.64624,12.986498],[77.64127,12.984511],[77.64104,12.984385],[77.64073,12.984081],[77.64063,12.983859],[77.64056,12.9835],[77.64057,12.982925],[77.64076,12.979497],[77.640724,12.979113],[77.6406,12.978854],[77.64047,12.978701],[77.64035,12.978593],[77.64017,12.978473],[77.63997,12.978406],[77.639694,12.978374],[77.63866,12.978353],[77.63294,12.978172],[77.63265,12.978178],[77.62917,12.978499],[77.628975,12.978471],[77.62879,12.978404],[77.62835,12.978159],[77.62773,12.977789],[77.62746,12.977575],[77.62722,12.97735],[77.62666,12.976517],[77.626015,12.975633],[77.62585,12.975452],[77.62492,12.974819],[77.62248,12.973343],[77.62203,12.973135],[77.6217,12.973004],[77.621315,12.972878],[77.62084,12.972763],[77.620255,12.972707],[77.619125,12.972641],[77.61868,12.972671],[77.618416,12.972719],[77.612755,12.974017],[77.61192,12.974245],[77.60887,12.974974],[77.60825,12.975186],[77.607994,12.975255],[77.605034,12.975979],[77.60237,12.976604],[77.60217,12.976691],[77.60193,12.976833],[77.60177,12.976972],[77.601585,12.97724],[77.60143,12.977589],[77.60098,12.978837],[77.60084,12.979119],[77.60072,12.979298],[77.600365,12.979767],[77.60026,12.979878],[77.6001,12.980013],[77.599945,12.980109],[77.59864,12.980614],[77.59757,12.980979],[77.59633,12.981389],[77.595985,12.981488],[77.59572,12.981555],[77.59518,12.981632],[77.594864,12.981624],[77.594536,12.981525],[77.594086,12.981267],[77.593735,12.981018],[77.593216,12.980612],[77.59183,12.978996],[77.5906,12.977665],[77.58787,12.97623],[77.58516,12.975083],[77.58496,12.974987],[77.584206,12.97454],[77.58196,12.973249],[77.581535,12.973056],[77.58136,12.973023],[77.581154,12.973025],[77.580894,12.973104],[77.58041,12.973347],[77.578125,12.974359],[77.57613,12.975175],[77.57572,12.975287],[77.57413,12.975665],[77.57129,12.975891],[77.56912,12.976024],[77.56672,12.976013],[77.56538,12.975903],[77.56341,12.975685],[77.562675,12.975638],[77.562325,12.975647],[77.56173,12.975712],[77.56063,12.975765],[77.56006,12.975809],[77.55893,12.975825],[77.55687,12.975698],[77.55382,12.975602],[77.55353,12.975573],[77.55315,12.975504],[77.552956,12.975434],[77.55274,12.975333],[77.55238,12.975103],[77.552185,12.974957],[77.55092,12.973976],[77.55072,12.973864],[77.550545,12.973817],[77.550385,12.973798],[77.55022,12.973801],[77.54991,12.973875],[77.54979,12.97393],[77.5493,12.974245],[77.54891,12.974459],[77.54855,12.974532],[77.548386,12.974545],[77.54826,12.974539],[77.54807,12.974507],[77.547554,12.974361],[77.5471,12.974251],[77.546814,12.97422],[77.544556,12.97422],[77.54338,12.974102],[77.54182,12.973788],[77.53939,12.973282],[77.53888,12.973139],[77.538574,12.972969],[77.538345,12.97279],[77.53817,12.972621],[77.53799,12.972391],[77.53787,12.972204],[77.53778,12.972018],[77.537384,12.970954],[77.536674,12.968877],[77.53618,12.967598],[77.53591,12.96702],[77.53533,12.965862],[77.533554,12.961875],[77.53315,12.960823],[77.53309,12.960592],[77.53305,12.960364],[77.53304,12.960154],[77.53308,12.959939],[77.533356,12.959189],[77.53373,12.958318],[77.53409,12.957568],[77.5343,12.957002],[77.53438,12.956712],[77.53462,12.955708],[77.53471,12.955391],[77.534805,12.955176],[77.534935,12.954985],[77.53638,12.953519],[77.536606,12.953236],[77.53666,12.953135],[77.536995,12.952033],[77.53731,12.951175],[77.53734,12.951037],[77.53734,12.950638],[77.537254,12.950306],[77.5371,12.95002],[77.53693,12.949802],[77.53633,12.949221],[77.53601,12.94897],[77.534805,12.948237],[77.534615,12.948155],[77.53427,12.948045],[77.53265,12.947608],[77.53088,12.94706],[77.52924,12.94633],[77.52873,12.946013],[77.52831,12.945714],[77.527725,12.945214],[77.52729,12.944809],[77.52666,12.944048],[77.52631,12.943438],[77.5257,12.942611],[77.5251,12.941683],[77.524826,12.941206],[77.524666,12.940956],[77.52406,12.940113],[77.52346,12.939455],[77.52295,12.938983],[77.521736,12.938187],[77.52143,12.937917],[77.52114,12.937577],[77.52088,12.937242],[77.52056,12.936994],[77.51966,12.936674],[77.51902,12.936424],[77.51869,12.936339],[77.518364,12.936313],[77.51785,12.936335],[77.51701,12.936325],[77.51654,12.936279],[77.51552,12.936137],[77.5151,12.936101],[77.51424,12.936058],[77.51383,12.935983],[77.51222,12.935383],[77.51154,12.935175],[77.51104,12.934965],[77.510735,12.934739],[77.510506,12.934499],[77.50842,12.932606],[77.50681,12.931485],[77.50654,12.931273],[77.50639,12.931125],[77.50597,12.930321],[77.50575,12.930001],[77.505516,12.929764],[77.50528,12.929616],[77.50505,12.929504],[77.504005,12.92916],[77.50389,12.929096],[77.5034,12.928678],[77.50298,12.928207],[77.5025,12.927765],[77.50026,12.926077],[77.499176,12.925092],[77.49756,12.923495],[77.49727,12.923291],[77.49682,12.923085],[77.49606,12.922775],[77.494415,12.92193],[77.49389,12.921592],[77.49366,12.921392],[77.49336,12.920944],[77.49281,12.920248],[77.492546,12.919996],[77.49202,12.919592],[77.49148,12.91902],[77.49122,12.918613],[77.490746,12.917677],[77.49042,12.916946],[77.490105,12.916583],[77.48968,12.916243],[77.48879,12.915425],[77.48828,12.915052],[77.48727,12.914258],[77.48591,12.913266],[77.48551,12.912962],[77.48534,12.912798],[77.48521,12.912612],[77.48503,12.912245],[77.48468,12.911074],[77.48459,12.910901],[77.4844,12.910673],[77.48432,12.910609],[77.48407,12.910453],[77.48387,12.910382],[77.483765,12.910359],[77.48355,12.910341],[77.48334,12.91036],[77.482666,12.910381],[77.482506,12.910372],[77.48219,12.910334],[77.481735,12.91022],[77.481445,12.910108],[77.481155,12.909966],[77.48089,12.909798],[77.48064,12.909605],[77.4804,12.909448],[77.48021,12.909323],[77.48009,12.909272],[77.47898,12.908851],[77.47879,12.908788],[77.47788,12.908611],[77.47759,12.908519],[77.47732,12.908407],[77.47658,12.907928],[77.47596,12.907602],[77.47581,12.907502],[77.47534,12.907291],[77.47394,12.906988],[77.47368,12.906876],[77.47344,12.906751],[77.47323,12.906619],[77.47197,12.905639],[77.471214,12.905096],[77.470955,12.904882],[77.470764,12.904659],[77.46956,12.902693],[77.46911,12.902212],[77.46885,12.902021],[77.46631,12.900649],[77.46552,12.900177],[77.46471,12.899617],[77.46171,12.897717],[77.46127,12.897373]]}},{"type":"Feature","id":"s380","properties":{"source_id":"s380","route_id":"PURPLE","route_name":"Whitefield (Kadugodi) - Challaghatta","route_color":"8C2877","source_name":"bmrcl_gtfs_unofficial"},"geometry":{"type":"LineString","coordinates":[[77.70368,12.993465],[77.70212,12.993869],[77.70161,12.994032],[77.70002,12.994401],[77.69919,12.994669],[77.69809,12.99508],[77.69793,12.995125],[77.697,12.995272],[77.695564,12.995455],[77.69525,12.995542],[77.69373,12.99621],[77.6915,12.996994],[77.6904,12.997497],[77.688896,12.998254],[77.68866,12.998476],[77.688194,12.998964],[77.68792,12.999269],[77.68769,12.99948],[77.68727,12.999791],[77.686745,13.000118],[77.68637,13.000229],[77.68621,13.000259],[77.684555,13.000379],[77.68382,13.000403],[77.6826,13.000404],[77.68187,13.000431],[77.6816,13.00039],[77.681366,13.000299],[77.680855,13.000157],[77.68064,13.000113],[77.67989,13.000019],[77.67845,12.999949],[77.67683,12.999901],[77.676346,12.999838],[77.6762,12.9998],[77.675446,12.99947],[77.670395,12.997024],[77.67026,12.996983],[77.67016,12.996971],[77.66973,12.996966],[77.66948,12.996916],[77.66892,12.996751],[77.668175,12.996397],[77.66741,12.996069],[77.66634,12.995672],[77.66588,12.995532],[77.665474,12.995419],[77.665016,12.995336],[77.66444,12.995306],[77.66396,12.995336],[77.663445,12.995429],[77.66274,12.995591],[77.66251,12.995618],[77.66225,12.995621],[77.661896,12.995595],[77.661644,12.995551],[77.661316,12.99546],[77.660904,12.995279],[77.65909,12.994344],[77.656586,12.992933],[77.65583,12.992439],[77.65551,12.992163],[77.654854,12.991538],[77.654564,12.991352],[77.65411,12.991191],[77.64966,12.989963],[77.64946,12.989896],[77.64929,12.989821],[77.64913,12.989715],[77.64893,12.989534],[77.648705,12.989204],[77.648575,12.988874],[77.64836,12.98815],[77.64822,12.987753],[77.648056,12.987499],[77.64783,12.987211],[77.647575,12.987047],[77.647316,12.986909],[77.64624,12.986498],[77.64127,12.984511],[77.64104,12.984385],[77.64073,12.984081],[77.64063,12.983859],[77.64056,12.9835],[77.64057,12.982925],[77.64076,12.979497],[77.640755,12.979304],[77.640724,12.979113],[77.6406,12.978854],[77.64047,12.978701],[77.64035,12.978593],[77.64017,12.978473],[77.63997,12.978406],[77.639694,12.978374],[77.63866,12.978353],[77.63294,12.978172],[77.63265,12.978178],[77.62917,12.978499],[77.628975,12.978471],[77.62879,12.978404],[77.62835,12.978159],[77.62773,12.977789],[77.62746,12.977575],[77.62722,12.97735],[77.62666,12.976517],[77.626015,12.975633],[77.62585,12.975452],[77.62492,12.974819],[77.62248,12.973343],[77.62203,12.973135],[77.6217,12.973004],[77.621315,12.972878],[77.62084,12.972763],[77.620255,12.972707],[77.619125,12.972641],[77.61868,12.972671],[77.618416,12.972719],[77.612755,12.974017],[77.61192,12.974245],[77.60887,12.974974],[77.60825,12.975186],[77.607994,12.975255],[77.605034,12.975979],[77.60237,12.976604],[77.60217,12.976691],[77.60193,12.976833],[77.60177,12.976972],[77.601585,12.97724],[77.60143,12.977589],[77.60098,12.978837],[77.60084,12.979119],[77.60072,12.979298],[77.600365,12.979767],[77.60026,12.979878],[77.6001,12.980013],[77.599945,12.980109],[77.59864,12.980614],[77.59757,12.980979],[77.59633,12.981389],[77.595985,12.981488],[77.59572,12.981555],[77.59518,12.981632],[77.594864,12.981624],[77.594536,12.981525],[77.594086,12.981267],[77.593735,12.981018],[77.593216,12.980612],[77.59183,12.978996],[77.5906,12.977665],[77.58787,12.97623],[77.58516,12.975083],[77.58496,12.974987],[77.584206,12.97454],[77.58196,12.973249],[77.581535,12.973056],[77.58136,12.973023],[77.581154,12.973025],[77.580894,12.973104],[77.58041,12.973347],[77.578125,12.974359],[77.57613,12.975175],[77.57572,12.975287],[77.57413,12.975665],[77.57129,12.975891],[77.56912,12.976024],[77.56672,12.976013],[77.56538,12.975903],[77.56341,12.975685],[77.562675,12.975638],[77.562325,12.975647],[77.56173,12.975712],[77.56063,12.975765],[77.56006,12.975809],[77.55893,12.975825],[77.55687,12.975698],[77.55382,12.975602],[77.55353,12.975573],[77.55315,12.975504],[77.552956,12.975434],[77.55274,12.975333],[77.55238,12.975103],[77.552185,12.974957],[77.55092,12.973976],[77.55072,12.973864],[77.550545,12.973817],[77.550385,12.973798],[77.55022,12.973801],[77.54991,12.973875],[77.54979,12.97393],[77.5493,12.974245],[77.54891,12.974459],[77.54855,12.974532],[77.548386,12.974545],[77.54807,12.974507],[77.547554,12.974361],[77.5471,12.974251],[77.546814,12.97422],[77.544556,12.97422],[77.54338,12.974102],[77.54182,12.973788],[77.53939,12.973282],[77.53888,12.973139],[77.538574,12.972969],[77.538345,12.97279],[77.53817,12.972621],[77.53799,12.972391],[77.53787,12.972204],[77.53769,12.971789],[77.537384,12.970954],[77.536674,12.968877],[77.53618,12.967598],[77.53591,12.96702],[77.53533,12.965862],[77.533554,12.961875],[77.53315,12.960823],[77.53309,12.960592],[77.53305,12.960364],[77.53304,12.960154],[77.53308,12.959939],[77.533356,12.959189],[77.53373,12.958318],[77.53409,12.957568],[77.5343,12.957002],[77.53438,12.956712],[77.53462,12.955708],[77.53471,12.955391],[77.534805,12.955176],[77.534935,12.954985],[77.53638,12.953519],[77.536606,12.953236],[77.53666,12.953135],[77.536995,12.952033],[77.53731,12.951175],[77.53734,12.951037],[77.53734,12.950638],[77.537254,12.950306],[77.5371,12.95002],[77.53693,12.949802],[77.53633,12.949221],[77.53601,12.94897],[77.534805,12.948237],[77.534615,12.948155],[77.53427,12.948045],[77.53265,12.947608],[77.53088,12.94706],[77.53015,12.946738]]}},{"type":"Feature","id":"s54","properties":{"source_id":"s54","route_id":"GREEN","route_name":"Madavara - Silk Institute","route_color":"009933","source_name":"bmrcl_gtfs_unofficial"},"geometry":{"type":"LineString","coordinates":[[77.47281,13.057436],[77.477425,13.056353],[77.48128,13.05479],[77.4892,13.051926],[77.48977,13.051701],[77.49241,13.050752],[77.493256,13.050531],[77.49415,13.050227],[77.500145,13.047978],[77.50178,13.047375],[77.50514,13.046161],[77.508224,13.045265],[77.50886,13.044987],[77.51095,13.043908],[77.511375,13.043714],[77.512566,13.043296],[77.51623,13.042052],[77.51653,13.041907],[77.51842,13.04019],[77.51854,13.040104],[77.51976,13.039444],[77.520836,13.038883],[77.52627,13.035942],[77.52662,13.035765],[77.526985,13.03562],[77.52725,13.035536],[77.529816,13.034861],[77.5301,13.034762],[77.530624,13.034527],[77.531,13.034347],[77.535446,13.031744],[77.53662,13.030946],[77.537865,13.030153],[77.540215,13.028788],[77.54164,13.027987],[77.54249,13.027549],[77.54322,13.027135],[77.54368,13.026839],[77.54649,13.025218],[77.54734,13.024755],[77.54975,13.023369],[77.55102,13.022634],[77.55118,13.02253],[77.55149,13.022279],[77.55172,13.022034],[77.55204,13.021527],[77.55311,13.019498],[77.55318,13.019352],[77.55384,13.016834],[77.55388,13.016648],[77.55395,13.016007],[77.554085,13.013763],[77.55405,13.013473],[77.55393,13.013222],[77.5538,13.013025],[77.55363,13.012839],[77.553444,13.012707],[77.55315,13.012547],[77.55241,13.012195],[77.55033,13.011041],[77.55014,13.010919],[77.549805,13.010644],[77.54942,13.010184],[77.54926,13.009911],[77.54912,13.009604],[77.54906,13.009419],[77.54894,13.008865],[77.54872,13.007378],[77.548676,13.007027],[77.548676,13.006678],[77.54887,13.005671],[77.5494,13.002551],[77.5497,13.000536],[77.54999,12.998884],[77.55007,12.99854],[77.55018,12.998318],[77.55035,12.998136],[77.55053,12.998002],[77.55075,12.997906],[77.55098,12.997846],[77.55121,12.997844],[77.551506,12.997893],[77.55216,12.998056],[77.55306,12.99825],[77.55542,12.998695],[77.5559,12.998683],[77.55629,12.998635],[77.55688,12.998524],[77.557396,12.998412],[77.557884,12.998273],[77.55863,12.998025],[77.56012,12.997472],[77.56127,12.99692],[77.5616,12.996785],[77.561806,12.996728],[77.56331,12.996541],[77.56432,12.996338],[77.56474,12.996283],[77.56486,12.996287],[77.56571,12.996438],[77.565956,12.996453],[77.5663,12.99641],[77.5665,12.996321],[77.566666,12.996215],[77.566895,12.995968],[77.56854,12.993648],[77.569084,12.992799],[77.5711,12.990016],[77.571396,12.989627],[77.57165,12.989244],[77.57181,12.988872],[77.571884,12.988634],[77.571945,12.988335],[77.57199,12.987536],[77.572,12.987276],[77.57207,12.985722],[77.57195,12.981792],[77.572,12.980429],[77.572075,12.980159],[77.57228,12.979795],[77.57278,12.978832],[77.57285,12.978501],[77.57285,12.97796],[77.573074,12.976823],[77.573006,12.973318],[77.57461,12.969702],[77.5747,12.969299],[77.57459,12.967471],[77.57454,12.965682],[77.57461,12.965034],[77.57474,12.964528],[77.57485,12.964131],[77.57489,12.963897],[77.57493,12.963372],[77.57489,12.962302],[77.574684,12.96089],[77.574486,12.959669],[77.57423,12.958963],[77.574135,12.958635],[77.573685,12.957416],[77.57363,12.957201],[77.573616,12.956978],[77.57367,12.955944],[77.57372,12.949482],[77.57378,12.949205],[77.573944,12.948882],[77.57402,12.948781],[77.574135,12.948682],[77.57424,12.948604],[77.57436,12.948544],[77.574554,12.948476],[77.57483,12.948426],[77.57573,12.948328],[77.57636,12.948286],[77.57898,12.948307],[77.57917,12.948269],[77.579384,12.948189],[77.57961,12.948048],[77.57977,12.947897],[77.579956,12.94759],[77.58002,12.947317],[77.58004,12.946535],[77.580055,12.940163],[77.58007,12.939617],[77.58011,12.933122],[77.58016,12.929507],[77.58022,12.927145],[77.580246,12.924916],[77.580284,12.922131],[77.58029,12.920853],[77.5803,12.920073],[77.580315,12.91829],[77.580284,12.91808],[77.580215,12.917857],[77.58017,12.917764],[77.580055,12.917591],[77.579834,12.917381],[77.579735,12.917314],[77.57942,12.917196],[77.579,12.917149],[77.57851,12.917159],[77.57834,12.917191],[77.57802,12.917279],[77.57743,12.917508],[77.577255,12.917558],[77.57709,12.917587],[77.575096,12.917626],[77.57493,12.917626],[77.57478,12.917606],[77.57449,12.917519],[77.574265,12.917387],[77.57412,12.917268],[77.573975,12.917085],[77.57388,12.916897],[77.57383,12.916724],[77.57362,12.915219],[77.573395,12.913949],[77.5732,12.913142],[77.573044,12.912677],[77.57293,12.912023],[77.57289,12.911675],[77.57288,12.911436],[77.57296,12.908955],[77.573044,12.908157],[77.57315,12.907481],[77.573235,12.906644],[77.573296,12.90622],[77.57332,12.905963],[77.57335,12.905773],[77.57337,12.905306],[77.57334,12.904904],[77.573235,12.903846],[77.57324,12.903628],[77.57344,12.902377],[77.57347,12.902068],[77.57348,12.901919],[77.573425,12.901497],[77.57336,12.901175],[77.5731,12.900277],[77.572914,12.899682],[77.57286,12.899605],[77.57255,12.898998],[77.57126,12.897252],[77.57014,12.896036],[77.56922,12.894993],[77.568214,12.893946],[77.567474,12.893221],[77.56615,12.891989],[77.565315,12.891276],[77.563995,12.890088],[77.56349,12.889624],[77.56152,12.88793],[77.56121,12.887721],[77.56042,12.887135],[77.559975,12.886917],[77.55928,12.886667],[77.55798,12.886261],[77.55774,12.886199],[77.55688,12.88589],[77.55599,12.885637],[77.554924,12.885286],[77.552925,12.884665],[77.55036,12.883902],[77.54779,12.88325],[77.54732,12.883022],[77.54714,12.882898],[77.54702,12.882748],[77.54682,12.882395],[77.54652,12.881678],[77.5456,12.879415],[77.544426,12.876628],[77.54418,12.87614],[77.54393,12.875821],[77.543655,12.875536],[77.54339,12.875315],[77.54296,12.875054],[77.54235,12.874797],[77.54129,12.874312],[77.5407,12.873954],[77.54036,12.873674],[77.54011,12.873435],[77.539825,12.873148],[77.53659,12.869117],[77.535,12.867055],[77.53424,12.866038],[77.53302,12.864492],[77.532486,12.863969],[77.532074,12.863624],[77.53081,12.862773],[77.530495,12.862542],[77.52998,12.861712]]}},{"type":"Feature","id":"s609","properties":{"source_id":"s609","route_id":"PURPLE","route_name":"Whitefield (Kadugodi) - Challaghatta","route_color":"8C2877","source_name":"bmrcl_gtfs_unofficial"},"geometry":{"type":"LineString","coordinates":[[77.46127,12.897373],[77.46171,12.897717],[77.46471,12.899617],[77.46552,12.900177],[77.46631,12.900649],[77.46885,12.902021],[77.46911,12.902212],[77.46956,12.902693],[77.470764,12.904659],[77.470955,12.904882],[77.471214,12.905096],[77.47197,12.905639],[77.47323,12.906619],[77.47344,12.906751],[77.47368,12.906876],[77.47394,12.906988],[77.47534,12.907291],[77.47581,12.907502],[77.47596,12.907602],[77.47658,12.907928],[77.47732,12.908407],[77.47759,12.908519],[77.47788,12.908611],[77.47879,12.908788],[77.47898,12.908851],[77.48009,12.909272],[77.48021,12.909323],[77.4804,12.909448],[77.48064,12.909605],[77.48089,12.909798],[77.481155,12.909966],[77.481445,12.910108],[77.481735,12.91022],[77.48219,12.910334],[77.482506,12.910372],[77.482666,12.910381],[77.48334,12.91036],[77.48355,12.910341],[77.483765,12.910359],[77.48387,12.910382],[77.48407,12.910453],[77.48432,12.910609],[77.4844,12.910673],[77.48459,12.910901],[77.48468,12.911074],[77.48503,12.912245],[77.48521,12.912612],[77.48534,12.912798],[77.48551,12.912962],[77.48591,12.913266],[77.48727,12.914258],[77.48828,12.915052],[77.48879,12.915425],[77.48968,12.916243],[77.490105,12.916583],[77.49042,12.916946],[77.490746,12.917677],[77.49122,12.918613],[77.49148,12.91902],[77.49202,12.919592],[77.492546,12.919996],[77.49281,12.920248],[77.49336,12.920944],[77.49366,12.921392],[77.49389,12.921592],[77.494415,12.92193],[77.49606,12.922775],[77.49682,12.923085],[77.49727,12.923291],[77.49756,12.923495],[77.499176,12.925092],[77.50026,12.926077],[77.5025,12.927765],[77.50298,12.928207],[77.5034,12.928678],[77.50389,12.929096],[77.504005,12.92916],[77.50505,12.929504],[77.50528,12.929616],[77.505516,12.929764],[77.50575,12.930001],[77.50597,12.930321],[77.50639,12.931125],[77.50654,12.931273],[77.50681,12.931485],[77.50842,12.932606],[77.510506,12.934499],[77.510735,12.934739],[77.51104,12.934965],[77.51154,12.935175],[77.51222,12.935383],[77.51383,12.935983],[77.51424,12.936058],[77.5151,12.936101],[77.51552,12.936137],[77.51654,12.936279],[77.51701,12.936325],[77.51785,12.936335],[77.518364,12.936313],[77.51869,12.936339],[77.51902,12.936424],[77.51966,12.936674],[77.52056,12.936994],[77.52088,12.937242],[77.52114,12.937577],[77.52143,12.937917],[77.521736,12.938187],[77.52295,12.938983],[77.52346,12.939455],[77.52406,12.940113],[77.524666,12.940956],[77.524826,12.941206],[77.5251,12.941683],[77.5257,12.942611],[77.52631,12.943438],[77.52666,12.944048],[77.52729,12.944809],[77.527725,12.945214],[77.52831,12.945714],[77.52873,12.946013],[77.52924,12.94633],[77.53088,12.94706],[77.53265,12.947608],[77.53427,12.948045],[77.534615,12.948155],[77.534805,12.948237],[77.53601,12.94897],[77.53633,12.949221],[77.53693,12.949802],[77.5371,12.95002],[77.537254,12.950306],[77.53734,12.950638],[77.53734,12.951037],[77.53731,12.951175],[77.536995,12.952033],[77.53666,12.953135],[77.536606,12.953236],[77.53638,12.953519],[77.534935,12.954985],[77.534805,12.955176],[77.53471,12.955391],[77.53462,12.955708],[77.53438,12.956712],[77.5343,12.957002],[77.53409,12.957568],[77.53373,12.958318],[77.533356,12.959189],[77.53308,12.959939],[77.53304,12.960154],[77.53305,12.960364],[77.53309,12.960592],[77.53315,12.960823],[77.533554,12.961875],[77.53533,12.965862],[77.53591,12.96702],[77.53618,12.967598],[77.536674,12.968877],[77.537384,12.970954],[77.53778,12.972018],[77.53787,12.972204],[77.53799,12.972391],[77.53817,12.972621],[77.538345,12.97279],[77.538574,12.972969],[77.53888,12.973139],[77.53939,12.973282],[77.54182,12.973788],[77.54338,12.974102],[77.544556,12.97422],[77.546814,12.97422],[77.5471,12.974251],[77.547554,12.974361],[77.54807,12.974507],[77.54826,12.974539],[77.548386,12.974545],[77.54855,12.974532],[77.54891,12.974459],[77.5493,12.974245],[77.54979,12.97393],[77.54991,12.973875],[77.55022,12.973801],[77.550385,12.973798],[77.550545,12.973817],[77.55072,12.973864],[77.55092,12.973976],[77.552185,12.974957],[77.55238,12.975103],[77.55274,12.975333],[77.552956,12.975434],[77.55315,12.975504],[77.55353,12.975573],[77.55382,12.975602],[77.55687,12.975698],[77.55893,12.975825],[77.56006,12.975809],[77.56063,12.975765],[77.56173,12.975712],[77.562325,12.975647],[77.562675,12.975638],[77.56341,12.975685],[77.56538,12.975903],[77.56672,12.976013],[77.56912,12.976024],[77.57129,12.975891],[77.57413,12.975665],[77.57572,12.975287],[77.57613,12.975175],[77.578125,12.974359],[77.58041,12.973347],[77.580894,12.973104],[77.581154,12.973025],[77.58136,12.973023],[77.581535,12.973056],[77.58196,12.973249],[77.584206,12.97454],[77.58496,12.974987],[77.58516,12.975083],[77.58787,12.97623],[77.5906,12.977665],[77.59183,12.978996],[77.593216,12.980612],[77.593735,12.981018],[77.594086,12.981267],[77.594536,12.981525],[77.594864,12.981624],[77.59518,12.981632],[77.59572,12.981555],[77.595985,12.981488],[77.59633,12.981389],[77.59757,12.980979],[77.59864,12.980614],[77.599945,12.980109],[77.6001,12.980013],[77.60026,12.979878],[77.600365,12.979767],[77.60072,12.979298],[77.60084,12.979119],[77.60098,12.978837],[77.60143,12.977589],[77.601585,12.97724],[77.60177,12.976972],[77.60193,12.976833],[77.60217,12.976691],[77.60237,12.976604],[77.605034,12.975979],[77.607994,12.975255],[77.60825,12.975186],[77.60887,12.974974],[77.61192,12.974245],[77.612755,12.974017],[77.618416,12.972719],[77.61868,12.972671],[77.619125,12.972641],[77.620255,12.972707],[77.62084,12.972763],[77.621315,12.972878],[77.6217,12.973004],[77.62203,12.973135],[77.62248,12.973343],[77.62492,12.974819],[77.62585,12.975452],[77.626015,12.975633],[77.62637,12.976108],[77.62666,12.976517],[77.62722,12.97735],[77.62746,12.977575],[77.62773,12.977789],[77.62835,12.978159],[77.62879,12.978404],[77.628975,12.978471],[77.62917,12.978499],[77.63265,12.978178],[77.63294,12.978172],[77.63866,12.978353],[77.639694,12.978374],[77.63997,12.978406],[77.64017,12.978473],[77.64035,12.978593],[77.64047,12.978701],[77.6406,12.978854],[77.640724,12.979113],[77.64076,12.979497],[77.64057,12.982925],[77.64056,12.9835],[77.64063,12.983859],[77.64073,12.984081],[77.64104,12.984385],[77.64127,12.984511],[77.64624,12.986498],[77.647316,12.986909],[77.647575,12.987047],[77.64783,12.987211],[77.648056,12.987499],[77.64818,12.987692],[77.64822,12.987753],[77.648315,12.988012],[77.648575,12.988874],[77.648705,12.989204],[77.64893,12.989534],[77.64921,12.989767],[77.649376,12.989863],[77.64966,12.989963],[77.65411,12.991191],[77.654564,12.991352],[77.654854,12.991538],[77.65551,12.992163],[77.65583,12.992439],[77.656586,12.992933],[77.65909,12.994344],[77.66033,12.99499],[77.661125,12.995383],[77.661316,12.99546],[77.661644,12.995551],[77.662056,12.995611],[77.66238,12.995623],[77.66274,12.995591],[77.663445,12.995429],[77.66396,12.995336],[77.66424,12.99531],[77.664635,12.99531],[77.665016,12.995336],[77.665474,12.995419],[77.66634,12.995672],[77.66741,12.996069],[77.668175,12.996397],[77.66892,12.996751],[77.66948,12.996916],[77.66973,12.996966],[77.67016,12.996971],[77.67026,12.996983],[77.670395,12.997024],[77.674934,12.999226],[77.675446,12.99947],[77.6762,12.9998],[77.67651,12.999866],[77.67683,12.999901],[77.67845,12.999949],[77.67989,13.000019],[77.68064,13.000113],[77.680855,13.000157],[77.681366,13.000299],[77.6816,13.00039],[77.68187,13.000431],[77.6826,13.000404],[77.68382,13.000403],[77.684555,13.000379],[77.68621,13.000259],[77.68657,13.000179],[77.686745,13.000118],[77.68727,12.999791],[77.68769,12.99948],[77.68792,12.999269],[77.688194,12.998964],[77.68866,12.998476],[77.688896,12.998254],[77.6904,12.997497],[77.6915,12.996994],[77.69373,12.99621],[77.69525,12.995542],[77.695564,12.995455],[77.697,12.995272],[77.69793,12.995125],[77.69809,12.99508],[77.69919,12.994669],[77.70002,12.994401],[77.70161,12.994032],[77.70212,12.993869],[77.70364,12.993475],[77.7048,12.993147],[77.70522,12.993062],[77.70561,12.993026],[77.70753,12.992944],[77.70942,12.992867],[77.71058,12.992854],[77.71081,12.992834],[77.7116,12.99265],[77.71281,12.992277],[77.71341,12.992009],[77.71359,12.991891],[77.713715,12.991775],[77.713936,12.991385],[77.713974,12.990839],[77.71395,12.990584],[77.71388,12.990448],[77.71377,12.990286],[77.71364,12.990175],[77.71338,12.990002],[77.713066,12.989807],[77.711754,12.989022],[77.71044,12.988259],[77.709724,12.98787],[77.70957,12.987747],[77.7093,12.987478],[77.70902,12.987096],[77.70871,12.986512],[77.70844,12.985809],[77.708305,12.98522],[77.70826,12.984305],[77.708305,12.983049],[77.70835,12.982639],[77.708466,12.982074],[77.70889,12.980531],[77.709274,12.979208],[77.70938,12.97894],[77.70948,12.97876],[77.70964,12.978563],[77.70993,12.978393],[77.7103,12.978272],[77.71045,12.978252],[77.71075,12.978249],[77.7112,12.97817],[77.712036,12.978058],[77.714516,12.977764],[77.71635,12.977483],[77.71752,12.97737],[77.71985,12.977191],[77.72268,12.976888],[77.723175,12.976798],[77.723595,12.976738],[77.72611,12.976505],[77.72635,12.976515],[77.726555,12.976567],[77.72669,12.97662],[77.72683,12.976698],[77.72695,12.976802],[77.72709,12.976953],[77.7272,12.977138],[77.72724,12.977233],[77.727295,12.977486],[77.727325,12.978588],[77.72729,12.979342],[77.72729,12.979692],[77.72732,12.980031],[77.7275,12.981023],[77.72762,12.981543],[77.72766,12.981715],[77.72778,12.982213],[77.72785,12.982454],[77.72806,12.982947],[77.72827,12.983341],[77.72845,12.983593],[77.72867,12.983889],[77.72901,12.984309],[77.729485,12.984874],[77.72996,12.985392],[77.73021,12.985611],[77.73041,12.985758],[77.731766,12.98657],[77.73204,12.986838],[77.73255,12.987521],[77.732765,12.987699],[77.73286,12.987756],[77.73296,12.987816],[77.73322,12.987909],[77.73346,12.987936],[77.733635,12.987927],[77.7353,12.987684],[77.735855,12.987635],[77.739204,12.987636],[77.73996,12.987627],[77.74015,12.987608],[77.743935,12.986654],[77.74552,12.986233],[77.74585,12.986121],[77.74815,12.985248],[77.750984,12.984266],[77.75126,12.984222],[77.751396,12.984215],[77.751686,12.984247],[77.751854,12.984293],[77.75215,12.984403],[77.75232,12.984504],[77.75261,12.984721],[77.75275,12.984872],[77.752884,12.985059],[77.75308,12.985387],[77.753624,12.986745],[77.75455,12.988907],[77.754814,12.989526],[77.75507,12.990051],[77.755226,12.990288],[77.75675,12.992297],[77.75696,12.992621],[77.75712,12.993006],[77.75778,12.995197],[77.75792,12.99575]]}}]}
