{
  "type": "FeatureCollection",
  "generator": "overpass-turbo",
  "copyright": "The data included in this document is from www.openstreetmap.org. The data is made available under ODbL.",
  "timestamp": "2026-09-19T15:51:21Z",
  "features": [
    {
      "type": "Feature",
      "properties": {
        "@id": "way/40486935",
        "barrier": "wall",
        "government": "yes",
        "name": "Center for Cellular and molecular biology",
        "office": "research",
        "@geometry": "center",
        "lat": 17.4204923,
        "lon": 78.5417061,
        "workforce_capacity": null
      },
      "geometry": {
        "type": "Point",
        "coordinates": [
          78.5417061,
          17.4204923
        ]
      },
      "id": "way/40486935"
    },
    {
      "type": "Feature",
      "properties": {
        "@id": "way/68883415",
        "addr:city": "HITEC City",
        "addr:postcode": "500 081",
        "building": "yes",
        "building:levels": "9",
        "name": "TCS Deccan Park",
        "name:te": "టి.సి.ఎస్ డెక్కన్ పార్క్",
        "office": "company",
        "wikidata": "Q5248859",
        "wikipedia": "en:Deccan Park (building)",
        "@geometry": "center",
        "lat": 17.4443567,
        "lon": 78.377999,
        "workforce_capacity": null
      },
      "geometry": {
        "type": "Point",
        "coordinates": [
          78.377999,
          17.4443567
        ]
      },
      "id": "way/68883415"
    },
    {
      "type": "Feature",
      "properties": {
        "@id": "way/68883426",
        "building": "commercial",
        "building:levels": "4",
        "name": "SoftSol",
        "office": "company",
        "@geometry": "center",
        "lat": 17.4395806,
        "lon": 78.3780511,
        "workforce_capacity": null
      },
      "geometry": {
        "type": "Point",
        "coordinates": [
          78.3780511,
          17.4395806
        ]
      },
      "id": "way/68883426"
    },
    {
      "type": "Feature",
      "properties": {
        "@id": "way/68883439",
        "building": "commercial",
        "name": "JVP",
        "office": "company",
        "@geometry": "center",
        "lat": 17.4395151,
        "lon": 78.3786505,
        "workforce_capacity": null
      },
      "geometry": {
        "type": "Point",
        "coordinates": [
          78.3786505,
          17.4395151
        ]
      },
      "id": "way/68883439"
    },
    {
      "type": "Feature",
      "properties": {
        "@id": "way/68907571",
        "building": "commercial",
        "name": "Cyient",
        "office": "company",
        "@geometry": "center",
        "lat": 17.4375485,
        "lon": 78.3807579,
        "workforce_capacity": null
      },
      "geometry": {
        "type": "Point",
        "coordinates": [
          78.3807579,
          17.4375485
        ]
      },
      "id": "way/68907571"
    },
    {
      "type": "Feature",
      "properties": {
        "@id": "way/75500448",
        "alt_name": "Government of Telangana",
        "building": "yes",
        "name": "A Block",
        "name:te": "తెలంగాణా సెక్రటేరియట్ ఏ బ్లాక్",
        "office": "government",
        "@geometry": "center",
        "lat": 17.4091935,
        "lon": 78.4677272,
        "workforce_capacity": null
      },
      "geometry": {
        "type": "Point",
        "coordinates": [
          78.4677272,
          17.4091935
        ]
      },
      "id": "way/75500448"
    },
    {
      "type": "Feature",
      "properties": {
        "@id": "way/79584067",
        "building": "yes",
        "government": "government",
        "name": "TS Transco",
        "office": "government",
        "@geometry": "center",
        "lat": 17.4145666,
        "lon": 78.4579435,
        "workforce_capacity": null
      },
      "geometry": {
        "type": "Point",
        "coordinates": [
          78.4579435,
          17.4145666
        ]
      },
      "id": "way/79584067"
    },
    {
      "type": "Feature",
      "properties": {
        "@id": "way/79584076",
        "name": "Eenadu Office",
        "office": "company",
        "@geometry": "center",
        "lat": 17.4159214,
        "lon": 78.4572094,
        "workforce_capacity": null
      },
      "geometry": {
        "type": "Point",
        "coordinates": [
          78.4572094,
          17.4159214
        ]
      },
      "id": "way/79584076"
    },
    {
      "type": "Feature",
      "properties": {
        "@id": "way/89582818",
        "building": "yes",
        "name": "Aayakar Bhavan",
        "office": "government",
        "@geometry": "center",
        "lat": 17.4015888,
        "lon": 78.4730579,
        "workforce_capacity": null
      },
      "geometry": {
        "type": "Point",
        "coordinates": [
          78.4730579,
          17.4015888
        ]
      },
      "id": "way/89582818"
    },
    {
      "type": "Feature",
      "properties": {
        "@id": "way/89583015",
        "building": "yes",
        "name": "Police Control Room",
        "office": "government",
        "@geometry": "center",
        "lat": 17.400569,
        "lon": 78.4711966,
        "workforce_capacity": null
      },
      "geometry": {
        "type": "Point",
        "coordinates": [
          78.4711966,
          17.400569
        ]
      },
      "id": "way/89583015"
    },
    {
      "type": "Feature",
      "properties": {
        "@id": "way/89583435",
        "alt_name": "Baldia",
        "building": "yes",
        "name": "Greater Hyderabad Municipal Corporation",
        "name:fa": "شهرداری حیدرآباد",
        "office": "government",
        "@geometry": "center",
        "lat": 17.4077591,
        "lon": 78.4755438,
        "workforce_capacity": null
      },
      "geometry": {
        "type": "Point",
        "coordinates": [
          78.4755438,
          17.4077591
        ]
      },
      "id": "way/89583435"
    },
    {
      "type": "Feature",
      "properties": {
        "@id": "way/89583444",
        "building": "yes",
        "name": "Burugula Ramakrishna Bhavan",
        "office": "government",
        "@geometry": "center",
        "lat": 17.4077147,
        "lon": 78.4739457,
        "workforce_capacity": null
      },
      "geometry": {
        "type": "Point",
        "coordinates": [
          78.4739457,
          17.4077147
        ]
      },
      "id": "way/89583444"
    },
    {
      "type": "Feature",
      "properties": {
        "@id": "way/89914117",
        "building": "office",
        "name": "Motorola",
        "name:te": "మోటోరోలా",
        "office": "company",
        "@geometry": "center",
        "lat": 17.4478976,
        "lon": 78.3772472,
        "workforce_capacity": null
      },
      "geometry": {
        "type": "Point",
        "coordinates": [
          78.3772472,
          17.4478976
        ]
      },
      "id": "way/89914117"
    },
    {
      "type": "Feature",
      "properties": {
        "@id": "way/89914126",
        "building": "yes",
        "name": "Value Labs",
        "office": "company",
        "@geometry": "center",
        "lat": 17.4494029,
        "lon": 78.3724744,
        "workforce_capacity": null
      },
      "geometry": {
        "type": "Point",
        "coordinates": [
          78.3724744,
          17.4494029
        ]
      },
      "id": "way/89914126"
    },
    {
      "type": "Feature",
      "properties": {
        "@id": "way/89918043",
        "building": "yes",
        "name": "Deloitte",
        "office": "company",
        "@geometry": "center",
        "lat": 17.4483133,
        "lon": 78.3752714,
        "workforce_capacity": null
      },
      "geometry": {
        "type": "Point",
        "coordinates": [
          78.3752714,
          17.4483133
        ]
      },
      "id": "way/89918043"
    },
    {
      "type": "Feature",
      "properties": {
        "@id": "way/89918045",
        "building": "yes",
        "name": "Deloitte",
        "office": "company",
        "@geometry": "center",
        "lat": 17.4482047,
        "lon": 78.3758768,
        "workforce_capacity": null
      },
      "geometry": {
        "type": "Point",
        "coordinates": [
          78.3758768,
          17.4482047
        ]
      },
      "id": "way/89918045"
    },
    {
      "type": "Feature",
      "properties": {
        "@id": "way/90465066",
        "building": "yes",
        "name": "Oracle Campus Phase 1",
        "office": "it",
        "@geometry": "center",
        "lat": 17.4499285,
        "lon": 78.373699,
        "workforce_capacity": null
      },
      "geometry": {
        "type": "Point",
        "coordinates": [
          78.373699,
          17.4499285
        ]
      },
      "id": "way/90465066"
    },
    {
      "type": "Feature",
      "properties": {
        "@id": "way/90465078",
        "building": "yes",
        "name": "Oracle Campus Phase 2",
        "office": "company",
        "@geometry": "center",
        "lat": 17.449491,
        "lon": 78.3742258,
        "workforce_capacity": null
      },
      "geometry": {
        "type": "Point",
        "coordinates": [
          78.3742258,
          17.449491
        ]
      },
      "id": "way/90465078"
    },
    {
      "type": "Feature",
      "properties": {
        "@id": "way/110018692",
        "building": "yes",
        "name": "Oracle Campus Phase 3",
        "office": "company",
        "@geometry": "center",
        "lat": 17.4504231,
        "lon": 78.3732589,
        "workforce_capacity": null
      },
      "geometry": {
        "type": "Point",
        "coordinates": [
          78.3732589,
          17.4504231
        ]
      },
      "id": "way/110018692"
    },
    {
      "type": "Feature",
      "properties": {
        "@id": "way/116019172",
        "addr:city": "Hyderabad",
        "addr:postcode": "500004",
        "addr:street": "Saifabad, Khairtabad",
        "building": "yes",
        "name": "CGHS Polyclinic-A.G.office",
        "office": "government",
        "@geometry": "center",
        "lat": 17.4066401,
        "lon": 78.4668568,
        "workforce_capacity": null
      },
      "geometry": {
        "type": "Point",
        "coordinates": [
          78.4668568,
          17.4066401
        ]
      },
      "id": "way/116019172"
    },
    {
      "type": "Feature",
      "properties": {
        "@id": "way/116019191",
        "addr:city": "Hyderabad",
        "addr:postcode": "500004",
        "addr:street": "Saifabad, Khairtabad",
        "building": "yes",
        "name": "Accountants General Office",
        "office": "government",
        "@geometry": "center",
        "lat": 17.4059231,
        "lon": 78.4661892,
        "workforce_capacity": null
      },
      "geometry": {
        "type": "Point",
        "coordinates": [
          78.4661892,
          17.4059231
        ]
      },
      "id": "way/116019191"
    },
    {
      "type": "Feature",
      "properties": {
        "@id": "way/116079893",
        "building": "yes",
        "name": "Nexiilabs",
        "name:en": "Nexiilabs",
        "office": "company",
        "@geometry": "center",
        "lat": 17.4467122,
        "lon": 78.3765534,
        "workforce_capacity": null
      },
      "geometry": {
        "type": "Point",
        "coordinates": [
          78.3765534,
          17.4467122
        ]
      },
      "id": "way/116079893"
    },
    {
      "type": "Feature",
      "properties": {
        "@id": "way/116238674",
        "building": "yes",
        "internet_access": "wlan",
        "name": "Maulana Azaad Urdu University",
        "office": "educational_institution",
        "website": "http://www.manuu.ac.in/",
        "@geometry": "center",
        "lat": 17.4269096,
        "lon": 78.3614003,
        "workforce_capacity": null
      },
      "geometry": {
        "type": "Point",
        "coordinates": [
          78.3614003,
          17.4269096
        ]
      },
      "id": "way/116238674"
    },
    {
      "type": "Feature",
      "properties": {
        "@id": "way/129529484",
        "government": "water_board",
        "landuse": "governmental",
        "name": "Hyderabad Water Board",
        "office": "government",
        "@geometry": "center",
        "lat": 17.4997815,
        "lon": 78.3785405,
        "workforce_capacity": null
      },
      "geometry": {
        "type": "Point",
        "coordinates": [
          78.3785405,
          17.4997815
        ]
      },
      "id": "way/129529484"
    },
    {
      "type": "Feature",
      "properties": {
        "@id": "way/147986651",
        "addr:housenumber": "Plot No.5C",
        "building": "yes",
        "name": "GVK Biosciences Private Limited",
        "office": "company",
        "website": "https://www.gvkbio.com/",
        "@geometry": "center",
        "lat": 17.3935811,
        "lon": 78.5476151,
        "workforce_capacity": null
      },
      "geometry": {
        "type": "Point",
        "coordinates": [
          78.5476151,
          17.3935811
        ]
      },
      "id": "way/147986651"
    },
    {
      "type": "Feature",
      "properties": {
        "@id": "way/183531579",
        "access": "permissive",
        "addr:city": "Hyderabad",
        "addr:state": "Telangana",
        "alt_name": "NGRI-CSIR",
        "amenity": "research_institute",
        "barrier": "wall",
        "contact:fax": "+91 40 27171564",
        "contact:phone": "+91 40 2701 2000",
        "government": "yes",
        "name": "National Geographical Research Institute",
        "office": "government",
        "postal_code": "500 007",
        "website": "https://www.ngri.org.in/",
        "@geometry": "center",
        "lat": 17.4130917,
        "lon": 78.5516224,
        "workforce_capacity": null
      },
      "geometry": {
        "type": "Point",
        "coordinates": [
          78.5516224,
          17.4130917
        ]
      },
      "id": "way/183531579"
    },
    {
      "type": "Feature",
      "properties": {
        "@id": "way/183537540",
        "barrier": "wall",
        "government": "yes",
        "name": "IICT Quarters",
        "office": "research",
        "@geometry": "center",
        "lat": 17.4190145,
        "lon": 78.5466525,
        "workforce_capacity": null
      },
      "geometry": {
        "type": "Point",
        "coordinates": [
          78.5466525,
          17.4190145
        ]
      },
      "id": "way/183537540"
    },
    {
      "type": "Feature",
      "properties": {
        "@id": "way/186440854",
        "barrier": "wall",
        "landuse": "commercial",
        "name": "Wipro Campus",
        "office": "it",
        "@geometry": "center",
        "lat": 17.4261764,
        "lon": 78.3432427,
        "workforce_capacity": null
      },
      "geometry": {
        "type": "Point",
        "coordinates": [
          78.3432427,
          17.4261764
        ]
      },
      "id": "way/186440854"
    },
    {
      "type": "Feature",
      "properties": {
        "@id": "way/254987361",
        "building": "yes",
        "check_date": "2025-10-11",
        "name": "TG Civil Supplies Bhavan",
        "office": "government",
        "@geometry": "center",
        "lat": 17.4204569,
        "lon": 78.4566708,
        "workforce_capacity": null
      },
      "geometry": {
        "type": "Point",
        "coordinates": [
          78.4566708,
          17.4204569
        ]
      },
      "id": "way/254987361"
    },
    {
      "type": "Feature",
      "properties": {
        "@id": "way/254987487",
        "name": "Concord apartments",
        "office": "yes",
        "@geometry": "center",
        "lat": 17.4200842,
        "lon": 78.4567197,
        "workforce_capacity": null
      },
      "geometry": {
        "type": "Point",
        "coordinates": [
          78.4567197,
          17.4200842
        ]
      },
      "id": "way/254987487"
    },
    {
      "type": "Feature",
      "properties": {
        "@id": "way/254987981",
        "addr:city": "Hyderabad",
        "addr:housename": "Erramanjil",
        "addr:postcode": "500082",
        "name": "NH, D&P wing, Roads and Buildings Department",
        "office": "government",
        "@geometry": "center",
        "lat": 17.4189566,
        "lon": 78.4565114,
        "workforce_capacity": null
      },
      "geometry": {
        "type": "Point",
        "coordinates": [
          78.4565114,
          17.4189566
        ]
      },
      "id": "way/254987981"
    },
    {
      "type": "Feature",
      "properties": {
        "@id": "way/265365148",
        "addr:city": "Hyderabad",
        "addr:postcode": "500049",
        "addr:street": "Miyapur",
        "landuse": "industrial",
        "name": "Bus Body Building Unit",
        "office": "government",
        "@geometry": "center",
        "lat": 17.5109264,
        "lon": 78.3607739,
        "workforce_capacity": null
      },
      "geometry": {
        "type": "Point",
        "coordinates": [
          78.3607739,
          17.5109264
        ]
      },
      "id": "way/265365148"
    },
    {
      "type": "Feature",
      "properties": {
        "@id": "way/265627863",
        "name": "STS sylon techno solutions",
        "office": "company",
        "@geometry": "center",
        "lat": 17.4099571,
        "lon": 78.4889688,
        "workforce_capacity": null
      },
      "geometry": {
        "type": "Point",
        "coordinates": [
          78.4889688,
          17.4099571
        ]
      },
      "id": "way/265627863"
    },
    {
      "type": "Feature",
      "properties": {
        "@id": "way/265629199",
        "name": "wilshire software technologies",
        "office": "company",
        "@geometry": "center",
        "lat": 17.4106612,
        "lon": 78.4885353,
        "workforce_capacity": null
      },
      "geometry": {
        "type": "Point",
        "coordinates": [
          78.4885353,
          17.4106612
        ]
      },
      "id": "way/265629199"
    },
    {
      "type": "Feature",
      "properties": {
        "@id": "way/265633158",
        "name": "RASVEK softech pvt",
        "office": "company",
        "@geometry": "center",
        "lat": 17.4133658,
        "lon": 78.4911762,
        "workforce_capacity": null
      },
      "geometry": {
        "type": "Point",
        "coordinates": [
          78.4911762,
          17.4133658
        ]
      },
      "id": "way/265633158"
    },
    {
      "type": "Feature",
      "properties": {
        "@id": "way/281519622",
        "name": "APPSE",
        "office": "government",
        "@geometry": "center",
        "lat": 17.3873053,
        "lon": 78.4717435,
        "workforce_capacity": null
      },
      "geometry": {
        "type": "Point",
        "coordinates": [
          78.4717435,
          17.3873053
        ]
      },
      "id": "way/281519622"
    },
    {
      "type": "Feature",
      "properties": {
        "@id": "way/281519623",
        "name": "PENSION OFFICE CTO",
        "office": "government",
        "@geometry": "center",
        "lat": 17.3860086,
        "lon": 78.4723971,
        "workforce_capacity": null
      },
      "geometry": {
        "type": "Point",
        "coordinates": [
          78.4723971,
          17.3860086
        ]
      },
      "id": "way/281519623"
    },
    {
      "type": "Feature",
      "properties": {
        "@id": "way/285774095",
        "alt_name": "Government of Telangana",
        "building": "yes",
        "name": "B Block",
        "office": "government",
        "@geometry": "center",
        "lat": 17.4095656,
        "lon": 78.4678826,
        "workforce_capacity": null
      },
      "geometry": {
        "type": "Point",
        "coordinates": [
          78.4678826,
          17.4095656
        ]
      },
      "id": "way/285774095"
    },
    {
      "type": "Feature",
      "properties": {
        "@id": "way/285774096",
        "alt_name": "Government of Telangana",
        "building": "yes",
        "name": "C Block",
        "name:te": "తెలంగాణా సెక్రటేరియట్ సి బ్లాక్",
        "office": "government",
        "@geometry": "center",
        "lat": 17.4099411,
        "lon": 78.4679837,
        "workforce_capacity": null
      },
      "geometry": {
        "type": "Point",
        "coordinates": [
          78.4679837,
          17.4099411
        ]
      },
      "id": "way/285774096"
    },
    {
      "type": "Feature",
      "properties": {
        "@id": "way/305378550",
        "building": "yes",
        "name": "Office of Police Commisioner",
        "office": "government",
        "@geometry": "center",
        "lat": 17.4013067,
        "lon": 78.4764075,
        "workforce_capacity": null
      },
      "geometry": {
        "type": "Point",
        "coordinates": [
          78.4764075,
          17.4013067
        ]
      },
      "id": "way/305378550"
    },
    {
      "type": "Feature",
      "properties": {
        "@id": "way/318598241",
        "name": "BSNL Bhavan",
        "name:te": "బియెస్ఎన్ఎల్ భవన్",
        "office": "government",
        "@geometry": "center",
        "lat": 17.406942,
        "lon": 78.4740352,
        "workforce_capacity": null
      },
      "geometry": {
        "type": "Point",
        "coordinates": [
          78.4740352,
          17.406942
        ]
      },
      "id": "way/318598241"
    },
    {
      "type": "Feature",
      "properties": {
        "@id": "way/339702111",
        "building": "yes",
        "name": "Narayana Junior College",
        "office": "educational_institution",
        "@geometry": "center",
        "lat": 17.4299081,
        "lon": 78.449208,
        "workforce_capacity": null
      },
      "geometry": {
        "type": "Point",
        "coordinates": [
          78.449208,
          17.4299081
        ]
      },
      "id": "way/339702111"
    },
    {
      "type": "Feature",
      "properties": {
        "@id": "way/341367404",
        "building": "yes",
        "name": "karan computers institution",
        "office": "educational_institution",
        "@geometry": "center",
        "lat": 17.4409553,
        "lon": 78.4956272,
        "workforce_capacity": null
      },
      "geometry": {
        "type": "Point",
        "coordinates": [
          78.4956272,
          17.4409553
        ]
      },
      "id": "way/341367404"
    },
    {
      "type": "Feature",
      "properties": {
        "@id": "way/342033187",
        "building": "yes",
        "name": "Mantri Cosmos",
        "office": "company",
        "@geometry": "center",
        "lat": 17.4235112,
        "lon": 78.3398963,
        "workforce_capacity": null
      },
      "geometry": {
        "type": "Point",
        "coordinates": [
          78.3398963,
          17.4235112
        ]
      },
      "id": "way/342033187"
    },
    {
      "type": "Feature",
      "properties": {
        "@id": "way/342064398",
        "landuse": "commercial",
        "name": "Western Pearl",
        "office": "yes",
        "@geometry": "center",
        "lat": 17.4581323,
        "lon": 78.3731463,
        "workforce_capacity": null
      },
      "geometry": {
        "type": "Point",
        "coordinates": [
          78.3731463,
          17.4581323
        ]
      },
      "id": "way/342064398"
    },
    {
      "type": "Feature",
      "properties": {
        "@id": "way/343345259",
        "addr:postcode": "500039",
        "addr:street": "uppal rd",
        "government": "audit",
        "landuse": "civic",
        "name": "Survey of India",
        "office": "government",
        "@geometry": "center",
        "lat": 17.4048032,
        "lon": 78.5543122,
        "workforce_capacity": null
      },
      "geometry": {
        "type": "Point",
        "coordinates": [
          78.5543122,
          17.4048032
        ]
      },
      "id": "way/343345259"
    },
    {
      "type": "Feature",
      "properties": {
        "@id": "way/356022241",
        "addr:city": "Hyderabad",
        "addr:housenumber": "12/B",
        "addr:postcode": "500003",
        "addr:street": "Sardar Patel Road",
        "building": "yes",
        "building:levels": "4",
        "name": "Stonedge Technnologies and Robotics",
        "office": "research",
        "opening_hours": "Tu-Su 10:00-18:30",
        "phone": "+917386926732",
        "website": "https://www.stonedgetech.com/",
        "@geometry": "center",
        "lat": 17.4442543,
        "lon": 78.4816253,
        "workforce_capacity": null
      },
      "geometry": {
        "type": "Point",
        "coordinates": [
          78.4816253,
          17.4442543
        ]
      },
      "id": "way/356022241"
    },
    {
      "type": "Feature",
      "properties": {
        "@id": "way/356157989",
        "building": "yes",
        "name": "M R O Office",
        "office": "administrative",
        "@geometry": "center",
        "lat": 17.4838841,
        "lon": 78.5363732,
        "workforce_capacity": null
      },
      "geometry": {
        "type": "Point",
        "coordinates": [
          78.5363732,
          17.4838841
        ]
      },
      "id": "way/356157989"
    },
    {
      "type": "Feature",
      "properties": {
        "@id": "way/356180663",
        "addr:city": "Hyderabad",
        "addr:housenumber": "Plot 79",
        "addr:postcode": "500037",
        "addr:street": "SVCIE Phase 3, Dr Feroz Road",
        "building": "office",
        "building:levels": "2",
        "name": "Eesavyasa Technologies Pvt Ltd",
        "office": "company",
        "opening_hours": "Mo-Sa 09:00-18:00",
        "phone": "+91 40 23777767",
        "start_date": "2005-04-01",
        "website": "https://www.eesavyasa.com/",
        "@geometry": "center",
        "lat": 17.4655997,
        "lon": 78.4386688,
        "workforce_capacity": null
      },
      "geometry": {
        "type": "Point",
        "coordinates": [
          78.4386688,
          17.4655997
        ]
      },
      "id": "way/356180663"
    },
    {
      "type": "Feature",
      "properties": {
        "@id": "way/356182760",
        "addr:housenumber": "922",
        "building": "yes",
        "name": "Swan Environmental Pvt Ltd",
        "office": "it",
        "@geometry": "center",
        "lat": 17.4495782,
        "lon": 78.3927097,
        "workforce_capacity": null
      },
      "geometry": {
        "type": "Point",
        "coordinates": [
          78.3927097,
          17.4495782
        ]
      },
      "id": "way/356182760"
    },
    {
      "type": "Feature",
      "properties": {
        "@id": "way/356193059",
        "building": "commercial",
        "internet_access": "yes",
        "internet_access:fee": "no",
        "name": "91Springboard",
        "office": "coworking",
        "opening_hours": "24/7",
        "website": "https://www.91springboard.com/",
        "wheelchair": "yes",
        "@geometry": "center",
        "lat": 17.4407143,
        "lon": 78.3983005,
        "workforce_capacity": null
      },
      "geometry": {
        "type": "Point",
        "coordinates": [
          78.3983005,
          17.4407143
        ]
      },
      "id": "way/356193059"
    },
    {
      "type": "Feature",
      "properties": {
        "@id": "way/356200229",
        "building": "commercial",
        "building:levels": "5",
        "name": "Cyient Ltd",
        "office": "company",
        "@geometry": "center",
        "lat": 17.4384225,
        "lon": 78.3802268,
        "workforce_capacity": null
      },
      "geometry": {
        "type": "Point",
        "coordinates": [
          78.3802268,
          17.4384225
        ]
      },
      "id": "way/356200229"
    },
    {
      "type": "Feature",
      "properties": {
        "@id": "way/356223408",
        "building": "yes",
        "government": "administrative",
        "name": "Commissioner of Police, Cyberabad",
        "office": "government",
        "@geometry": "center",
        "lat": 17.4309815,
        "lon": 78.3699511,
        "workforce_capacity": null
      },
      "geometry": {
        "type": "Point",
        "coordinates": [
          78.3699511,
          17.4309815
        ]
      },
      "id": "way/356223408"
    },
    {
      "type": "Feature",
      "properties": {
        "@id": "way/356244516",
        "addr:city": "Hyderabad",
        "addr:housenumber": "Plot No 590A",
        "addr:postcode": "500033",
        "addr:street": "Road no 31, Jubilee Hills",
        "alt_name": "Globallogic",
        "building": "yes",
        "building:levels": "4",
        "name": "GlobalLogic Technologies",
        "office": "it",
        "phone": "040-30419999",
        "website": "https://www.globallogic.com/",
        "wheelchair": "limited",
        "wikipedia": "en:GlobalLogic",
        "@geometry": "center",
        "lat": 17.4373998,
        "lon": 78.405784,
        "workforce_capacity": null
      },
      "geometry": {
        "type": "Point",
        "coordinates": [
          78.405784,
          17.4373998
        ]
      },
      "id": "way/356244516"
    },
    {
      "type": "Feature",
      "properties": {
        "@id": "way/356245690",
        "addr:city": "Hyderabad",
        "addr:district": "RANGA REDDY",
        "addr:housenumber": "12",
        "addr:postcode": "500034",
        "addr:street": "banjarahills",
        "alt_name": "COMMAND AND CONTROL CENTRE",
        "building": "yes",
        "government": "police",
        "name": "TGICCC - Police Headquarters",
        "office": "government",
        "opening_hours": "00:00 TO 23:59",
        "phone": "112",
        "website": "https://www.tspolice.gov.in/main/wings/tgiccc",
        "@geometry": "center",
        "lat": 17.4173251,
        "lon": 78.429824,
        "workforce_capacity": null
      },
      "geometry": {
        "type": "Point",
        "coordinates": [
          78.429824,
          17.4173251
        ]
      },
      "id": "way/356245690"
    },
    {
      "type": "Feature",
      "properties": {
        "@id": "way/356252775",
        "addr:city": "madhapur",
        "addr:housenumber": "Plot No: 27",
        "addr:postcode": "500081",
        "addr:street": "Jubilee Enclave",
        "building": "yes",
        "name": "Dot Labs Web Solutions Pvt Ltd",
        "office": "company",
        "@geometry": "center",
        "lat": 17.4563787,
        "lon": 78.374192,
        "workforce_capacity": null
      },
      "geometry": {
        "type": "Point",
        "coordinates": [
          78.374192,
          17.4563787
        ]
      },
      "id": "way/356252775"
    },
    {
      "type": "Feature",
      "properties": {
        "@id": "way/356416787",
        "building": "yes",
        "name": "Airtel",
        "office": "telecommunication",
        "@geometry": "center",
        "lat": 17.4432372,
        "lon": 78.4749651,
        "workforce_capacity": null
      },
      "geometry": {
        "type": "Point",
        "coordinates": [
          78.4749651,
          17.4432372
        ]
      },
      "id": "way/356416787"
    },
    {
      "type": "Feature",
      "properties": {
        "@id": "way/356551381",
        "building": "yes",
        "name": "G.Pulla Reddy Memorial School",
        "office": "educational_institution",
        "@geometry": "center",
        "lat": 17.3659741,
        "lon": 78.5263044,
        "workforce_capacity": null
      },
      "geometry": {
        "type": "Point",
        "coordinates": [
          78.5263044,
          17.3659741
        ]
      },
      "id": "way/356551381"
    },
    {
      "type": "Feature",
      "properties": {
        "@id": "way/357051699",
        "building": "yes",
        "name": "scot architect pvt",
        "office": "architect",
        "@geometry": "center",
        "lat": 17.3596339,
        "lon": 78.5426124,
        "workforce_capacity": null
      },
      "geometry": {
        "type": "Point",
        "coordinates": [
          78.5426124,
          17.3596339
        ]
      },
      "id": "way/357051699"
    },
    {
      "type": "Feature",
      "properties": {
        "@id": "way/357053560",
        "building": "yes",
        "name": "cambridge public school",
        "office": "educational_institution",
        "@geometry": "center",
        "lat": 17.3934904,
        "lon": 78.4320743,
        "workforce_capacity": null
      },
      "geometry": {
        "type": "Point",
        "coordinates": [
          78.4320743,
          17.3934904
        ]
      },
      "id": "way/357053560"
    },
    {
      "type": "Feature",
      "properties": {
        "@id": "way/357098310",
        "addr:city": "Hyderabad",
        "addr:postcode": "500018",
        "addr:street": "Sanathnagar",
        "building": "yes",
        "name": "Cresent covent high school",
        "office": "educational_institution",
        "@geometry": "center",
        "lat": 17.4499742,
        "lon": 78.4453227,
        "workforce_capacity": null
      },
      "geometry": {
        "type": "Point",
        "coordinates": [
          78.4453227,
          17.4499742
        ]
      },
      "id": "way/357098310"
    },
    {
      "type": "Feature",
      "properties": {
        "@id": "way/357315247",
        "building": "yes",
        "name": "Kendriya Shulk Bhavan",
        "office": "government",
        "@geometry": "center",
        "lat": 17.4014143,
        "lon": 78.4739406,
        "workforce_capacity": null
      },
      "geometry": {
        "type": "Point",
        "coordinates": [
          78.4739406,
          17.4014143
        ]
      },
      "id": "way/357315247"
    },
    {
      "type": "Feature",
      "properties": {
        "@id": "way/357342438",
        "addr:city": "Hyderabad",
        "addr:housenumber": "3rd Floor",
        "addr:postcode": "500016",
        "addr:street": "SAP Street",
        "building": "yes",
        "building:levels": "4",
        "description": "Josh Innovations, a leading software training institute in Hyderabad specializing in Python Training in Hyderabad, Java Full Stack Training in Hyderabad, MERN Stack Training in Hyderabad, and Data Analytics Training in Hyderabad",
        "image": "https://www.google.com/imgres?imgurl=https%3A%2F%2Fwww.joshinnovations.com%2Fimg%2Flogo%2Flogo.png&tbnid=mQ4Lsu6YYGodTM&vet=12ahUKEwiT3PHxn5-AAxWUrGMGHe5BASYQMygBegUIARC3AQ..i&imgrefurl=https%3A%2F%2Fjoshinnovations.com%2F&docid=31vIjbwIQjbo6M&w=250&h=90&",
        "mobile": "8897889783",
        "name": "Josh Innovations",
        "office": "educational_institution",
        "opening_hours": "24/7",
        "website": "https://joshinnovations.in/",
        "@geometry": "center",
        "lat": 17.4373396,
        "lon": 78.4453071,
        "workforce_capacity": null
      },
      "geometry": {
        "type": "Point",
        "coordinates": [
          78.4453071,
          17.4373396
        ]
      },
      "id": "way/357342438"
    },
    {
      "type": "Feature",
      "properties": {
        "@id": "way/357382655",
        "building": "yes",
        "name": "Institution Of Engineers(IEI)",
        "office": "educational_institution",
        "@geometry": "center",
        "lat": 17.4114352,
        "lon": 78.460414,
        "workforce_capacity": null
      },
      "geometry": {
        "type": "Point",
        "coordinates": [
          78.460414,
          17.4114352
        ]
      },
      "id": "way/357382655"
    },
    {
      "type": "Feature",
      "properties": {
        "@id": "way/357404137",
        "building": "yes",
        "check_date": "2025-01-06",
        "name": "Dr Reddy's",
        "office": "yes",
        "@geometry": "center",
        "lat": 17.4363134,
        "lon": 78.4533139,
        "workforce_capacity": null
      },
      "geometry": {
        "type": "Point",
        "coordinates": [
          78.4533139,
          17.4363134
        ]
      },
      "id": "way/357404137"
    },
    {
      "type": "Feature",
      "properties": {
        "@id": "way/357449741",
        "addr:city": "Hyderabad",
        "addr:postcode": "500024",
        "addr:state": "Telangana",
        "amenity": "post_office",
        "building": "yes",
        "name": "صحیفہ پوسٹ آفس",
        "name:en": "Sahifa Sub Post Office",
        "office": "government",
        "opening_hours": "Mo-Sa 09:00-17:00",
        "operator": "India post",
        "phone": "91 40 2346 3862",
        "website": "https://www.indiapost.gov.in/vas/Pages/IndiaPostHome.aspx",
        "@geometry": "center",
        "lat": 17.3770571,
        "lon": 78.4932857,
        "workforce_capacity": null
      },
      "geometry": {
        "type": "Point",
        "coordinates": [
          78.4932857,
          17.3770571
        ]
      },
      "id": "way/357449741"
    },
    {
      "type": "Feature",
      "properties": {
        "@id": "way/357589707",
        "addr:city": "hyderabad",
        "addr:postcode": "500035",
        "addr:street": "New Nagole Main Road",
        "building": "yes",
        "name": "genius gammer high school",
        "office": "educational_institution",
        "@geometry": "center",
        "lat": 17.3722954,
        "lon": 78.5455106,
        "workforce_capacity": null
      },
      "geometry": {
        "type": "Point",
        "coordinates": [
          78.5455106,
          17.3722954
        ]
      },
      "id": "way/357589707"
    },
    {
      "type": "Feature",
      "properties": {
        "@id": "way/357608412",
        "building": "yes",
        "consulting": "study_abroad_consultants;_abroad_education;_overseas_education_consultants",
        "name": "pinnacle overseas consultants",
        "office": "consulting",
        "@geometry": "center",
        "lat": 17.4078513,
        "lon": 78.450141,
        "workforce_capacity": null
      },
      "geometry": {
        "type": "Point",
        "coordinates": [
          78.450141,
          17.4078513
        ]
      },
      "id": "way/357608412"
    },
    {
      "type": "Feature",
      "properties": {
        "@id": "way/357612835",
        "building": "yes",
        "name": "rithika financial services",
        "office": "financial",
        "@geometry": "center",
        "lat": 17.3614286,
        "lon": 78.5445684,
        "workforce_capacity": null
      },
      "geometry": {
        "type": "Point",
        "coordinates": [
          78.5445684,
          17.3614286
        ]
      },
      "id": "way/357612835"
    },
    {
      "type": "Feature",
      "properties": {
        "@id": "way/357969398",
        "building": "yes",
        "name": "muthoot finance",
        "office": "financial",
        "@geometry": "center",
        "lat": 17.3722684,
        "lon": 78.5432748,
        "workforce_capacity": null
      },
      "geometry": {
        "type": "Point",
        "coordinates": [
          78.5432748,
          17.3722684
        ]
      },
      "id": "way/357969398"
    },
    {
      "type": "Feature",
      "properties": {
        "@id": "way/357969579",
        "building": "yes",
        "name": "ZPHS",
        "office": "educational_institution",
        "@geometry": "center",
        "lat": 17.3746068,
        "lon": 78.5412878,
        "workforce_capacity": null
      },
      "geometry": {
        "type": "Point",
        "coordinates": [
          78.5412878,
          17.3746068
        ]
      },
      "id": "way/357969579"
    },
    {
      "type": "Feature",
      "properties": {
        "@id": "way/358030643",
        "addr:city": "Hyderabad",
        "addr:housenumber": "16-4-707, GRK House,New road",
        "addr:postcode": "500024",
        "addr:street": "Chanchalguda road",
        "air_conditioning": "no",
        "building": "yes",
        "building:levels": "4",
        "email": "admin@grktuitions.com",
        "internet_access": "wlan",
        "name": "GRK Tuitions",
        "office": "educational_institution",
        "opening_hours": "Mo-Fr 08:00-17:00",
        "phone": "+918187871466",
        "website": "https://www.grktuitions.com/",
        "wheelchair": "yes",
        "@geometry": "center",
        "lat": 17.3694281,
        "lon": 78.4909712,
        "workforce_capacity": null
      },
      "geometry": {
        "type": "Point",
        "coordinates": [
          78.4909712,
          17.3694281
        ]
      },
      "id": "way/358030643"
    },
    {
      "type": "Feature",
      "properties": {
        "@id": "way/358112140",
        "addr:city": "hyderabad",
        "addr:housenumber": "kothapet",
        "addr:postcode": "500035",
        "addr:street": "sathya nagar",
        "building": "yes",
        "name": "janapriya schools",
        "office": "educational_institution",
        "@geometry": "center",
        "lat": 17.3818675,
        "lon": 78.5443043,
        "workforce_capacity": null
      },
      "geometry": {
        "type": "Point",
        "coordinates": [
          78.5443043,
          17.3818675
        ]
      },
      "id": "way/358112140"
    },
    {
      "type": "Feature",
      "properties": {
        "@id": "way/358163889",
        "addr:city": "hyderabad",
        "addr:postcode": "500035",
        "addr:street": "gouds colony",
        "building": "yes",
        "name": "kinderlay play school",
        "office": "educational_institution",
        "@geometry": "center",
        "lat": 17.3743688,
        "lon": 78.5456487,
        "workforce_capacity": null
      },
      "geometry": {
        "type": "Point",
        "coordinates": [
          78.5456487,
          17.3743688
        ]
      },
      "id": "way/358163889"
    },
    {
      "type": "Feature",
      "properties": {
        "@id": "way/360200240",
        "addr:city": "Hyderabad",
        "addr:street": "Quena Square, Banjara Hills Road No. 1",
        "building": "yes",
        "name": "Digital Nirvana Information Systems Ltd",
        "office": "it",
        "@geometry": "center",
        "lat": 17.4177629,
        "lon": 78.4562139,
        "workforce_capacity": null
      },
      "geometry": {
        "type": "Point",
        "coordinates": [
          78.4562139,
          17.4177629
        ]
      },
      "id": "way/360200240"
    },
    {
      "type": "Feature",
      "properties": {
        "@id": "way/378458222",
        "name": "Lok Ayukta",
        "name:te": "లోకాయుక్త",
        "office": "government",
        "@geometry": "center",
        "lat": 17.4027995,
        "lon": 78.4755314,
        "workforce_capacity": null
      },
      "geometry": {
        "type": "Point",
        "coordinates": [
          78.4755314,
          17.4027995
        ]
      },
      "id": "way/378458222"
    },
    {
      "type": "Feature",
      "properties": {
        "@id": "way/396643439",
        "amenity": "research_institute",
        "name": "State Bank Institute of Rural Development",
        "office": "research",
        "@geometry": "center",
        "lat": 17.4670218,
        "lon": 78.3334607,
        "workforce_capacity": null
      },
      "geometry": {
        "type": "Point",
        "coordinates": [
          78.3334607,
          17.4670218
        ]
      },
      "id": "way/396643439"
    },
    {
      "type": "Feature",
      "properties": {
        "@id": "way/404526963",
        "addr:city": "Hyderabad",
        "addr:postcode": "500036",
        "addr:street": "Balanagar Cross Road",
        "alt_name": "NRSC",
        "description": "National Remote Sensing Centre, an establishment of ISRO is responsible for remote sensing satellite data acquisition and processing, data dissemination, aerial remote sensing and decision support for disaster management.",
        "name": "National Remote Sensing Centre",
        "office": "research",
        "phone": "040 2388 4050",
        "website": "https://www.nrsc.gov.in/",
        "wikipedia": "en:National Remote Sensing Centre",
        "@geometry": "center",
        "lat": 17.4668493,
        "lon": 78.4487414,
        "workforce_capacity": null
      },
      "geometry": {
        "type": "Point",
        "coordinates": [
          78.4487414,
          17.4668493
        ]
      },
      "id": "way/404526963"
    },
    {
      "type": "Feature",
      "properties": {
        "@id": "way/413287761",
        "building": "yes",
        "building:levels": "10",
        "building:levels:underground": "2",
        "name": "S&P Global",
        "office": "company",
        "old_name": "S&P Capital IQ",
        "smoking": "no",
        "@geometry": "center",
        "lat": 17.4570243,
        "lon": 78.3713978,
        "workforce_capacity": null
      },
      "geometry": {
        "type": "Point",
        "coordinates": [
          78.3713978,
          17.4570243
        ]
      },
      "id": "way/413287761"
    },
    {
      "type": "Feature",
      "properties": {
        "@id": "way/413843449",
        "building": "yes",
        "name": "Vivekananda Institute Of Languages",
        "name:te": "వివేకానంద వాణి సంస్థ",
        "office": "educational_institution",
        "@geometry": "center",
        "lat": 17.4106556,
        "lon": 78.4821288,
        "workforce_capacity": null
      },
      "geometry": {
        "type": "Point",
        "coordinates": [
          78.4821288,
          17.4106556
        ]
      },
      "id": "way/413843449"
    },
    {
      "type": "Feature",
      "properties": {
        "@id": "way/515014653",
        "description": "Police training center.",
        "name": "Prohibition and Excise Academy",
        "office": "educational_institution",
        "@geometry": "center",
        "lat": 17.3459658,
        "lon": 78.3770381,
        "workforce_capacity": null
      },
      "geometry": {
        "type": "Point",
        "coordinates": [
          78.3770381,
          17.3459658
        ]
      },
      "id": "way/515014653"
    },
    {
      "type": "Feature",
      "properties": {
        "@id": "way/543748700",
        "building": "yes",
        "name": "Microsoft Building 1",
        "office": "company",
        "@geometry": "center",
        "lat": 17.4325442,
        "lon": 78.3433751,
        "workforce_capacity": null
      },
      "geometry": {
        "type": "Point",
        "coordinates": [
          78.3433751,
          17.4325442
        ]
      },
      "id": "way/543748700"
    },
    {
      "type": "Feature",
      "properties": {
        "@id": "way/543748701",
        "building": "yes",
        "name": "Microsoft Building 2",
        "office": "company",
        "@geometry": "center",
        "lat": 17.4315547,
        "lon": 78.342839,
        "workforce_capacity": null
      },
      "geometry": {
        "type": "Point",
        "coordinates": [
          78.342839,
          17.4315547
        ]
      },
      "id": "way/543748701"
    },
    {
      "type": "Feature",
      "properties": {
        "@id": "way/543748702",
        "building": "yes",
        "name": "Microsoft Building 3",
        "office": "company",
        "@geometry": "center",
        "lat": 17.4295611,
        "lon": 78.3408687,
        "workforce_capacity": null
      },
      "geometry": {
        "type": "Point",
        "coordinates": [
          78.3408687,
          17.4295611
        ]
      },
      "id": "way/543748702"
    },
    {
      "type": "Feature",
      "properties": {
        "@id": "way/557829514",
        "government": "water",
        "landuse": "government",
        "name": "HMWSSB - Sowbhagyapuram",
        "office": "government",
        "@geometry": "center",
        "lat": 17.3726401,
        "lon": 78.5488216,
        "workforce_capacity": null
      },
      "geometry": {
        "type": "Point",
        "coordinates": [
          78.5488216,
          17.3726401
        ]
      },
      "id": "way/557829514"
    },
    {
      "type": "Feature",
      "properties": {
        "@id": "way/557829515",
        "building": "yes",
        "name": "HMWSSB - Sowbhagyapuram",
        "office": "government",
        "@geometry": "center",
        "lat": 17.3724742,
        "lon": 78.549644,
        "workforce_capacity": null
      },
      "geometry": {
        "type": "Point",
        "coordinates": [
          78.549644,
          17.3724742
        ]
      },
      "id": "way/557829515"
    },
    {
      "type": "Feature",
      "properties": {
        "@id": "way/558276571",
        "building": "commercial",
        "name": "Salapuria Sattva Knowledge City",
        "office": "company",
        "@geometry": "center",
        "lat": 17.4325444,
        "lon": 78.3811622,
        "workforce_capacity": null
      },
      "geometry": {
        "type": "Point",
        "coordinates": [
          78.3811622,
          17.4325444
        ]
      },
      "id": "way/558276571"
    },
    {
      "type": "Feature",
      "properties": {
        "@id": "way/558285168",
        "building": "yes",
        "name": "Divis Labratories",
        "office": "company",
        "@geometry": "center",
        "lat": 17.439124,
        "lon": 78.3684888,
        "workforce_capacity": null
      },
      "geometry": {
        "type": "Point",
        "coordinates": [
          78.3684888,
          17.439124
        ]
      },
      "id": "way/558285168"
    },
    {
      "type": "Feature",
      "properties": {
        "@id": "way/558351785",
        "building": "commercial",
        "name": "Novartis",
        "office": "company",
        "@geometry": "center",
        "lat": 17.4351123,
        "lon": 78.3814259,
        "workforce_capacity": null
      },
      "geometry": {
        "type": "Point",
        "coordinates": [
          78.3814259,
          17.4351123
        ]
      },
      "id": "way/558351785"
    },
    {
      "type": "Feature",
      "properties": {
        "@id": "way/559328864",
        "government": "yes",
        "name": "Center for Good Governence",
        "office": "government",
        "@geometry": "center",
        "lat": 17.4367082,
        "lon": 78.3612624,
        "workforce_capacity": null
      },
      "geometry": {
        "type": "Point",
        "coordinates": [
          78.3612624,
          17.4367082
        ]
      },
      "id": "way/559328864"
    },
    {
      "type": "Feature",
      "properties": {
        "@id": "way/579468937",
        "name": "Madapati Hanumanth Rao Girls School",
        "office": "educational_institution",
        "@geometry": "center",
        "lat": 17.3944178,
        "lon": 78.4906455,
        "workforce_capacity": null
      },
      "geometry": {
        "type": "Point",
        "coordinates": [
          78.4906455,
          17.3944178
        ]
      },
      "id": "way/579468937"
    },
    {
      "type": "Feature",
      "properties": {
        "@id": "way/626550614",
        "building": "yes",
        "name": "Newmark House",
        "office": "commercial",
        "@geometry": "center",
        "lat": 17.446908,
        "lon": 78.3808249,
        "workforce_capacity": null
      },
      "geometry": {
        "type": "Point",
        "coordinates": [
          78.3808249,
          17.446908
        ]
      },
      "id": "way/626550614"
    },
    {
      "type": "Feature",
      "properties": {
        "@id": "way/632251670",
        "building": "yes",
        "building:levels": "4",
        "building:use": "commercial",
        "name": "Tollplus",
        "office": "company",
        "roof:shape": "flat",
        "wheelchair": "limited",
        "@geometry": "center",
        "lat": 17.4408895,
        "lon": 78.3981716,
        "workforce_capacity": null
      },
      "geometry": {
        "type": "Point",
        "coordinates": [
          78.3981716,
          17.4408895
        ]
      },
      "id": "way/632251670"
    },
    {
      "type": "Feature",
      "properties": {
        "@id": "way/632251671",
        "addr:city": "Hyderabad",
        "addr:housenumber": "Plot No. 63, 1st and 2nd Floors,",
        "addr:postcode": "500033",
        "addr:street": "Kavuri Hills Phase 1, Near Jubilee Ridge Hotel, Madhapur, Kavuri Hills Phase 1, Kavuri Hills, Madhapur",
        "air_conditioning": "yes",
        "building": "yes",
        "building:levels": "5",
        "name": "C-Tel Infosystems",
        "office": "company",
        "opening_hours": "sunrise-sunset",
        "website": "https://ctel.in/",
        "@geometry": "center",
        "lat": 17.441277,
        "lon": 78.3979602,
        "workforce_capacity": null
      },
      "geometry": {
        "type": "Point",
        "coordinates": [
          78.3979602,
          17.441277
        ]
      },
      "id": "way/632251671"
    },
    {
      "type": "Feature",
      "properties": {
        "@id": "way/702268101",
        "country": "US",
        "diplomatic": "consulate",
        "name": "U.S. Consulate General, Hyderabad",
        "office": "diplomatic",
        "@geometry": "center",
        "lat": 17.4247907,
        "lon": 78.3310731,
        "workforce_capacity": null
      },
      "geometry": {
        "type": "Point",
        "coordinates": [
          78.3310731,
          17.4247907
        ]
      },
      "id": "way/702268101"
    },
    {
      "type": "Feature",
      "properties": {
        "@id": "way/733443335",
        "addr:city": "HYDERABAD",
        "addr:postcode": "500018",
        "addr:street": "borabanda allahapur road",
        "building": "yes",
        "name": "SVP Junior College",
        "office": "educational_institution",
        "@geometry": "center",
        "lat": 17.4538322,
        "lon": 78.4186624,
        "workforce_capacity": null
      },
      "geometry": {
        "type": "Point",
        "coordinates": [
          78.4186624,
          17.4538322
        ]
      },
      "id": "way/733443335"
    },
    {
      "type": "Feature",
      "properties": {
        "@id": "way/738273051",
        "addr:city": "Banjara Hills,",
        "addr:housenumber": "8-2-248/A",
        "addr:postcode": "500070",
        "addr:street": "Road Number 3",
        "building": "yes",
        "name": "Holy Mary Group of Technology & Science Corporate office",
        "office": "educational_institution",
        "@geometry": "center",
        "lat": 17.4266686,
        "lon": 78.4479464,
        "workforce_capacity": null
      },
      "geometry": {
        "type": "Point",
        "coordinates": [
          78.4479464,
          17.4266686
        ]
      },
      "id": "way/738273051"
    },
    {
      "type": "Feature",
      "properties": {
        "@id": "way/740780519",
        "name": "Indian Institute Of Technology",
        "office": "research",
        "@geometry": "center",
        "lat": 17.4224884,
        "lon": 78.5404469,
        "workforce_capacity": null
      },
      "geometry": {
        "type": "Point",
        "coordinates": [
          78.5404469,
          17.4224884
        ]
      },
      "id": "way/740780519"
    },
    {
      "type": "Feature",
      "properties": {
        "@id": "way/764332662",
        "building": "yes",
        "layer": "-1",
        "name": "Zilla Praja Parishad Ranga Reddy District",
        "office": "government",
        "@geometry": "center",
        "lat": 17.4129257,
        "lon": 78.4568909,
        "workforce_capacity": null
      },
      "geometry": {
        "type": "Point",
        "coordinates": [
          78.4568909,
          17.4129257
        ]
      },
      "id": "way/764332662"
    },
    {
      "type": "Feature",
      "properties": {
        "@id": "way/773660988",
        "building": "construction",
        "name": "Sonata Software",
        "office": "it",
        "@geometry": "center",
        "lat": 17.4063575,
        "lon": 78.3211639,
        "workforce_capacity": null
      },
      "geometry": {
        "type": "Point",
        "coordinates": [
          78.3211639,
          17.4063575
        ]
      },
      "id": "way/773660988"
    },
    {
      "type": "Feature",
      "properties": {
        "@id": "way/773812175",
        "building": "yes",
        "name": "Laxmi Infobahn",
        "office": "it",
        "@geometry": "center",
        "lat": 17.406908,
        "lon": 78.3237268,
        "workforce_capacity": null
      },
      "geometry": {
        "type": "Point",
        "coordinates": [
          78.3237268,
          17.406908
        ]
      },
      "id": "way/773812175"
    },
    {
      "type": "Feature",
      "properties": {
        "@id": "way/775878322",
        "area": "yes",
        "barrier": "wall",
        "name": "جیل بھون",
        "name:en": "Jail Bhavan",
        "office": "government",
        "@geometry": "center",
        "lat": 17.3716953,
        "lon": 78.4990548,
        "workforce_capacity": null
      },
      "geometry": {
        "type": "Point",
        "coordinates": [
          78.4990548,
          17.3716953
        ]
      },
      "id": "way/775878322"
    },
    {
      "type": "Feature",
      "properties": {
        "@id": "way/776429404",
        "building": "yes",
        "check_date": "2024-03-16",
        "name": "Qspiders",
        "office": "educational_institution",
        "@geometry": "center",
        "lat": 17.4936017,
        "lon": 78.4010886,
        "workforce_capacity": null
      },
      "geometry": {
        "type": "Point",
        "coordinates": [
          78.4010886,
          17.4936017
        ]
      },
      "id": "way/776429404"
    },
    {
      "type": "Feature",
      "properties": {
        "@id": "way/782005880",
        "building": "yes",
        "name": "Genpact",
        "office": "it",
        "@geometry": "center",
        "lat": 17.4850693,
        "lon": 78.3588343,
        "workforce_capacity": null
      },
      "geometry": {
        "type": "Point",
        "coordinates": [
          78.3588343,
          17.4850693
        ]
      },
      "id": "way/782005880"
    },
    {
      "type": "Feature",
      "properties": {
        "@id": "way/782009439",
        "landuse": "commercial",
        "name": "Amazon Hyderabad Campus",
        "office": "company",
        "wheelchair": "yes",
        "@geometry": "center",
        "lat": 17.419993,
        "lon": 78.3457772,
        "workforce_capacity": null
      },
      "geometry": {
        "type": "Point",
        "coordinates": [
          78.3457772,
          17.419993
        ]
      },
      "id": "way/782009439"
    },
    {
      "type": "Feature",
      "properties": {
        "@id": "way/782300587",
        "building": "yes",
        "name": "MAQ Software",
        "office": "company",
        "@geometry": "center",
        "lat": 17.4464491,
        "lon": 78.3689052,
        "workforce_capacity": null
      },
      "geometry": {
        "type": "Point",
        "coordinates": [
          78.3689052,
          17.4464491
        ]
      },
      "id": "way/782300587"
    },
    {
      "type": "Feature",
      "properties": {
        "@id": "way/783243225",
        "area": "yes",
        "name": "National Mineral Development Corporation",
        "office": "government",
        "@geometry": "center",
        "lat": 17.4160955,
        "lon": 78.5469769,
        "workforce_capacity": null
      },
      "geometry": {
        "type": "Point",
        "coordinates": [
          78.5469769,
          17.4160955
        ]
      },
      "id": "way/783243225"
    },
    {
      "type": "Feature",
      "properties": {
        "@id": "way/790764621",
        "amenity": "college",
        "name": "Vasavi College of Engineering",
        "office": "educational_institution",
        "@geometry": "center",
        "lat": 17.3805664,
        "lon": 78.3829884,
        "workforce_capacity": null
      },
      "geometry": {
        "type": "Point",
        "coordinates": [
          78.3829884,
          17.3805664
        ]
      },
      "id": "way/790764621"
    },
    {
      "type": "Feature",
      "properties": {
        "@id": "way/791815885",
        "amenity": "university",
        "layer": "1",
        "name": "Shadan College",
        "office": "educational_institution",
        "@geometry": "center",
        "lat": 17.3535541,
        "lon": 78.3738842,
        "workforce_capacity": null
      },
      "geometry": {
        "type": "Point",
        "coordinates": [
          78.3738842,
          17.3535541
        ]
      },
      "id": "way/791815885"
    },
    {
      "type": "Feature",
      "properties": {
        "@id": "way/846888935",
        "landuse": "commercial",
        "name": "Divyasree Omega",
        "office": "company",
        "@geometry": "center",
        "lat": 17.4588907,
        "lon": 78.3730233,
        "workforce_capacity": null
      },
      "geometry": {
        "type": "Point",
        "coordinates": [
          78.3730233,
          17.4588907
        ]
      },
      "id": "way/846888935"
    },
    {
      "type": "Feature",
      "properties": {
        "@id": "way/854200726",
        "government": "military",
        "landuse": "military",
        "name": "NIA Hyderabad",
        "office": "government",
        "website": "https://www.nia.gov.in/",
        "@geometry": "center",
        "lat": 17.4638694,
        "lon": 78.3865194,
        "workforce_capacity": null
      },
      "geometry": {
        "type": "Point",
        "coordinates": [
          78.3865194,
          17.4638694
        ]
      },
      "id": "way/854200726"
    },
    {
      "type": "Feature",
      "properties": {
        "@id": "way/872925496",
        "building": "yes",
        "name": "Calvary Temple Helpdesk",
        "office": "religion",
        "@geometry": "center",
        "lat": 17.485637,
        "lon": 78.3684282,
        "workforce_capacity": null
      },
      "geometry": {
        "type": "Point",
        "coordinates": [
          78.3684282,
          17.485637
        ]
      },
      "id": "way/872925496"
    },
    {
      "type": "Feature",
      "properties": {
        "@id": "way/879144056",
        "government": "transportation",
        "local_ref": "Kondapur RTA Office",
        "name": "Kondapur RTA Office",
        "office": "government",
        "@geometry": "center",
        "lat": 17.4720266,
        "lon": 78.3652009,
        "workforce_capacity": null
      },
      "geometry": {
        "type": "Point",
        "coordinates": [
          78.3652009,
          17.4720266
        ]
      },
      "id": "way/879144056"
    },
    {
      "type": "Feature",
      "properties": {
        "@id": "node/890303721",
        "name": "Beam Telecom",
        "office": "company",
        "lat": 17.4136743,
        "lon": 78.4457131,
        "workforce_capacity": null
      },
      "geometry": {
        "type": "Point",
        "coordinates": [
          78.4457131,
          17.4136743
        ]
      },
      "id": "node/890303721"
    },
    {
      "type": "Feature",
      "properties": {
        "@id": "node/890317869",
        "name": "Cox & Kings",
        "office": "travel_agent",
        "lat": 17.4130219,
        "lon": 78.4490304,
        "workforce_capacity": null
      },
      "geometry": {
        "type": "Point",
        "coordinates": [
          78.4490304,
          17.4130219
        ]
      },
      "id": "node/890317869"
    },
    {
      "type": "Feature",
      "properties": {
        "@id": "node/894082498",
        "name": "Karvy",
        "office": "company",
        "lat": 17.4149267,
        "lon": 78.4462983,
        "workforce_capacity": null
      },
      "geometry": {
        "type": "Point",
        "coordinates": [
          78.4462983,
          17.4149267
        ]
      },
      "id": "node/894082498"
    },
    {
      "type": "Feature",
      "properties": {
        "@id": "way/932055947",
        "addr:city": "Hyderabad",
        "addr:housenumber": "5",
        "addr:postcode": "500004",
        "building": "yes",
        "government": "government",
        "name": "District Town Planning Office",
        "office": "government",
        "@geometry": "center",
        "lat": 17.4023859,
        "lon": 78.4585881,
        "workforce_capacity": null
      },
      "geometry": {
        "type": "Point",
        "coordinates": [
          78.4585881,
          17.4023859
        ]
      },
      "id": "way/932055947"
    },
    {
      "type": "Feature",
      "properties": {
        "@id": "way/965848775",
        "building": "yes",
        "government": "yes",
        "name": "RRC Sports Office",
        "office": "government",
        "@geometry": "center",
        "lat": 17.4402631,
        "lon": 78.5129298,
        "workforce_capacity": null
      },
      "geometry": {
        "type": "Point",
        "coordinates": [
          78.5129298,
          17.4402631
        ]
      },
      "id": "way/965848775"
    },
    {
      "type": "Feature",
      "properties": {
        "@id": "way/971155744",
        "addr:city": "Hyderabad",
        "addr:state": "Telangana",
        "alt_name": "NPA",
        "barrier": "wall",
        "government": "yes",
        "landuse": "police",
        "name": "سردار ولبھ بھائی پٹیل نیشنل پولیس اکیڈمی",
        "name:en": "Sardar Vallabhbhai Patel National Police Academy",
        "office": "government",
        "@geometry": "center",
        "lat": 17.335037,
        "lon": 78.4371478,
        "workforce_capacity": null
      },
      "geometry": {
        "type": "Point",
        "coordinates": [
          78.4371478,
          17.335037
        ]
      },
      "id": "way/971155744"
    },
    {
      "type": "Feature",
      "properties": {
        "@id": "way/971948461",
        "addr:city": "Hyderabad",
        "addr:state": "Telangana",
        "alt_name": "CRIDA",
        "barrier": "wall",
        "government": "yes",
        "landuse": "farmland",
        "name": "کریڈا",
        "name:en": "Central Research Institute for Dryland Agriculture",
        "office": "government",
        "@geometry": "center",
        "lat": 17.3486213,
        "lon": 78.5010769,
        "workforce_capacity": null
      },
      "geometry": {
        "type": "Point",
        "coordinates": [
          78.5010769,
          17.3486213
        ]
      },
      "id": "way/971948461"
    },
    {
      "type": "Feature",
      "properties": {
        "@id": "way/1008793286",
        "building": "yes",
        "name": "Hidayathul Islam Madrasa, Thalannji Padam, Chungam",
        "office": "educational_institution",
        "@geometry": "center",
        "lat": 17.3845507,
        "lon": 78.4573864,
        "workforce_capacity": null
      },
      "geometry": {
        "type": "Point",
        "coordinates": [
          78.4573864,
          17.3845507
        ]
      },
      "id": "way/1008793286"
    },
    {
      "type": "Feature",
      "properties": {
        "@id": "way/1015405015",
        "amenity": "school",
        "name": "Pallavi International School",
        "office": "educational_institution",
        "@geometry": "center",
        "lat": 17.3538471,
        "lon": 78.329256,
        "workforce_capacity": null
      },
      "geometry": {
        "type": "Point",
        "coordinates": [
          78.329256,
          17.3538471
        ]
      },
      "id": "way/1015405015"
    },
    {
      "type": "Feature",
      "properties": {
        "@id": "node/1038347610",
        "name": "Centre for DNA Fingerprinting and Diagnostics",
        "office": "government",
        "lat": 17.3840366,
        "lon": 78.478248,
        "workforce_capacity": null
      },
      "geometry": {
        "type": "Point",
        "coordinates": [
          78.478248,
          17.3840366
        ]
      },
      "id": "node/1038347610"
    },
    {
      "type": "Feature",
      "properties": {
        "@id": "node/1038380190",
        "name": "Aayakar Bhavan (old)",
        "name:te": "పాత ఆయాకార్ భవన్",
        "office": "government",
        "lat": 17.407278,
        "lon": 78.4728769,
        "workforce_capacity": null
      },
      "geometry": {
        "type": "Point",
        "coordinates": [
          78.4728769,
          17.407278
        ]
      },
      "id": "node/1038380190"
    },
    {
      "type": "Feature",
      "properties": {
        "@id": "node/1038395538",
        "name": "State Election Commission",
        "office": "government",
        "lat": 17.4272398,
        "lon": 78.4869041,
        "workforce_capacity": null
      },
      "geometry": {
        "type": "Point",
        "coordinates": [
          78.4869041,
          17.4272398
        ]
      },
      "id": "node/1038395538"
    },
    {
      "type": "Feature",
      "properties": {
        "@id": "node/1038395550",
        "name": "Special Protection Force",
        "office": "government",
        "lat": 17.4273421,
        "lon": 78.4870114,
        "workforce_capacity": null
      },
      "geometry": {
        "type": "Point",
        "coordinates": [
          78.4870114,
          17.4273421
        ]
      },
      "id": "node/1038395550"
    },
    {
      "type": "Feature",
      "properties": {
        "@id": "node/1038397970",
        "name": "Sub Divisional Engineer APSEB",
        "name:te": "సబ్ డివిషనల్ ఇంజనీర్",
        "office": "government",
        "lat": 17.4411632,
        "lon": 78.4875565,
        "workforce_capacity": null
      },
      "geometry": {
        "type": "Point",
        "coordinates": [
          78.4875565,
          17.4411632
        ]
      },
      "id": "node/1038397970"
    },
    {
      "type": "Feature",
      "properties": {
        "@id": "node/1038399445",
        "name": "BSNL Customer Service Centre",
        "office": "government",
        "lat": 17.4427574,
        "lon": 78.4873333,
        "workforce_capacity": null
      },
      "geometry": {
        "type": "Point",
        "coordinates": [
          78.4873333,
          17.4427574
        ]
      },
      "id": "node/1038399445"
    },
    {
      "type": "Feature",
      "properties": {
        "@id": "node/1066056600",
        "government": "register_office",
        "name": "Office of the sub-registrar",
        "office": "government",
        "lat": 17.4631296,
        "lon": 78.4839115,
        "workforce_capacity": null
      },
      "geometry": {
        "type": "Point",
        "coordinates": [
          78.4839115,
          17.4631296
        ]
      },
      "id": "node/1066056600"
    },
    {
      "type": "Feature",
      "properties": {
        "@id": "way/1082250006",
        "addr:city": "Hyderabad",
        "addr:street": "chintal",
        "building": "yes",
        "building:levels": "3",
        "name": "Bhagyaradhi Junior College",
        "office": "educational_institution",
        "@geometry": "center",
        "lat": 17.493007,
        "lon": 78.45223,
        "workforce_capacity": null
      },
      "geometry": {
        "type": "Point",
        "coordinates": [
          78.45223,
          17.493007
        ]
      },
      "id": "way/1082250006"
    },
    {
      "type": "Feature",
      "properties": {
        "@id": "node/1280012619",
        "name": "DTDC Courier",
        "office": "courier",
        "lat": 17.4641052,
        "lon": 78.4834499,
        "workforce_capacity": null
      },
      "geometry": {
        "type": "Point",
        "coordinates": [
          78.4834499,
          17.4641052
        ]
      },
      "id": "node/1280012619"
    },
    {
      "type": "Feature",
      "properties": {
        "@id": "way/1299545984",
        "building": "yes",
        "name": "Wells Fargo Tower 4",
        "office": "it",
        "@geometry": "center",
        "lat": 17.4249716,
        "lon": 78.3774987,
        "workforce_capacity": null
      },
      "geometry": {
        "type": "Point",
        "coordinates": [
          78.3774987,
          17.4249716
        ]
      },
      "id": "way/1299545984"
    },
    {
      "type": "Feature",
      "properties": {
        "@id": "node/1341929876",
        "name": "Graylogic Technologies (P) Ltd",
        "note": "Website,ECommerce development",
        "office": "it",
        "website": "https://www.graylogictech.com/",
        "lat": 17.4368217,
        "lon": 78.5171502,
        "workforce_capacity": null
      },
      "geometry": {
        "type": "Point",
        "coordinates": [
          78.5171502,
          17.4368217
        ]
      },
      "id": "node/1341929876"
    },
    {
      "type": "Feature",
      "properties": {
        "@id": "way/1349496537",
        "building": "yes",
        "name": "ISB Admission Office",
        "office": "yes",
        "@geometry": "center",
        "lat": 17.4350534,
        "lon": 78.3379432,
        "workforce_capacity": null
      },
      "geometry": {
        "type": "Point",
        "coordinates": [
          78.3379432,
          17.4350534
        ]
      },
      "id": "way/1349496537"
    },
    {
      "type": "Feature",
      "properties": {
        "@id": "way/1388411441",
        "building": "yes",
        "name": "Police Head Quarters",
        "office": "government",
        "@geometry": "center",
        "lat": 17.388613,
        "lon": 78.5167923,
        "workforce_capacity": null
      },
      "geometry": {
        "type": "Point",
        "coordinates": [
          78.5167923,
          17.388613
        ]
      },
      "id": "way/1388411441"
    },
    {
      "type": "Feature",
      "properties": {
        "@id": "way/1388411537",
        "amenity": "police",
        "name": "Police training center",
        "office": "government",
        "@geometry": "center",
        "lat": 17.3871953,
        "lon": 78.5174291,
        "workforce_capacity": null
      },
      "geometry": {
        "type": "Point",
        "coordinates": [
          78.5174291,
          17.3871953
        ]
      },
      "id": "way/1388411537"
    },
    {
      "type": "Feature",
      "properties": {
        "@id": "way/1414021385",
        "building": "yes",
        "name": "State Bank Institute of Information and Communication Management",
        "office": "educational_institution",
        "@geometry": "center",
        "lat": 17.4060677,
        "lon": 78.4381853,
        "workforce_capacity": null
      },
      "geometry": {
        "type": "Point",
        "coordinates": [
          78.4381853,
          17.4060677
        ]
      },
      "id": "way/1414021385"
    },
    {
      "type": "Feature",
      "properties": {
        "@id": "way/1464999436",
        "building": "yes",
        "name": "chaitanaya vidya niketan high school",
        "office": "educational_institution",
        "@geometry": "center",
        "lat": 17.5114037,
        "lon": 78.4229759,
        "workforce_capacity": null
      },
      "geometry": {
        "type": "Point",
        "coordinates": [
          78.4229759,
          17.5114037
        ]
      },
      "id": "way/1464999436"
    },
    {
      "type": "Feature",
      "properties": {
        "@id": "way/1465001207",
        "building": "yes",
        "name": "Zamistanpuri institute",
        "office": "educational_institution",
        "@geometry": "center",
        "lat": 17.4062297,
        "lon": 78.5070221,
        "workforce_capacity": null
      },
      "geometry": {
        "type": "Point",
        "coordinates": [
          78.5070221,
          17.4062297
        ]
      },
      "id": "way/1465001207"
    },
    {
      "type": "Feature",
      "properties": {
        "@id": "way/1492049399",
        "landuse": "commercial",
        "name": "HMWTSC",
        "office": "water_utility",
        "@geometry": "center",
        "lat": 17.504714,
        "lon": 78.4252764,
        "workforce_capacity": null
      },
      "geometry": {
        "type": "Point",
        "coordinates": [
          78.4252764,
          17.504714
        ]
      },
      "id": "way/1492049399"
    },
    {
      "type": "Feature",
      "properties": {
        "@id": "node/1520935382",
        "name": "IGSA Labs",
        "office": "it",
        "lat": 17.4108232,
        "lon": 78.5433146,
        "workforce_capacity": null
      },
      "geometry": {
        "type": "Point",
        "coordinates": [
          78.5433146,
          17.4108232
        ]
      },
      "id": "node/1520935382"
    },
    {
      "type": "Feature",
      "properties": {
        "@id": "node/2181370022",
        "addr:city": "Hyderabad",
        "addr:district": "Hyderabad",
        "addr:postcode": "500 024",
        "addr:state": "Telangana",
        "amenity": "police",
        "contact:phone": "91 40 27854782",
        "government": "public_service",
        "name": "Chaderghat Police Station",
        "name:ur": "چادرگھاٹ تھانہ",
        "office": "government",
        "opening_hours": "24/7",
        "operator": "Hyderbad City Police",
        "lat": 17.3779381,
        "lon": 78.4917299,
        "workforce_capacity": null
      },
      "geometry": {
        "type": "Point",
        "coordinates": [
          78.4917299,
          17.3779381
        ]
      },
      "id": "node/2181370022"
    },
    {
      "type": "Feature",
      "properties": {
        "@id": "node/2217932774",
        "name": "Flotilla",
        "office": "estate_agent",
        "lat": 17.3919267,
        "lon": 78.3712934,
        "workforce_capacity": null
      },
      "geometry": {
        "type": "Point",
        "coordinates": [
          78.3712934,
          17.3919267
        ]
      },
      "id": "node/2217932774"
    },
    {
      "type": "Feature",
      "properties": {
        "@id": "node/2352087835",
        "addr:city": "hyderabad",
        "addr:housename": "rock house",
        "addr:postcode": "500034",
        "addr:street": "Sbiicm road",
        "name": "Klaxon IT Pvt Limited",
        "office": "company",
        "lat": 17.4061828,
        "lon": 78.4388089,
        "workforce_capacity": null
      },
      "geometry": {
        "type": "Point",
        "coordinates": [
          78.4388089,
          17.4061828
        ]
      },
      "id": "node/2352087835"
    },
    {
      "type": "Feature",
      "properties": {
        "@id": "node/2554224557",
        "name": "i1home.com",
        "office": "estate_agent",
        "lat": 17.4946742,
        "lon": 78.3279848,
        "workforce_capacity": null
      },
      "geometry": {
        "type": "Point",
        "coordinates": [
          78.3279848,
          17.4946742
        ]
      },
      "id": "node/2554224557"
    },
    {
      "type": "Feature",
      "properties": {
        "@id": "node/2607455742",
        "name": "Regional Transport Authority Office, Hyderabad",
        "name:te": "రీజినల్ ట్రాన్స్పోర్ట్ అథారిటీ ఆఫీస్, హైదరాబాద్",
        "office": "government",
        "lat": 17.416905,
        "lon": 78.457583,
        "workforce_capacity": null
      },
      "geometry": {
        "type": "Point",
        "coordinates": [
          78.457583,
          17.416905
        ]
      },
      "id": "node/2607455742"
    },
    {
      "type": "Feature",
      "properties": {
        "@id": "node/2607576798",
        "name": "Shakti Bhavan",
        "office": "government",
        "lat": 17.4454493,
        "lon": 78.426819,
        "workforce_capacity": null
      },
      "geometry": {
        "type": "Point",
        "coordinates": [
          78.426819,
          17.4454493
        ]
      },
      "id": "node/2607576798"
    },
    {
      "type": "Feature",
      "properties": {
        "@id": "node/2607584215",
        "name": "Panchaythiraj Engineering department",
        "office": "government",
        "lat": 17.4190146,
        "lon": 78.4512504,
        "workforce_capacity": null
      },
      "geometry": {
        "type": "Point",
        "coordinates": [
          78.4512504,
          17.4190146
        ]
      },
      "id": "node/2607584215"
    },
    {
      "type": "Feature",
      "properties": {
        "@id": "node/2607594203",
        "addr:city": "Hyderabad",
        "addr:housename": "Erramanjil",
        "addr:postcode": "500082",
        "name": "Roads and Buildings Department",
        "office": "government",
        "lat": 17.4195019,
        "lon": 78.4547767,
        "workforce_capacity": null
      },
      "geometry": {
        "type": "Point",
        "coordinates": [
          78.4547767,
          17.4195019
        ]
      },
      "id": "node/2607594203"
    },
    {
      "type": "Feature",
      "properties": {
        "@id": "node/2712510238",
        "name": "hariharan and hariharan law offices",
        "office": "lawyer",
        "lat": 17.4036137,
        "lon": 78.4924809,
        "workforce_capacity": null
      },
      "geometry": {
        "type": "Point",
        "coordinates": [
          78.4924809,
          17.4036137
        ]
      },
      "id": "node/2712510238"
    },
    {
      "type": "Feature",
      "properties": {
        "@id": "node/2712519174",
        "name": "SEO training company",
        "office": "company",
        "lat": 17.4072383,
        "lon": 78.4895496,
        "workforce_capacity": null
      },
      "geometry": {
        "type": "Point",
        "coordinates": [
          78.4895496,
          17.4072383
        ]
      },
      "id": "node/2712519174"
    },
    {
      "type": "Feature",
      "properties": {
        "@id": "node/2712631158",
        "name": "elites academy for civils",
        "office": "educational_institution",
        "lat": 17.4095771,
        "lon": 78.4888662,
        "workforce_capacity": null
      },
      "geometry": {
        "type": "Point",
        "coordinates": [
          78.4888662,
          17.4095771
        ]
      },
      "id": "node/2712631158"
    },
    {
      "type": "Feature",
      "properties": {
        "@id": "node/2712638753",
        "addr:city": "hyderabad",
        "addr:housenumber": "3rd Floor, Blue Sapphire building Ashok Nagar Cross Roads",
        "addr:postcode": "500020",
        "addr:street": "ashok nagar",
        "name": "CivicCentre.in",
        "office": "educational_institution",
        "opening_hours": "Mo-Sa 09:00-20:00",
        "phone": "+91 7013495019",
        "website": "https://www.civiccentre.in/",
        "lat": 17.4101783,
        "lon": 78.4891033,
        "workforce_capacity": null
      },
      "geometry": {
        "type": "Point",
        "coordinates": [
          78.4891033,
          17.4101783
        ]
      },
      "id": "node/2712638753"
    },
    {
      "type": "Feature",
      "properties": {
        "@id": "node/2712640410",
        "name": "civil services academy",
        "office": "educational_institution",
        "lat": 17.4102728,
        "lon": 78.4890184,
        "workforce_capacity": null
      },
      "geometry": {
        "type": "Point",
        "coordinates": [
          78.4890184,
          17.4102728
        ]
      },
      "id": "node/2712640410"
    },
    {
      "type": "Feature",
      "properties": {
        "@id": "node/2712655086",
        "name": "RC reddy IAS study circle",
        "office": "educational_institution",
        "lat": 17.4108942,
        "lon": 78.4886008,
        "workforce_capacity": null
      },
      "geometry": {
        "type": "Point",
        "coordinates": [
          78.4886008,
          17.4108942
        ]
      },
      "id": "node/2712655086"
    },
    {
      "type": "Feature",
      "properties": {
        "@id": "node/2712655628",
        "name": "chikkadpally sro",
        "office": "company",
        "lat": 17.4111407,
        "lon": 78.4887034,
        "workforce_capacity": null
      },
      "geometry": {
        "type": "Point",
        "coordinates": [
          78.4887034,
          17.4111407
        ]
      },
      "id": "node/2712655628"
    },
    {
      "type": "Feature",
      "properties": {
        "@id": "node/2712657746",
        "name": "Aditya IAS Academy",
        "office": "educational_institution",
        "lat": 17.4111475,
        "lon": 78.4889653,
        "workforce_capacity": null
      },
      "geometry": {
        "type": "Point",
        "coordinates": [
          78.4889653,
          17.4111475
        ]
      },
      "id": "node/2712657746"
    },
    {
      "type": "Feature",
      "properties": {
        "@id": "node/2712660956",
        "name": "sub register office",
        "office": "yes",
        "lat": 17.4117944,
        "lon": 78.4884781,
        "workforce_capacity": null
      },
      "geometry": {
        "type": "Point",
        "coordinates": [
          78.4884781,
          17.4117944
        ]
      },
      "id": "node/2712660956"
    },
    {
      "type": "Feature",
      "properties": {
        "@id": "node/2712677329",
        "name": "37 microns india private limited",
        "office": "yes",
        "lat": 17.4132499,
        "lon": 78.489731,
        "workforce_capacity": null
      },
      "geometry": {
        "type": "Point",
        "coordinates": [
          78.489731,
          17.4132499
        ]
      },
      "id": "node/2712677329"
    },
    {
      "type": "Feature",
      "properties": {
        "@id": "node/2712694274",
        "name": "virupaksha organics private limited",
        "office": "company",
        "lat": 17.4135091,
        "lon": 78.4927424,
        "workforce_capacity": null
      },
      "geometry": {
        "type": "Point",
        "coordinates": [
          78.4927424,
          17.4135091
        ]
      },
      "id": "node/2712694274"
    },
    {
      "type": "Feature",
      "properties": {
        "@id": "node/2712708384",
        "name": "SAATHII",
        "office": "educational_institution",
        "lat": 17.4151341,
        "lon": 78.494451,
        "workforce_capacity": null
      },
      "geometry": {
        "type": "Point",
        "coordinates": [
          78.494451,
          17.4151341
        ]
      },
      "id": "node/2712708384"
    },
    {
      "type": "Feature",
      "properties": {
        "@id": "node/2712709795",
        "name": "great deccan software",
        "office": "company",
        "lat": 17.4156396,
        "lon": 78.4933368,
        "workforce_capacity": null
      },
      "geometry": {
        "type": "Point",
        "coordinates": [
          78.4933368,
          17.4156396
        ]
      },
      "id": "node/2712709795"
    },
    {
      "type": "Feature",
      "properties": {
        "@id": "node/2714190026",
        "name": "Andhra Pradesh Academy of Land Information and Management",
        "office": "government",
        "lat": 17.4371585,
        "lon": 78.3601778,
        "workforce_capacity": null
      },
      "geometry": {
        "type": "Point",
        "coordinates": [
          78.3601778,
          17.4371585
        ]
      },
      "id": "node/2714190026"
    },
    {
      "type": "Feature",
      "properties": {
        "@id": "node/2817361201",
        "addr:housenumber": "12-2-421",
        "addr:postcode": "500028",
        "addr:street": "First Floor, Opp Sai Baba Temple, GudiMalkapur Rd, Gudi Malkapur, Mehedipatnam",
        "name": "Muthoot Finance",
        "office": "financial",
        "opening_hours": "09:00-17:30",
        "phone": "+91 40 6552 2660",
        "website": "https://www.muthootfinance.com/",
        "lat": 17.3864452,
        "lon": 78.4400893,
        "workforce_capacity": null
      },
      "geometry": {
        "type": "Point",
        "coordinates": [
          78.4400893,
          17.3864452
        ]
      },
      "id": "node/2817361201"
    },
    {
      "type": "Feature",
      "properties": {
        "@id": "node/2921645169",
        "addr:city": "Hyderabad",
        "addr:postcode": "500081",
        "name": "HSBC Group Service Centre",
        "office": "company",
        "lat": 17.4412965,
        "lon": 78.3807359,
        "workforce_capacity": null
      },
      "geometry": {
        "type": "Point",
        "coordinates": [
          78.3807359,
          17.4412965
        ]
      },
      "id": "node/2921645169"
    },
    {
      "type": "Feature",
      "properties": {
        "@id": "node/2922426320",
        "addr:postcode": "500032",
        "addr:street": "Old Bombay Road",
        "name": "Liquidhub",
        "note": "IT Company",
        "office": "it;company",
        "opening_hours": "10:00-20:00",
        "website": "https://www.liquidhub.com/",
        "lat": 17.4470073,
        "lon": 78.3558955,
        "workforce_capacity": null
      },
      "geometry": {
        "type": "Point",
        "coordinates": [
          78.3558955,
          17.4470073
        ]
      },
      "id": "node/2922426320"
    },
    {
      "type": "Feature",
      "properties": {
        "@id": "node/2923435812",
        "name": "Vyess Software and Marketing Solutions Pvt Ltd",
        "office": "yes",
        "lat": 17.4074265,
        "lon": 78.441365,
        "workforce_capacity": null
      },
      "geometry": {
        "type": "Point",
        "coordinates": [
          78.441365,
          17.4074265
        ]
      },
      "id": "node/2923435812"
    },
    {
      "type": "Feature",
      "properties": {
        "@id": "node/2962951966",
        "addr:postcode": "500081",
        "name": "Novartis Healthcare Pvt. Ltd.",
        "office": "company",
        "lat": 17.4367771,
        "lon": 78.3815497,
        "workforce_capacity": null
      },
      "geometry": {
        "type": "Point",
        "coordinates": [
          78.3815497,
          17.4367771
        ]
      },
      "id": "node/2962951966"
    },
    {
      "type": "Feature",
      "properties": {
        "@id": "node/2962962364",
        "addr:city": "Hyderabad",
        "addr:floor": "3",
        "addr:housenumber": "Building 14",
        "addr:place": "Mindspace Technology Park",
        "addr:postcode": "500081",
        "addr:unit": "301",
        "name": "OpenText",
        "office": "company",
        "website": "https://www.opentext.com/who-we-are/office-locations/asia-pacific-locations",
        "lat": 17.437059,
        "lon": 78.3829742,
        "workforce_capacity": null
      },
      "geometry": {
        "type": "Point",
        "coordinates": [
          78.3829742,
          17.437059
        ]
      },
      "id": "node/2962962364"
    },
    {
      "type": "Feature",
      "properties": {
        "@id": "node/2963037200",
        "name": "Thomson Reuters",
        "office": "company",
        "lat": 17.4367782,
        "lon": 78.3816478,
        "workforce_capacity": null
      },
      "geometry": {
        "type": "Point",
        "coordinates": [
          78.3816478,
          17.4367782
        ]
      },
      "id": "node/2963037200"
    },
    {
      "type": "Feature",
      "properties": {
        "@id": "node/2963306529",
        "name": "Bank of America",
        "office": "company",
        "lat": 17.4417132,
        "lon": 78.3797171,
        "workforce_capacity": null
      },
      "geometry": {
        "type": "Point",
        "coordinates": [
          78.3797171,
          17.4417132
        ]
      },
      "id": "node/2963306529"
    },
    {
      "type": "Feature",
      "properties": {
        "@id": "node/2963335213",
        "addr:city": "Hyderabad",
        "addr:postcode": "500081",
        "addr:street": "Raheja IT Park Road",
        "name": "Amazon",
        "office": "company",
        "lat": 17.4413528,
        "lon": 78.3809773,
        "workforce_capacity": null
      },
      "geometry": {
        "type": "Point",
        "coordinates": [
          78.3809773,
          17.4413528
        ]
      },
      "id": "node/2963335213"
    },
    {
      "type": "Feature",
      "properties": {
        "@id": "node/2963667812",
        "name": "Convergys",
        "office": "company",
        "website": "http://www.convergys-canada.com/company/locations/",
        "lat": 17.4443593,
        "lon": 78.3742072,
        "workforce_capacity": null
      },
      "geometry": {
        "type": "Point",
        "coordinates": [
          78.3742072,
          17.4443593
        ]
      },
      "id": "node/2963667812"
    },
    {
      "type": "Feature",
      "properties": {
        "@id": "node/2963757515",
        "addr:city": "Hyderabad",
        "addr:postcode": "500081",
        "name": "Meta",
        "not:brand:wikidata": "Q380",
        "office": "company",
        "lat": 17.4367754,
        "lon": 78.3840915,
        "workforce_capacity": null
      },
      "geometry": {
        "type": "Point",
        "coordinates": [
          78.3840915,
          17.4367754
        ]
      },
      "id": "node/2963757515"
    },
    {
      "type": "Feature",
      "properties": {
        "@id": "node/2963764844",
        "addr:city": "Hyderabad",
        "addr:postcode": "500 081",
        "name": "Servcorp",
        "office": "company",
        "website": "https://www.servcorp.co.in/en/locations/hyderabad/mindspace-complex/",
        "lat": 17.4447083,
        "lon": 78.3801761,
        "workforce_capacity": null
      },
      "geometry": {
        "type": "Point",
        "coordinates": [
          78.3801761,
          17.4447083
        ]
      },
      "id": "node/2963764844"
    },
    {
      "type": "Feature",
      "properties": {
        "@id": "node/2964578879",
        "name": "Ness Technologies",
        "office": "company",
        "website": "https://www.ness.com/en-in/Company/Pages/Contact-Us.aspx",
        "lat": 17.4447312,
        "lon": 78.3804836,
        "workforce_capacity": null
      },
      "geometry": {
        "type": "Point",
        "coordinates": [
          78.3804836,
          17.4447312
        ]
      },
      "id": "node/2964578879"
    },
    {
      "type": "Feature",
      "properties": {
        "@id": "node/2964587944",
        "name": "Computer Sciences Corporation India Pvt.Ldt",
        "office": "company",
        "website": "http://www.csc.com/in/ds/11515/14542-locations",
        "lat": 17.4401687,
        "lon": 78.3801376,
        "workforce_capacity": null
      },
      "geometry": {
        "type": "Point",
        "coordinates": [
          78.3801376,
          17.4401687
        ]
      },
      "id": "node/2964587944"
    },
    {
      "type": "Feature",
      "properties": {
        "@id": "node/2964616767",
        "name": "BA Continuum India Pvt Ltd",
        "office": "company",
        "website": "https://careers.bankofamerica.com/continuum/locations",
        "lat": 17.4447937,
        "lon": 78.3791899,
        "workforce_capacity": null
      },
      "geometry": {
        "type": "Point",
        "coordinates": [
          78.3791899,
          17.4447937
        ]
      },
      "id": "node/2964616767"
    },
    {
      "type": "Feature",
      "properties": {
        "@id": "node/3009394901",
        "name": "Colruyt IT Consultancy India Pvt. Ltd.",
        "office": "company",
        "website": "http://www.colruyt.in",
        "lat": 17.4436265,
        "lon": 78.381557,
        "workforce_capacity": null
      },
      "geometry": {
        "type": "Point",
        "coordinates": [
          78.381557,
          17.4436265
        ]
      },
      "id": "node/3009394901"
    },
    {
      "type": "Feature",
      "properties": {
        "@id": "node/3010469787",
        "name": "Hatch Force",
        "office": "it",
        "lat": 17.4436259,
        "lon": 78.4699308,
        "workforce_capacity": null
      },
      "geometry": {
        "type": "Point",
        "coordinates": [
          78.4699308,
          17.4436259
        ]
      },
      "id": "node/3010469787"
    },
    {
      "type": "Feature",
      "properties": {
        "@id": "node/3010475739",
        "name": "HatchStation",
        "office": "company",
        "lat": 17.4436426,
        "lon": 78.4699435,
        "workforce_capacity": null
      },
      "geometry": {
        "type": "Point",
        "coordinates": [
          78.4699435,
          17.4436426
        ]
      },
      "id": "node/3010475739"
    },
    {
      "type": "Feature",
      "properties": {
        "@id": "node/3010475740",
        "name": "First Flight Couriers",
        "office": "company",
        "lat": 17.444078,
        "lon": 78.4699162,
        "workforce_capacity": null
      },
      "geometry": {
        "type": "Point",
        "coordinates": [
          78.4699162,
          17.444078
        ]
      },
      "id": "node/3010475740"
    },
    {
      "type": "Feature",
      "properties": {
        "@id": "node/3010475743",
        "name": "DTDC Couriers",
        "office": "company",
        "lat": 17.4441012,
        "lon": 78.4694309,
        "workforce_capacity": null
      },
      "geometry": {
        "type": "Point",
        "coordinates": [
          78.4694309,
          17.4441012
        ]
      },
      "id": "node/3010475743"
    },
    {
      "type": "Feature",
      "properties": {
        "@id": "node/3148718104",
        "addr:city": "Hyderabad",
        "addr:postcode": "500081",
        "addr:street": "Hitec City, Cyber Pearl",
        "name": "ams Semiconductors India Pvt. Ltd.",
        "office": "company",
        "website": "https://ams.com/eng",
        "lat": 17.445132,
        "lon": 78.3761074,
        "workforce_capacity": null
      },
      "geometry": {
        "type": "Point",
        "coordinates": [
          78.3761074,
          17.445132
        ]
      },
      "id": "node/3148718104"
    },
    {
      "type": "Feature",
      "properties": {
        "@id": "node/3159027259",
        "addr:city": "hyderabad",
        "name": "Pearson Prometric center",
        "office": "it",
        "lat": 17.4253124,
        "lon": 78.4248624,
        "workforce_capacity": null
      },
      "geometry": {
        "type": "Point",
        "coordinates": [
          78.4248624,
          17.4253124
        ]
      },
      "id": "node/3159027259"
    },
    {
      "type": "Feature",
      "properties": {
        "@id": "node/3218374885",
        "name": "Ikeva Hyderabad",
        "office": "it",
        "website": "https://www.ikeva.com/locations/hyderabad/banjarahills/",
        "lat": 17.4141343,
        "lon": 78.4489203,
        "workforce_capacity": null
      },
      "geometry": {
        "type": "Point",
        "coordinates": [
          78.4489203,
          17.4141343
        ]
      },
      "id": "node/3218374885"
    },
    {
      "type": "Feature",
      "properties": {
        "@id": "node/3227705084",
        "name": "Hyderabad Passport Office",
        "office": "government",
        "lat": 17.4057775,
        "lon": 78.403317,
        "workforce_capacity": null
      },
      "geometry": {
        "type": "Point",
        "coordinates": [
          78.403317,
          17.4057775
        ]
      },
      "id": "node/3227705084"
    },
    {
      "type": "Feature",
      "properties": {
        "@id": "node/3388777466",
        "addr:city": "Hyderabad",
        "addr:postcode": "500072",
        "name": "Akash Institute",
        "office": "educational_institution",
        "opening_hours": "Mo-Sa 08:00-18:00",
        "opening_hours:covid19": "closed",
        "lat": 17.4919,
        "lon": 78.4064302,
        "workforce_capacity": null
      },
      "geometry": {
        "type": "Point",
        "coordinates": [
          78.4064302,
          17.4919
        ]
      },
      "id": "node/3388777466"
    },
    {
      "type": "Feature",
      "properties": {
        "@id": "node/3404080921",
        "addr:city": "Hyderabad",
        "addr:housenumber": "6-3-841/A/2/C-1",
        "addr:postcode": "500016",
        "addr:street": "Shanthi Nagar Colony",
        "name": "Geosys Enterprise Solutions Pvt. Ltd.",
        "office": "it",
        "phone": "+914065522333",
        "website": "https://geosys.co.in/",
        "lat": 17.4333627,
        "lon": 78.4487106,
        "workforce_capacity": null
      },
      "geometry": {
        "type": "Point",
        "coordinates": [
          78.4487106,
          17.4333627
        ]
      },
      "id": "node/3404080921"
    },
    {
      "type": "Feature",
      "properties": {
        "@id": "node/3490944915",
        "name": "Jaini pvt ltd.",
        "office": "it",
        "lat": 17.4581182,
        "lon": 78.371696,
        "workforce_capacity": null
      },
      "geometry": {
        "type": "Point",
        "coordinates": [
          78.371696,
          17.4581182
        ]
      },
      "id": "node/3490944915"
    },
    {
      "type": "Feature",
      "properties": {
        "@id": "node/3492610699",
        "name": "MediaMint",
        "office": "yes",
        "lat": 17.4528179,
        "lon": 78.3906456,
        "workforce_capacity": null
      },
      "geometry": {
        "type": "Point",
        "coordinates": [
          78.3906456,
          17.4528179
        ]
      },
      "id": "node/3492610699"
    },
    {
      "type": "Feature",
      "properties": {
        "@id": "node/3534824926",
        "name": "tswreis",
        "office": "educational_institution",
        "lat": 17.391532,
        "lon": 78.3605904,
        "workforce_capacity": null
      },
      "geometry": {
        "type": "Point",
        "coordinates": [
          78.3605904,
          17.391532
        ]
      },
      "id": "node/3534824926"
    },
    {
      "type": "Feature",
      "properties": {
        "@id": "node/3638721194",
        "check_date": "2025-08-27",
        "name": "BJP Office",
        "office": "political_party",
        "wheelchair": "yes",
        "lat": 17.4832741,
        "lon": 78.4140493,
        "workforce_capacity": null
      },
      "geometry": {
        "type": "Point",
        "coordinates": [
          78.4140493,
          17.4832741
        ]
      },
      "id": "node/3638721194"
    },
    {
      "type": "Feature",
      "properties": {
        "@id": "node/3639171625",
        "addr:city": "Hyderabad",
        "addr:housenumber": "3",
        "addr:postcode": "500034",
        "addr:street": "Road No 3",
        "name": "TV9",
        "name:te": "టీవీ 9",
        "office": "company",
        "phone": "+914023352336",
        "lat": 17.4263124,
        "lon": 78.4387962,
        "workforce_capacity": null
      },
      "geometry": {
        "type": "Point",
        "coordinates": [
          78.4387962,
          17.4263124
        ]
      },
      "id": "node/3639171625"
    },
    {
      "type": "Feature",
      "properties": {
        "@id": "node/3862509876",
        "government": "register_office",
        "name": "Office of the sub-registrar of marriages",
        "office": "government",
        "lat": 17.463727,
        "lon": 78.4835193,
        "workforce_capacity": null
      },
      "geometry": {
        "type": "Point",
        "coordinates": [
          78.4835193,
          17.463727
        ]
      },
      "id": "node/3862509876"
    },
    {
      "type": "Feature",
      "properties": {
        "@id": "node/3880295098",
        "addr:street": "Habsiguda Main Road",
        "name": "Narsee Monjee Institute of Management team Studies",
        "office": "educational_institution",
        "lat": 17.4256882,
        "lon": 78.5336267,
        "workforce_capacity": null
      },
      "geometry": {
        "type": "Point",
        "coordinates": [
          78.5336267,
          17.4256882
        ]
      },
      "id": "node/3880295098"
    },
    {
      "type": "Feature",
      "properties": {
        "@id": "node/3897851156",
        "name": "DSW and Chief Warden Office",
        "office": "yes",
        "lat": 17.4553801,
        "lon": 78.3228572,
        "workforce_capacity": null
      },
      "geometry": {
        "type": "Point",
        "coordinates": [
          78.3228572,
          17.4553801
        ]
      },
      "id": "node/3897851156"
    },
    {
      "type": "Feature",
      "properties": {
        "@id": "node/4070828394",
        "alt_name": "NRSC",
        "name": "National Remote Sensing Centre",
        "office": "government",
        "lat": 17.4677918,
        "lon": 78.4474972,
        "workforce_capacity": null
      },
      "geometry": {
        "type": "Point",
        "coordinates": [
          78.4474972,
          17.4677918
        ]
      },
      "id": "node/4070828394"
    },
    {
      "type": "Feature",
      "properties": {
        "@id": "node/4187312789",
        "name": "Vodafone",
        "office": "telecommunication",
        "lat": 17.3942767,
        "lon": 78.4756483,
        "workforce_capacity": null
      },
      "geometry": {
        "type": "Point",
        "coordinates": [
          78.4756483,
          17.3942767
        ]
      },
      "id": "node/4187312789"
    },
    {
      "type": "Feature",
      "properties": {
        "@id": "node/4321340393",
        "name": "V.P.Rao Advocate and Notary",
        "office": "lawyer",
        "opening_hours": "Mo-Sa 10:00-12:00,18:00-21:00",
        "lat": 17.4080984,
        "lon": 78.5140647,
        "workforce_capacity": null
      },
      "geometry": {
        "type": "Point",
        "coordinates": [
          78.5140647,
          17.4080984
        ]
      },
      "id": "node/4321340393"
    },
    {
      "type": "Feature",
      "properties": {
        "@id": "node/4331819832",
        "addr:city": "Hyderabad",
        "addr:postcode": "500032",
        "name": "Cognizant",
        "office": "company",
        "opening_hours": "Mo-Fr 09:00-18:00",
        "opening_hours:covid19": "closed temporarily",
        "website": "https://onecognizant.com",
        "lat": 17.4470568,
        "lon": 78.356127,
        "workforce_capacity": null
      },
      "geometry": {
        "type": "Point",
        "coordinates": [
          78.356127,
          17.4470568
        ]
      },
      "id": "node/4331819832"
    },
    {
      "type": "Feature",
      "properties": {
        "@id": "node/4345736417",
        "addr:city": "Hyderabad",
        "addr:housenumber": "D. No. 531/MIG-II",
        "addr:postcode": "500072",
        "addr:street": "(Municipal No. 15-25-531) Road No-1,  Phase No-1, Kukatpally Housing Board Colony,",
        "check_date": "2024-03-16",
        "name": "Mahindra Pride School",
        "office": "educational_institution",
        "lat": 17.4861398,
        "lon": 78.3992458,
        "workforce_capacity": null
      },
      "geometry": {
        "type": "Point",
        "coordinates": [
          78.3992458,
          17.4861398
        ]
      },
      "id": "node/4345736417"
    },
    {
      "type": "Feature",
      "properties": {
        "@id": "node/4364511494",
        "addr:city": "Hyderabad",
        "addr:housenumber": "21",
        "addr:postcode": "500075",
        "addr:street": "Brundavan Colony, Narsingi",
        "internet_access": "yes",
        "name": "TIFR Centre for Interdisciplinary Sciences",
        "office": "educational_institution",
        "phone": "+91 (0)40 2419 - 5001",
        "website": "https://www.tifrh.res.in/tcis/index.php",
        "wikidata": "Q7687809",
        "wikimedia_commons": "Category:Tata Institute of Fundamental Research Hyderabad",
        "wikipedia": "en:Tata Institute of Fundamental Research Hyderabad",
        "lat": 17.3876122,
        "lon": 78.342546,
        "workforce_capacity": null
      },
      "geometry": {
        "type": "Point",
        "coordinates": [
          78.342546,
          17.3876122
        ]
      },
      "id": "node/4364511494"
    },
    {
      "type": "Feature",
      "properties": {
        "@id": "node/4375736010",
        "addr:housenumber": "6-2-231/B, Vivek Nagar",
        "addr:postcode": "500072",
        "addr:street": "People's Hospital Lane, Kukatpally",
        "name": "Lampex Electronics Limited",
        "office": "company",
        "opening_hours": "9:00-17:30",
        "phone": "+91 40 23157701",
        "smoking": "no",
        "website": "https://lampex.com/",
        "lat": 17.4813509,
        "lon": 78.4128561,
        "workforce_capacity": null
      },
      "geometry": {
        "type": "Point",
        "coordinates": [
          78.4128561,
          17.4813509
        ]
      },
      "id": "node/4375736010"
    },
    {
      "type": "Feature",
      "properties": {
        "@id": "node/4386815293",
        "addr:housenumber": "6-3-655/12",
        "addr:postcode": "500082",
        "addr:street": "Somajiguda Road - Panjagutta Main Road",
        "email": "hai.jimson.jose@gmail.com",
        "name": "DR Reddys Foundation",
        "name:en": "DR Reddys Foundation",
        "office": "government",
        "phone": "04065343424",
        "website": "https://www.drreddysfoundation.org/",
        "lat": 17.4205565,
        "lon": 78.4577216,
        "workforce_capacity": null
      },
      "geometry": {
        "type": "Point",
        "coordinates": [
          78.4577216,
          17.4205565
        ]
      },
      "id": "node/4386815293"
    },
    {
      "type": "Feature",
      "properties": {
        "@id": "node/4398575802",
        "addr:flats": "A1",
        "addr:postcode": "500033",
        "email": "contact@unwiredlabs.com",
        "level": "1",
        "name": "Unwired Labs (India) Pvt Ltd",
        "office": "it",
        "phone": "+91-4066-588335",
        "website": "https://unwiredlabs.com",
        "lat": 17.421227,
        "lon": 78.4006673,
        "workforce_capacity": null
      },
      "geometry": {
        "type": "Point",
        "coordinates": [
          78.4006673,
          17.421227
        ]
      },
      "id": "node/4398575802"
    },
    {
      "type": "Feature",
      "properties": {
        "@id": "node/4411598790",
        "name": "School Education office",
        "name:en": "School Education office",
        "name:te": "స్కూల్ ఎడ్యుకేషన్ ఆఫీస్",
        "office": "government",
        "lat": 17.4075069,
        "lon": 78.4672319,
        "workforce_capacity": null
      },
      "geometry": {
        "type": "Point",
        "coordinates": [
          78.4672319,
          17.4075069
        ]
      },
      "id": "node/4411598790"
    },
    {
      "type": "Feature",
      "properties": {
        "@id": "node/4417134094",
        "name": "labour office",
        "name:en": "labour office",
        "office": "government",
        "lat": 17.4066085,
        "lon": 78.4941144,
        "workforce_capacity": null
      },
      "geometry": {
        "type": "Point",
        "coordinates": [
          78.4941144,
          17.4066085
        ]
      },
      "id": "node/4417134094"
    },
    {
      "type": "Feature",
      "properties": {
        "@id": "node/4432377891",
        "name": "Labour office",
        "name:en": "Labour office",
        "office": "government",
        "lat": 17.4065652,
        "lon": 78.4939756,
        "workforce_capacity": null
      },
      "geometry": {
        "type": "Point",
        "coordinates": [
          78.4939756,
          17.4065652
        ]
      },
      "id": "node/4432377891"
    },
    {
      "type": "Feature",
      "properties": {
        "@id": "node/4489829172",
        "addr:city": "Secunderabad",
        "addr:postcode": "500003",
        "addr:street": "2, Sarojini Devi Rd, Regimental Bazaar, Shivaji Nagar, Ranga Reddy,, Secunderabad,",
        "name": "United India Insurance Co. Ltd",
        "office": "insurance",
        "phone": "040 2784 2202",
        "lat": 17.4410628,
        "lon": 78.487327,
        "workforce_capacity": null
      },
      "geometry": {
        "type": "Point",
        "coordinates": [
          78.487327,
          17.4410628
        ]
      },
      "id": "node/4489829172"
    },
    {
      "type": "Feature",
      "properties": {
        "@id": "node/4515049365",
        "name": "airtel",
        "name:te": "ఎయిర్‌టెల్",
        "office": "telecommunication",
        "lat": 17.4581048,
        "lon": 78.3714858,
        "workforce_capacity": null
      },
      "geometry": {
        "type": "Point",
        "coordinates": [
          78.3714858,
          17.4581048
        ]
      },
      "id": "node/4515049365"
    },
    {
      "type": "Feature",
      "properties": {
        "@id": "node/4516712846",
        "name": "Process Weaver IT Academy",
        "name:te": "ప్రాసెస్ వీవర్ ఐటీ ఆకాడమీ",
        "office": "educational_institution",
        "lat": 17.4431156,
        "lon": 78.4484675,
        "workforce_capacity": null
      },
      "geometry": {
        "type": "Point",
        "coordinates": [
          78.4484675,
          17.4431156
        ]
      },
      "id": "node/4516712846"
    },
    {
      "type": "Feature",
      "properties": {
        "@id": "node/4516712847",
        "name": "Brilliant Grammar High School",
        "name:te": "బ్రిలియంట్ గ్రామల్ హై స్కూల్",
        "office": "educational_institution",
        "lat": 17.4435813,
        "lon": 78.4485399,
        "workforce_capacity": null
      },
      "geometry": {
        "type": "Point",
        "coordinates": [
          78.4485399,
          17.4435813
        ]
      },
      "id": "node/4516712847"
    },
    {
      "type": "Feature",
      "properties": {
        "@id": "node/4614088061",
        "name": "US Visa Finger Printing Centre",
        "office": "company",
        "lat": 17.4428605,
        "lon": 78.4767251,
        "workforce_capacity": null
      },
      "geometry": {
        "type": "Point",
        "coordinates": [
          78.4767251,
          17.4428605
        ]
      },
      "id": "node/4614088061"
    },
    {
      "type": "Feature",
      "properties": {
        "@id": "node/4614088066",
        "name": "Passport Seva Kendra Begumpet",
        "office": "government",
        "lat": 17.442327,
        "lon": 78.4755839,
        "workforce_capacity": null
      },
      "geometry": {
        "type": "Point",
        "coordinates": [
          78.4755839,
          17.442327
        ]
      },
      "id": "node/4614088066"
    },
    {
      "type": "Feature",
      "properties": {
        "@id": "node/4614310918",
        "name": "ICICI direct",
        "office": "financial",
        "lat": 17.4401909,
        "lon": 78.4817128,
        "workforce_capacity": null
      },
      "geometry": {
        "type": "Point",
        "coordinates": [
          78.4817128,
          17.4401909
        ]
      },
      "id": "node/4614310918"
    },
    {
      "type": "Feature",
      "properties": {
        "@id": "node/4644283716",
        "addr:block": "Wing B",
        "addr:city": "Hyderabad",
        "addr:postcode": "500081",
        "addr:street": "100 Feet Road, Silicon Valley, Madhapur",
        "level": "4",
        "name": "Option Matrix Infotech Private Limited.",
        "office": "company",
        "phone": "+91 40 64553464",
        "website": "https://optionmatrix.com/",
        "wheelchair": "limited",
        "lat": 17.4520758,
        "lon": 78.3934693,
        "workforce_capacity": null
      },
      "geometry": {
        "type": "Point",
        "coordinates": [
          78.3934693,
          17.4520758
        ]
      },
      "id": "node/4644283716"
    },
    {
      "type": "Feature",
      "properties": {
        "@id": "node/4655138592",
        "name": "Lb Nagar ward office",
        "name:en": "Lb Nagar ward office",
        "office": "government",
        "lat": 17.3496631,
        "lon": 78.5485416,
        "workforce_capacity": null
      },
      "geometry": {
        "type": "Point",
        "coordinates": [
          78.5485416,
          17.3496631
        ]
      },
      "id": "node/4655138592"
    },
    {
      "type": "Feature",
      "properties": {
        "@id": "node/4971663599",
        "name": "Bhashyam Public School",
        "office": "educational_institution",
        "lat": 17.3721266,
        "lon": 78.5243463,
        "workforce_capacity": null
      },
      "geometry": {
        "type": "Point",
        "coordinates": [
          78.5243463,
          17.3721266
        ]
      },
      "id": "node/4971663599"
    },
    {
      "type": "Feature",
      "properties": {
        "@id": "node/4971685617",
        "name": "Lotus Lap Public School",
        "office": "educational_institution",
        "lat": 17.3404148,
        "lon": 78.5227627,
        "workforce_capacity": null
      },
      "geometry": {
        "type": "Point",
        "coordinates": [
          78.5227627,
          17.3404148
        ]
      },
      "id": "node/4971685617"
    },
    {
      "type": "Feature",
      "properties": {
        "@id": "node/4997430621",
        "addr:postcode": "500045",
        "addr:street": "Yousufguda Police Lines (Street #4)",
        "name": "National Institute for Micro, Small and Medium Enterprises",
        "name:en": "National Institute for Micro, Small and Medium Enterprises",
        "name:hi": "National Institute for Micro, Small and Medium Enterprises",
        "office": "government",
        "opening_hours": "Mo-Fr 09:00-17:30",
        "phone": "+91 40 2360 8544",
        "website": "https://www.nimsme.org/",
        "lat": 17.4373649,
        "lon": 78.428041,
        "workforce_capacity": null
      },
      "geometry": {
        "type": "Point",
        "coordinates": [
          78.428041,
          17.4373649
        ]
      },
      "id": "node/4997430621"
    },
    {
      "type": "Feature",
      "properties": {
        "@id": "node/4997558521",
        "addr:postcode": "500045",
        "addr:street": "Yousufguda Police Lines (Street #4)",
        "name": "National Institute for Micro, Small and Medium Enterprises",
        "name:en": "National Institute for Micro, Small and Medium Enterprises",
        "name:hi": "NIMSME",
        "office": "government",
        "lat": 17.4373671,
        "lon": 78.428074,
        "workforce_capacity": null
      },
      "geometry": {
        "type": "Point",
        "coordinates": [
          78.428074,
          17.4373671
        ]
      },
      "id": "node/4997558521"
    },
    {
      "type": "Feature",
      "properties": {
        "@id": "node/5004970204",
        "addr:city": "Hyderabad",
        "addr:housenumber": "1-89/3/B/40-42/KS/101, First Floor, Krishe Sapphire",
        "addr:postcode": "500081",
        "addr:street": "Vittal Rao Nagar Madhapur,",
        "description": "McLean is a Professional Cleaning Services Provider based out of Hyderabad. McLean offers residential & commercial cleaning services Pan India",
        "name": "La McLean India Pvt. Ltd.",
        "office": "it",
        "phone": "7997951113",
        "website": "http://www.mclean.in",
        "lat": 17.4425427,
        "lon": 78.3871539,
        "workforce_capacity": null
      },
      "geometry": {
        "type": "Point",
        "coordinates": [
          78.3871539,
          17.4425427
        ]
      },
      "id": "node/5004970204"
    },
    {
      "type": "Feature",
      "properties": {
        "@id": "node/5016530325",
        "name": "انترنت كاظم",
        "name:ar": "انترنت كاظم",
        "name:en": "انترنت كاظم",
        "name:hi": "انترنت كاظم",
        "office": "telecommunication",
        "lat": 17.4125912,
        "lon": 78.4459793,
        "workforce_capacity": null
      },
      "geometry": {
        "type": "Point",
        "coordinates": [
          78.4459793,
          17.4125912
        ]
      },
      "id": "node/5016530325"
    },
    {
      "type": "Feature",
      "properties": {
        "@id": "node/5063437424",
        "check_date": "2024-05-16",
        "name": "Realpage",
        "name:en": "Realpage",
        "office": "company",
        "lat": 17.4369788,
        "lon": 78.3839777,
        "workforce_capacity": null
      },
      "geometry": {
        "type": "Point",
        "coordinates": [
          78.3839777,
          17.4369788
        ]
      },
      "id": "node/5063437424"
    },
    {
      "type": "Feature",
      "properties": {
        "@id": "node/5279742722",
        "name": "Administration office",
        "office": "government",
        "lat": 17.3692011,
        "lon": 78.3313363,
        "workforce_capacity": null
      },
      "geometry": {
        "type": "Point",
        "coordinates": [
          78.3313363,
          17.3692011
        ]
      },
      "id": "node/5279742722"
    },
    {
      "type": "Feature",
      "properties": {
        "@id": "node/5316360821",
        "name": "zoom technologies",
        "office": "educational_institution",
        "lat": 17.4370631,
        "lon": 78.4441247,
        "workforce_capacity": null
      },
      "geometry": {
        "type": "Point",
        "coordinates": [
          78.4441247,
          17.4370631
        ]
      },
      "id": "node/5316360821"
    },
    {
      "type": "Feature",
      "properties": {
        "@id": "node/5391687983",
        "addr:city": "Beside Centre for Good Governance, Greenlands colony, Gachibowli 'X'Roads,Rangareddy Dt.,",
        "addr:housenumber": "Survey No. 91",
        "addr:postcode": "Hyderabad – 500032",
        "addr:street": "Nehru Outer Ring Road",
        "elevator": "yes",
        "level": "1",
        "name": "Auto Rox",
        "office": "company",
        "opening_hours": "Mo-Sa 09:30-18:30",
        "smoking": "no",
        "website": "https://www.autorox.co/",
        "wheelchair": "yes",
        "lat": 17.4357959,
        "lon": 78.3600542,
        "workforce_capacity": null
      },
      "geometry": {
        "type": "Point",
        "coordinates": [
          78.3600542,
          17.4357959
        ]
      },
      "id": "node/5391687983"
    },
    {
      "type": "Feature",
      "properties": {
        "@id": "node/5392757277",
        "addr:city": "Beside Centre for Good Governance, Greenlands colony, Gachibowli 'X'Roads, Sherilingampally, Rangareddy Dt.,",
        "addr:housenumber": "Survey 91",
        "addr:postcode": "Hyderabad – 500032",
        "addr:street": "Sundarayya Vignana Kendram road",
        "name": "Perceptive Analytics Pvt. Ltd.",
        "office": "company",
        "opening_hours": "Mo-Fr 09:00-17:00",
        "phone": "040 2300 7292",
        "smoking": "outside",
        "website": "https://www.perceptive-analytics.com/",
        "wheelchair": "yes",
        "lat": 17.4358766,
        "lon": 78.3612831,
        "workforce_capacity": null
      },
      "geometry": {
        "type": "Point",
        "coordinates": [
          78.3612831,
          17.4358766
        ]
      },
      "id": "node/5392757277"
    },
    {
      "type": "Feature",
      "properties": {
        "@id": "node/5405036289",
        "name": "Dadasaheb phalke school of film studios",
        "name:te": "దాదా సాహెబ్ ఫాల్కె స్కూల్ ఆఫ్ ఫిల్మ్ స్టూడియోస్",
        "office": "educational_institution",
        "lat": 17.4360679,
        "lon": 78.3602798,
        "workforce_capacity": null
      },
      "geometry": {
        "type": "Point",
        "coordinates": [
          78.3602798,
          17.4360679
        ]
      },
      "id": "node/5405036289"
    },
    {
      "type": "Feature",
      "properties": {
        "@id": "node/5405045516",
        "name": "Celebrity prime developers",
        "office": "company",
        "lat": 17.437031,
        "lon": 78.3662649,
        "workforce_capacity": null
      },
      "geometry": {
        "type": "Point",
        "coordinates": [
          78.3662649,
          17.437031
        ]
      },
      "id": "node/5405045516"
    },
    {
      "type": "Feature",
      "properties": {
        "@id": "node/5405054114",
        "name": "iTech Manage",
        "office": "educational_institution",
        "lat": 17.4370167,
        "lon": 78.366257,
        "workforce_capacity": null
      },
      "geometry": {
        "type": "Point",
        "coordinates": [
          78.366257,
          17.4370167
        ]
      },
      "id": "node/5405054114"
    },
    {
      "type": "Feature",
      "properties": {
        "@id": "node/5405054242",
        "name": "JNIBF",
        "office": "educational_institution",
        "lat": 17.444758,
        "lon": 78.3529286,
        "workforce_capacity": null
      },
      "geometry": {
        "type": "Point",
        "coordinates": [
          78.3529286,
          17.444758
        ]
      },
      "id": "node/5405054242"
    },
    {
      "type": "Feature",
      "properties": {
        "@id": "node/5405055353",
        "name": "Kumon Maths and English",
        "office": "educational_institution",
        "lat": 17.437065,
        "lon": 78.3663684,
        "workforce_capacity": null
      },
      "geometry": {
        "type": "Point",
        "coordinates": [
          78.3663684,
          17.437065
        ]
      },
      "id": "node/5405055353"
    },
    {
      "type": "Feature",
      "properties": {
        "@id": "node/5405055429",
        "name": "DLF park",
        "office": "it",
        "lat": 17.4475097,
        "lon": 78.3549186,
        "workforce_capacity": null
      },
      "geometry": {
        "type": "Point",
        "coordinates": [
          78.3549186,
          17.4475097
        ]
      },
      "id": "node/5405055429"
    },
    {
      "type": "Feature",
      "properties": {
        "@id": "node/5405056140",
        "addr:housenumber": "Regional telangana centre",
        "name": "NATFM",
        "office": "educational_institution",
        "lat": 17.4363271,
        "lon": 78.3658728,
        "workforce_capacity": null
      },
      "geometry": {
        "type": "Point",
        "coordinates": [
          78.3658728,
          17.4363271
        ]
      },
      "id": "node/5405056140"
    },
    {
      "type": "Feature",
      "properties": {
        "@id": "node/5405056435",
        "name": "Centre of good governance",
        "office": "government",
        "lat": 17.4367923,
        "lon": 78.3618941,
        "workforce_capacity": null
      },
      "geometry": {
        "type": "Point",
        "coordinates": [
          78.3618941,
          17.4367923
        ]
      },
      "id": "node/5405056435"
    },
    {
      "type": "Feature",
      "properties": {
        "@id": "node/5405059614",
        "name": "Dymes engineers pvt ltd",
        "office": "company",
        "lat": 17.4458015,
        "lon": 78.3629119,
        "workforce_capacity": null
      },
      "geometry": {
        "type": "Point",
        "coordinates": [
          78.3629119,
          17.4458015
        ]
      },
      "id": "node/5405059614"
    },
    {
      "type": "Feature",
      "properties": {
        "@id": "node/5405059618",
        "description": "we mean business",
        "name": "The platina",
        "office": "company",
        "lat": 17.4483523,
        "lon": 78.3631298,
        "workforce_capacity": null
      },
      "geometry": {
        "type": "Point",
        "coordinates": [
          78.3631298,
          17.4483523
        ]
      },
      "id": "node/5405059618"
    },
    {
      "type": "Feature",
      "properties": {
        "@id": "node/5469029529",
        "addr:city": "Beside Centre for Good Governance, Greenlands colony, Gachibowli 'X'Roads, Sherilingampally, Rangareddy Dt.,",
        "addr:housenumber": "Sy. No. 91",
        "addr:postcode": "Hyderabad – 500032",
        "addr:street": "Nehru Outer Ring Road",
        "description": "స్వేచ్ఛా సాఫ్ట్‌వేర్‌ ఉద్యమం వ్యాప్తికై పని చేస్తున్న లాభాపేక్ష లేని సంస్థ. Nonprofit organization working to build free software movement in Telugu states.",
        "designation": "FSMI",
        "email": "contact@swecha.org",
        "name": "Swecha Office",
        "name:te": "స్వేచ్ఛ కార్యాలయం",
        "office": "ngo",
        "opening_hours": "24/7",
        "phone": "04023001263",
        "smoking": "no",
        "toilets": "yes",
        "website": "www.swecha.org",
        "wheelchair": "no",
        "wikidata": "Q19898553",
        "wikimedia_commons": "Category:Swecha",
        "wikipedia": "en:Swecha",
        "lat": 17.4359743,
        "lon": 78.3604038,
        "workforce_capacity": null
      },
      "geometry": {
        "type": "Point",
        "coordinates": [
          78.3604038,
          17.4359743
        ]
      },
      "id": "node/5469029529"
    },
    {
      "type": "Feature",
      "properties": {
        "@id": "node/5498008714",
        "addr:city": "Secunderabad",
        "addr:housenumber": "Radiant Consumer Appliances Pvt. Ltd,Plot No.4, Tulip,",
        "addr:postcode": "500009",
        "addr:street": "Kharkhana road",
        "description": "brand for Tea and Coffee Vending machines.",
        "fixme": "Housesnumber tag looks suspicious",
        "name": "Cafe Desire",
        "office": "company",
        "phone": "+91 7893644300",
        "lat": 17.458544,
        "lon": 78.5003006,
        "workforce_capacity": null
      },
      "geometry": {
        "type": "Point",
        "coordinates": [
          78.5003006,
          17.458544
        ]
      },
      "id": "node/5498008714"
    },
    {
      "type": "Feature",
      "properties": {
        "@id": "node/5578115622",
        "name": "Murthy & Manyam , Architect and Engineers",
        "office": "company",
        "lat": 17.4127855,
        "lon": 78.4516075,
        "workforce_capacity": null
      },
      "geometry": {
        "type": "Point",
        "coordinates": [
          78.4516075,
          17.4127855
        ]
      },
      "id": "node/5578115622"
    },
    {
      "type": "Feature",
      "properties": {
        "@id": "node/5578115624",
        "name": "Hyderabad water and sewage works",
        "office": "government",
        "lat": 17.4076063,
        "lon": 78.4513454,
        "workforce_capacity": null
      },
      "geometry": {
        "type": "Point",
        "coordinates": [
          78.4513454,
          17.4076063
        ]
      },
      "id": "node/5578115624"
    },
    {
      "type": "Feature",
      "properties": {
        "@id": "node/5578115625",
        "name": "NBARD",
        "office": "government",
        "lat": 17.4042428,
        "lon": 78.4528238,
        "workforce_capacity": null
      },
      "geometry": {
        "type": "Point",
        "coordinates": [
          78.4528238,
          17.4042428
        ]
      },
      "id": "node/5578115625"
    },
    {
      "type": "Feature",
      "properties": {
        "@id": "node/5596259555",
        "building": "yes",
        "name": "NSL Arena Towers;IKS health care",
        "office": "company",
        "lat": 17.4020926,
        "lon": 78.5461114,
        "workforce_capacity": null
      },
      "geometry": {
        "type": "Point",
        "coordinates": [
          78.5461114,
          17.4020926
        ]
      },
      "id": "node/5596259555"
    },
    {
      "type": "Feature",
      "properties": {
        "@id": "node/5623801355",
        "name": "Mahendras coaching center",
        "office": "educational_institution",
        "lat": 17.4384487,
        "lon": 78.4423354,
        "workforce_capacity": null
      },
      "geometry": {
        "type": "Point",
        "coordinates": [
          78.4423354,
          17.4384487
        ]
      },
      "id": "node/5623801355"
    },
    {
      "type": "Feature",
      "properties": {
        "@id": "node/5625684528",
        "name": "Time classes",
        "office": "educational_institution",
        "lat": 17.3917666,
        "lon": 78.4373652,
        "workforce_capacity": null
      },
      "geometry": {
        "type": "Point",
        "coordinates": [
          78.4373652,
          17.3917666
        ]
      },
      "id": "node/5625684528"
    },
    {
      "type": "Feature",
      "properties": {
        "@id": "node/5646829923",
        "addr:housenumber": "564/a 39",
        "addr:street": "Road Number 92",
        "name": "planon",
        "name:en": "Planon software",
        "name:nl": "Planon software",
        "office": "company",
        "website": "https://planonsoftware.com/",
        "lat": 17.4147627,
        "lon": 78.4220808,
        "workforce_capacity": null
      },
      "geometry": {
        "type": "Point",
        "coordinates": [
          78.4220808,
          17.4147627
        ]
      },
      "id": "node/5646829923"
    },
    {
      "type": "Feature",
      "properties": {
        "@id": "node/5778805029",
        "addr:city": "Hyderabad",
        "addr:housenumber": "Flat No: 502, PS Residency",
        "addr:postcode": "500081",
        "addr:street": "Jai Hind Gandhi Rd, VIP Hills, Jaihind Enclave, Madhapur",
        "name": "InventBird Pvt Ltd",
        "office": "company",
        "opening_hours": "Mo-Sa 10:00-18:00",
        "lat": 17.4489606,
        "lon": 78.3875732,
        "workforce_capacity": null
      },
      "geometry": {
        "type": "Point",
        "coordinates": [
          78.3875732,
          17.4489606
        ]
      },
      "id": "node/5778805029"
    },
    {
      "type": "Feature",
      "properties": {
        "@id": "node/5795180952",
        "addr:city": "hyderabad",
        "addr:housenumber": "1-80/40/SP/58-65",
        "addr:postcode": "500081",
        "addr:street": "Shilpa Homes Layout",
        "name": "KMC",
        "office": "employment_agency",
        "opening_hours": "Mo-Sa 08:00-18:00",
        "lat": 17.4432649,
        "lon": 78.3728016,
        "workforce_capacity": null
      },
      "geometry": {
        "type": "Point",
        "coordinates": [
          78.3728016,
          17.4432649
        ]
      },
      "id": "node/5795180952"
    },
    {
      "type": "Feature",
      "properties": {
        "@id": "node/5795182353",
        "addr:city": "hyderabad",
        "addr:housenumber": "1-80/40/SP/58-65",
        "addr:postcode": "500081",
        "addr:street": "Shilpa Homes Layout, Gachibowli",
        "name": "Equiphunt",
        "office": "employment_agency",
        "opening_hours": "Mo-Sa 08:00-18:00",
        "lat": 17.4430858,
        "lon": 78.3728928,
        "workforce_capacity": null
      },
      "geometry": {
        "type": "Point",
        "coordinates": [
          78.3728928,
          17.4430858
        ]
      },
      "id": "node/5795182353"
    },
    {
      "type": "Feature",
      "properties": {
        "@id": "node/5835835110",
        "addr:street": "Image Garden Road",
        "name": "Finbot Pvt Ltd",
        "name:en": "R. R Empire",
        "office": "company",
        "opening_hours": "Mo-Sa 09:30-18:30",
        "tourism": "apartment",
        "lat": 17.4498634,
        "lon": 78.3861471,
        "workforce_capacity": null
      },
      "geometry": {
        "type": "Point",
        "coordinates": [
          78.3861471,
          17.4498634
        ]
      },
      "id": "node/5835835110"
    },
    {
      "type": "Feature",
      "properties": {
        "@id": "node/5892276135",
        "name": "RTA Telangana, Secunderabad",
        "office": "government",
        "opening_hours": "Mo-Sa 10:00-17:00",
        "smoking": "no",
        "lat": 17.4679044,
        "lon": 78.5056556,
        "workforce_capacity": null
      },
      "geometry": {
        "type": "Point",
        "coordinates": [
          78.5056556,
          17.4679044
        ]
      },
      "id": "node/5892276135"
    },
    {
      "type": "Feature",
      "properties": {
        "@id": "node/5915115202",
        "addr:city": "Hyderabad",
        "addr:housenumber": "103",
        "addr:postcode": "500 033",
        "addr:street": "First Floor, Newmark House, Opp. Maxcure Hospital, Hitech City Road, Patrika Nagar,",
        "level": "1",
        "name": "CLOwork",
        "office": "yes",
        "phone": "+91 99851 90004",
        "website": "https://www.colaborate.in/",
        "lat": 17.4468394,
        "lon": 78.3809548,
        "workforce_capacity": null
      },
      "geometry": {
        "type": "Point",
        "coordinates": [
          78.3809548,
          17.4468394
        ]
      },
      "id": "node/5915115202"
    },
    {
      "type": "Feature",
      "properties": {
        "@id": "node/5942783246",
        "name": "Muthoot Finance",
        "office": "insurance",
        "lat": 17.4460653,
        "lon": 78.3861403,
        "workforce_capacity": null
      },
      "geometry": {
        "type": "Point",
        "coordinates": [
          78.3861403,
          17.4460653
        ]
      },
      "id": "node/5942783246"
    },
    {
      "type": "Feature",
      "properties": {
        "@id": "node/5957505785",
        "name": "Bajaj Housing Finance Ltd",
        "office": "company",
        "lat": 17.4451334,
        "lon": 78.3866244,
        "workforce_capacity": null
      },
      "geometry": {
        "type": "Point",
        "coordinates": [
          78.3866244,
          17.4451334
        ]
      },
      "id": "node/5957505785"
    },
    {
      "type": "Feature",
      "properties": {
        "@id": "node/6087170485",
        "name": "centre for sustainable agriculture (CSA)",
        "office": "ngo",
        "lat": 17.4267187,
        "lon": 78.540085,
        "workforce_capacity": null
      },
      "geometry": {
        "type": "Point",
        "coordinates": [
          78.540085,
          17.4267187
        ]
      },
      "id": "node/6087170485"
    },
    {
      "type": "Feature",
      "properties": {
        "@id": "node/6115279982",
        "addr:city": "Hyderabad",
        "addr:postcode": "500034",
        "addr:street": "Road Number 1, Banjara Hills",
        "name": "Pramati Technologies Pvt. Ltd.",
        "office": "it",
        "opening_hours": "Mo-Fr 09:00-18:00",
        "website": "https://www.pramati.com/",
        "lat": 17.4233406,
        "lon": 78.4493438,
        "workforce_capacity": null
      },
      "geometry": {
        "type": "Point",
        "coordinates": [
          78.4493438,
          17.4233406
        ]
      },
      "id": "node/6115279982"
    },
    {
      "type": "Feature",
      "properties": {
        "@id": "node/6161311486",
        "name": "TechMahindra SEZ",
        "office": "company",
        "website": "https://techmahindra.com/",
        "lat": 17.4516662,
        "lon": 78.3726007,
        "workforce_capacity": null
      },
      "geometry": {
        "type": "Point",
        "coordinates": [
          78.3726007,
          17.4516662
        ]
      },
      "id": "node/6161311486"
    },
    {
      "type": "Feature",
      "properties": {
        "@id": "node/6161344386",
        "name": "TechMahindra Infocity",
        "office": "company",
        "lat": 17.4532589,
        "lon": 78.3716982,
        "workforce_capacity": null
      },
      "geometry": {
        "type": "Point",
        "coordinates": [
          78.3716982,
          17.4532589
        ]
      },
      "id": "node/6161344386"
    },
    {
      "type": "Feature",
      "properties": {
        "@id": "node/6187870085",
        "name": "Srinivas Rao Guptha",
        "office": "lawyer",
        "opening_hours": "Mo-Sa 09:00-20:00",
        "phone": "9346444418",
        "lat": 17.394836,
        "lon": 78.4655652,
        "workforce_capacity": null
      },
      "geometry": {
        "type": "Point",
        "coordinates": [
          78.4655652,
          17.394836
        ]
      },
      "id": "node/6187870085"
    },
    {
      "type": "Feature",
      "properties": {
        "@id": "node/6191414048",
        "amenity": "office",
        "atm": "yes",
        "name": "Ashwaadha",
        "office": "company",
        "opening_hours": "24/7",
        "lat": 17.4415754,
        "lon": 78.3878126,
        "workforce_capacity": null
      },
      "geometry": {
        "type": "Point",
        "coordinates": [
          78.3878126,
          17.4415754
        ]
      },
      "id": "node/6191414048"
    },
    {
      "type": "Feature",
      "properties": {
        "@id": "node/6208399485",
        "name": "Sharp Detective & Security Services",
        "office": "company",
        "lat": 17.4025757,
        "lon": 78.4616176,
        "workforce_capacity": null
      },
      "geometry": {
        "type": "Point",
        "coordinates": [
          78.4616176,
          17.4025757
        ]
      },
      "id": "node/6208399485"
    },
    {
      "type": "Feature",
      "properties": {
        "@id": "node/6218846185",
        "addr:street": "Road No 12",
        "name": "Pragathi Industries",
        "office": "company",
        "lat": 17.4082678,
        "lon": 78.4493371,
        "workforce_capacity": null
      },
      "geometry": {
        "type": "Point",
        "coordinates": [
          78.4493371,
          17.4082678
        ]
      },
      "id": "node/6218846185"
    },
    {
      "type": "Feature",
      "properties": {
        "@id": "node/6220440487",
        "name": "Max Bhupa Insurance",
        "office": "insurance",
        "lat": 17.4063029,
        "lon": 78.4512495,
        "workforce_capacity": null
      },
      "geometry": {
        "type": "Point",
        "coordinates": [
          78.4512495,
          17.4063029
        ]
      },
      "id": "node/6220440487"
    },
    {
      "type": "Feature",
      "properties": {
        "@id": "node/6257475386",
        "brand": "Google",
        "brand:wikidata": "Q95",
        "name": "Google",
        "name:te": "గూగుల్ ఇండియా ప్రైవేట్ లిమిటెడ్",
        "office": "company",
        "lat": 17.4582927,
        "lon": 78.3722726,
        "workforce_capacity": null
      },
      "geometry": {
        "type": "Point",
        "coordinates": [
          78.3722726,
          17.4582927
        ]
      },
      "id": "node/6257475386"
    },
    {
      "type": "Feature",
      "properties": {
        "@id": "node/6269697285",
        "name": "India Post",
        "office": "government",
        "lat": 17.4925222,
        "lon": 78.3966663,
        "workforce_capacity": null
      },
      "geometry": {
        "type": "Point",
        "coordinates": [
          78.3966663,
          17.4925222
        ]
      },
      "id": "node/6269697285"
    },
    {
      "type": "Feature",
      "properties": {
        "@id": "node/6288921960",
        "check_date": "2024-03-16",
        "name": "eSKAR Technologies",
        "office": "it",
        "lat": 17.4875728,
        "lon": 78.3949419,
        "workforce_capacity": null
      },
      "geometry": {
        "type": "Point",
        "coordinates": [
          78.3949419,
          17.4875728
        ]
      },
      "id": "node/6288921960"
    },
    {
      "type": "Feature",
      "properties": {
        "@id": "node/6370742496",
        "addr:city": "hyderabad",
        "name": "pixxel arts",
        "office": "educational_institution",
        "lat": 17.4371666,
        "lon": 78.4456436,
        "workforce_capacity": null
      },
      "geometry": {
        "type": "Point",
        "coordinates": [
          78.4456436,
          17.4371666
        ]
      },
      "id": "node/6370742496"
    },
    {
      "type": "Feature",
      "properties": {
        "@id": "node/6372305890",
        "addr:city": "hyderabad",
        "addr:housenumber": "kothapet",
        "addr:postcode": "500035",
        "addr:street": "new maruthi nagar",
        "name": "krishnaveni talent school",
        "office": "educational_institution",
        "lat": 17.3764207,
        "lon": 78.5409758,
        "workforce_capacity": null
      },
      "geometry": {
        "type": "Point",
        "coordinates": [
          78.5409758,
          17.3764207
        ]
      },
      "id": "node/6372305890"
    },
    {
      "type": "Feature",
      "properties": {
        "@id": "node/6372327933",
        "addr:city": "hyderabad",
        "addr:housenumber": "kothapet",
        "addr:postcode": "500035",
        "addr:street": "satya nagar",
        "name": "oakwood international school",
        "office": "educational_institution",
        "lat": 17.3809737,
        "lon": 78.5430959,
        "workforce_capacity": null
      },
      "geometry": {
        "type": "Point",
        "coordinates": [
          78.5430959,
          17.3809737
        ]
      },
      "id": "node/6372327933"
    },
    {
      "type": "Feature",
      "properties": {
        "@id": "node/6372451306",
        "addr:city": "hyderabad",
        "addr:postcode": "500035",
        "addr:street": "New Nagole Main Road",
        "name": "bachpan play school",
        "office": "educational_institution",
        "lat": 17.3731416,
        "lon": 78.5469734,
        "workforce_capacity": null
      },
      "geometry": {
        "type": "Point",
        "coordinates": [
          78.5469734,
          17.3731416
        ]
      },
      "id": "node/6372451306"
    },
    {
      "type": "Feature",
      "properties": {
        "@id": "node/6427367858",
        "addr:city": "Hyderabad",
        "addr:housenumber": "107/P",
        "addr:postcode": "500075",
        "addr:street": "Kokapet SEZ",
        "floor": "3-7",
        "name": "GAR Infobahn - Inspired by Laxmi",
        "office": "yes",
        "website": "https://garinfobahn.com/",
        "lat": 17.4041955,
        "lon": 78.3306916,
        "workforce_capacity": null
      },
      "geometry": {
        "type": "Point",
        "coordinates": [
          78.3306916,
          17.4041955
        ]
      },
      "id": "node/6427367858"
    },
    {
      "type": "Feature",
      "properties": {
        "@id": "node/6427367866",
        "name": "Capgemini",
        "office": "company",
        "lat": 17.403681,
        "lon": 78.3303585,
        "workforce_capacity": null
      },
      "geometry": {
        "type": "Point",
        "coordinates": [
          78.3303585,
          17.403681
        ]
      },
      "id": "node/6427367866"
    },
    {
      "type": "Feature",
      "properties": {
        "@id": "node/6427367873",
        "floor": "2-3",
        "name": "ZF India ITC U2",
        "office": "company",
        "lat": 17.4039538,
        "lon": 78.3313926,
        "workforce_capacity": null
      },
      "geometry": {
        "type": "Point",
        "coordinates": [
          78.3313926,
          17.4039538
        ]
      },
      "id": "node/6427367873"
    },
    {
      "type": "Feature",
      "properties": {
        "@id": "node/6427367875",
        "floor": "8-9",
        "name": "Legato",
        "office": "company",
        "lat": 17.4042498,
        "lon": 78.3304053,
        "workforce_capacity": null
      },
      "geometry": {
        "type": "Point",
        "coordinates": [
          78.3304053,
          17.4042498
        ]
      },
      "id": "node/6427367875"
    },
    {
      "type": "Feature",
      "properties": {
        "@id": "node/6429440385",
        "addr:street": "kukatpally road",
        "name": "Airtel",
        "office": "telecommunication",
        "lat": 17.4828222,
        "lon": 78.4137685,
        "workforce_capacity": null
      },
      "geometry": {
        "type": "Point",
        "coordinates": [
          78.4137685,
          17.4828222
        ]
      },
      "id": "node/6429440385"
    },
    {
      "type": "Feature",
      "properties": {
        "@id": "node/6477254806",
        "addr:city": "Hyderabad",
        "addr:housenumber": "1-3-183/40/57/1",
        "addr:postcode": "500080",
        "addr:street": "Opp: Med Plus, Gandhinagar Main Road, Kavadiguda",
        "contact:phone": "9397974748",
        "contact:website": "https://www.vintechcomputers.com",
        "description": "Computer and Laptop Repair Service Company.",
        "name": "Vintech Computers",
        "office": "company",
        "lat": 17.4167129,
        "lon": 78.4883365,
        "workforce_capacity": null
      },
      "geometry": {
        "type": "Point",
        "coordinates": [
          78.4883365,
          17.4167129
        ]
      },
      "id": "node/6477254806"
    },
    {
      "type": "Feature",
      "properties": {
        "@id": "node/6501447999",
        "addr:city": "Hyderabad",
        "addr:housenumber": "HIG B166",
        "addr:postcode": "500032",
        "addr:street": "APHB Colony,Phase-IV,Gachibowli,",
        "description": "Interior decoration & designing service providers.",
        "email": "jrdiipl@gmail.com",
        "internet_access": "wlan",
        "level": "3",
        "name": "JRD Interiors India Private Limited",
        "office": "company",
        "opening_hours": "Mo-Sa 09:00-18:00",
        "phone": "9182172167",
        "website": "https://www.jrdinteriors.com/",
        "wheelchair": "limited",
        "lat": 17.4479993,
        "lon": 78.3599578,
        "workforce_capacity": null
      },
      "geometry": {
        "type": "Point",
        "coordinates": [
          78.3599578,
          17.4479993
        ]
      },
      "id": "node/6501447999"
    },
    {
      "type": "Feature",
      "properties": {
        "@id": "node/6554645160",
        "addr:city": "Hyderabad",
        "addr:postcode": "500082",
        "addr:street": "Villa Marry College Road",
        "name": "L&T Construction",
        "office": "company",
        "lat": 17.4210733,
        "lon": 78.4591802,
        "workforce_capacity": null
      },
      "geometry": {
        "type": "Point",
        "coordinates": [
          78.4591802,
          17.4210733
        ]
      },
      "id": "node/6554645160"
    },
    {
      "type": "Feature",
      "properties": {
        "@id": "node/6567623609",
        "addr:city": "Sanjeeva Reddy Nagar, Hyderabad",
        "addr:housenumber": "1st Floor",
        "addr:postcode": "500038",
        "addr:street": "7B, BK Guda Internal Rd, Scientific Colony, BK Guda",
        "description": "To introduce technology into the classes with an aim of innovation as the outcome.",
        "email": "qkonceptlearning@gmail.com",
        "name": "Qkoncept Learning",
        "office": "educational_institution",
        "opening_hours": "Mo-Fr 09:00-17:00",
        "phone": "+91 90000 08592",
        "website": "http://qkonceptlearning.com",
        "lat": 17.446984,
        "lon": 78.4473046,
        "workforce_capacity": null
      },
      "geometry": {
        "type": "Point",
        "coordinates": [
          78.4473046,
          17.446984
        ]
      },
      "id": "node/6567623609"
    },
    {
      "type": "Feature",
      "properties": {
        "@id": "node/6585739364",
        "air_conditioning": "yes",
        "check_date:opening_hours": "2021-10-24",
        "internet_access": "wlan",
        "level": "3,4",
        "name": "ThoughtWorks India Pvt. Ltd.",
        "office": "company",
        "opening_hours": "Mo-Fr 09:00-18:00",
        "smoking": "no",
        "wheelchair": "yes",
        "lat": 17.4429219,
        "lon": 78.3572916,
        "workforce_capacity": null
      },
      "geometry": {
        "type": "Point",
        "coordinates": [
          78.3572916,
          17.4429219
        ]
      },
      "id": "node/6585739364"
    },
    {
      "type": "Feature",
      "properties": {
        "@id": "node/6633198227",
        "name": "Delta Technologies & Management Pvt Ltd",
        "office": "it",
        "lat": 17.438977,
        "lon": 78.3867579,
        "workforce_capacity": null
      },
      "geometry": {
        "type": "Point",
        "coordinates": [
          78.3867579,
          17.438977
        ]
      },
      "id": "node/6633198227"
    },
    {
      "type": "Feature",
      "properties": {
        "@id": "node/6633206571",
        "name": "RCV Towers",
        "office": "yes",
        "lat": 17.447149,
        "lon": 78.3787499,
        "workforce_capacity": null
      },
      "geometry": {
        "type": "Point",
        "coordinates": [
          78.3787499,
          17.447149
        ]
      },
      "id": "node/6633206571"
    },
    {
      "type": "Feature",
      "properties": {
        "@id": "node/6652615387",
        "name": "Commissioner of Printing, Stationary and Store Purchases",
        "office": "government",
        "lat": 17.3667482,
        "lon": 78.5021881,
        "workforce_capacity": null
      },
      "geometry": {
        "type": "Point",
        "coordinates": [
          78.5021881,
          17.3667482
        ]
      },
      "id": "node/6652615387"
    },
    {
      "type": "Feature",
      "properties": {
        "@id": "node/6652824886",
        "name": "Wajid & Associates Interior Design",
        "name:te": "వాజిద్ & అసోసీయేట్స్ ఇంటీరియర్ డిసైన్",
        "office": "company",
        "lat": 17.3808018,
        "lon": 78.4919155,
        "workforce_capacity": null
      },
      "geometry": {
        "type": "Point",
        "coordinates": [
          78.4919155,
          17.3808018
        ]
      },
      "id": "node/6652824886"
    },
    {
      "type": "Feature",
      "properties": {
        "@id": "node/6667973185",
        "addr:housenumber": "C14",
        "addr:postcode": "500072",
        "addr:street": "Road Number 1",
        "check_date": "2024-03-16",
        "name": "Mythriis Consulting Private Limited",
        "office": "company",
        "lat": 17.4878216,
        "lon": 78.4001015,
        "workforce_capacity": null
      },
      "geometry": {
        "type": "Point",
        "coordinates": [
          78.4001015,
          17.4878216
        ]
      },
      "id": "node/6667973185"
    },
    {
      "type": "Feature",
      "properties": {
        "@id": "node/6684817718",
        "addr:city": "Hyderabad",
        "addr:housename": "Annapoorna Block",
        "addr:housenumber": "302",
        "addr:postcode": "500018",
        "addr:street": "Amderpet",
        "alt_name": "Stock Market Training Hyderabad",
        "building:levels": "6",
        "designation": "Stock Market Training",
        "int_name": "RCP Technologies",
        "name": "AS Chakravarthy NCFM Academy",
        "note": "Demo on Sunday 10AM",
        "office": "financial",
        "opening_hours": "Mo-Su 09:00-20:00",
        "phone": "+91 9848960767",
        "source": "http://ncfmacademyhyderabad.in/advanced-technical-analysis-course/",
        "wheelchair": "no",
        "lat": 17.4365973,
        "lon": 78.4447581,
        "workforce_capacity": null
      },
      "geometry": {
        "type": "Point",
        "coordinates": [
          78.4447581,
          17.4365973
        ]
      },
      "id": "node/6684817718"
    },
    {
      "type": "Feature",
      "properties": {
        "@id": "node/6768700085",
        "addr:city": "Hyderabad",
        "addr:housenumber": "1-8-301-306, 3rd Floor, Ashoka My Home Chamber",
        "addr:postcode": "500003",
        "addr:street": "Sardar Patel Road",
        "name": "Satven - Satyam Venture Engineering Services",
        "office": "company",
        "lat": 17.4422555,
        "lon": 78.4802531,
        "workforce_capacity": null
      },
      "geometry": {
        "type": "Point",
        "coordinates": [
          78.4802531,
          17.4422555
        ]
      },
      "id": "node/6768700085"
    },
    {
      "type": "Feature",
      "properties": {
        "@id": "node/6776141475",
        "name": "Visu Academy Tarnaka",
        "office": "educational_institution",
        "lat": 17.4250673,
        "lon": 78.5353052,
        "workforce_capacity": null
      },
      "geometry": {
        "type": "Point",
        "coordinates": [
          78.5353052,
          17.4250673
        ]
      },
      "id": "node/6776141475"
    },
    {
      "type": "Feature",
      "properties": {
        "@id": "node/6776351525",
        "name": "Muthoot Fincorp",
        "office": "financial",
        "lat": 17.422262,
        "lon": 78.516793,
        "workforce_capacity": null
      },
      "geometry": {
        "type": "Point",
        "coordinates": [
          78.516793,
          17.422262
        ]
      },
      "id": "node/6776351525"
    },
    {
      "type": "Feature",
      "properties": {
        "@id": "node/6822126543",
        "amenity": "police",
        "contact:phone": "91 40 2785 3776; 91 9490616084",
        "government": "public_service",
        "name": "Kachiguda Traffic Police Station",
        "office": "government",
        "operator": "Hyderbad City Police",
        "source": "survey",
        "website": "https://www.htp.gov.in/TrafficKachiguda/index.html",
        "lat": 17.382365,
        "lon": 78.493562,
        "workforce_capacity": null
      },
      "geometry": {
        "type": "Point",
        "coordinates": [
          78.493562,
          17.382365
        ]
      },
      "id": "node/6822126543"
    },
    {
      "type": "Feature",
      "properties": {
        "@id": "node/6829520560",
        "addr:street": "Gachibowli",
        "name": "krishnalLogic Technologies",
        "office": "company",
        "opening_hours": "Mo-Fr 09:00-18:00",
        "lat": 17.4472389,
        "lon": 78.3556236,
        "workforce_capacity": null
      },
      "geometry": {
        "type": "Point",
        "coordinates": [
          78.3556236,
          17.4472389
        ]
      },
      "id": "node/6829520560"
    },
    {
      "type": "Feature",
      "properties": {
        "@id": "node/6847914738",
        "name": "Cloudtree Technologies",
        "office": "company",
        "source": "survey",
        "lat": 17.4436864,
        "lon": 78.4349322,
        "workforce_capacity": null
      },
      "geometry": {
        "type": "Point",
        "coordinates": [
          78.4349322,
          17.4436864
        ]
      },
      "id": "node/6847914738"
    },
    {
      "type": "Feature",
      "properties": {
        "@id": "node/6847914839",
        "name": "EMECS ENGINREERS",
        "office": "company",
        "source": "survey",
        "lat": 17.446917,
        "lon": 78.444504,
        "workforce_capacity": null
      },
      "geometry": {
        "type": "Point",
        "coordinates": [
          78.444504,
          17.446917
        ]
      },
      "id": "node/6847914839"
    },
    {
      "type": "Feature",
      "properties": {
        "@id": "node/6850830196",
        "check_date": "2024-03-16",
        "name": "MeeSeva Center",
        "office": "government",
        "source": "survey",
        "lat": 17.4883877,
        "lon": 78.3965836,
        "workforce_capacity": null
      },
      "geometry": {
        "type": "Point",
        "coordinates": [
          78.3965836,
          17.4883877
        ]
      },
      "id": "node/6850830196"
    },
    {
      "type": "Feature",
      "properties": {
        "@id": "node/6850830275",
        "name": "DTDC Delivering value",
        "office": "courier",
        "source": "survey",
        "lat": 17.4421833,
        "lon": 78.4402528,
        "workforce_capacity": null
      },
      "geometry": {
        "type": "Point",
        "coordinates": [
          78.4402528,
          17.4421833
        ]
      },
      "id": "node/6850830275"
    },
    {
      "type": "Feature",
      "properties": {
        "@id": "node/6866164613",
        "name": "Trigeo Technologies",
        "office": "it",
        "lat": 17.4516375,
        "lon": 78.3921952,
        "workforce_capacity": null
      },
      "geometry": {
        "type": "Point",
        "coordinates": [
          78.3921952,
          17.4516375
        ]
      },
      "id": "node/6866164613"
    },
    {
      "type": "Feature",
      "properties": {
        "@id": "node/6866164616",
        "name": "Trigeo Technologies",
        "office": "it",
        "lat": 17.4505892,
        "lon": 78.3929537,
        "workforce_capacity": null
      },
      "geometry": {
        "type": "Point",
        "coordinates": [
          78.3929537,
          17.4505892
        ]
      },
      "id": "node/6866164616"
    },
    {
      "type": "Feature",
      "properties": {
        "@id": "node/6868660403",
        "addr:city": "hyderabad",
        "addr:postcode": "500018",
        "addr:street": "mothi nagar",
        "name": "NALANDA HIGH SCHOOL",
        "office": "educational_institution",
        "lat": 17.455291,
        "lon": 78.4222402,
        "workforce_capacity": null
      },
      "geometry": {
        "type": "Point",
        "coordinates": [
          78.4222402,
          17.455291
        ]
      },
      "id": "node/6868660403"
    },
    {
      "type": "Feature",
      "properties": {
        "@id": "node/6868660446",
        "addr:city": "hyderabad",
        "addr:postcode": "500018",
        "addr:street": "MOTI NAGAR",
        "name": "NEWTON HIGH SCHOOL",
        "office": "educational_institution",
        "lat": 17.456421,
        "lon": 78.4221948,
        "workforce_capacity": null
      },
      "geometry": {
        "type": "Point",
        "coordinates": [
          78.4221948,
          17.456421
        ]
      },
      "id": "node/6868660446"
    },
    {
      "type": "Feature",
      "properties": {
        "@id": "node/6868689301",
        "addr:city": "HYDERABAD",
        "addr:housenumber": "Plot no1, House no 8-4-361/B/155, Opposite Vijetha theatre",
        "addr:postcode": "500018",
        "addr:street": "borabanda allahapur road",
        "name": "SVP junior college",
        "office": "educational_institution",
        "lat": 17.4538168,
        "lon": 78.4186619,
        "workforce_capacity": null
      },
      "geometry": {
        "type": "Point",
        "coordinates": [
          78.4186619,
          17.4538168
        ]
      },
      "id": "node/6868689301"
    },
    {
      "type": "Feature",
      "properties": {
        "@id": "node/6868808571",
        "addr:postcode": "500081",
        "addr:street": "Whitefields Road",
        "name": "Purva Summit",
        "office": "company",
        "lat": 17.4535856,
        "lon": 78.3701194,
        "workforce_capacity": null
      },
      "geometry": {
        "type": "Point",
        "coordinates": [
          78.3701194,
          17.4535856
        ]
      },
      "id": "node/6868808571"
    },
    {
      "type": "Feature",
      "properties": {
        "@id": "node/6868820924",
        "name": "mee seva",
        "office": "government",
        "lat": 17.3678718,
        "lon": 78.521699,
        "workforce_capacity": null
      },
      "geometry": {
        "type": "Point",
        "coordinates": [
          78.521699,
          17.3678718
        ]
      },
      "id": "node/6868820924"
    },
    {
      "type": "Feature",
      "properties": {
        "@id": "node/6880505428",
        "addr:city": "Hyderabad",
        "addr:housenumber": "16 Pioneer Towers",
        "addr:postcode": "500081",
        "addr:street": "HITEC City",
        "name": "UNIFY",
        "office": "company",
        "opening_hours": "24/7",
        "website": "https://www.unifytech.com",
        "lat": 17.4362323,
        "lon": 78.3821998,
        "workforce_capacity": null
      },
      "geometry": {
        "type": "Point",
        "coordinates": [
          78.3821998,
          17.4362323
        ]
      },
      "id": "node/6880505428"
    },
    {
      "type": "Feature",
      "properties": {
        "@id": "node/6917426913",
        "addr:city": "Hyderabad",
        "addr:housenumber": "#201, Mount Raghava Complex",
        "addr:postcode": "500082",
        "addr:street": "Dwarakapuri Colony",
        "email": "info@cipherhub.com",
        "name": "CipherHub Solutions",
        "office": "company",
        "opening_hours": "Mo-Fr 09:00-18:00",
        "lat": 17.4247098,
        "lon": 78.4521203,
        "workforce_capacity": null
      },
      "geometry": {
        "type": "Point",
        "coordinates": [
          78.4521203,
          17.4247098
        ]
      },
      "id": "node/6917426913"
    },
    {
      "type": "Feature",
      "properties": {
        "@id": "node/6934788932",
        "name": "tata consultancy",
        "office": "company",
        "lat": 17.4492642,
        "lon": 78.3519665,
        "workforce_capacity": null
      },
      "geometry": {
        "type": "Point",
        "coordinates": [
          78.3519665,
          17.4492642
        ]
      },
      "id": "node/6934788932"
    },
    {
      "type": "Feature",
      "properties": {
        "@id": "node/6935208973",
        "name": "Kapston",
        "office": "it",
        "lat": 17.4501266,
        "lon": 78.3869884,
        "workforce_capacity": null
      },
      "geometry": {
        "type": "Point",
        "coordinates": [
          78.3869884,
          17.4501266
        ]
      },
      "id": "node/6935208973"
    },
    {
      "type": "Feature",
      "properties": {
        "@id": "node/6935240991",
        "name": "Karvy",
        "office": "it",
        "lat": 17.4497721,
        "lon": 78.3870909,
        "workforce_capacity": null
      },
      "geometry": {
        "type": "Point",
        "coordinates": [
          78.3870909,
          17.4497721
        ]
      },
      "id": "node/6935240991"
    },
    {
      "type": "Feature",
      "properties": {
        "@id": "node/6935384866",
        "name": "Gvr infra technologies",
        "office": "it",
        "lat": 17.4487778,
        "lon": 78.3893735,
        "workforce_capacity": null
      },
      "geometry": {
        "type": "Point",
        "coordinates": [
          78.3893735,
          17.4487778
        ]
      },
      "id": "node/6935384866"
    },
    {
      "type": "Feature",
      "properties": {
        "@id": "node/6935424155",
        "addr:city": "RR NAGAR",
        "name": "RAINBOW MODEL HIGH SCHOOL",
        "office": "educational_institution",
        "lat": 17.4806735,
        "lon": 78.4799811,
        "workforce_capacity": null
      },
      "geometry": {
        "type": "Point",
        "coordinates": [
          78.4799811,
          17.4806735
        ]
      },
      "id": "node/6935424155"
    },
    {
      "type": "Feature",
      "properties": {
        "@id": "node/6935485393",
        "addr:city": "SECUNDERABAD",
        "addr:street": "RR NAGAR",
        "name": "SR Digi School",
        "office": "educational_institution",
        "lat": 17.4823823,
        "lon": 78.4797651,
        "workforce_capacity": null
      },
      "geometry": {
        "type": "Point",
        "coordinates": [
          78.4797651,
          17.4823823
        ]
      },
      "id": "node/6935485393"
    },
    {
      "type": "Feature",
      "properties": {
        "@id": "node/6961511686",
        "addr:housenumber": "201, Ratna Complex behind Image Hospitals",
        "addr:street": "Pratap Nagar Rd, Ameerpet",
        "name": "Swecha, the \"Hub\"",
        "office": "administrative",
        "opening_hours": "24/7",
        "lat": 17.4314728,
        "lon": 78.446228,
        "workforce_capacity": null
      },
      "geometry": {
        "type": "Point",
        "coordinates": [
          78.446228,
          17.4314728
        ]
      },
      "id": "node/6961511686"
    },
    {
      "type": "Feature",
      "properties": {
        "@id": "node/7021286921",
        "name": "Oakton consulting technology",
        "office": "it",
        "lat": 17.4339834,
        "lon": 78.4058605,
        "workforce_capacity": null
      },
      "geometry": {
        "type": "Point",
        "coordinates": [
          78.4058605,
          17.4339834
        ]
      },
      "id": "node/7021286921"
    },
    {
      "type": "Feature",
      "properties": {
        "@id": "node/7021303615",
        "name": "ICS Tech Service Pvt Ltd",
        "office": "it",
        "lat": 17.4396921,
        "lon": 78.3854689,
        "workforce_capacity": null
      },
      "geometry": {
        "type": "Point",
        "coordinates": [
          78.3854689,
          17.4396921
        ]
      },
      "id": "node/7021303615"
    },
    {
      "type": "Feature",
      "properties": {
        "@id": "node/7021303616",
        "name": "Elearn Web Designing Course With Placement Hyderabad",
        "office": "company",
        "lat": 17.4399431,
        "lon": 78.3849009,
        "workforce_capacity": null
      },
      "geometry": {
        "type": "Point",
        "coordinates": [
          78.3849009,
          17.4399431
        ]
      },
      "id": "node/7021303616"
    },
    {
      "type": "Feature",
      "properties": {
        "@id": "node/7021303618",
        "name": "Sine90 Software Labs Pvt Ltd",
        "office": "it",
        "lat": 17.4427508,
        "lon": 78.3861477,
        "workforce_capacity": null
      },
      "geometry": {
        "type": "Point",
        "coordinates": [
          78.3861477,
          17.4427508
        ]
      },
      "id": "node/7021303618"
    },
    {
      "type": "Feature",
      "properties": {
        "@id": "node/7021303620",
        "name": "37 Media",
        "office": "it",
        "lat": 17.4426807,
        "lon": 78.3861367,
        "workforce_capacity": null
      },
      "geometry": {
        "type": "Point",
        "coordinates": [
          78.3861367,
          17.4426807
        ]
      },
      "id": "node/7021303620"
    },
    {
      "type": "Feature",
      "properties": {
        "@id": "node/7021303621",
        "name": "Prime Software Solutions Pvt Ltd",
        "office": "it",
        "lat": 17.4425246,
        "lon": 78.3873128,
        "workforce_capacity": null
      },
      "geometry": {
        "type": "Point",
        "coordinates": [
          78.3873128,
          17.4425246
        ]
      },
      "id": "node/7021303621"
    },
    {
      "type": "Feature",
      "properties": {
        "@id": "node/7021303624",
        "name": "Global Logic Technologies",
        "office": "it",
        "lat": 17.4434326,
        "lon": 78.3865148,
        "workforce_capacity": null
      },
      "geometry": {
        "type": "Point",
        "coordinates": [
          78.3865148,
          17.4434326
        ]
      },
      "id": "node/7021303624"
    },
    {
      "type": "Feature",
      "properties": {
        "@id": "node/7021303625",
        "name": "Sufisoft Pvt Ltd",
        "office": "it",
        "lat": 17.4424896,
        "lon": 78.3873649,
        "workforce_capacity": null
      },
      "geometry": {
        "type": "Point",
        "coordinates": [
          78.3873649,
          17.4424896
        ]
      },
      "id": "node/7021303625"
    },
    {
      "type": "Feature",
      "properties": {
        "@id": "node/7021303626",
        "name": "Shras IT Solutions Pvt Ltd",
        "office": "it",
        "lat": 17.4425571,
        "lon": 78.3872312,
        "workforce_capacity": null
      },
      "geometry": {
        "type": "Point",
        "coordinates": [
          78.3872312,
          17.4425571
        ]
      },
      "id": "node/7021303626"
    },
    {
      "type": "Feature",
      "properties": {
        "@id": "node/7021303627",
        "name": "Aadithya IT Service",
        "office": "it",
        "lat": 17.4423936,
        "lon": 78.387371,
        "workforce_capacity": null
      },
      "geometry": {
        "type": "Point",
        "coordinates": [
          78.387371,
          17.4423936
        ]
      },
      "id": "node/7021303627"
    },
    {
      "type": "Feature",
      "properties": {
        "@id": "node/7021303628",
        "name": "Sep Architects Pvt Ltd.",
        "office": "company",
        "lat": 17.4424829,
        "lon": 78.3872417,
        "workforce_capacity": null
      },
      "geometry": {
        "type": "Point",
        "coordinates": [
          78.3872417,
          17.4424829
        ]
      },
      "id": "node/7021303628"
    },
    {
      "type": "Feature",
      "properties": {
        "@id": "node/7021303630",
        "name": "LIC Housing Finance Office",
        "office": "company",
        "lat": 17.4423942,
        "lon": 78.38721,
        "workforce_capacity": null
      },
      "geometry": {
        "type": "Point",
        "coordinates": [
          78.38721,
          17.4423942
        ]
      },
      "id": "node/7021303630"
    },
    {
      "type": "Feature",
      "properties": {
        "@id": "node/7021303631",
        "name": "Prog9 Softtech Private Ltd",
        "office": "it",
        "lat": 17.4424393,
        "lon": 78.3873089,
        "workforce_capacity": null
      },
      "geometry": {
        "type": "Point",
        "coordinates": [
          78.3873089,
          17.4424393
        ]
      },
      "id": "node/7021303631"
    },
    {
      "type": "Feature",
      "properties": {
        "@id": "node/7021303632",
        "name": "Abridge Sol",
        "office": "it",
        "lat": 17.4423806,
        "lon": 78.3861538,
        "workforce_capacity": null
      },
      "geometry": {
        "type": "Point",
        "coordinates": [
          78.3861538,
          17.4423806
        ]
      },
      "id": "node/7021303632"
    },
    {
      "type": "Feature",
      "properties": {
        "@id": "node/7021303634",
        "name": "Apex Covantage",
        "office": "it",
        "lat": 17.4424234,
        "lon": 78.3874247,
        "workforce_capacity": null
      },
      "geometry": {
        "type": "Point",
        "coordinates": [
          78.3874247,
          17.4424234
        ]
      },
      "id": "node/7021303634"
    },
    {
      "type": "Feature",
      "properties": {
        "@id": "node/7021303636",
        "name": "Friendknows Technologies Pvt Ltd",
        "office": "company",
        "lat": 17.4419526,
        "lon": 78.3854194,
        "workforce_capacity": null
      },
      "geometry": {
        "type": "Point",
        "coordinates": [
          78.3854194,
          17.4419526
        ]
      },
      "id": "node/7021303636"
    },
    {
      "type": "Feature",
      "properties": {
        "@id": "node/7021303638",
        "name": "The Kovil",
        "office": "company",
        "lat": 17.4422421,
        "lon": 78.3855359,
        "workforce_capacity": null
      },
      "geometry": {
        "type": "Point",
        "coordinates": [
          78.3855359,
          17.4422421
        ]
      },
      "id": "node/7021303638"
    },
    {
      "type": "Feature",
      "properties": {
        "@id": "node/7021303642",
        "name": "Bricks Meadows Apart",
        "office": "company",
        "lat": 17.4421771,
        "lon": 78.3849366,
        "workforce_capacity": null
      },
      "geometry": {
        "type": "Point",
        "coordinates": [
          78.3849366,
          17.4421771
        ]
      },
      "id": "node/7021303642"
    },
    {
      "type": "Feature",
      "properties": {
        "@id": "node/7021303643",
        "name": "Big C corporate Office",
        "office": "it",
        "lat": 17.4424394,
        "lon": 78.3853676,
        "workforce_capacity": null
      },
      "geometry": {
        "type": "Point",
        "coordinates": [
          78.3853676,
          17.4424394
        ]
      },
      "id": "node/7021303643"
    },
    {
      "type": "Feature",
      "properties": {
        "@id": "node/7021303650",
        "name": "InteGen IT Services Pvt. Ltd.",
        "office": "it",
        "lat": 17.4499208,
        "lon": 78.3874684,
        "workforce_capacity": null
      },
      "geometry": {
        "type": "Point",
        "coordinates": [
          78.3874684,
          17.4499208
        ]
      },
      "id": "node/7021303650"
    },
    {
      "type": "Feature",
      "properties": {
        "@id": "node/7021303665",
        "name": "Agiliq Info Solutions India Private Ltd",
        "office": "it",
        "lat": 17.4378651,
        "lon": 78.3957729,
        "workforce_capacity": null
      },
      "geometry": {
        "type": "Point",
        "coordinates": [
          78.3957729,
          17.4378651
        ]
      },
      "id": "node/7021303665"
    },
    {
      "type": "Feature",
      "properties": {
        "@id": "node/7021303666",
        "name": "Votigo Software Pvt Ltd",
        "office": "it",
        "lat": 17.4385983,
        "lon": 78.3871502,
        "workforce_capacity": null
      },
      "geometry": {
        "type": "Point",
        "coordinates": [
          78.3871502,
          17.4385983
        ]
      },
      "id": "node/7021303666"
    },
    {
      "type": "Feature",
      "properties": {
        "@id": "node/7021303667",
        "name": "Maventus Software Technologies Private. Ltd.",
        "office": "it",
        "lat": 17.4371861,
        "lon": 78.3945689,
        "workforce_capacity": null
      },
      "geometry": {
        "type": "Point",
        "coordinates": [
          78.3945689,
          17.4371861
        ]
      },
      "id": "node/7021303667"
    },
    {
      "type": "Feature",
      "properties": {
        "@id": "node/7021303668",
        "name": "CADVision Engineers Pvt Ltd",
        "office": "it",
        "lat": 17.4509736,
        "lon": 78.3858634,
        "workforce_capacity": null
      },
      "geometry": {
        "type": "Point",
        "coordinates": [
          78.3858634,
          17.4509736
        ]
      },
      "id": "node/7021303668"
    },
    {
      "type": "Feature",
      "properties": {
        "@id": "node/7021303669",
        "name": "Permanent Aadhar Enrollment Center",
        "office": "government",
        "lat": 17.4436169,
        "lon": 78.385153,
        "workforce_capacity": null
      },
      "geometry": {
        "type": "Point",
        "coordinates": [
          78.385153,
          17.4436169
        ]
      },
      "id": "node/7021303669"
    },
    {
      "type": "Feature",
      "properties": {
        "@id": "node/7021303670",
        "name": "Golden Sun Technology Pvt Ltd",
        "office": "it",
        "lat": 17.4509776,
        "lon": 78.3860316,
        "workforce_capacity": null
      },
      "geometry": {
        "type": "Point",
        "coordinates": [
          78.3860316,
          17.4509776
        ]
      },
      "id": "node/7021303670"
    },
    {
      "type": "Feature",
      "properties": {
        "@id": "node/7021303671",
        "name": "Zee Telugu Office",
        "office": "company",
        "lat": 17.4369051,
        "lon": 78.396868,
        "workforce_capacity": null
      },
      "geometry": {
        "type": "Point",
        "coordinates": [
          78.396868,
          17.4369051
        ]
      },
      "id": "node/7021303671"
    },
    {
      "type": "Feature",
      "properties": {
        "@id": "node/7021303672",
        "name": "Seo Development Company",
        "office": "company",
        "lat": 17.4501512,
        "lon": 78.3874429,
        "workforce_capacity": null
      },
      "geometry": {
        "type": "Point",
        "coordinates": [
          78.3874429,
          17.4501512
        ]
      },
      "id": "node/7021303672"
    },
    {
      "type": "Feature",
      "properties": {
        "@id": "node/7021303673",
        "name": "Greater Hyderabad Municipal Corporation",
        "office": "government",
        "lat": 17.4376861,
        "lon": 78.3982779,
        "workforce_capacity": null
      },
      "geometry": {
        "type": "Point",
        "coordinates": [
          78.3982779,
          17.4376861
        ]
      },
      "id": "node/7021303673"
    },
    {
      "type": "Feature",
      "properties": {
        "@id": "node/7021303674",
        "name": "Fedele Info solutions India pvt ltd",
        "office": "company",
        "lat": 17.4335926,
        "lon": 78.3922862,
        "workforce_capacity": null
      },
      "geometry": {
        "type": "Point",
        "coordinates": [
          78.3922862,
          17.4335926
        ]
      },
      "id": "node/7021303674"
    },
    {
      "type": "Feature",
      "properties": {
        "@id": "node/7021303675",
        "name": "Teamworks Creative Solutions",
        "office": "company",
        "lat": 17.4514281,
        "lon": 78.3874948,
        "workforce_capacity": null
      },
      "geometry": {
        "type": "Point",
        "coordinates": [
          78.3874948,
          17.4514281
        ]
      },
      "id": "node/7021303675"
    },
    {
      "type": "Feature",
      "properties": {
        "@id": "node/7021303676",
        "name": "Syena Infosoft Pvt Ltd",
        "office": "it",
        "lat": 17.4517941,
        "lon": 78.3877715,
        "workforce_capacity": null
      },
      "geometry": {
        "type": "Point",
        "coordinates": [
          78.3877715,
          17.4517941
        ]
      },
      "id": "node/7021303676"
    },
    {
      "type": "Feature",
      "properties": {
        "@id": "node/7021303677",
        "name": "Dts Services",
        "office": "company",
        "lat": 17.4506702,
        "lon": 78.3873586,
        "workforce_capacity": null
      },
      "geometry": {
        "type": "Point",
        "coordinates": [
          78.3873586,
          17.4506702
        ]
      },
      "id": "node/7021303677"
    },
    {
      "type": "Feature",
      "properties": {
        "@id": "node/7021303678",
        "name": "Photon Technologies",
        "office": "company",
        "lat": 17.4507461,
        "lon": 78.3876159,
        "workforce_capacity": null
      },
      "geometry": {
        "type": "Point",
        "coordinates": [
          78.3876159,
          17.4507461
        ]
      },
      "id": "node/7021303678"
    },
    {
      "type": "Feature",
      "properties": {
        "@id": "node/7021303679",
        "name": "Smarttrak Solar Systems",
        "office": "company",
        "lat": 17.4439768,
        "lon": 78.3853005,
        "workforce_capacity": null
      },
      "geometry": {
        "type": "Point",
        "coordinates": [
          78.3853005,
          17.4439768
        ]
      },
      "id": "node/7021303679"
    },
    {
      "type": "Feature",
      "properties": {
        "@id": "node/7021303680",
        "name": "Hulk Logic",
        "office": "company",
        "lat": 17.4468748,
        "lon": 78.3868891,
        "workforce_capacity": null
      },
      "geometry": {
        "type": "Point",
        "coordinates": [
          78.3868891,
          17.4468748
        ]
      },
      "id": "node/7021303680"
    },
    {
      "type": "Feature",
      "properties": {
        "@id": "node/7021303681",
        "name": "Finexcore India Private Limited",
        "office": "company",
        "lat": 17.4495375,
        "lon": 78.3861145,
        "workforce_capacity": null
      },
      "geometry": {
        "type": "Point",
        "coordinates": [
          78.3861145,
          17.4495375
        ]
      },
      "id": "node/7021303681"
    },
    {
      "type": "Feature",
      "properties": {
        "@id": "node/7021303682",
        "name": "WebFurther India Pvt. Ltd.",
        "office": "it",
        "lat": 17.4500391,
        "lon": 78.3861339,
        "workforce_capacity": null
      },
      "geometry": {
        "type": "Point",
        "coordinates": [
          78.3861339,
          17.4500391
        ]
      },
      "id": "node/7021303682"
    },
    {
      "type": "Feature",
      "properties": {
        "@id": "node/7021303683",
        "name": "VOIP Office Telecommunication pvt ltd",
        "office": "company",
        "lat": 17.4378795,
        "lon": 78.3878729,
        "workforce_capacity": null
      },
      "geometry": {
        "type": "Point",
        "coordinates": [
          78.3878729,
          17.4378795
        ]
      },
      "id": "node/7021303683"
    },
    {
      "type": "Feature",
      "properties": {
        "@id": "node/7021303684",
        "name": "Verudix Solutions Pvt Ltd",
        "office": "company",
        "lat": 17.4379387,
        "lon": 78.3878765,
        "workforce_capacity": null
      },
      "geometry": {
        "type": "Point",
        "coordinates": [
          78.3878765,
          17.4379387
        ]
      },
      "id": "node/7021303684"
    },
    {
      "type": "Feature",
      "properties": {
        "@id": "node/7021303685",
        "name": "Sapience Consultancy & Research Pvt Ltd",
        "office": "company",
        "lat": 17.4468658,
        "lon": 78.3852913,
        "workforce_capacity": null
      },
      "geometry": {
        "type": "Point",
        "coordinates": [
          78.3852913,
          17.4468658
        ]
      },
      "id": "node/7021303685"
    },
    {
      "type": "Feature",
      "properties": {
        "@id": "node/7021303686",
        "name": "SCI IT Solutions Pvt Ltd/ Radiant Digital Solutions Pvt Ltd",
        "office": "company",
        "lat": 17.4471383,
        "lon": 78.38535,
        "workforce_capacity": null
      },
      "geometry": {
        "type": "Point",
        "coordinates": [
          78.38535,
          17.4471383
        ]
      },
      "id": "node/7021303686"
    },
    {
      "type": "Feature",
      "properties": {
        "@id": "node/7021303687",
        "name": "TAU Films India Pvt Ltd",
        "office": "company",
        "lat": 17.4381285,
        "lon": 78.3871787,
        "workforce_capacity": null
      },
      "geometry": {
        "type": "Point",
        "coordinates": [
          78.3871787,
          17.4381285
        ]
      },
      "id": "node/7021303687"
    },
    {
      "type": "Feature",
      "properties": {
        "@id": "node/7021303688",
        "name": "UTC Hyderabad Research and Design Center",
        "office": "company",
        "lat": 17.4376231,
        "lon": 78.3854834,
        "workforce_capacity": null
      },
      "geometry": {
        "type": "Point",
        "coordinates": [
          78.3854834,
          17.4376231
        ]
      },
      "id": "node/7021303688"
    },
    {
      "type": "Feature",
      "properties": {
        "@id": "node/7021303689",
        "name": "Ekincare (Aayuv Technologies Pvt Ltd)",
        "office": "company",
        "lat": 17.4380006,
        "lon": 78.3874784,
        "workforce_capacity": null
      },
      "geometry": {
        "type": "Point",
        "coordinates": [
          78.3874784,
          17.4380006
        ]
      },
      "id": "node/7021303689"
    },
    {
      "type": "Feature",
      "properties": {
        "@id": "node/7021303690",
        "name": "Logic Planet IT Services Pvt Ltd",
        "office": "company",
        "lat": 17.4380455,
        "lon": 78.3874954,
        "workforce_capacity": null
      },
      "geometry": {
        "type": "Point",
        "coordinates": [
          78.3874954,
          17.4380455
        ]
      },
      "id": "node/7021303690"
    },
    {
      "type": "Feature",
      "properties": {
        "@id": "node/7021303691",
        "name": "Infinus Capital Management Pvt Ltd",
        "office": "company",
        "lat": 17.4377032,
        "lon": 78.385525,
        "workforce_capacity": null
      },
      "geometry": {
        "type": "Point",
        "coordinates": [
          78.385525,
          17.4377032
        ]
      },
      "id": "node/7021303691"
    },
    {
      "type": "Feature",
      "properties": {
        "@id": "node/7021303692",
        "name": "Mphasis Ltd",
        "office": "company",
        "lat": 17.4374201,
        "lon": 78.3854134,
        "workforce_capacity": null
      },
      "geometry": {
        "type": "Point",
        "coordinates": [
          78.3854134,
          17.4374201
        ]
      },
      "id": "node/7021303692"
    },
    {
      "type": "Feature",
      "properties": {
        "@id": "node/7021303693",
        "name": "Amazon Development Center",
        "office": "company",
        "lat": 17.437569,
        "lon": 78.3854657,
        "workforce_capacity": null
      },
      "geometry": {
        "type": "Point",
        "coordinates": [
          78.3854657,
          17.437569
        ]
      },
      "id": "node/7021303693"
    },
    {
      "type": "Feature",
      "properties": {
        "@id": "node/7021303694",
        "name": "Arcesium India Pvt Ltd",
        "office": "company",
        "lat": 17.4374706,
        "lon": 78.3854305,
        "workforce_capacity": null
      },
      "geometry": {
        "type": "Point",
        "coordinates": [
          78.3854305,
          17.4374706
        ]
      },
      "id": "node/7021303694"
    },
    {
      "type": "Feature",
      "properties": {
        "@id": "node/7021303695",
        "name": "NavBharath Gas Company Pvt Ltd",
        "office": "company",
        "lat": 17.4350174,
        "lon": 78.3925987,
        "workforce_capacity": null
      },
      "geometry": {
        "type": "Point",
        "coordinates": [
          78.3925987,
          17.4350174
        ]
      },
      "id": "node/7021303695"
    },
    {
      "type": "Feature",
      "properties": {
        "@id": "node/7021303696",
        "name": "Raj news Telugu",
        "office": "company",
        "lat": 17.4376412,
        "lon": 78.4014355,
        "workforce_capacity": null
      },
      "geometry": {
        "type": "Point",
        "coordinates": [
          78.4014355,
          17.4376412
        ]
      },
      "id": "node/7021303696"
    },
    {
      "type": "Feature",
      "properties": {
        "@id": "node/7021303697",
        "name": "NCR Corporation India Pvt Ltd",
        "office": "company",
        "lat": 17.4376635,
        "lon": 78.3855031,
        "workforce_capacity": null
      },
      "geometry": {
        "type": "Point",
        "coordinates": [
          78.3855031,
          17.4376635
        ]
      },
      "id": "node/7021303697"
    },
    {
      "type": "Feature",
      "properties": {
        "@id": "node/7021303698",
        "name": "United Technologies Corp",
        "office": "company",
        "lat": 17.4375191,
        "lon": 78.3854449,
        "workforce_capacity": null
      },
      "geometry": {
        "type": "Point",
        "coordinates": [
          78.3854449,
          17.4375191
        ]
      },
      "id": "node/7021303698"
    },
    {
      "type": "Feature",
      "properties": {
        "@id": "node/7021303699",
        "name": "Velaga Soft Solutions Private Limited",
        "office": "company",
        "lat": 17.449272,
        "lon": 78.3855176,
        "workforce_capacity": null
      },
      "geometry": {
        "type": "Point",
        "coordinates": [
          78.3855176,
          17.449272
        ]
      },
      "id": "node/7021303699"
    },
    {
      "type": "Feature",
      "properties": {
        "@id": "node/7021303700",
        "name": "BeetleRim Technologies Private Limited",
        "office": "company",
        "lat": 17.4506391,
        "lon": 78.3854539,
        "workforce_capacity": null
      },
      "geometry": {
        "type": "Point",
        "coordinates": [
          78.3854539,
          17.4506391
        ]
      },
      "id": "node/7021303700"
    },
    {
      "type": "Feature",
      "properties": {
        "@id": "node/7021303701",
        "name": "PlayMotion",
        "office": "company",
        "lat": 17.4508364,
        "lon": 78.3858531,
        "workforce_capacity": null
      },
      "geometry": {
        "type": "Point",
        "coordinates": [
          78.3858531,
          17.4508364
        ]
      },
      "id": "node/7021303701"
    },
    {
      "type": "Feature",
      "properties": {
        "@id": "node/7021303702",
        "name": "Vasista Enterprise Solutions Pvt. Ltd.",
        "office": "company",
        "lat": 17.4474301,
        "lon": 78.3852469,
        "workforce_capacity": null
      },
      "geometry": {
        "type": "Point",
        "coordinates": [
          78.3852469,
          17.4474301
        ]
      },
      "id": "node/7021303702"
    },
    {
      "type": "Feature",
      "properties": {
        "@id": "node/7021303703",
        "name": "Medisis info",
        "office": "company",
        "lat": 17.4510912,
        "lon": 78.3854372,
        "workforce_capacity": null
      },
      "geometry": {
        "type": "Point",
        "coordinates": [
          78.3854372,
          17.4510912
        ]
      },
      "id": "node/7021303703"
    },
    {
      "type": "Feature",
      "properties": {
        "@id": "node/7021303704",
        "name": "BlackGrand Stone India Private Limited",
        "office": "company",
        "lat": 17.4512452,
        "lon": 78.3854514,
        "workforce_capacity": null
      },
      "geometry": {
        "type": "Point",
        "coordinates": [
          78.3854514,
          17.4512452
        ]
      },
      "id": "node/7021303704"
    },
    {
      "type": "Feature",
      "properties": {
        "@id": "node/7021303705",
        "name": "Chekhra Business Solutions Private Limited",
        "office": "company",
        "lat": 17.4507851,
        "lon": 78.3854519,
        "workforce_capacity": null
      },
      "geometry": {
        "type": "Point",
        "coordinates": [
          78.3854519,
          17.4507851
        ]
      },
      "id": "node/7021303705"
    },
    {
      "type": "Feature",
      "properties": {
        "@id": "node/7021303706",
        "name": "Lamtuf Plastics Limited",
        "office": "company",
        "lat": 17.4508641,
        "lon": 78.3854503,
        "workforce_capacity": null
      },
      "geometry": {
        "type": "Point",
        "coordinates": [
          78.3854503,
          17.4508641
        ]
      },
      "id": "node/7021303706"
    },
    {
      "type": "Feature",
      "properties": {
        "@id": "node/7021303709",
        "name": "Ctrls Host",
        "office": "company",
        "lat": 17.4513963,
        "lon": 78.3854245,
        "workforce_capacity": null
      },
      "geometry": {
        "type": "Point",
        "coordinates": [
          78.3854245,
          17.4513963
        ]
      },
      "id": "node/7021303709"
    },
    {
      "type": "Feature",
      "properties": {
        "@id": "node/7021303710",
        "name": "OnexSoftech Private limited",
        "office": "company",
        "lat": 17.4517089,
        "lon": 78.3854175,
        "workforce_capacity": null
      },
      "geometry": {
        "type": "Point",
        "coordinates": [
          78.3854175,
          17.4517089
        ]
      },
      "id": "node/7021303710"
    },
    {
      "type": "Feature",
      "properties": {
        "@id": "node/7021303761",
        "amenity": "fast_food",
        "name": "SK Fast Food",
        "office": "company",
        "lat": 17.4499993,
        "lon": 78.3854651,
        "workforce_capacity": null
      },
      "geometry": {
        "type": "Point",
        "coordinates": [
          78.3854651,
          17.4499993
        ]
      },
      "id": "node/7021303761"
    },
    {
      "type": "Feature",
      "properties": {
        "@id": "node/7025820746",
        "name": "Fission Labs",
        "office": "it",
        "lat": 17.4348859,
        "lon": 78.4033828,
        "workforce_capacity": null
      },
      "geometry": {
        "type": "Point",
        "coordinates": [
          78.4033828,
          17.4348859
        ]
      },
      "id": "node/7025820746"
    },
    {
      "type": "Feature",
      "properties": {
        "@id": "node/7025820748",
        "name": "Ray Business Technologies Pvt Ltd.",
        "office": "it",
        "lat": 17.438123,
        "lon": 78.3937226,
        "workforce_capacity": null
      },
      "geometry": {
        "type": "Point",
        "coordinates": [
          78.3937226,
          17.438123
        ]
      },
      "id": "node/7025820748"
    },
    {
      "type": "Feature",
      "properties": {
        "@id": "node/7025820754",
        "name": "Web Syn",
        "office": "it",
        "lat": 17.4348029,
        "lon": 78.3875868,
        "workforce_capacity": null
      },
      "geometry": {
        "type": "Point",
        "coordinates": [
          78.3875868,
          17.4348029
        ]
      },
      "id": "node/7025820754"
    },
    {
      "type": "Feature",
      "properties": {
        "@id": "node/7025820760",
        "name": "VNS Makro Technologies (P) Ltd.",
        "office": "company",
        "lat": 17.4388839,
        "lon": 78.3949558,
        "workforce_capacity": null
      },
      "geometry": {
        "type": "Point",
        "coordinates": [
          78.3949558,
          17.4388839
        ]
      },
      "id": "node/7025820760"
    },
    {
      "type": "Feature",
      "properties": {
        "@id": "node/7025820763",
        "name": "Rapido Technologies",
        "office": "company",
        "lat": 17.4385117,
        "lon": 78.3954752,
        "workforce_capacity": null
      },
      "geometry": {
        "type": "Point",
        "coordinates": [
          78.3954752,
          17.4385117
        ]
      },
      "id": "node/7025820763"
    },
    {
      "type": "Feature",
      "properties": {
        "@id": "node/7025820765",
        "name": "Omega IT Professionals Pvt Ltd",
        "office": "it",
        "lat": 17.4385871,
        "lon": 78.3952496,
        "workforce_capacity": null
      },
      "geometry": {
        "type": "Point",
        "coordinates": [
          78.3952496,
          17.4385871
        ]
      },
      "id": "node/7025820765"
    },
    {
      "type": "Feature",
      "properties": {
        "@id": "node/7025820766",
        "name": "IBRAND",
        "office": "company",
        "lat": 17.4458605,
        "lon": 78.4020269,
        "workforce_capacity": null
      },
      "geometry": {
        "type": "Point",
        "coordinates": [
          78.4020269,
          17.4458605
        ]
      },
      "id": "node/7025820766"
    },
    {
      "type": "Feature",
      "properties": {
        "@id": "node/7025820770",
        "name": "CSR IMPEX Private Limited",
        "office": "it",
        "lat": 17.4450609,
        "lon": 78.4002668,
        "workforce_capacity": null
      },
      "geometry": {
        "type": "Point",
        "coordinates": [
          78.4002668,
          17.4450609
        ]
      },
      "id": "node/7025820770"
    },
    {
      "type": "Feature",
      "properties": {
        "@id": "node/7025820771",
        "name": "Envision Landscape architects",
        "office": "architect",
        "lat": 17.4466489,
        "lon": 78.3996658,
        "workforce_capacity": null
      },
      "geometry": {
        "type": "Point",
        "coordinates": [
          78.3996658,
          17.4466489
        ]
      },
      "id": "node/7025820771"
    },
    {
      "type": "Feature",
      "properties": {
        "@id": "node/7025820772",
        "name": "Ayyanna Infra corporate Office",
        "office": "company",
        "lat": 17.4467519,
        "lon": 78.3996948,
        "workforce_capacity": null
      },
      "geometry": {
        "type": "Point",
        "coordinates": [
          78.3996948,
          17.4467519
        ]
      },
      "id": "node/7025820772"
    },
    {
      "type": "Feature",
      "properties": {
        "@id": "node/7025820775",
        "name": "Saky Technologies Pvt Ltd",
        "office": "it",
        "lat": 17.446079,
        "lon": 78.3998989,
        "workforce_capacity": null
      },
      "geometry": {
        "type": "Point",
        "coordinates": [
          78.3998989,
          17.446079
        ]
      },
      "id": "node/7025820775"
    },
    {
      "type": "Feature",
      "properties": {
        "@id": "node/7025820777",
        "name": "ENH iSecure Pvt Ltd",
        "office": "it",
        "lat": 17.4453869,
        "lon": 78.3980799,
        "workforce_capacity": null
      },
      "geometry": {
        "type": "Point",
        "coordinates": [
          78.3980799,
          17.4453869
        ]
      },
      "id": "node/7025820777"
    },
    {
      "type": "Feature",
      "properties": {
        "@id": "node/7025820781",
        "name": "Inforaise Technologies Pvt Ltd",
        "office": "it",
        "lat": 17.4453459,
        "lon": 78.3980738,
        "workforce_capacity": null
      },
      "geometry": {
        "type": "Point",
        "coordinates": [
          78.3980738,
          17.4453459
        ]
      },
      "id": "node/7025820781"
    },
    {
      "type": "Feature",
      "properties": {
        "@id": "node/7025820807",
        "name": "Nimbu Tech Systems",
        "office": "it",
        "lat": 17.4342859,
        "lon": 78.3933318,
        "workforce_capacity": null
      },
      "geometry": {
        "type": "Point",
        "coordinates": [
          78.3933318,
          17.4342859
        ]
      },
      "id": "node/7025820807"
    },
    {
      "type": "Feature",
      "properties": {
        "@id": "node/7025820808",
        "name": "Sri Kakatiya Industries (India)Pvt.ltd",
        "office": "it",
        "lat": 17.4351204,
        "lon": 78.3938267,
        "workforce_capacity": null
      },
      "geometry": {
        "type": "Point",
        "coordinates": [
          78.3938267,
          17.4351204
        ]
      },
      "id": "node/7025820808"
    },
    {
      "type": "Feature",
      "properties": {
        "@id": "node/7025820817",
        "name": "NCentric Technologies India pvt ltd",
        "office": "it",
        "lat": 17.4498239,
        "lon": 78.3925588,
        "workforce_capacity": null
      },
      "geometry": {
        "type": "Point",
        "coordinates": [
          78.3925588,
          17.4498239
        ]
      },
      "id": "node/7025820817"
    },
    {
      "type": "Feature",
      "properties": {
        "@id": "node/7025820819",
        "name": "Varsity Management pvt ltd",
        "office": "it",
        "lat": 17.448758,
        "lon": 78.3917836,
        "workforce_capacity": null
      },
      "geometry": {
        "type": "Point",
        "coordinates": [
          78.3917836,
          17.448758
        ]
      },
      "id": "node/7025820819"
    },
    {
      "type": "Feature",
      "properties": {
        "@id": "node/7025820820",
        "name": "Kclink Technologies Pvt.Ltd",
        "office": "it",
        "lat": 17.4488994,
        "lon": 78.3917543,
        "workforce_capacity": null
      },
      "geometry": {
        "type": "Point",
        "coordinates": [
          78.3917543,
          17.4488994
        ]
      },
      "id": "node/7025820820"
    },
    {
      "type": "Feature",
      "properties": {
        "@id": "node/7025820822",
        "name": "Vision India Infrastructure Private Limited",
        "office": "company",
        "lat": 17.4516349,
        "lon": 78.3920656,
        "workforce_capacity": null
      },
      "geometry": {
        "type": "Point",
        "coordinates": [
          78.3920656,
          17.4516349
        ]
      },
      "id": "node/7025820822"
    },
    {
      "type": "Feature",
      "properties": {
        "@id": "node/7025820824",
        "name": "Southern Spice",
        "office": "company",
        "lat": 17.4478774,
        "lon": 78.3907721,
        "workforce_capacity": null
      },
      "geometry": {
        "type": "Point",
        "coordinates": [
          78.3907721,
          17.4478774
        ]
      },
      "id": "node/7025820824"
    },
    {
      "type": "Feature",
      "properties": {
        "@id": "node/7025820827",
        "name": "Techgallore It Solutions",
        "office": "it",
        "lat": 17.4481249,
        "lon": 78.3912448,
        "workforce_capacity": null
      },
      "geometry": {
        "type": "Point",
        "coordinates": [
          78.3912448,
          17.4481249
        ]
      },
      "id": "node/7025820827"
    },
    {
      "type": "Feature",
      "properties": {
        "@id": "node/7025820831",
        "name": "Medintu Health Solutions Pvt. Ltd.",
        "office": "company",
        "lat": 17.4507745,
        "lon": 78.3915126,
        "workforce_capacity": null
      },
      "geometry": {
        "type": "Point",
        "coordinates": [
          78.3915126,
          17.4507745
        ]
      },
      "id": "node/7025820831"
    },
    {
      "type": "Feature",
      "properties": {
        "@id": "node/7025820833",
        "name": "Virchow Biotech Pvt Ltd",
        "office": "company",
        "lat": 17.4510477,
        "lon": 78.3914536,
        "workforce_capacity": null
      },
      "geometry": {
        "type": "Point",
        "coordinates": [
          78.3914536,
          17.4510477
        ]
      },
      "id": "node/7025820833"
    },
    {
      "type": "Feature",
      "properties": {
        "@id": "node/7025820834",
        "name": "Izetta IT Solutions",
        "office": "it",
        "lat": 17.4511435,
        "lon": 78.3908647,
        "workforce_capacity": null
      },
      "geometry": {
        "type": "Point",
        "coordinates": [
          78.3908647,
          17.4511435
        ]
      },
      "id": "node/7025820834"
    },
    {
      "type": "Feature",
      "properties": {
        "@id": "node/7025820837",
        "name": "GreenStratos Consulting Private Ltd",
        "office": "company",
        "lat": 17.4351675,
        "lon": 78.3924704,
        "workforce_capacity": null
      },
      "geometry": {
        "type": "Point",
        "coordinates": [
          78.3924704,
          17.4351675
        ]
      },
      "id": "node/7025820837"
    },
    {
      "type": "Feature",
      "properties": {
        "@id": "node/7025820839",
        "name": "Sneha Software Solutions",
        "office": "it",
        "lat": 17.4346899,
        "lon": 78.3919878,
        "workforce_capacity": null
      },
      "geometry": {
        "type": "Point",
        "coordinates": [
          78.3919878,
          17.4346899
        ]
      },
      "id": "node/7025820839"
    },
    {
      "type": "Feature",
      "properties": {
        "@id": "node/7025820841",
        "name": "Athena Technology Solution",
        "office": "it",
        "lat": 17.436618,
        "lon": 78.3956996,
        "workforce_capacity": null
      },
      "geometry": {
        "type": "Point",
        "coordinates": [
          78.3956996,
          17.436618
        ]
      },
      "id": "node/7025820841"
    },
    {
      "type": "Feature",
      "properties": {
        "@id": "node/7025820844",
        "name": "Technovert",
        "office": "it",
        "lat": 17.4373379,
        "lon": 78.393206,
        "workforce_capacity": null
      },
      "geometry": {
        "type": "Point",
        "coordinates": [
          78.393206,
          17.4373379
        ]
      },
      "id": "node/7025820844"
    },
    {
      "type": "Feature",
      "properties": {
        "@id": "node/7025820845",
        "name": "Shore Infotech India pvt",
        "office": "it",
        "lat": 17.4368017,
        "lon": 78.3962956,
        "workforce_capacity": null
      },
      "geometry": {
        "type": "Point",
        "coordinates": [
          78.3962956,
          17.4368017
        ]
      },
      "id": "node/7025820845"
    },
    {
      "type": "Feature",
      "properties": {
        "@id": "node/7025820849",
        "name": "Bijib Soft Pvt",
        "office": "company",
        "lat": 17.4335122,
        "lon": 78.3995216,
        "workforce_capacity": null
      },
      "geometry": {
        "type": "Point",
        "coordinates": [
          78.3995216,
          17.4335122
        ]
      },
      "id": "node/7025820849"
    },
    {
      "type": "Feature",
      "properties": {
        "@id": "node/7025820850",
        "name": "YuppTV Corporate Office",
        "office": "company",
        "lat": 17.4337984,
        "lon": 78.3989489,
        "workforce_capacity": null
      },
      "geometry": {
        "type": "Point",
        "coordinates": [
          78.3989489,
          17.4337984
        ]
      },
      "id": "node/7025820850"
    },
    {
      "type": "Feature",
      "properties": {
        "@id": "node/7025820859",
        "name": "Moldtek Technologies",
        "office": "company",
        "lat": 17.4350336,
        "lon": 78.4039997,
        "workforce_capacity": null
      },
      "geometry": {
        "type": "Point",
        "coordinates": [
          78.4039997,
          17.4350336
        ]
      },
      "id": "node/7025820859"
    },
    {
      "type": "Feature",
      "properties": {
        "@id": "node/7025820867",
        "name": "Choral Technologies",
        "office": "it",
        "lat": 17.4401776,
        "lon": 78.3937366,
        "workforce_capacity": null
      },
      "geometry": {
        "type": "Point",
        "coordinates": [
          78.3937366,
          17.4401776
        ]
      },
      "id": "node/7025820867"
    },
    {
      "type": "Feature",
      "properties": {
        "@id": "node/7025820868",
        "name": "Arbiva Technologies Pvt Ltd",
        "office": "it",
        "lat": 17.4401774,
        "lon": 78.3934036,
        "workforce_capacity": null
      },
      "geometry": {
        "type": "Point",
        "coordinates": [
          78.3934036,
          17.4401774
        ]
      },
      "id": "node/7025820868"
    },
    {
      "type": "Feature",
      "properties": {
        "@id": "node/7025820873",
        "name": "Fanista Advisors",
        "office": "company",
        "lat": 17.4402379,
        "lon": 78.3932688,
        "workforce_capacity": null
      },
      "geometry": {
        "type": "Point",
        "coordinates": [
          78.3932688,
          17.4402379
        ]
      },
      "id": "node/7025820873"
    },
    {
      "type": "Feature",
      "properties": {
        "@id": "node/7025820890",
        "name": "Vinsys IT Services India Pvt Ltd.",
        "office": "it",
        "lat": 17.441144,
        "lon": 78.3925285,
        "workforce_capacity": null
      },
      "geometry": {
        "type": "Point",
        "coordinates": [
          78.3925285,
          17.441144
        ]
      },
      "id": "node/7025820890"
    },
    {
      "type": "Feature",
      "properties": {
        "@id": "node/7025820898",
        "name": "Ingresos Technologies",
        "office": "it",
        "lat": 17.4415909,
        "lon": 78.390402,
        "workforce_capacity": null
      },
      "geometry": {
        "type": "Point",
        "coordinates": [
          78.390402,
          17.4415909
        ]
      },
      "id": "node/7025820898"
    },
    {
      "type": "Feature",
      "properties": {
        "@id": "node/7025820905",
        "name": "RR Technologies",
        "office": "company",
        "lat": 17.4418719,
        "lon": 78.3887818,
        "workforce_capacity": null
      },
      "geometry": {
        "type": "Point",
        "coordinates": [
          78.3887818,
          17.4418719
        ]
      },
      "id": "node/7025820905"
    },
    {
      "type": "Feature",
      "properties": {
        "@id": "node/7025820907",
        "addr:city": "Hyderabad",
        "addr:housenumber": "1-98/90/25",
        "addr:postcode": "500081",
        "email": "codhpo@codhyd.com",
        "name": "Center for Organization Developement",
        "office": "research",
        "phone": "+91-4066-622314",
        "website": "https://codhyd.org/",
        "lat": 17.4418789,
        "lon": 78.3896468,
        "workforce_capacity": null
      },
      "geometry": {
        "type": "Point",
        "coordinates": [
          78.3896468,
          17.4418789
        ]
      },
      "id": "node/7025820907"
    },
    {
      "type": "Feature",
      "properties": {
        "@id": "node/7025820922",
        "name": "Venkateshwara Radium and Rexine Works",
        "office": "company",
        "lat": 17.4421309,
        "lon": 78.3881648,
        "workforce_capacity": null
      },
      "geometry": {
        "type": "Point",
        "coordinates": [
          78.3881648,
          17.4421309
        ]
      },
      "id": "node/7025820922"
    },
    {
      "type": "Feature",
      "properties": {
        "@id": "node/7025820928",
        "name": "studio de veranda",
        "office": "architect",
        "lat": 17.4396522,
        "lon": 78.3845224,
        "workforce_capacity": null
      },
      "geometry": {
        "type": "Point",
        "coordinates": [
          78.3845224,
          17.4396522
        ]
      },
      "id": "node/7025820928"
    },
    {
      "type": "Feature",
      "properties": {
        "@id": "node/7027716889",
        "name": "Shilpalaya Associates",
        "office": "company",
        "lat": 17.4484877,
        "lon": 78.4005208,
        "workforce_capacity": null
      },
      "geometry": {
        "type": "Point",
        "coordinates": [
          78.4005208,
          17.4484877
        ]
      },
      "id": "node/7027716889"
    },
    {
      "type": "Feature",
      "properties": {
        "@id": "node/7027716890",
        "name": "Nucleus",
        "office": "company",
        "lat": 17.448357,
        "lon": 78.398384,
        "workforce_capacity": null
      },
      "geometry": {
        "type": "Point",
        "coordinates": [
          78.398384,
          17.448357
        ]
      },
      "id": "node/7027716890"
    },
    {
      "type": "Feature",
      "properties": {
        "@id": "node/7027716899",
        "name": "Praneeth HP Gas Agency",
        "office": "company",
        "lat": 17.4506072,
        "lon": 78.390936,
        "workforce_capacity": null
      },
      "geometry": {
        "type": "Point",
        "coordinates": [
          78.390936,
          17.4506072
        ]
      },
      "id": "node/7027716899"
    },
    {
      "type": "Feature",
      "properties": {
        "@id": "node/7027817040",
        "name": "BIR Solutions",
        "office": "company",
        "lat": 17.444095,
        "lon": 78.4009588,
        "workforce_capacity": null
      },
      "geometry": {
        "type": "Point",
        "coordinates": [
          78.4009588,
          17.444095
        ]
      },
      "id": "node/7027817040"
    },
    {
      "type": "Feature",
      "properties": {
        "@id": "node/7035236544",
        "name": "RMSI",
        "office": "it",
        "lat": 17.4352373,
        "lon": 78.3857761,
        "workforce_capacity": null
      },
      "geometry": {
        "type": "Point",
        "coordinates": [
          78.3857761,
          17.4352373
        ]
      },
      "id": "node/7035236544"
    },
    {
      "type": "Feature",
      "properties": {
        "@id": "node/7043475209",
        "addr:city": "Hyderabad",
        "addr:plot": "656",
        "addr:postcode": "500033",
        "addr:street": "Road No. 34",
        "consulate": "consulate_general",
        "contact:email": "consulate.hyderabad@mfa.gov.tr",
        "contact:fax": "+91 40 2363 6220",
        "contact:phone": "+91 40 2363 6365",
        "contact:website": "https://haydarabad-bk.mfa.gov.tr",
        "country": "TR",
        "diplomatic": "consulate",
        "name": "Turkish Consulate",
        "name:tr": "Türkiye Başkonsolosluğu",
        "office": "diplomatic",
        "official_name:tr": "Türkiye Cumhuriyeti Haydarabad Başkonsolosluğu",
        "opening_hours": "Mo-Fr 09:00-13:00,14:00-16:30",
        "target": "IN",
        "lat": 17.4377899,
        "lon": 78.4010003,
        "workforce_capacity": null
      },
      "geometry": {
        "type": "Point",
        "coordinates": [
          78.4010003,
          17.4377899
        ]
      },
      "id": "node/7043475209"
    },
    {
      "type": "Feature",
      "properties": {
        "@id": "node/7085637779",
        "addr:housenumber": "Block 1",
        "name": "GlobalLogic",
        "office": "company",
        "lat": 17.4472436,
        "lon": 78.3560264,
        "workforce_capacity": null
      },
      "geometry": {
        "type": "Point",
        "coordinates": [
          78.3560264,
          17.4472436
        ]
      },
      "id": "node/7085637779"
    },
    {
      "type": "Feature",
      "properties": {
        "@id": "node/7097203033",
        "name": "Joveo",
        "office": "company",
        "lat": 17.4534734,
        "lon": 78.3699517,
        "workforce_capacity": null
      },
      "geometry": {
        "type": "Point",
        "coordinates": [
          78.3699517,
          17.4534734
        ]
      },
      "id": "node/7097203033"
    },
    {
      "type": "Feature",
      "properties": {
        "@id": "node/7099403697",
        "name": "Andhra Pradesh Economic Development Board",
        "name:te": "ఆంధ్ర ప్రదేశ్ ఎకనామిక్ డెవలప్మెంట్ బోర్డు",
        "office": "government",
        "lat": 17.4165545,
        "lon": 78.4592874,
        "workforce_capacity": null
      },
      "geometry": {
        "type": "Point",
        "coordinates": [
          78.4592874,
          17.4165545
        ]
      },
      "id": "node/7099403697"
    },
    {
      "type": "Feature",
      "properties": {
        "@id": "node/7113660686",
        "name": "Passport seva Kendra",
        "office": "government",
        "lat": 17.4368765,
        "lon": 78.4463614,
        "workforce_capacity": null
      },
      "geometry": {
        "type": "Point",
        "coordinates": [
          78.4463614,
          17.4368765
        ]
      },
      "id": "node/7113660686"
    },
    {
      "type": "Feature",
      "properties": {
        "@id": "node/7113730488",
        "name": "Aadhar card enrollment center",
        "office": "government",
        "lat": 17.4383668,
        "lon": 78.449129,
        "workforce_capacity": null
      },
      "geometry": {
        "type": "Point",
        "coordinates": [
          78.449129,
          17.4383668
        ]
      },
      "id": "node/7113730488"
    },
    {
      "type": "Feature",
      "properties": {
        "@id": "node/7113766585",
        "name": "E Seva",
        "office": "company",
        "lat": 17.4566287,
        "lon": 78.3981825,
        "workforce_capacity": null
      },
      "geometry": {
        "type": "Point",
        "coordinates": [
          78.3981825,
          17.4566287
        ]
      },
      "id": "node/7113766585"
    },
    {
      "type": "Feature",
      "properties": {
        "@id": "node/7118501044",
        "addr:city": "Hyderabad",
        "addr:housenumber": "Purva Summit",
        "addr:postcode": "500081",
        "addr:street": "Whitefields Road",
        "air_conditioning": "yes",
        "email": "info@isprout.in",
        "internet_access": "yes",
        "name": "iSprout Business Centre",
        "office": "coworking_space",
        "opening_hours": "Mo-Sa 09:00-20:00",
        "phone": "084649 99920",
        "lat": 17.4532922,
        "lon": 78.3700597,
        "workforce_capacity": null
      },
      "geometry": {
        "type": "Point",
        "coordinates": [
          78.3700597,
          17.4532922
        ]
      },
      "id": "node/7118501044"
    },
    {
      "type": "Feature",
      "properties": {
        "@id": "node/7132414593",
        "addr:city": "HYDERABAD",
        "addr:housenumber": "Sohini Tech Park",
        "addr:postcode": "500032",
        "addr:street": "Financial District, Nanakramguda",
        "email": "info@isprout.in",
        "internet_access": "yes",
        "name": "iSprout Business Centre",
        "office": "coworking_space",
        "opening_hours": "Mo-Sa 09:00-20:00",
        "phone": "084649 99920",
        "lat": 17.4227767,
        "lon": 78.3470725,
        "workforce_capacity": null
      },
      "geometry": {
        "type": "Point",
        "coordinates": [
          78.3470725,
          17.4227767
        ]
      },
      "id": "node/7132414593"
    },
    {
      "type": "Feature",
      "properties": {
        "@id": "node/7140598803",
        "addr:city": "Hyderabad",
        "addr:housenumber": ": Plot No.16, 4th Floor, Triveni Towers Silicon Valley",
        "addr:postcode": "500081",
        "addr:street": "100 Feet Road ,Madhapur",
        "name": "Proventures Education and Consulting Services",
        "office": "company",
        "opening_hours": "Mo-Sa 09:00-17:00",
        "lat": 17.4516919,
        "lon": 78.3854901,
        "workforce_capacity": null
      },
      "geometry": {
        "type": "Point",
        "coordinates": [
          78.3854901,
          17.4516919
        ]
      },
      "id": "node/7140598803"
    },
    {
      "type": "Feature",
      "properties": {
        "@id": "node/7140613873",
        "government": "yes",
        "name": "Zilla Praja Parishad Ranga Reddy District",
        "name:te": "జిల్లా ప్రజా పరిషద్ రంగా రెడ్డి డిస్ట్రిక్ట్",
        "office": "government",
        "lat": 17.413031,
        "lon": 78.4569762,
        "workforce_capacity": null
      },
      "geometry": {
        "type": "Point",
        "coordinates": [
          78.4569762,
          17.413031
        ]
      },
      "id": "node/7140613873"
    },
    {
      "type": "Feature",
      "properties": {
        "@id": "node/7152903470",
        "name": "PLLC software Solutions",
        "office": "it",
        "opening_hours": "Mo-Su 10:00-22:00",
        "lat": 17.3680701,
        "lon": 78.5403041,
        "workforce_capacity": null
      },
      "geometry": {
        "type": "Point",
        "coordinates": [
          78.5403041,
          17.3680701
        ]
      },
      "id": "node/7152903470"
    },
    {
      "type": "Feature",
      "properties": {
        "@id": "node/7171317384",
        "name": "Nalanda vidya bhavan high school",
        "office": "educational_institution",
        "lat": 17.4402926,
        "lon": 78.448951,
        "workforce_capacity": null
      },
      "geometry": {
        "type": "Point",
        "coordinates": [
          78.448951,
          17.4402926
        ]
      },
      "id": "node/7171317384"
    },
    {
      "type": "Feature",
      "properties": {
        "@id": "node/7173929504",
        "name": "omni techmasters",
        "office": "educational_institution",
        "lat": 17.4367664,
        "lon": 78.445228,
        "workforce_capacity": null
      },
      "geometry": {
        "type": "Point",
        "coordinates": [
          78.445228,
          17.4367664
        ]
      },
      "id": "node/7173929504"
    },
    {
      "type": "Feature",
      "properties": {
        "@id": "node/7180315358",
        "addr:city": "Hyderabad",
        "addr:postcode": "500072",
        "addr:street": "2nd Floor, No. 222/MIG, Rd number 2 KPHB Phase 1, Near KPHB metro station, above Taruni Silks, Kukatpally, Hyderabad, Telangana 500072",
        "check_date": "2024-03-16",
        "name": "QSpiders Hyderabad (KPHB)",
        "office": "educational_institution",
        "lat": 17.4936328,
        "lon": 78.4011079,
        "workforce_capacity": null
      },
      "geometry": {
        "type": "Point",
        "coordinates": [
          78.4011079,
          17.4936328
        ]
      },
      "id": "node/7180315358"
    },
    {
      "type": "Feature",
      "properties": {
        "@id": "node/7180363712",
        "check_date": "2024-03-16",
        "name": "J spiders",
        "name:en": "Jntu Auto Point",
        "office": "educational_institution",
        "lat": 17.4955876,
        "lon": 78.3949379,
        "workforce_capacity": null
      },
      "geometry": {
        "type": "Point",
        "coordinates": [
          78.3949379,
          17.4955876
        ]
      },
      "id": "node/7180363712"
    },
    {
      "type": "Feature",
      "properties": {
        "@id": "node/7199695312",
        "name": "Accenture HDC3",
        "office": "company",
        "lat": 17.4212682,
        "lon": 78.3747031,
        "workforce_capacity": null
      },
      "geometry": {
        "type": "Point",
        "coordinates": [
          78.3747031,
          17.4212682
        ]
      },
      "id": "node/7199695312"
    },
    {
      "type": "Feature",
      "properties": {
        "@id": "node/7236102043",
        "name": "Government Primary School",
        "office": "educational_institution",
        "lat": 17.3865123,
        "lon": 78.3733022,
        "workforce_capacity": null
      },
      "geometry": {
        "type": "Point",
        "coordinates": [
          78.3733022,
          17.3865123
        ]
      },
      "id": "node/7236102043"
    },
    {
      "type": "Feature",
      "properties": {
        "@id": "node/7236105469",
        "name": "Azra Public School",
        "office": "educational_institution",
        "lat": 17.3884972,
        "lon": 78.3861125,
        "workforce_capacity": null
      },
      "geometry": {
        "type": "Point",
        "coordinates": [
          78.3861125,
          17.3884972
        ]
      },
      "id": "node/7236105469"
    },
    {
      "type": "Feature",
      "properties": {
        "@id": "node/7236131045",
        "name": "Bhashyam Blooms School",
        "office": "educational_institution",
        "lat": 17.3805462,
        "lon": 78.3724621,
        "workforce_capacity": null
      },
      "geometry": {
        "type": "Point",
        "coordinates": [
          78.3724621,
          17.3805462
        ]
      },
      "id": "node/7236131045"
    },
    {
      "type": "Feature",
      "properties": {
        "@id": "node/7243946129",
        "amenity": "school",
        "name": "St.Martins High School",
        "office": "educational_institution",
        "lat": 17.4957622,
        "lon": 78.3591655,
        "workforce_capacity": null
      },
      "geometry": {
        "type": "Point",
        "coordinates": [
          78.3591655,
          17.4957622
        ]
      },
      "id": "node/7243946129"
    },
    {
      "type": "Feature",
      "properties": {
        "@id": "node/7244033605",
        "name": "karvy",
        "office": "government",
        "lat": 17.3677397,
        "lon": 78.5216716,
        "workforce_capacity": null
      },
      "geometry": {
        "type": "Point",
        "coordinates": [
          78.5216716,
          17.3677397
        ]
      },
      "id": "node/7244033605"
    },
    {
      "type": "Feature",
      "properties": {
        "@id": "node/7244113086",
        "name": "dtdc courier shop",
        "office": "government",
        "lat": 17.3679889,
        "lon": 78.5223551,
        "workforce_capacity": null
      },
      "geometry": {
        "type": "Point",
        "coordinates": [
          78.5223551,
          17.3679889
        ]
      },
      "id": "node/7244113086"
    },
    {
      "type": "Feature",
      "properties": {
        "@id": "node/7244117120",
        "name": "idea",
        "office": "telecommunication",
        "lat": 17.4051601,
        "lon": 78.5155909,
        "workforce_capacity": null
      },
      "geometry": {
        "type": "Point",
        "coordinates": [
          78.5155909,
          17.4051601
        ]
      },
      "id": "node/7244117120"
    },
    {
      "type": "Feature",
      "properties": {
        "@id": "node/7244168657",
        "name": "Mee seva center",
        "office": "government",
        "lat": 17.5020884,
        "lon": 78.4188249,
        "workforce_capacity": null
      },
      "geometry": {
        "type": "Point",
        "coordinates": [
          78.4188249,
          17.5020884
        ]
      },
      "id": "node/7244168657"
    },
    {
      "type": "Feature",
      "properties": {
        "@id": "node/7244175919",
        "addr:city": "Hyderabad",
        "addr:street": "lancohills Road",
        "name": "Sutherland Global Service",
        "office": "it",
        "lat": 17.412001,
        "lon": 78.3705553,
        "workforce_capacity": null
      },
      "geometry": {
        "type": "Point",
        "coordinates": [
          78.3705553,
          17.412001
        ]
      },
      "id": "node/7244175919"
    },
    {
      "type": "Feature",
      "properties": {
        "@id": "node/7244175920",
        "addr:city": "Hyderabad",
        "addr:street": "Lancohills Road",
        "name": "Cyient Technologies pvt ltd",
        "office": "it",
        "lat": 17.4118924,
        "lon": 78.3706293,
        "workforce_capacity": null
      },
      "geometry": {
        "type": "Point",
        "coordinates": [
          78.3706293,
          17.4118924
        ]
      },
      "id": "node/7244175920"
    },
    {
      "type": "Feature",
      "properties": {
        "@id": "node/7244230226",
        "name": "naresh it",
        "office": "educational_institution",
        "lat": 17.4395193,
        "lon": 78.4488183,
        "workforce_capacity": null
      },
      "geometry": {
        "type": "Point",
        "coordinates": [
          78.4488183,
          17.4395193
        ]
      },
      "id": "node/7244230226"
    },
    {
      "type": "Feature",
      "properties": {
        "@id": "node/7244230247",
        "name": "Race institute",
        "office": "educational_institution",
        "lat": 17.4343239,
        "lon": 78.4463268,
        "workforce_capacity": null
      },
      "geometry": {
        "type": "Point",
        "coordinates": [
          78.4463268,
          17.4343239
        ]
      },
      "id": "node/7244230247"
    },
    {
      "type": "Feature",
      "properties": {
        "@id": "node/7244230289",
        "name": "naresh it",
        "office": "educational_institution",
        "lat": 17.4373085,
        "lon": 78.4479268,
        "workforce_capacity": null
      },
      "geometry": {
        "type": "Point",
        "coordinates": [
          78.4479268,
          17.4373085
        ]
      },
      "id": "node/7244230289"
    },
    {
      "type": "Feature",
      "properties": {
        "@id": "node/7244230291",
        "name": "satya technologies",
        "office": "educational_institution",
        "lat": 17.4371547,
        "lon": 78.4474623,
        "workforce_capacity": null
      },
      "geometry": {
        "type": "Point",
        "coordinates": [
          78.4474623,
          17.4371547
        ]
      },
      "id": "node/7244230291"
    },
    {
      "type": "Feature",
      "properties": {
        "@id": "node/7244238199",
        "name": "electricty board",
        "office": "yes",
        "lat": 17.4047094,
        "lon": 78.5016559,
        "workforce_capacity": null
      },
      "geometry": {
        "type": "Point",
        "coordinates": [
          78.5016559,
          17.4047094
        ]
      },
      "id": "node/7244238199"
    },
    {
      "type": "Feature",
      "properties": {
        "@id": "node/7244238207",
        "name": "e seva",
        "office": "yes",
        "lat": 17.4090587,
        "lon": 78.5087948,
        "workforce_capacity": null
      },
      "geometry": {
        "type": "Point",
        "coordinates": [
          78.5087948,
          17.4090587
        ]
      },
      "id": "node/7244238207"
    },
    {
      "type": "Feature",
      "properties": {
        "@id": "node/7244256674",
        "addr:city": "Hyderabad",
        "addr:postcode": "500081",
        "addr:street": "Hitech city Madhapur road",
        "name": "Westernaqua",
        "office": "yes",
        "lat": 17.4522946,
        "lon": 78.3692115,
        "workforce_capacity": null
      },
      "geometry": {
        "type": "Point",
        "coordinates": [
          78.3692115,
          17.4522946
        ]
      },
      "id": "node/7244256674"
    },
    {
      "type": "Feature",
      "properties": {
        "@id": "node/7244256675",
        "name": "concentrix",
        "office": "yes",
        "lat": 17.4443863,
        "lon": 78.3741169,
        "workforce_capacity": null
      },
      "geometry": {
        "type": "Point",
        "coordinates": [
          78.3741169,
          17.4443863
        ]
      },
      "id": "node/7244256675"
    },
    {
      "type": "Feature",
      "properties": {
        "@id": "node/7244256677",
        "name": "JP Morgan",
        "office": "company",
        "lat": 17.4433152,
        "lon": 78.3743046,
        "workforce_capacity": null
      },
      "geometry": {
        "type": "Point",
        "coordinates": [
          78.3743046,
          17.4433152
        ]
      },
      "id": "node/7244256677"
    },
    {
      "type": "Feature",
      "properties": {
        "@id": "node/7244260609",
        "name": "Sri Ram Chit Funds",
        "office": "financial",
        "lat": 17.4947481,
        "lon": 78.3561223,
        "workforce_capacity": null
      },
      "geometry": {
        "type": "Point",
        "coordinates": [
          78.3561223,
          17.4947481
        ]
      },
      "id": "node/7244260609"
    },
    {
      "type": "Feature",
      "properties": {
        "@id": "node/7244264226",
        "name": "fitzee",
        "office": "educational_institution",
        "lat": 17.398637,
        "lon": 78.4868184,
        "workforce_capacity": null
      },
      "geometry": {
        "type": "Point",
        "coordinates": [
          78.4868184,
          17.398637
        ]
      },
      "id": "node/7244264226"
    },
    {
      "type": "Feature",
      "properties": {
        "@id": "node/7244264227",
        "addr:street": "vittalwadi",
        "name": "narayana junior college",
        "office": "educational_institution",
        "lat": 17.3985679,
        "lon": 78.4869404,
        "workforce_capacity": null
      },
      "geometry": {
        "type": "Point",
        "coordinates": [
          78.4869404,
          17.3985679
        ]
      },
      "id": "node/7244264227"
    },
    {
      "type": "Feature",
      "properties": {
        "@id": "node/7244264250",
        "name": "Gurunanak school",
        "name:te": "గురునానక్ స్కూల్",
        "office": "educational_institution",
        "lat": 17.3995042,
        "lon": 78.4879484,
        "workforce_capacity": null
      },
      "geometry": {
        "type": "Point",
        "coordinates": [
          78.4879484,
          17.3995042
        ]
      },
      "id": "node/7244264250"
    },
    {
      "type": "Feature",
      "properties": {
        "@id": "node/7244264270",
        "name": "IAS study circle",
        "office": "educational_institution",
        "lat": 17.3984287,
        "lon": 78.484585,
        "workforce_capacity": null
      },
      "geometry": {
        "type": "Point",
        "coordinates": [
          78.484585,
          17.3984287
        ]
      },
      "id": "node/7244264270"
    },
    {
      "type": "Feature",
      "properties": {
        "@id": "node/7244480681",
        "name": "Mee seva center",
        "office": "yes",
        "lat": 17.3942977,
        "lon": 78.4379529,
        "workforce_capacity": null
      },
      "geometry": {
        "type": "Point",
        "coordinates": [
          78.4379529,
          17.3942977
        ]
      },
      "id": "node/7244480681"
    },
    {
      "type": "Feature",
      "properties": {
        "@id": "node/7244487821",
        "name": "Airtel office",
        "office": "yes",
        "lat": 17.3949553,
        "lon": 78.4349183,
        "workforce_capacity": null
      },
      "geometry": {
        "type": "Point",
        "coordinates": [
          78.4349183,
          17.3949553
        ]
      },
      "id": "node/7244487821"
    },
    {
      "type": "Feature",
      "properties": {
        "@id": "node/7246479706",
        "name": "Aesteroid innovations india pvt ltd",
        "office": "yes",
        "lat": 17.4871741,
        "lon": 78.3916321,
        "workforce_capacity": null
      },
      "geometry": {
        "type": "Point",
        "coordinates": [
          78.3916321,
          17.4871741
        ]
      },
      "id": "node/7246479706"
    },
    {
      "type": "Feature",
      "properties": {
        "@id": "node/7246482629",
        "check_date": "2024-03-16",
        "email": "info@kosmiktechnologies.com",
        "name": "Kosmik Technologies Pvt Ltd.",
        "office": "educational_institution",
        "phone": "(+91) 8712186898",
        "website": "https://www.kosmiktechnologies.com/",
        "lat": 17.4957743,
        "lon": 78.3955659,
        "workforce_capacity": null
      },
      "geometry": {
        "type": "Point",
        "coordinates": [
          78.3955659,
          17.4957743
        ]
      },
      "id": "node/7246482629"
    },
    {
      "type": "Feature",
      "properties": {
        "@id": "node/7246482632",
        "check_date": "2024-03-16",
        "name": "Strstosphere it services pvtltd",
        "office": "it",
        "lat": 17.4901036,
        "lon": 78.3937711,
        "workforce_capacity": null
      },
      "geometry": {
        "type": "Point",
        "coordinates": [
          78.3937711,
          17.4901036
        ]
      },
      "id": "node/7246482632"
    },
    {
      "type": "Feature",
      "properties": {
        "@id": "node/7246498934",
        "check_date": "2024-03-16",
        "name": "Find logics software",
        "office": "it",
        "lat": 17.4890374,
        "lon": 78.3929332,
        "workforce_capacity": null
      },
      "geometry": {
        "type": "Point",
        "coordinates": [
          78.3929332,
          17.4890374
        ]
      },
      "id": "node/7246498934"
    },
    {
      "type": "Feature",
      "properties": {
        "@id": "node/7246498936",
        "check_date": "2024-03-16",
        "name": "ux reactor india pvt",
        "office": "it",
        "lat": 17.489193,
        "lon": 78.3930605,
        "workforce_capacity": null
      },
      "geometry": {
        "type": "Point",
        "coordinates": [
          78.3930605,
          17.489193
        ]
      },
      "id": "node/7246498936"
    },
    {
      "type": "Feature",
      "properties": {
        "@id": "node/7246498937",
        "check_date": "2024-03-16",
        "name": "collabra technologies",
        "office": "it",
        "lat": 17.4891624,
        "lon": 78.3928739,
        "workforce_capacity": null
      },
      "geometry": {
        "type": "Point",
        "coordinates": [
          78.3928739,
          17.4891624
        ]
      },
      "id": "node/7246498937"
    },
    {
      "type": "Feature",
      "properties": {
        "@id": "node/7246498942",
        "check_date": "2024-03-16",
        "name": "Bluedart courier servcie",
        "office": "yes",
        "lat": 17.4878249,
        "lon": 78.3917514,
        "workforce_capacity": null
      },
      "geometry": {
        "type": "Point",
        "coordinates": [
          78.3917514,
          17.4878249
        ]
      },
      "id": "node/7246498942"
    },
    {
      "type": "Feature",
      "properties": {
        "@id": "node/7246803480",
        "name": "MeeSeva center",
        "office": "yes",
        "lat": 17.3951172,
        "lon": 78.4325185,
        "workforce_capacity": null
      },
      "geometry": {
        "type": "Point",
        "coordinates": [
          78.4325185,
          17.3951172
        ]
      },
      "id": "node/7246803480"
    },
    {
      "type": "Feature",
      "properties": {
        "@id": "node/7246812296",
        "name": "Outlook HR Solutions",
        "office": "consulting",
        "lat": 17.3929513,
        "lon": 78.4393064,
        "workforce_capacity": null
      },
      "geometry": {
        "type": "Point",
        "coordinates": [
          78.4393064,
          17.3929513
        ]
      },
      "id": "node/7246812296"
    },
    {
      "type": "Feature",
      "properties": {
        "@id": "node/7246812300",
        "name": "NMDC Ltd.",
        "office": "yes",
        "lat": 17.3980934,
        "lon": 78.4500273,
        "workforce_capacity": null
      },
      "geometry": {
        "type": "Point",
        "coordinates": [
          78.4500273,
          17.3980934
        ]
      },
      "id": "node/7246812300"
    },
    {
      "type": "Feature",
      "properties": {
        "@id": "node/7248877411",
        "addr:city": "Hyderabad",
        "addr:street": "Old Bombay Highway, Raidurgam",
        "name": "Wellsfargo",
        "office": "it",
        "lat": 17.4243166,
        "lon": 78.3788008,
        "workforce_capacity": null
      },
      "geometry": {
        "type": "Point",
        "coordinates": [
          78.3788008,
          17.4243166
        ]
      },
      "id": "node/7248877411"
    },
    {
      "type": "Feature",
      "properties": {
        "@id": "node/7248877417",
        "addr:city": "Hyderabad",
        "addr:street": "Road No 2, Financial District",
        "air_conditioning": "yes",
        "name": "Karvy",
        "office": "it",
        "lat": 17.4218589,
        "lon": 78.3328074,
        "workforce_capacity": null
      },
      "geometry": {
        "type": "Point",
        "coordinates": [
          78.3328074,
          17.4218589
        ]
      },
      "id": "node/7248877417"
    },
    {
      "type": "Feature",
      "properties": {
        "@id": "node/7290452096",
        "name": "Army Public School, Golconda",
        "office": "educational_institution",
        "lat": 17.3669866,
        "lon": 78.4000095,
        "workforce_capacity": null
      },
      "geometry": {
        "type": "Point",
        "coordinates": [
          78.4000095,
          17.3669866
        ]
      },
      "id": "node/7290452096"
    },
    {
      "type": "Feature",
      "properties": {
        "@id": "node/7385432960",
        "name": "Sri Technologies",
        "office": "company",
        "lat": 17.430947,
        "lon": 78.3931322,
        "workforce_capacity": null
      },
      "geometry": {
        "type": "Point",
        "coordinates": [
          78.3931322,
          17.430947
        ]
      },
      "id": "node/7385432960"
    },
    {
      "type": "Feature",
      "properties": {
        "@id": "node/7385438419",
        "name": "WE Hub, Govt. of Telangana",
        "office": "government",
        "lat": 17.4328237,
        "lon": 78.3935027,
        "workforce_capacity": null
      },
      "geometry": {
        "type": "Point",
        "coordinates": [
          78.3935027,
          17.4328237
        ]
      },
      "id": "node/7385438419"
    },
    {
      "type": "Feature",
      "properties": {
        "@id": "node/7388463455",
        "name": "Shadan College of Engineering and Technology",
        "office": "educational_institution",
        "lat": 17.3537297,
        "lon": 78.3747035,
        "workforce_capacity": null
      },
      "geometry": {
        "type": "Point",
        "coordinates": [
          78.3747035,
          17.3537297
        ]
      },
      "id": "node/7388463455"
    },
    {
      "type": "Feature",
      "properties": {
        "@id": "node/7397325515",
        "name": "National Institute for Micro, Small and Medium Enterprises",
        "office": "government",
        "lat": 17.4380097,
        "lon": 78.425101,
        "workforce_capacity": null
      },
      "geometry": {
        "type": "Point",
        "coordinates": [
          78.425101,
          17.4380097
        ]
      },
      "id": "node/7397325515"
    },
    {
      "type": "Feature",
      "properties": {
        "@id": "node/7447623796",
        "addr:city": "Hyderabad",
        "addr:postcode": "500024",
        "addr:state": "Telangana",
        "amenity": "post_office",
        "name": "صحیفہ پوسٹ آفس",
        "name:en": "Sahifa Sub Post Office",
        "office": "government",
        "opening_hours": "Mo-Sa 09:00-17:00",
        "operator": "India Post",
        "phone": "+91 40 2346 3862",
        "website": "https://www.indiapost.gov.in/vas/Pages/IndiaPostHome.aspx",
        "lat": 17.3770509,
        "lon": 78.4932777,
        "workforce_capacity": null
      },
      "geometry": {
        "type": "Point",
        "coordinates": [
          78.4932777,
          17.3770509
        ]
      },
      "id": "node/7447623796"
    },
    {
      "type": "Feature",
      "properties": {
        "@id": "node/7463187080",
        "name": "Akshara International school",
        "office": "educational_institution",
        "lat": 17.4957709,
        "lon": 78.4550471,
        "workforce_capacity": null
      },
      "geometry": {
        "type": "Point",
        "coordinates": [
          78.4550471,
          17.4957709
        ]
      },
      "id": "node/7463187080"
    },
    {
      "type": "Feature",
      "properties": {
        "@id": "node/7497983295",
        "name": "Blue Dart Express Limited",
        "office": "yes",
        "lat": 17.4698671,
        "lon": 78.4375747,
        "workforce_capacity": null
      },
      "geometry": {
        "type": "Point",
        "coordinates": [
          78.4375747,
          17.4698671
        ]
      },
      "id": "node/7497983295"
    },
    {
      "type": "Feature",
      "properties": {
        "@id": "node/7569530036",
        "addr:city": "Secunderabad",
        "addr:housenumber": "Beside Military football ground,1st floor",
        "addr:postcode": "500015",
        "addr:street": "Rajiv Rahadari Main Road",
        "name": "Aakash Institute Trimulgherry",
        "office": "educational_institution",
        "lat": 17.473821,
        "lon": 78.5105527,
        "workforce_capacity": null
      },
      "geometry": {
        "type": "Point",
        "coordinates": [
          78.5105527,
          17.473821
        ]
      },
      "id": "node/7569530036"
    },
    {
      "type": "Feature",
      "properties": {
        "@id": "node/7597687772",
        "name": "Bizviz Technologies",
        "office": "company",
        "lat": 17.4572278,
        "lon": 78.3706149,
        "workforce_capacity": null
      },
      "geometry": {
        "type": "Point",
        "coordinates": [
          78.3706149,
          17.4572278
        ]
      },
      "id": "node/7597687772"
    },
    {
      "type": "Feature",
      "properties": {
        "@id": "node/7623339921",
        "addr:city": "Hyderabad",
        "addr:district": "Hyderabad",
        "addr:housenumber": "9GC6+6Q Malakpet, Hyderabad, Telangana",
        "addr:state": "Telangana",
        "addr:street": "Government Quarters, TV Tower, NH 9 Adjacent to, Malakpet, Hyderabad, Telangana 500036",
        "amenity": "police",
        "government": "public_service",
        "name": "Malakpet Police Station",
        "name:ur": "مالکیپٹ پولیس اسٹیشن",
        "office": "government",
        "opening_hours": "24/7",
        "operator": "Hyderbad City Police",
        "phone": "91 40 2785 4765; 91 40 2785 4969; 91 40 27854713",
        "website": "hyderabadpolice.gov.in",
        "lat": 17.3704861,
        "lon": 78.5120044,
        "workforce_capacity": null
      },
      "geometry": {
        "type": "Point",
        "coordinates": [
          78.5120044,
          17.3704861
        ]
      },
      "id": "node/7623339921"
    },
    {
      "type": "Feature",
      "properties": {
        "@id": "node/7640684959",
        "addr:housenumber": "9G98+H9 New Malakpet, Hyderabad, Telangana",
        "addr:street": "IDARA MADINATUL ULOOM AMJAD VILLA H-No: 16-2-740/C/4, Asmangadh Rd, Highway, NH65",
        "name": "IDARA MADINATUL ULOOM",
        "office": "Religious Institute",
        "phone": "098481 11751",
        "lat": 17.3689384,
        "lon": 78.5159378,
        "workforce_capacity": null
      },
      "geometry": {
        "type": "Point",
        "coordinates": [
          78.5159378,
          17.3689384
        ]
      },
      "id": "node/7640684959"
    },
    {
      "type": "Feature",
      "properties": {
        "@id": "node/7642365584",
        "addr:city": "Secunderabad",
        "addr:housenumber": "plot no 53/a",
        "addr:postcode": "500003",
        "addr:street": "Sebastian Road",
        "name": "Tech Mahindra BPO Limited",
        "office": "company",
        "lat": 17.4399563,
        "lon": 78.5000521,
        "workforce_capacity": null
      },
      "geometry": {
        "type": "Point",
        "coordinates": [
          78.5000521,
          17.4399563
        ]
      },
      "id": "node/7642365584"
    },
    {
      "type": "Feature",
      "properties": {
        "@id": "node/7836546006",
        "government": "state_government_office",
        "name": "MeeSeva Center",
        "office": "government",
        "opening_hours": "Mo-Sa 08:00-18:00",
        "lat": 17.4968708,
        "lon": 78.3577196,
        "workforce_capacity": null
      },
      "geometry": {
        "type": "Point",
        "coordinates": [
          78.3577196,
          17.4968708
        ]
      },
      "id": "node/7836546006"
    },
    {
      "type": "Feature",
      "properties": {
        "@id": "node/7849753327",
        "addr:city": "Hyderabad",
        "addr:full": "Ground Floor, Plot No. 8 & 9, Jubilee Enclave, Opp. HITEX Entrance, HITEC City",
        "addr:postcode": "500081",
        "addr:state": "Telangana",
        "description": "KLR Vertex aims to create visionary cities that inspire living and develop Eco-friendly infrastructure suitable for active living.",
        "name": "KLR Vertex",
        "office": "company",
        "phone": "868-868-4684",
        "website": "https://klrvertex.com",
        "lat": 17.456154,
        "lon": 78.3757931,
        "workforce_capacity": null
      },
      "geometry": {
        "type": "Point",
        "coordinates": [
          78.3757931,
          17.456154
        ]
      },
      "id": "node/7849753327"
    },
    {
      "type": "Feature",
      "properties": {
        "@id": "node/7925669685",
        "addr:city": "Hyderabad",
        "addr:country": "IN",
        "addr:district": "Medchal–Malkajgiri",
        "addr:postcode": "500055",
        "addr:state": "Telangana",
        "addr:street": "Raithu Bazar",
        "addr:subdistrict": "Quthbullapur mandal",
        "addr:suburb": "Shapur Nagar",
        "name": "E-Seva",
        "office": "yes",
        "lat": 17.51777,
        "lon": 78.445622,
        "workforce_capacity": null
      },
      "geometry": {
        "type": "Point",
        "coordinates": [
          78.445622,
          17.51777
        ]
      },
      "id": "node/7925669685"
    },
    {
      "type": "Feature",
      "properties": {
        "@id": "node/7966169683",
        "name": "CEO Office",
        "office": "foundation",
        "lat": 17.4177177,
        "lon": 78.4300467,
        "workforce_capacity": null
      },
      "geometry": {
        "type": "Point",
        "coordinates": [
          78.4300467,
          17.4177177
        ]
      },
      "id": "node/7966169683"
    },
    {
      "type": "Feature",
      "properties": {
        "@id": "node/7967446220",
        "addr:city": "Hyderabad",
        "addr:postcode": "500084",
        "addr:street": "Whitefields Road",
        "aerospace:product": "rocket;spacecraft_propulsion",
        "company": "aerospace",
        "email": "info@skyroot.in",
        "name": "Skyroot Aerospace",
        "office": "company",
        "website": "https://skyroot.in",
        "lat": 17.4561986,
        "lon": 78.3695539,
        "workforce_capacity": null
      },
      "geometry": {
        "type": "Point",
        "coordinates": [
          78.3695539,
          17.4561986
        ]
      },
      "id": "node/7967446220"
    },
    {
      "type": "Feature",
      "properties": {
        "@id": "node/7972665139",
        "name": "Cantonment Board",
        "office": "government",
        "lat": 17.4436542,
        "lon": 78.5005707,
        "workforce_capacity": null
      },
      "geometry": {
        "type": "Point",
        "coordinates": [
          78.5005707,
          17.4436542
        ]
      },
      "id": "node/7972665139"
    },
    {
      "type": "Feature",
      "properties": {
        "@id": "node/8065109654",
        "addr:city": "Hyderabad",
        "amenity": "police",
        "contact:phone": "91 40 27854785",
        "government": "public_service",
        "name": "سعیدآباد تھانہ",
        "name:en": "Sayeedabad Police Station",
        "office": "government",
        "opening_hours": "24/7",
        "operator": "Hyderabad City Police",
        "website": "https://www.hyderabadpolice.gov.in/ps/saidabadps.htm",
        "lat": 17.3620704,
        "lon": 78.5091658,
        "workforce_capacity": null
      },
      "geometry": {
        "type": "Point",
        "coordinates": [
          78.5091658,
          17.3620704
        ]
      },
      "id": "node/8065109654"
    },
    {
      "type": "Feature",
      "properties": {
        "@id": "node/8065540528",
        "addr:city": "Hyderabad",
        "addr:district": "Hyderabad",
        "addr:postcode": "500024",
        "addr:state": "Telangana",
        "amenity": "bank",
        "contact:phone": "+91 40 24412022",
        "government": "public_service",
        "name": "اسٹیٹ بینک آف انڈیا, ملاکیپٹ",
        "name:en": "State Bank of India, Malakpet Branch",
        "office": "government",
        "opening_hours": "Mo-Fr 10:30-16:30; PH off",
        "operator": "State Bank of India",
        "short_name": "SBI",
        "website": "https://www.sbi.co.in/",
        "lat": 17.376452,
        "lon": 78.4920486,
        "workforce_capacity": null
      },
      "geometry": {
        "type": "Point",
        "coordinates": [
          78.4920486,
          17.376452
        ]
      },
      "id": "node/8065540528"
    },
    {
      "type": "Feature",
      "properties": {
        "@id": "node/8065642527",
        "addr:city": "Hyderabad",
        "addr:postcode": "500 064",
        "addr:state": "Telangana",
        "amenity": "police",
        "contact:phone": "91 40 2785 4789; 91 40 2785 4963",
        "government": "public_service",
        "name": "کامتی پورہ تھانہ",
        "name:en": "Kamatipura Police Station",
        "office": "government",
        "opening_hours": "24/7",
        "operator": "Hyderbad City Police",
        "website": "https://hyderabadpolice.gov.in/ps/kamatipuraps.html",
        "lat": 17.3559794,
        "lon": 78.4601652,
        "workforce_capacity": null
      },
      "geometry": {
        "type": "Point",
        "coordinates": [
          78.4601652,
          17.3559794
        ]
      },
      "id": "node/8065642527"
    },
    {
      "type": "Feature",
      "properties": {
        "@id": "node/8065642920",
        "addr:city": "Hyderabad",
        "addr:postcode": "500 064",
        "addr:state": "Telangana",
        "amenity": "bank",
        "atm": "yes",
        "contact:phone": "91 40 2447 3450",
        "government": "public_service",
        "name": "اسٹیٹ بینک آف انڈیا",
        "name:en": "State Bank of India, Chandulal Baradari Branch",
        "office": "government",
        "opening_hours": "Mo-Fr 10:30-16:30; PH off",
        "operator": "State Bank of India",
        "short_name": "SBI",
        "website": "https://www.sbi.co.in/",
        "lat": 17.3521271,
        "lon": 78.4532015,
        "workforce_capacity": null
      },
      "geometry": {
        "type": "Point",
        "coordinates": [
          78.4532015,
          17.3521271
        ]
      },
      "id": "node/8065642920"
    },
    {
      "type": "Feature",
      "properties": {
        "@id": "node/8087397071",
        "addr:city": "Hyderbad",
        "addr:district": "Hyderabad",
        "addr:state": "Telangana",
        "alt_name": "RTO Malakpet",
        "contact:phone": "+91 40 2332 1278",
        "government": "transportation",
        "name": "ریجنل ٹرانسپورٹ آفس ( ایسٹ - زون ) ، ملکپیت",
        "name:en": "Regional Transport Office (East Zone), Malakpet",
        "office": "government",
        "opening_hours": "Mo-Sa 10:30-17:00; PH off",
        "website": "https://www.transport.telangana.gov.in/",
        "lat": 17.3779456,
        "lon": 78.5152417,
        "workforce_capacity": null
      },
      "geometry": {
        "type": "Point",
        "coordinates": [
          78.5152417,
          17.3779456
        ]
      },
      "id": "node/8087397071"
    },
    {
      "type": "Feature",
      "properties": {
        "@id": "node/8107894697",
        "addr:city": "hyderabad",
        "addr:postcode": "500018",
        "addr:street": "Borabanda Mothinagar road",
        "grades": "1-10",
        "name": "Vijetha High School",
        "office": "educational_institution",
        "opening_hours": "Mo-Sa 08:00-18:00",
        "opening_hours:covid19": "off",
        "religion": "none",
        "lat": 17.4588944,
        "lon": 78.4250811,
        "workforce_capacity": null
      },
      "geometry": {
        "type": "Point",
        "coordinates": [
          78.4250811,
          17.4588944
        ]
      },
      "id": "node/8107894697"
    },
    {
      "type": "Feature",
      "properties": {
        "@id": "node/8107894699",
        "government": "public_service",
        "name": "Meseva",
        "office": "government",
        "opening_hours": "Mo-Su 08:00-20:00",
        "lat": 17.4560933,
        "lon": 78.4221738,
        "workforce_capacity": null
      },
      "geometry": {
        "type": "Point",
        "coordinates": [
          78.4221738,
          17.4560933
        ]
      },
      "id": "node/8107894699"
    },
    {
      "type": "Feature",
      "properties": {
        "@id": "node/8111008944",
        "addr:city": "Hyderabad",
        "addr:postcode": "500018",
        "addr:street": "Subashnagar",
        "name": "Vishwa bharthi high school",
        "office": "educational_institution",
        "lat": 17.4508976,
        "lon": 78.4464727,
        "workforce_capacity": null
      },
      "geometry": {
        "type": "Point",
        "coordinates": [
          78.4464727,
          17.4508976
        ]
      },
      "id": "node/8111008944"
    },
    {
      "type": "Feature",
      "properties": {
        "@id": "node/8113599416",
        "name": "super good film office",
        "office": "yes",
        "lat": 17.4137543,
        "lon": 78.4097094,
        "workforce_capacity": null
      },
      "geometry": {
        "type": "Point",
        "coordinates": [
          78.4097094,
          17.4137543
        ]
      },
      "id": "node/8113599416"
    },
    {
      "type": "Feature",
      "properties": {
        "@id": "node/8113820141",
        "addr:city": "Hyderabad",
        "addr:postcode": "500018",
        "addr:street": "Sanathnagar",
        "name": "Cresent covent high school",
        "office": "educational_institution",
        "lat": 17.4499538,
        "lon": 78.4453115,
        "workforce_capacity": null
      },
      "geometry": {
        "type": "Point",
        "coordinates": [
          78.4453115,
          17.4499538
        ]
      },
      "id": "node/8113820141"
    },
    {
      "type": "Feature",
      "properties": {
        "@id": "node/8129902419",
        "addr:city": "Hyderabad",
        "addr:full": "Trendz Utility, 1st Floor, Vittal Rao Nagar Rd, Vittal Rao Nagar, HITEC City, Hyderabad, Telangana 500081",
        "addr:postcode": "500081",
        "addr:state": "Telangana",
        "name": "NextBillion.ai",
        "office": "company",
        "website": "https://nextbillion.ai/",
        "lat": 17.4378622,
        "lon": 78.3877308,
        "workforce_capacity": null
      },
      "geometry": {
        "type": "Point",
        "coordinates": [
          78.3877308,
          17.4378622
        ]
      },
      "id": "node/8129902419"
    },
    {
      "type": "Feature",
      "properties": {
        "@id": "node/8145626185",
        "addr:city": "Hyderabad",
        "addr:country": "IN",
        "addr:postcode": "500081",
        "addr:street": "road number 36",
        "name": "Aertsen Living",
        "office": "architect",
        "lat": 17.4350242,
        "lon": 78.4020156,
        "workforce_capacity": null
      },
      "geometry": {
        "type": "Point",
        "coordinates": [
          78.4020156,
          17.4350242
        ]
      },
      "id": "node/8145626185"
    },
    {
      "type": "Feature",
      "properties": {
        "@id": "node/8233202652",
        "name": "SBI Life Insurance",
        "office": "insurance",
        "lat": 17.4993408,
        "lon": 78.5117052,
        "workforce_capacity": null
      },
      "geometry": {
        "type": "Point",
        "coordinates": [
          78.5117052,
          17.4993408
        ]
      },
      "id": "node/8233202652"
    },
    {
      "type": "Feature",
      "properties": {
        "@id": "node/8354338133",
        "addr:city": "Hyderabad",
        "addr:housenumber": "532",
        "addr:postcode": "500081",
        "addr:street": "100 Feet Road, Megha Hills, Madhapur",
        "name": "Mantravy Online Services",
        "office": "it",
        "opening_hours": "Mo-Fr 09:00-18:00",
        "phone": "040 4858 1616",
        "website": "https://mantravy.com/",
        "lat": 17.4519517,
        "lon": 78.3939093,
        "workforce_capacity": null
      },
      "geometry": {
        "type": "Point",
        "coordinates": [
          78.3939093,
          17.4519517
        ]
      },
      "id": "node/8354338133"
    },
    {
      "type": "Feature",
      "properties": {
        "@id": "node/8366669491",
        "name": "Chintal Bus stop",
        "office": "educational_institution",
        "lat": 17.4956365,
        "lon": 78.45213,
        "workforce_capacity": null
      },
      "geometry": {
        "type": "Point",
        "coordinates": [
          78.45213,
          17.4956365
        ]
      },
      "id": "node/8366669491"
    },
    {
      "type": "Feature",
      "properties": {
        "@id": "node/8386237047",
        "addr:city": "hyderabad",
        "addr:postcode": "500020",
        "addr:street": "jawahar nagar",
        "name": "Nagarjuna's Study Circle",
        "office": "educational_institution",
        "lat": 17.4066226,
        "lon": 78.4933482,
        "workforce_capacity": null
      },
      "geometry": {
        "type": "Point",
        "coordinates": [
          78.4933482,
          17.4066226
        ]
      },
      "id": "node/8386237047"
    },
    {
      "type": "Feature",
      "properties": {
        "@id": "node/8386611291",
        "name": "Mee Seva",
        "office": "government",
        "lat": 17.5060779,
        "lon": 78.396156,
        "workforce_capacity": null
      },
      "geometry": {
        "type": "Point",
        "coordinates": [
          78.396156,
          17.5060779
        ]
      },
      "id": "node/8386611291"
    },
    {
      "type": "Feature",
      "properties": {
        "@id": "node/8386630031",
        "name": "Mee Seva",
        "office": "government",
        "lat": 17.5184578,
        "lon": 78.3964941,
        "workforce_capacity": null
      },
      "geometry": {
        "type": "Point",
        "coordinates": [
          78.3964941,
          17.5184578
        ]
      },
      "id": "node/8386630031"
    },
    {
      "type": "Feature",
      "properties": {
        "@id": "node/8386653632",
        "name": "Triveni Talent School",
        "office": "educational_institution",
        "lat": 17.4944694,
        "lon": 78.4538943,
        "workforce_capacity": null
      },
      "geometry": {
        "type": "Point",
        "coordinates": [
          78.4538943,
          17.4944694
        ]
      },
      "id": "node/8386653632"
    },
    {
      "type": "Feature",
      "properties": {
        "@id": "node/8386705960",
        "addr:city": "Hyderabad",
        "addr:postcode": "500054",
        "addr:street": "Mallikarjuna Nagar",
        "name": "Siddartha High School",
        "office": "educational_institution",
        "lat": 17.4951331,
        "lon": 78.4550599,
        "workforce_capacity": null
      },
      "geometry": {
        "type": "Point",
        "coordinates": [
          78.4550599,
          17.4951331
        ]
      },
      "id": "node/8386705960"
    },
    {
      "type": "Feature",
      "properties": {
        "@id": "node/8386789568",
        "name": "Rosary High School",
        "office": "educational_institution",
        "lat": 17.4778821,
        "lon": 78.3938504,
        "workforce_capacity": null
      },
      "geometry": {
        "type": "Point",
        "coordinates": [
          78.3938504,
          17.4778821
        ]
      },
      "id": "node/8386789568"
    },
    {
      "type": "Feature",
      "properties": {
        "@id": "node/8387010299",
        "addr:city": "Hyderabad",
        "addr:postcode": "500054",
        "addr:street": "Mahendar Nagar",
        "name": "Qutbullapur Municipal Office",
        "office": "yes",
        "lat": 17.4993272,
        "lon": 78.4532137,
        "workforce_capacity": null
      },
      "geometry": {
        "type": "Point",
        "coordinates": [
          78.4532137,
          17.4993272
        ]
      },
      "id": "node/8387010299"
    },
    {
      "type": "Feature",
      "properties": {
        "@id": "node/8387021484",
        "name": "Vision ias coaching center",
        "office": "educational_institution",
        "lat": 17.4072437,
        "lon": 78.4948335,
        "workforce_capacity": null
      },
      "geometry": {
        "type": "Point",
        "coordinates": [
          78.4948335,
          17.4072437
        ]
      },
      "id": "node/8387021484"
    },
    {
      "type": "Feature",
      "properties": {
        "@id": "node/8389412038",
        "addr:city": "Hyderabad",
        "addr:postcode": "500037",
        "name": "TSSPDCL",
        "office": "energy_supplier",
        "lat": 17.4816637,
        "lon": 78.4434613,
        "workforce_capacity": null
      },
      "geometry": {
        "type": "Point",
        "coordinates": [
          78.4434613,
          17.4816637
        ]
      },
      "id": "node/8389412038"
    },
    {
      "type": "Feature",
      "properties": {
        "@id": "node/8478835514",
        "addr:city": "Hyderabad",
        "addr:country": "IN",
        "addr:housenumber": "1st Floor, Mounika Towers,",
        "addr:locality": "Guttala_Begumpet",
        "addr:postcode": "500081",
        "addr:state": "Telangana",
        "addr:street": "Near Madhapur Police Station Metro Pillar no 21, H NO- 2-31 Ph No: - 040 – 40100088, Madhapur Rd",
        "name": "CLR Facility Services Pvt Ltd",
        "office": "yes",
        "lat": 17.4398779,
        "lon": 78.3953895,
        "workforce_capacity": null
      },
      "geometry": {
        "type": "Point",
        "coordinates": [
          78.3953895,
          17.4398779
        ]
      },
      "id": "node/8478835514"
    },
    {
      "type": "Feature",
      "properties": {
        "@id": "node/8733967934",
        "name": "Legato Health",
        "office": "company",
        "lat": 17.4040293,
        "lon": 78.3311883,
        "workforce_capacity": null
      },
      "geometry": {
        "type": "Point",
        "coordinates": [
          78.3311883,
          17.4040293
        ]
      },
      "id": "node/8733967934"
    },
    {
      "type": "Feature",
      "properties": {
        "@id": "node/8739584720",
        "name": "Safexpress",
        "office": "logistics",
        "website": "https://www.safexpress.com/",
        "lat": 17.4640714,
        "lon": 78.4839218,
        "workforce_capacity": null
      },
      "geometry": {
        "type": "Point",
        "coordinates": [
          78.4839218,
          17.4640714
        ]
      },
      "id": "node/8739584720"
    },
    {
      "type": "Feature",
      "properties": {
        "@id": "node/8739584727",
        "name": "DTDC Courier",
        "office": "courier",
        "website": "https://dtdc.in/",
        "lat": 17.4624259,
        "lon": 78.492593,
        "workforce_capacity": null
      },
      "geometry": {
        "type": "Point",
        "coordinates": [
          78.492593,
          17.4624259
        ]
      },
      "id": "node/8739584727"
    },
    {
      "type": "Feature",
      "properties": {
        "@id": "node/8739653925",
        "name": "CMS Info Systems",
        "office": "security",
        "website": "https://www.cms.com/",
        "lat": 17.4619077,
        "lon": 78.4894935,
        "workforce_capacity": null
      },
      "geometry": {
        "type": "Point",
        "coordinates": [
          78.4894935,
          17.4619077
        ]
      },
      "id": "node/8739653925"
    },
    {
      "type": "Feature",
      "properties": {
        "@id": "node/8866626849",
        "name": "Mandal Office",
        "office": "government",
        "lat": 17.3740201,
        "lon": 78.5142167,
        "workforce_capacity": null
      },
      "geometry": {
        "type": "Point",
        "coordinates": [
          78.5142167,
          17.3740201
        ]
      },
      "id": "node/8866626849"
    },
    {
      "type": "Feature",
      "properties": {
        "@id": "node/8883239319",
        "addr:street": "Paigah Palace, 1-8-323, Chiran Fort Lane, Begumpet, Secunderabad, Telangana 500003, India",
        "consulate": "yes",
        "country": "US",
        "diplomatic": "consulate",
        "name": "Consulate of the United States of America",
        "name:fr": "Consulat des États-Unis",
        "office": "diplomatic",
        "phone": "+914046258222",
        "short_name:en": "US Consulate",
        "target": "IN",
        "lat": 17.4414063,
        "lon": 78.4739838,
        "workforce_capacity": null
      },
      "geometry": {
        "type": "Point",
        "coordinates": [
          78.4739838,
          17.4414063
        ]
      },
      "id": "node/8883239319"
    },
    {
      "type": "Feature",
      "properties": {
        "@id": "node/8886830740",
        "name": "Startbot",
        "office": "company",
        "lat": 17.4965593,
        "lon": 78.3364409,
        "workforce_capacity": null
      },
      "geometry": {
        "type": "Point",
        "coordinates": [
          78.3364409,
          17.4965593
        ]
      },
      "id": "node/8886830740"
    },
    {
      "type": "Feature",
      "properties": {
        "@id": "node/8891813173",
        "name": "Banjara Hills Office",
        "office": "employment_agency",
        "lat": 17.4282848,
        "lon": 78.4330417,
        "workforce_capacity": null
      },
      "geometry": {
        "type": "Point",
        "coordinates": [
          78.4330417,
          17.4282848
        ]
      },
      "id": "node/8891813173"
    },
    {
      "type": "Feature",
      "properties": {
        "@id": "node/8891813174",
        "name": "Tapasya Academy",
        "office": "educational_institution",
        "lat": 17.4288681,
        "lon": 78.4362373,
        "workforce_capacity": null
      },
      "geometry": {
        "type": "Point",
        "coordinates": [
          78.4362373,
          17.4288681
        ]
      },
      "id": "node/8891813174"
    },
    {
      "type": "Feature",
      "properties": {
        "@id": "node/8909212368",
        "name": "SRG Rubber",
        "office": "company",
        "lat": 17.4337902,
        "lon": 78.4910461,
        "workforce_capacity": null
      },
      "geometry": {
        "type": "Point",
        "coordinates": [
          78.4910461,
          17.4337902
        ]
      },
      "id": "node/8909212368"
    },
    {
      "type": "Feature",
      "properties": {
        "@id": "node/8909248532",
        "name": "ICRISAT city office",
        "office": "government",
        "lat": 17.4459524,
        "lon": 78.4324899,
        "workforce_capacity": null
      },
      "geometry": {
        "type": "Point",
        "coordinates": [
          78.4324899,
          17.4459524
        ]
      },
      "id": "node/8909248532"
    },
    {
      "type": "Feature",
      "properties": {
        "@id": "node/8909248552",
        "name": "TSGENCO Office",
        "office": "government",
        "lat": 17.4456563,
        "lon": 78.4267078,
        "workforce_capacity": null
      },
      "geometry": {
        "type": "Point",
        "coordinates": [
          78.4267078,
          17.4456563
        ]
      },
      "id": "node/8909248552"
    },
    {
      "type": "Feature",
      "properties": {
        "@id": "node/8934966333",
        "name": "Aashritha Diagonstics",
        "office": "yes",
        "lat": 17.4639253,
        "lon": 78.4835537,
        "workforce_capacity": null
      },
      "geometry": {
        "type": "Point",
        "coordinates": [
          78.4835537,
          17.4639253
        ]
      },
      "id": "node/8934966333"
    },
    {
      "type": "Feature",
      "properties": {
        "@id": "node/9272496603",
        "addr:housenumber": "1-33-155",
        "addr:street": "Lake Ville Extension, RTC Colony, Tirumalagiri",
        "name": "Tez Solutions",
        "office": "it",
        "lat": 17.4741207,
        "lon": 78.4970054,
        "workforce_capacity": null
      },
      "geometry": {
        "type": "Point",
        "coordinates": [
          78.4970054,
          17.4741207
        ]
      },
      "id": "node/9272496603"
    },
    {
      "type": "Feature",
      "properties": {
        "@id": "node/9274990414",
        "addr:city": "Hyderabad",
        "addr:full": "House No:70/P, Road No:5, Janardhan Hills, Gachibowli, Hyderabad - 500032",
        "addr:housenumber": "70/P",
        "addr:postcode": "500032",
        "addr:street": "Road no. 5",
        "name": "Fleetronix Systems",
        "office": "company",
        "website": "https://fleetronix.io",
        "lat": 17.4373204,
        "lon": 78.3689595,
        "workforce_capacity": null
      },
      "geometry": {
        "type": "Point",
        "coordinates": [
          78.3689595,
          17.4373204
        ]
      },
      "id": "node/9274990414"
    },
    {
      "type": "Feature",
      "properties": {
        "@id": "node/9318524597",
        "addr:city": "Kalavathi Nagar",
        "addr:postcode": "500055",
        "name": "Bhashyam High School",
        "office": "educational_institution",
        "opening_hours": "Mo-Sa 08:00-18:00",
        "lat": 17.5191264,
        "lon": 78.4397421,
        "workforce_capacity": null
      },
      "geometry": {
        "type": "Point",
        "coordinates": [
          78.4397421,
          17.5191264
        ]
      },
      "id": "node/9318524597"
    },
    {
      "type": "Feature",
      "properties": {
        "@id": "node/9369175403",
        "name": "Star Maa",
        "office": "company",
        "lat": 17.4241428,
        "lon": 78.430213,
        "workforce_capacity": null
      },
      "geometry": {
        "type": "Point",
        "coordinates": [
          78.430213,
          17.4241428
        ]
      },
      "id": "node/9369175403"
    },
    {
      "type": "Feature",
      "properties": {
        "@id": "node/9369175405",
        "name": "Aha (Arha Media & Broadcasting Private Limited)",
        "office": "company",
        "website": "https://www.aha.video/",
        "lat": 17.4263257,
        "lon": 78.4387451,
        "workforce_capacity": null
      },
      "geometry": {
        "type": "Point",
        "coordinates": [
          78.4387451,
          17.4263257
        ]
      },
      "id": "node/9369175405"
    },
    {
      "type": "Feature",
      "properties": {
        "@id": "node/9611589944",
        "name": "Dhruva Space",
        "office": "company",
        "website": "https://www.dhruvaspace.com",
        "wikidata": "Q22084825",
        "wikipedia": "en:Dhruva Space",
        "lat": 17.4359192,
        "lon": 78.456348,
        "workforce_capacity": null
      },
      "geometry": {
        "type": "Point",
        "coordinates": [
          78.456348,
          17.4359192
        ]
      },
      "id": "node/9611589944"
    },
    {
      "type": "Feature",
      "properties": {
        "@id": "node/9627168426",
        "name": "Govt high school amberpet cpl amberpet boys",
        "office": "educational_institution",
        "lat": 17.3874832,
        "lon": 78.519044,
        "workforce_capacity": null
      },
      "geometry": {
        "type": "Point",
        "coordinates": [
          78.519044,
          17.3874832
        ]
      },
      "id": "node/9627168426"
    },
    {
      "type": "Feature",
      "properties": {
        "@id": "node/9642449961",
        "addr:city": "Hyderabad",
        "addr:housenumber": "10-2-233-238,Sreew Rama Bhawanamau,West Marredpally",
        "addr:postcode": "500026",
        "addr:street": "street number 5",
        "name": "ZAW BEVERAGES",
        "office": "company",
        "phone": "9000005672",
        "lat": 17.4465276,
        "lon": 78.5023569,
        "workforce_capacity": null
      },
      "geometry": {
        "type": "Point",
        "coordinates": [
          78.5023569,
          17.4465276
        ]
      },
      "id": "node/9642449961"
    },
    {
      "type": "Feature",
      "properties": {
        "@id": "node/9770198992",
        "addr:city": "Hyderabad",
        "addr:housenumber": "16-2-45/B",
        "addr:postcode": "500059",
        "addr:street": "Sayeedabad Road Jeevan Yaar Jung Colony, Akbarbagh, New Malakpet",
        "description": "Absolute Online Web is an innovative web Hosting, web designing and web development company based out of Hyderabad. Absolute Online Web is providing an array of services like web services, digital marketing, search engine optimization, software developmen",
        "email": "info@aoplweb.com",
        "image": "http://aoplweb.com/wp-content/uploads/2016/09/AOPL-Just-logo.gif",
        "name": "Absolute Online Web | Website Designers in Hyderabad | Digital Marketing in Hyderabad | SEO Services in Hyderabad",
        "office": "it",
        "opening_hours": "Mo-Su 09:00-22:00",
        "phone": "+91 8885411511",
        "source": "https://g.page/AbsoluteOnlineWeb?share",
        "website": "https://www.aoplweb.com/",
        "lat": 17.3647284,
        "lon": 78.5063426,
        "workforce_capacity": null
      },
      "geometry": {
        "type": "Point",
        "coordinates": [
          78.5063426,
          17.3647284
        ]
      },
      "id": "node/9770198992"
    },
    {
      "type": "Feature",
      "properties": {
        "@id": "node/9771094938",
        "addr:street": "PNO-9, 1-3-183/40/21, Solitier Residency, Bhagyalaxmi Nagar, Kavadiguda, Hyderabad, Telangana 500080",
        "name": "Digvijay Coaching Centre",
        "office": "educational_institution",
        "opening_hours": "Mo-Su 10:00-19:00",
        "phone": "092477 00377",
        "website": "https://www.digvijaycc.net/",
        "lat": 17.4190044,
        "lon": 78.4906006,
        "workforce_capacity": null
      },
      "geometry": {
        "type": "Point",
        "coordinates": [
          78.4906006,
          17.4190044
        ]
      },
      "id": "node/9771094938"
    },
    {
      "type": "Feature",
      "properties": {
        "@id": "node/9773299678",
        "addr:city": "Hyderabad",
        "addr:housenumber": "Cyber Pearl B-Block,",
        "addr:postcode": "500081",
        "addr:street": "HiTech City, Madhapur, Hyderabad, Telangana 500081",
        "description": "Absolute Online Web is an innovative web Hosting, web designing and web development company based out of Hyderabad. Absolute Online Web is providing an array of services like web designing services, digital marketing services, search engine optimization.",
        "email": "aoplweb@gmail.com",
        "name": "Internet Marketing Services in Hyderabad | Book a service",
        "office": "it",
        "opening_hours": "Mo-Fr 09:00-17:00",
        "phone": "+91 9849720320",
        "source": "https://g.page/Aoplweb?share",
        "website": "https://aoplweb.in/",
        "lat": 17.4457128,
        "lon": 78.3761857,
        "workforce_capacity": null
      },
      "geometry": {
        "type": "Point",
        "coordinates": [
          78.3761857,
          17.4457128
        ]
      },
      "id": "node/9773299678"
    },
    {
      "type": "Feature",
      "properties": {
        "@id": "node/9788465128",
        "addr:full": "819/8 Manjeera Majestic Commercial, 8th Floor, JNTU Rd, Kukatpally Housing Board Colony, Kukatpally, Hyderabad, Telangana 500072",
        "check_date": "2024-03-16",
        "contact:facebook": "https://www.facebook.com/Guidewell-IT-Private-Limited-118008127558074",
        "contact:instagram": "https://www.instagram.com/guidewellit",
        "contact:phone": "+91 8883888769",
        "contact:twitter": "https://twitter.com/GuidewellIT",
        "contact:website": "https://guidewellit.com",
        "contact:youtube": "https://youtube.com/channel/UC6qVvAqIPnclFcgw8q560Aw",
        "description": "Digital Marketing",
        "email": "info@guidewellit.com",
        "name": "Guidewell IT Private Limited",
        "note": "please check position, could be spam!",
        "office": "it",
        "opening_hours": "Mo-Fr 09:00-18:00",
        "lat": 17.4919043,
        "lon": 78.3936423,
        "workforce_capacity": null
      },
      "geometry": {
        "type": "Point",
        "coordinates": [
          78.3936423,
          17.4919043
        ]
      },
      "id": "node/9788465128"
    },
    {
      "type": "Feature",
      "properties": {
        "@id": "node/9885003993",
        "addr:city": "Hyderabad",
        "addr:street": "Subhash nagar",
        "name": "Sree Ramavath Model High School",
        "office": "educational_institution",
        "lat": 17.5153571,
        "lon": 78.4620706,
        "workforce_capacity": null
      },
      "geometry": {
        "type": "Point",
        "coordinates": [
          78.4620706,
          17.5153571
        ]
      },
      "id": "node/9885003993"
    },
    {
      "type": "Feature",
      "properties": {
        "@id": "node/9885009618",
        "name": "Little star model high school",
        "office": "educational_institution",
        "lat": 17.513234,
        "lon": 78.4606231,
        "workforce_capacity": null
      },
      "geometry": {
        "type": "Point",
        "coordinates": [
          78.4606231,
          17.513234
        ]
      },
      "id": "node/9885009618"
    },
    {
      "type": "Feature",
      "properties": {
        "@id": "node/9885009623",
        "name": "RTO",
        "office": "yes",
        "lat": 17.5157765,
        "lon": 78.4794502,
        "workforce_capacity": null
      },
      "geometry": {
        "type": "Point",
        "coordinates": [
          78.4794502,
          17.5157765
        ]
      },
      "id": "node/9885009623"
    },
    {
      "type": "Feature",
      "properties": {
        "@id": "node/9887289823",
        "name": "municipal Office",
        "office": "government",
        "lat": 17.5179216,
        "lon": 78.3830305,
        "workforce_capacity": null
      },
      "geometry": {
        "type": "Point",
        "coordinates": [
          78.3830305,
          17.5179216
        ]
      },
      "id": "node/9887289823"
    },
    {
      "type": "Feature",
      "properties": {
        "@id": "node/9903872406",
        "addr:city": "hyderabad",
        "addr:housenumber": "27-227",
        "addr:postcode": "500054",
        "addr:street": "Gajularamaram Road",
        "name": "Fathers Model High School",
        "office": "educational_institution",
        "opening_hours": "Mo-Sa 08:00-18:00",
        "lat": 17.5152856,
        "lon": 78.4316358,
        "workforce_capacity": null
      },
      "geometry": {
        "type": "Point",
        "coordinates": [
          78.4316358,
          17.5152856
        ]
      },
      "id": "node/9903872406"
    },
    {
      "type": "Feature",
      "properties": {
        "@id": "node/9903887124",
        "addr:city": "Hyderabad",
        "addr:postcode": "500055",
        "addr:street": "Chandragiri nagar",
        "name": "Janani Model High School",
        "office": "educational_institution",
        "lat": 17.5148395,
        "lon": 78.4267285,
        "workforce_capacity": null
      },
      "geometry": {
        "type": "Point",
        "coordinates": [
          78.4267285,
          17.5148395
        ]
      },
      "id": "node/9903887124"
    },
    {
      "type": "Feature",
      "properties": {
        "@id": "node/9903887167",
        "addr:city": "Hyderabad",
        "addr:postcode": "500055",
        "addr:street": "Chandragiri nagar",
        "name": "Nissi High School",
        "office": "educational_institution",
        "lat": 17.5165614,
        "lon": 78.4278853,
        "workforce_capacity": null
      },
      "geometry": {
        "type": "Point",
        "coordinates": [
          78.4278853,
          17.5165614
        ]
      },
      "id": "node/9903887167"
    },
    {
      "type": "Feature",
      "properties": {
        "@id": "node/9903919147",
        "addr:city": "secunderbad",
        "addr:housenumber": "12-10-130",
        "addr:postcode": "500061",
        "addr:street": "Sitafalmandi Flyover",
        "name": "seethaphalmandi government school",
        "office": "educational_institution",
        "lat": 17.4263822,
        "lon": 78.5188008,
        "workforce_capacity": null
      },
      "geometry": {
        "type": "Point",
        "coordinates": [
          78.5188008,
          17.4263822
        ]
      },
      "id": "node/9903919147"
    },
    {
      "type": "Feature",
      "properties": {
        "@id": "node/9903987762",
        "addr:city": "hyderabad",
        "addr:housenumber": "P-14, Allwyn Colny Rd, Sai Nagar",
        "addr:postcode": "500072",
        "name": "vasara vidyalaya high school",
        "office": "educational_institution",
        "lat": 17.5025596,
        "lon": 78.4154611,
        "workforce_capacity": null
      },
      "geometry": {
        "type": "Point",
        "coordinates": [
          78.4154611,
          17.5025596
        ]
      },
      "id": "node/9903987762"
    },
    {
      "type": "Feature",
      "properties": {
        "@id": "node/9903987763",
        "addr:city": "hyderabad",
        "addr:housenumber": "Plot Number 23 , Near Allwyn Colony 'X' Roads ,Sai Nagar colony",
        "addr:postcode": "500072",
        "addr:street": "Jagathgiri Gutta Road",
        "name": "ssd grammer high school",
        "office": "educational_institution",
        "lat": 17.5000611,
        "lon": 78.4149447,
        "workforce_capacity": null
      },
      "geometry": {
        "type": "Point",
        "coordinates": [
          78.4149447,
          17.5000611
        ]
      },
      "id": "node/9903987763"
    },
    {
      "type": "Feature",
      "properties": {
        "@id": "node/9903987766",
        "addr:city": "hyderabad",
        "addr:housenumber": "Plot No 3, Road No 3, Kukatpally, Hyderabad - 500072, Near Phase 3,",
        "addr:postcode": "500072",
        "addr:street": "Vivekananda Nagar Road",
        "name": "Bhashyam public school",
        "office": "educational_institution",
        "lat": 17.4972613,
        "lon": 78.4143601,
        "workforce_capacity": null
      },
      "geometry": {
        "type": "Point",
        "coordinates": [
          78.4143601,
          17.4972613
        ]
      },
      "id": "node/9903987766"
    },
    {
      "type": "Feature",
      "properties": {
        "@id": "node/9903987767",
        "addr:city": "Hyderabad",
        "addr:door": "Nill",
        "addr:housenumber": "JNTUHCEH",
        "addr:postcode": "500085",
        "addr:street": "WAY TO CRC",
        "check_date": "2026-04-08",
        "description": "Guests house",
        "email": "sadinimanoj@gmail.com",
        "internet_access": "wlan",
        "internet_access:fee": "customers",
        "name": "JNTU Guest House",
        "name:en": "JNTU Guest House",
        "name:hi": "JNTU Guest House",
        "name:mr": "JNTU Guest House",
        "office": "government",
        "operator": "Manoj",
        "payment:cards": "no",
        "payment:cash": "yes",
        "payment:credit_cards": "no",
        "payment:debit_cards": "no",
        "wheelchair": "limited",
        "lat": 17.4960456,
        "lon": 78.3941216,
        "workforce_capacity": null
      },
      "geometry": {
        "type": "Point",
        "coordinates": [
          78.3941216,
          17.4960456
        ]
      },
      "id": "node/9903987767"
    },
    {
      "type": "Feature",
      "properties": {
        "@id": "node/9903987769",
        "addr:city": "Hyderabad",
        "addr:housenumber": "Erragadda, Mothi Nagar",
        "addr:postcode": "500018",
        "addr:street": "Borabanda Mothinagar road",
        "name": "don bosco school",
        "office": "educational_institution",
        "lat": 17.4540242,
        "lon": 78.4259114,
        "workforce_capacity": null
      },
      "geometry": {
        "type": "Point",
        "coordinates": [
          78.4259114,
          17.4540242
        ]
      },
      "id": "node/9903987769"
    },
    {
      "type": "Feature",
      "properties": {
        "@id": "node/9903987771",
        "addr:city": "hyderabad",
        "addr:housenumber": "2-32, Nizampet Rd, Jai Bharat Nagar, Hyder Nagar, Brindavan Colony,",
        "addr:postcode": "500085",
        "addr:street": "Nizampet Road",
        "name": "Sangamitra School",
        "office": "educational_institution",
        "lat": 17.5036299,
        "lon": 78.3864025,
        "workforce_capacity": null
      },
      "geometry": {
        "type": "Point",
        "coordinates": [
          78.3864025,
          17.5036299
        ]
      },
      "id": "node/9903987771"
    },
    {
      "type": "Feature",
      "properties": {
        "@id": "node/9903987772",
        "addr:city": "Hyderabad",
        "addr:postcode": "500072",
        "name": "bhasker model school",
        "office": "educational_institution",
        "lat": 17.5003204,
        "lon": 78.3889477,
        "workforce_capacity": null
      },
      "geometry": {
        "type": "Point",
        "coordinates": [
          78.3889477,
          17.5003204
        ]
      },
      "id": "node/9903987772"
    },
    {
      "type": "Feature",
      "properties": {
        "@id": "node/9903987773",
        "addr:city": "HYD",
        "addr:postcode": "500090",
        "addr:street": "Vignan School Main Road",
        "name": "vignan's bo tree school",
        "office": "educational_institution",
        "website": "https://www.vignanschools.org/nizampet.php",
        "lat": 17.5177295,
        "lon": 78.3739659,
        "workforce_capacity": null
      },
      "geometry": {
        "type": "Point",
        "coordinates": [
          78.3739659,
          17.5177295
        ]
      },
      "id": "node/9903987773"
    },
    {
      "type": "Feature",
      "properties": {
        "@id": "node/9903987804",
        "addr:city": "hyderabad",
        "addr:postcode": "500072",
        "addr:street": "Nizampet Road",
        "name": "ZP high school hydernagar",
        "office": "educational_institution",
        "lat": 17.5014985,
        "lon": 78.3887959,
        "workforce_capacity": null
      },
      "geometry": {
        "type": "Point",
        "coordinates": [
          78.3887959,
          17.5014985
        ]
      },
      "id": "node/9903987804"
    },
    {
      "type": "Feature",
      "properties": {
        "@id": "node/9913283290",
        "addr:city": "Hyderabad",
        "addr:housenumber": "11th floor Western Aqua, White Fields",
        "addr:postcode": "500081",
        "name": "Nordic Semiconductor ASA",
        "office": "company",
        "phone": "+91404499 1234",
        "website": "https://www.nordicsemi.com/About-us/Visit-Us/Asia-Pacific/India/India-Office",
        "lat": 17.4524256,
        "lon": 78.3691322,
        "workforce_capacity": null
      },
      "geometry": {
        "type": "Point",
        "coordinates": [
          78.3691322,
          17.4524256
        ]
      },
      "id": "node/9913283290"
    },
    {
      "type": "Feature",
      "properties": {
        "@id": "node/9918495803",
        "name": "E - Seva",
        "office": "government",
        "lat": 17.5088936,
        "lon": 78.4285121,
        "workforce_capacity": null
      },
      "geometry": {
        "type": "Point",
        "coordinates": [
          78.4285121,
          17.5088936
        ]
      },
      "id": "node/9918495803"
    },
    {
      "type": "Feature",
      "properties": {
        "@id": "node/9918909844",
        "name": "Narayana High School",
        "office": "educational_institution",
        "lat": 17.4734431,
        "lon": 78.4795845,
        "workforce_capacity": null
      },
      "geometry": {
        "type": "Point",
        "coordinates": [
          78.4795845,
          17.4734431
        ]
      },
      "id": "node/9918909844"
    },
    {
      "type": "Feature",
      "properties": {
        "@id": "node/9919114773",
        "name": "st peters high school",
        "office": "educational_institution",
        "lat": 17.4723773,
        "lon": 78.4796308,
        "workforce_capacity": null
      },
      "geometry": {
        "type": "Point",
        "coordinates": [
          78.4796308,
          17.4723773
        ]
      },
      "id": "node/9919114773"
    },
    {
      "type": "Feature",
      "properties": {
        "@id": "node/9919114776",
        "name": "CMR high school",
        "office": "educational_institution",
        "lat": 17.4715635,
        "lon": 78.4784036,
        "workforce_capacity": null
      },
      "geometry": {
        "type": "Point",
        "coordinates": [
          78.4784036,
          17.4715635
        ]
      },
      "id": "node/9919114776"
    },
    {
      "type": "Feature",
      "properties": {
        "@id": "node/9924632181",
        "name": "G.H.M.C bowenpally",
        "office": "yes",
        "lat": 17.4768992,
        "lon": 78.478805,
        "workforce_capacity": null
      },
      "geometry": {
        "type": "Point",
        "coordinates": [
          78.478805,
          17.4768992
        ]
      },
      "id": "node/9924632181"
    },
    {
      "type": "Feature",
      "properties": {
        "@id": "node/9924632182",
        "name": "Govt school",
        "office": "educational_institution",
        "lat": 17.4763445,
        "lon": 78.480593,
        "workforce_capacity": null
      },
      "geometry": {
        "type": "Point",
        "coordinates": [
          78.480593,
          17.4763445
        ]
      },
      "id": "node/9924632182"
    },
    {
      "type": "Feature",
      "properties": {
        "@id": "node/9924687313",
        "name": "CMR school",
        "office": "educational_institution",
        "lat": 17.4719591,
        "lon": 78.4773557,
        "workforce_capacity": null
      },
      "geometry": {
        "type": "Point",
        "coordinates": [
          78.4773557,
          17.4719591
        ]
      },
      "id": "node/9924687313"
    },
    {
      "type": "Feature",
      "properties": {
        "@id": "node/9959179239",
        "addr:city": "Secunderabad",
        "addr:postcode": "500061",
        "addr:street": "Warasiguda Road",
        "name": "My Play School",
        "office": "educational_institution",
        "lat": 17.4201677,
        "lon": 78.5169331,
        "workforce_capacity": null
      },
      "geometry": {
        "type": "Point",
        "coordinates": [
          78.5169331,
          17.4201677
        ]
      },
      "id": "node/9959179239"
    },
    {
      "type": "Feature",
      "properties": {
        "@id": "node/9960813831",
        "name": "Royal Degree college",
        "office": "educational_institution",
        "lat": 17.4938701,
        "lon": 78.4521972,
        "workforce_capacity": null
      },
      "geometry": {
        "type": "Point",
        "coordinates": [
          78.4521972,
          17.4938701
        ]
      },
      "id": "node/9960813831"
    },
    {
      "type": "Feature",
      "properties": {
        "@id": "node/9960915378",
        "addr:city": "Hyderabad",
        "addr:street": "Venkateshwara nagar",
        "name": "Sat Gyan High School",
        "office": "educational_institution",
        "lat": 17.4939634,
        "lon": 78.453653,
        "workforce_capacity": null
      },
      "geometry": {
        "type": "Point",
        "coordinates": [
          78.453653,
          17.4939634
        ]
      },
      "id": "node/9960915378"
    },
    {
      "type": "Feature",
      "properties": {
        "@id": "node/9960915379",
        "addr:street": "Idpeal",
        "name": "Narayana Junior College",
        "office": "educational_institution",
        "lat": 17.4939492,
        "lon": 78.4525975,
        "workforce_capacity": null
      },
      "geometry": {
        "type": "Point",
        "coordinates": [
          78.4525975,
          17.4939492
        ]
      },
      "id": "node/9960915379"
    },
    {
      "type": "Feature",
      "properties": {
        "@id": "node/9961092437",
        "addr:street": "Kakatiyanagar",
        "name": "Siddartha School",
        "office": "educational_institution",
        "lat": 17.493808,
        "lon": 78.4527723,
        "workforce_capacity": null
      },
      "geometry": {
        "type": "Point",
        "coordinates": [
          78.4527723,
          17.493808
        ]
      },
      "id": "node/9961092437"
    },
    {
      "type": "Feature",
      "properties": {
        "@id": "node/9961092438",
        "addr:street": "Sudershan Reddy Nagar",
        "name": "Delhi  world School",
        "office": "educational_institution",
        "lat": 17.4942643,
        "lon": 78.4539091,
        "workforce_capacity": null
      },
      "geometry": {
        "type": "Point",
        "coordinates": [
          78.4539091,
          17.4942643
        ]
      },
      "id": "node/9961092438"
    },
    {
      "type": "Feature",
      "properties": {
        "@id": "node/10012906424",
        "addr:housenumber": "9G98+P2 Hyderabad, Telangana",
        "addr:street": "16-2-741/C/7, 2nd floor, Above Red Tape, Opposite SBI bank Metro pillar number A1497, Moosarambagh, X' road, Malakpet, Hyderabad, Telangana 500036",
        "name": "KC Overseas Education",
        "office": "consulting",
        "opening_hours": "Mo-Sa 10:30-18:00",
        "website": "https://kchyd.com/",
        "lat": 17.3693247,
        "lon": 78.5150286,
        "workforce_capacity": null
      },
      "geometry": {
        "type": "Point",
        "coordinates": [
          78.5150286,
          17.3693247
        ]
      },
      "id": "node/10012906424"
    },
    {
      "type": "Feature",
      "properties": {
        "@id": "node/10075739153",
        "name": "Sanketika Vidya Bhavan",
        "office": "cooperative",
        "lat": 17.4040052,
        "lon": 78.4546172,
        "workforce_capacity": null
      },
      "geometry": {
        "type": "Point",
        "coordinates": [
          78.4546172,
          17.4040052
        ]
      },
      "id": "node/10075739153"
    },
    {
      "type": "Feature",
      "properties": {
        "@id": "node/10162096965",
        "address": "212, Kamalapuri Colony Rd, Srinagar Colony, Kamlapuri Colony, Pragathi Nagar, Yousufguda, Hyderabad, Telangana 500033",
        "name": "Legitimate KPO Services",
        "office": "accountant",
        "website": "https://www.legitimatekpo.com/",
        "lat": 17.4300823,
        "lon": 78.4317595,
        "workforce_capacity": null
      },
      "geometry": {
        "type": "Point",
        "coordinates": [
          78.4317595,
          17.4300823
        ]
      },
      "id": "node/10162096965"
    },
    {
      "type": "Feature",
      "properties": {
        "@id": "node/10185358942",
        "addr:city": "Hyderabad",
        "addr:housenumber": "T-Hub Phase 2",
        "addr:locality": "Locality",
        "addr:postcode": "500032",
        "addr:street": "Silpa Gram Craft Village",
        "name": "T-Hub Phase 2",
        "office": "company",
        "lat": 17.4340083,
        "lon": 78.3790249,
        "workforce_capacity": null
      },
      "geometry": {
        "type": "Point",
        "coordinates": [
          78.3790249,
          17.4340083
        ]
      },
      "id": "node/10185358942"
    },
    {
      "type": "Feature",
      "properties": {
        "@id": "node/10262083195",
        "name": "Sarvodaya Vidyalaya High School",
        "office": "educational_institution",
        "lat": 17.4531336,
        "lon": 78.5265712,
        "workforce_capacity": null
      },
      "geometry": {
        "type": "Point",
        "coordinates": [
          78.5265712,
          17.4531336
        ]
      },
      "id": "node/10262083195"
    },
    {
      "type": "Feature",
      "properties": {
        "@id": "node/10279728132",
        "addr:city": "Hyderabad",
        "addr:street": "Road Number 9",
        "name": "Sanali Info Park",
        "office": "company",
        "lat": 17.4261185,
        "lon": 78.4217617,
        "workforce_capacity": null
      },
      "geometry": {
        "type": "Point",
        "coordinates": [
          78.4217617,
          17.4261185
        ]
      },
      "id": "node/10279728132"
    },
    {
      "type": "Feature",
      "properties": {
        "@id": "node/10279728138",
        "name": "Bosch Limited",
        "office": "company",
        "lat": 17.443779,
        "lon": 78.3739892,
        "workforce_capacity": null
      },
      "geometry": {
        "type": "Point",
        "coordinates": [
          78.3739892,
          17.443779
        ]
      },
      "id": "node/10279728138"
    },
    {
      "type": "Feature",
      "properties": {
        "@id": "node/10279728139",
        "addr:city": "Hyderabad",
        "addr:street": "Hitech City Road",
        "name": "Gebbs Healthcare Solutions",
        "office": "company",
        "lat": 17.4437278,
        "lon": 78.3738392,
        "workforce_capacity": null
      },
      "geometry": {
        "type": "Point",
        "coordinates": [
          78.3738392,
          17.4437278
        ]
      },
      "id": "node/10279728139"
    },
    {
      "type": "Feature",
      "properties": {
        "@id": "node/10279728140",
        "addr:city": "Hyderabad",
        "addr:street": "DLF Road",
        "name": "Hindhuja Global Solutions",
        "office": "company",
        "lat": 17.4473795,
        "lon": 78.3559499,
        "workforce_capacity": null
      },
      "geometry": {
        "type": "Point",
        "coordinates": [
          78.3559499,
          17.4473795
        ]
      },
      "id": "node/10279728140"
    },
    {
      "type": "Feature",
      "properties": {
        "@id": "node/10279728141",
        "addr:city": "Hyderabad",
        "addr:street": "Hitech city Madhapur road",
        "name": "Teleperformance Limited",
        "office": "company",
        "lat": 17.4552628,
        "lon": 78.3727811,
        "workforce_capacity": null
      },
      "geometry": {
        "type": "Point",
        "coordinates": [
          78.3727811,
          17.4552628
        ]
      },
      "id": "node/10279728141"
    },
    {
      "type": "Feature",
      "properties": {
        "@id": "node/10280159508",
        "addr:city": "Hyderabad",
        "addr:street": "Satyam Theatre Road",
        "name": "Slate- The School",
        "office": "educational_institution",
        "lat": 17.4375637,
        "lon": 78.4496435,
        "workforce_capacity": null
      },
      "geometry": {
        "type": "Point",
        "coordinates": [
          78.4496435,
          17.4375637
        ]
      },
      "id": "node/10280159508"
    },
    {
      "type": "Feature",
      "properties": {
        "@id": "node/10280159834",
        "addr:city": "Hyderabad",
        "addr:street": "Greenlands Road",
        "brand": "HDFC Life",
        "brand:wikidata": "Q5629189",
        "name": "HDFC Mutual Life",
        "office": "insurance",
        "lat": 17.4285523,
        "lon": 78.4552237,
        "workforce_capacity": null
      },
      "geometry": {
        "type": "Point",
        "coordinates": [
          78.4552237,
          17.4285523
        ]
      },
      "id": "node/10280159834"
    },
    {
      "type": "Feature",
      "properties": {
        "@id": "node/10609577259",
        "name": "Telstra Hyderabad",
        "office": "company",
        "lat": 17.4373905,
        "lon": 78.3865911,
        "workforce_capacity": null
      },
      "geometry": {
        "type": "Point",
        "coordinates": [
          78.3865911,
          17.4373905
        ]
      },
      "id": "node/10609577259"
    },
    {
      "type": "Feature",
      "properties": {
        "@id": "node/10786592724",
        "addr:city": "Hyderabad",
        "addr:housenumber": "650 SLN Terminus",
        "addr:postcode": "500084",
        "email": "info@euclidinnovations.com",
        "image": "https://euclidcdn.gumlet.io/wp-content/uploads/2023/03/header-logo-300x88.png?compress=true&quality=70&w=300&dpr=1.3",
        "level": "4",
        "name": "Euclid Innovations",
        "office": "company",
        "opening_hours": "Mo-Fr 09:00-18:00",
        "phone": "04067886788",
        "lat": 17.4523593,
        "lon": 78.3628041,
        "workforce_capacity": null
      },
      "geometry": {
        "type": "Point",
        "coordinates": [
          78.3628041,
          17.4523593
        ]
      },
      "id": "node/10786592724"
    },
    {
      "type": "Feature",
      "properties": {
        "@id": "node/10849248414",
        "addr:city": "Hyderabad",
        "addr:housenumber": "809, Gowra Fountain Head, Huda Techo Enclave",
        "addr:postcode": "500081",
        "addr:street": "Vitta Rao Nagar",
        "name": "Linkfields Innovations Private Limited",
        "office": "company",
        "opening_hours": "Mo-Fr 09:00-19:00",
        "phone": "+914045474849",
        "website": "https://linkfields.com/",
        "lat": 17.4439943,
        "lon": 78.3831535,
        "workforce_capacity": null
      },
      "geometry": {
        "type": "Point",
        "coordinates": [
          78.3831535,
          17.4439943
        ]
      },
      "id": "node/10849248414"
    },
    {
      "type": "Feature",
      "properties": {
        "@id": "node/10933746576",
        "company": "pharmaceutical",
        "name": "Viatris Laboratories",
        "office": "company",
        "lat": 17.4156586,
        "lon": 78.4193692,
        "workforce_capacity": null
      },
      "geometry": {
        "type": "Point",
        "coordinates": [
          78.4193692,
          17.4156586
        ]
      },
      "id": "node/10933746576"
    },
    {
      "type": "Feature",
      "properties": {
        "@id": "node/10965310003",
        "addr:city": "Hyderabad",
        "addr:postcode": "500 032",
        "addr:street": "Gachibowli",
        "name": "Directorate of Distance Education (DDE)",
        "office": "educational_institution",
        "opening_hours": "Mo-Fr 09:00-17:00",
        "phone": "040 2300 8463",
        "website": "https://manuu.edu.in/dde/",
        "lat": 17.4272044,
        "lon": 78.3625696,
        "workforce_capacity": null
      },
      "geometry": {
        "type": "Point",
        "coordinates": [
          78.3625696,
          17.4272044
        ]
      },
      "id": "node/10965310003"
    },
    {
      "type": "Feature",
      "properties": {
        "@id": "node/11003063032",
        "addr:city": "Hyderabad",
        "addr:housenumber": "107/P",
        "addr:postcode": "500075",
        "addr:street": "Kokapet Sez",
        "name": "Amazon Development Centre India Pvt. Ltd. (HYD20)",
        "office": "company",
        "lat": 17.4042541,
        "lon": 78.3305213,
        "workforce_capacity": null
      },
      "geometry": {
        "type": "Point",
        "coordinates": [
          78.3305213,
          17.4042541
        ]
      },
      "id": "node/11003063032"
    },
    {
      "type": "Feature",
      "properties": {
        "@id": "node/11015675861",
        "addr:housenumber": "102- Nestcon Zion Apartments",
        "name": "Proventures Education & Consulting Services",
        "office": "it",
        "opening_hours": "Mo-Fr 09:00-17:00",
        "website": "https://www.proventuresindia.com/",
        "lat": 17.4654122,
        "lon": 78.3085512,
        "workforce_capacity": null
      },
      "geometry": {
        "type": "Point",
        "coordinates": [
          78.3085512,
          17.4654122
        ]
      },
      "id": "node/11015675861"
    },
    {
      "type": "Feature",
      "properties": {
        "@id": "node/11015825647",
        "check_date": "2023-06-30",
        "name": "SIS Group Enterprises",
        "office": "consulting",
        "lat": 17.4269424,
        "lon": 78.4578026,
        "workforce_capacity": null
      },
      "geometry": {
        "type": "Point",
        "coordinates": [
          78.4578026,
          17.4269424
        ]
      },
      "id": "node/11015825647"
    },
    {
      "type": "Feature",
      "properties": {
        "@id": "node/11084918137",
        "name": "Rockston School",
        "office": "educational_institution",
        "lat": 17.4548805,
        "lon": 78.4111273,
        "workforce_capacity": null
      },
      "geometry": {
        "type": "Point",
        "coordinates": [
          78.4111273,
          17.4548805
        ]
      },
      "id": "node/11084918137"
    },
    {
      "type": "Feature",
      "properties": {
        "@id": "node/11098927705",
        "name": "Ramanthapur Panchayat Office",
        "office": "government",
        "lat": 17.3927338,
        "lon": 78.536817,
        "workforce_capacity": null
      },
      "geometry": {
        "type": "Point",
        "coordinates": [
          78.536817,
          17.3927338
        ]
      },
      "id": "node/11098927705"
    },
    {
      "type": "Feature",
      "properties": {
        "@id": "node/11099654205",
        "name": "Meeseva",
        "office": "government",
        "lat": 17.3933513,
        "lon": 78.5345177,
        "workforce_capacity": null
      },
      "geometry": {
        "type": "Point",
        "coordinates": [
          78.5345177,
          17.3933513
        ]
      },
      "id": "node/11099654205"
    },
    {
      "type": "Feature",
      "properties": {
        "@id": "node/11099903505",
        "addr:housenumber": "H01B",
        "name": "HCL Technologies",
        "office": "company",
        "lat": 17.4473809,
        "lon": 78.3712865,
        "workforce_capacity": null
      },
      "geometry": {
        "type": "Point",
        "coordinates": [
          78.3712865,
          17.4473809
        ]
      },
      "id": "node/11099903505"
    },
    {
      "type": "Feature",
      "properties": {
        "@id": "node/11099906805",
        "name": "Amazon",
        "office": "company",
        "lat": 17.447933,
        "lon": 78.3721391,
        "workforce_capacity": null
      },
      "geometry": {
        "type": "Point",
        "coordinates": [
          78.3721391,
          17.447933
        ]
      },
      "id": "node/11099906805"
    },
    {
      "type": "Feature",
      "properties": {
        "@id": "node/11101235047",
        "addr:city": "hyderabad",
        "addr:postcode": "500032",
        "name": "Infrability IT Solutions",
        "office": "it",
        "lat": 17.4226768,
        "lon": 78.381343,
        "workforce_capacity": null
      },
      "geometry": {
        "type": "Point",
        "coordinates": [
          78.381343,
          17.4226768
        ]
      },
      "id": "node/11101235047"
    },
    {
      "type": "Feature",
      "properties": {
        "@id": "node/11113377356",
        "addr:city": "Hyderabad",
        "addr:district": "Telangana",
        "addr:postcode": "500019",
        "description": "Digital Marketing Agency in Hyderabad - Foinix Digital Services",
        "email": "foinixdigitalservices@gmail.com",
        "name": "Foinix Digital Services",
        "office": "advertising_agency",
        "opening_hours": "Mon-Fri: 10:00AM - 07:00PM",
        "phone": "+91 9441100849",
        "website": "https://foinixdigital.in",
        "lat": 17.4378273,
        "lon": 78.3080838,
        "workforce_capacity": null
      },
      "geometry": {
        "type": "Point",
        "coordinates": [
          78.3080838,
          17.4378273
        ]
      },
      "id": "node/11113377356"
    },
    {
      "type": "Feature",
      "properties": {
        "@id": "node/11118318006",
        "name": "Muthoot Fincorp",
        "office": "company",
        "lat": 17.3932976,
        "lon": 78.5369531,
        "workforce_capacity": null
      },
      "geometry": {
        "type": "Point",
        "coordinates": [
          78.5369531,
          17.3932976
        ]
      },
      "id": "node/11118318006"
    },
    {
      "type": "Feature",
      "properties": {
        "@id": "node/11184834493",
        "name": "Mount Carmel High School",
        "office": "educational_institution",
        "lat": 17.4601621,
        "lon": 78.4711096,
        "workforce_capacity": null
      },
      "geometry": {
        "type": "Point",
        "coordinates": [
          78.4711096,
          17.4601621
        ]
      },
      "id": "node/11184834493"
    },
    {
      "type": "Feature",
      "properties": {
        "@id": "node/11266266642",
        "addr:city": "Hyderabad",
        "addr:housenumber": "2-58",
        "addr:postcode": "500008",
        "addr:street": "ISB Road",
        "level": "10",
        "name": "Euclid Innovations",
        "office": "company",
        "opening_hours": "Mo-Fr 09:00-17:00",
        "phone": "040 – 67886788",
        "website": "https://euclidinnovations.com/",
        "lat": 17.4229573,
        "lon": 78.3392757,
        "workforce_capacity": null
      },
      "geometry": {
        "type": "Point",
        "coordinates": [
          78.3392757,
          17.4229573
        ]
      },
      "id": "node/11266266642"
    },
    {
      "type": "Feature",
      "properties": {
        "@id": "node/11298665769",
        "name": "Phoneix Aquilla",
        "office": "company",
        "lat": 17.41757,
        "lon": 78.3405296,
        "workforce_capacity": null
      },
      "geometry": {
        "type": "Point",
        "coordinates": [
          78.3405296,
          17.41757
        ]
      },
      "id": "node/11298665769"
    },
    {
      "type": "Feature",
      "properties": {
        "@id": "node/11361940673",
        "addr:city": "Kukatpally",
        "addr:district": "Hyderabad",
        "addr:housenumber": "Phase 2",
        "addr:postcode": "500085",
        "addr:street": "Bagath Singh Nagar Phase 2",
        "name": "Diamond Estates",
        "office": "estate_agent",
        "lat": 17.4963244,
        "lon": 78.3816053,
        "workforce_capacity": null
      },
      "geometry": {
        "type": "Point",
        "coordinates": [
          78.3816053,
          17.4963244
        ]
      },
      "id": "node/11361940673"
    },
    {
      "type": "Feature",
      "properties": {
        "@id": "node/11422576652",
        "addr:full": "Level 2, Oval Building, iLabs Centre, iLabs Hyderabad Technology Park, Ranga Reddy district, Hyderabad-500081",
        "addr:postcode": "500081",
        "alt_name": "ITSPE",
        "name": "Intelligent Transpotation System Planners & Engineers",
        "office": "company",
        "phone": "040 4433 4265",
        "website": "https://www.itspe.co.in/",
        "lat": 17.4431552,
        "lon": 78.3727714,
        "workforce_capacity": null
      },
      "geometry": {
        "type": "Point",
        "coordinates": [
          78.3727714,
          17.4431552
        ]
      },
      "id": "node/11422576652"
    },
    {
      "type": "Feature",
      "properties": {
        "@id": "node/11447353970",
        "name": "Microchip Hyderabad",
        "office": "it",
        "lat": 17.4008497,
        "lon": 78.3384549,
        "workforce_capacity": null
      },
      "geometry": {
        "type": "Point",
        "coordinates": [
          78.3384549,
          17.4008497
        ]
      },
      "id": "node/11447353970"
    },
    {
      "type": "Feature",
      "properties": {
        "@id": "node/11447371958",
        "name": "ADP",
        "office": "it",
        "lat": 17.41538,
        "lon": 78.3542806,
        "workforce_capacity": null
      },
      "geometry": {
        "type": "Point",
        "coordinates": [
          78.3542806,
          17.41538
        ]
      },
      "id": "node/11447371958"
    },
    {
      "type": "Feature",
      "properties": {
        "@id": "node/11447371959",
        "name": "Evergent",
        "office": "it",
        "lat": 17.4226031,
        "lon": 78.3470936,
        "workforce_capacity": null
      },
      "geometry": {
        "type": "Point",
        "coordinates": [
          78.3470936,
          17.4226031
        ]
      },
      "id": "node/11447371959"
    },
    {
      "type": "Feature",
      "properties": {
        "@id": "node/11447371960",
        "name": "EPIQ Systems",
        "office": "it",
        "lat": 17.4225774,
        "lon": 78.3469906,
        "workforce_capacity": null
      },
      "geometry": {
        "type": "Point",
        "coordinates": [
          78.3469906,
          17.4225774
        ]
      },
      "id": "node/11447371960"
    },
    {
      "type": "Feature",
      "properties": {
        "@id": "node/11447371961",
        "name": "OnePlus",
        "office": "it",
        "lat": 17.4228419,
        "lon": 78.3469795,
        "workforce_capacity": null
      },
      "geometry": {
        "type": "Point",
        "coordinates": [
          78.3469795,
          17.4228419
        ]
      },
      "id": "node/11447371961"
    },
    {
      "type": "Feature",
      "properties": {
        "@id": "node/11447371962",
        "name": "Fedex ACC Hyderabad",
        "office": "it",
        "lat": 17.4266377,
        "lon": 78.3404173,
        "workforce_capacity": null
      },
      "geometry": {
        "type": "Point",
        "coordinates": [
          78.3404173,
          17.4266377
        ]
      },
      "id": "node/11447371962"
    },
    {
      "type": "Feature",
      "properties": {
        "@id": "node/11447371963",
        "name": "ZF Technology Centre",
        "office": "it",
        "lat": 17.4265082,
        "lon": 78.340219,
        "workforce_capacity": null
      },
      "geometry": {
        "type": "Point",
        "coordinates": [
          78.340219,
          17.4265082
        ]
      },
      "id": "node/11447371963"
    },
    {
      "type": "Feature",
      "properties": {
        "@id": "node/11505469876",
        "addr:city": "Hyderabad",
        "addr:district": "Telangana",
        "addr:full": "3rd Floor, Office No 1A, 6-3-1090/B/4, Raj Bhavan Road, Hyderabad-500082",
        "addr:housenumber": "3rd Floor, Office No 1A, 6-3-1090/B/4",
        "addr:postcode": "500082",
        "addr:street": "Raj Bhavan Rd",
        "email": "info@bizionictech.com",
        "fixme": "Fix the housenumber",
        "level": "3",
        "name": "Bizionic Technologies Pvt Ltd",
        "office": "advertising_agency",
        "opening_hours": "Mo-Sa 10:00-19:00",
        "phone": "9059360184",
        "website": "https://www.bizionictech.com",
        "lat": 17.4229686,
        "lon": 78.4623528,
        "workforce_capacity": null
      },
      "geometry": {
        "type": "Point",
        "coordinates": [
          78.4623528,
          17.4229686
        ]
      },
      "id": "node/11505469876"
    },
    {
      "type": "Feature",
      "properties": {
        "@id": "node/11578362769",
        "addr:postcode": "500033",
        "email": "info@beta-cae.in",
        "name": "BETA CAE Systems India Pvt. Ltd. (Hyderabad Office)",
        "office": "company",
        "phone": "+918066493400",
        "website": "https://www.beta-cae.com/",
        "lat": 17.4305019,
        "lon": 78.4081313,
        "workforce_capacity": null
      },
      "geometry": {
        "type": "Point",
        "coordinates": [
          78.4081313,
          17.4305019
        ]
      },
      "id": "node/11578362769"
    },
    {
      "type": "Feature",
      "properties": {
        "@id": "node/11601446167",
        "addr:city": "Hyderabad",
        "addr:district": "Rangareddy",
        "addr:housenumber": "Plot No. 34A",
        "addr:postcode": "500033",
        "addr:street": "Lane No. 12",
        "description": "Best Digital Marketing Agency in Hyderabad",
        "name": "Digital Mojo",
        "office": "company",
        "opening_hours": "Mo-Su 09:00-21:00",
        "website": "https://www.digitalmojo.in/",
        "lat": 17.4120529,
        "lon": 78.420126,
        "workforce_capacity": null
      },
      "geometry": {
        "type": "Point",
        "coordinates": [
          78.420126,
          17.4120529
        ]
      },
      "id": "node/11601446167"
    },
    {
      "type": "Feature",
      "properties": {
        "@id": "node/11690837227",
        "name": "narayana junior college",
        "office": "educational_institution",
        "lat": 17.3618196,
        "lon": 78.5442671,
        "workforce_capacity": null
      },
      "geometry": {
        "type": "Point",
        "coordinates": [
          78.5442671,
          17.3618196
        ]
      },
      "id": "node/11690837227"
    },
    {
      "type": "Feature",
      "properties": {
        "@id": "node/11716760579",
        "addr:city": "HYDERABAD",
        "addr:housenumber": "2-1-565/6/a",
        "addr:postcode": "500044",
        "addr:street": "Nallakunta Main Road, Nallakunta",
        "name": "The world Parcel",
        "office": "courier",
        "opening_hours": "Mo-Su 09:00-21:00",
        "operator": "DHL, Fedex, BlueDart,UPS,Aramex",
        "payment:cash": "yes",
        "payment:notes": "yes",
        "phone": "+91 98490 10989",
        "lat": 17.4008622,
        "lon": 78.5084239,
        "workforce_capacity": null
      },
      "geometry": {
        "type": "Point",
        "coordinates": [
          78.5084239,
          17.4008622
        ]
      },
      "id": "node/11716760579"
    },
    {
      "type": "Feature",
      "properties": {
        "@id": "node/11736330323",
        "check_date": "2026-04-08",
        "name": "JNTU M",
        "office": "educational_institution",
        "lat": 17.4958248,
        "lon": 78.3919158,
        "workforce_capacity": null
      },
      "geometry": {
        "type": "Point",
        "coordinates": [
          78.3919158,
          17.4958248
        ]
      },
      "id": "node/11736330323"
    },
    {
      "type": "Feature",
      "properties": {
        "@id": "node/11736330324",
        "check_date": "2024-03-16",
        "name": "Jntuh Library",
        "office": "educational_institution",
        "lat": 17.4955782,
        "lon": 78.3914727,
        "workforce_capacity": null
      },
      "geometry": {
        "type": "Point",
        "coordinates": [
          78.3914727,
          17.4955782
        ]
      },
      "id": "node/11736330324"
    },
    {
      "type": "Feature",
      "properties": {
        "@id": "node/11736330325",
        "check_date": "2026-04-08",
        "name": "Jntu Mechanical Department",
        "office": "educational_institution",
        "lat": 17.4944485,
        "lon": 78.3910648,
        "workforce_capacity": null
      },
      "geometry": {
        "type": "Point",
        "coordinates": [
          78.3910648,
          17.4944485
        ]
      },
      "id": "node/11736330325"
    },
    {
      "type": "Feature",
      "properties": {
        "@id": "node/11736330327",
        "check_date": "2024-03-16",
        "name": "Crc",
        "office": "educational_institution",
        "lat": 17.4930777,
        "lon": 78.3912799,
        "workforce_capacity": null
      },
      "geometry": {
        "type": "Point",
        "coordinates": [
          78.3912799,
          17.4930777
        ]
      },
      "id": "node/11736330327"
    },
    {
      "type": "Feature",
      "properties": {
        "@id": "node/11736344756",
        "air_conditioning": "no",
        "baby_feeding": "no",
        "check_date": "2026-04-08",
        "description": "Centre for environment",
        "internet_access": "wlan",
        "internet_access:fee": "no",
        "name": "JNTU GEO INFORMATICS",
        "office": "educational_institution",
        "opening_hours": "Mo-Sa 09:30-05:00",
        "smoking": "no",
        "wheelchair": "yes",
        "lat": 17.4952923,
        "lon": 78.3929405,
        "workforce_capacity": null
      },
      "geometry": {
        "type": "Point",
        "coordinates": [
          78.3929405,
          17.4952923
        ]
      },
      "id": "node/11736344756"
    },
    {
      "type": "Feature",
      "properties": {
        "@id": "node/11736344757",
        "check_date": "2024-03-16",
        "name": "JNTUH Main Building",
        "office": "educational_institution",
        "opening_hours": "Mo-Fr 11:00-18:00",
        "lat": 17.4965986,
        "lon": 78.3924673,
        "workforce_capacity": null
      },
      "geometry": {
        "type": "Point",
        "coordinates": [
          78.3924673,
          17.4965986
        ]
      },
      "id": "node/11736344757"
    },
    {
      "type": "Feature",
      "properties": {
        "@id": "node/11736352938",
        "check_date": "2024-03-16",
        "internet_access": "wlan",
        "internet_access:fee": "no",
        "name": "JNTU ADMISSION BLOCK",
        "name:en": "JNTU ADMISSION BLOCK",
        "office": "educational_institution",
        "opening_hours": "Mo-Fr 10:00-17:00",
        "payment:cards": "no",
        "payment:cash": "yes",
        "payment:credit_cards": "no",
        "payment:debit_cards": "no",
        "wheelchair": "yes",
        "lat": 17.4930692,
        "lon": 78.3931086,
        "workforce_capacity": null
      },
      "geometry": {
        "type": "Point",
        "coordinates": [
          78.3931086,
          17.4930692
        ]
      },
      "id": "node/11736352938"
    },
    {
      "type": "Feature",
      "properties": {
        "@id": "node/11736374001",
        "check_date": "2026-04-08",
        "internet_access": "wlan",
        "internet_access:fee": "customers",
        "name": "JNTU Examination Branch",
        "office": "educational_institution",
        "opening_hours": "Mo-Fr 09:30-05:00",
        "wheelchair": "yes",
        "lat": 17.4959612,
        "lon": 78.3922834,
        "workforce_capacity": null
      },
      "geometry": {
        "type": "Point",
        "coordinates": [
          78.3922834,
          17.4959612
        ]
      },
      "id": "node/11736374001"
    },
    {
      "type": "Feature",
      "properties": {
        "@id": "node/11736374002",
        "check_date": "2024-03-16",
        "internet_access": "no",
        "name": "DIRECTORATE OF UNIVERSITY EXAMINATION",
        "office": "educational_institution",
        "opening_hours": "Mo-Fr 09:30-17:00",
        "wheelchair": "yes",
        "lat": 17.4962701,
        "lon": 78.3919362,
        "workforce_capacity": null
      },
      "geometry": {
        "type": "Point",
        "coordinates": [
          78.3919362,
          17.4962701
        ]
      },
      "id": "node/11736374002"
    },
    {
      "type": "Feature",
      "properties": {
        "@id": "node/11736375723",
        "check_date": "2026-04-08",
        "name": "JNTU M",
        "office": "educational_institution",
        "lat": 17.4958505,
        "lon": 78.3919281,
        "workforce_capacity": null
      },
      "geometry": {
        "type": "Point",
        "coordinates": [
          78.3919281,
          17.4958505
        ]
      },
      "id": "node/11736375723"
    },
    {
      "type": "Feature",
      "properties": {
        "@id": "node/11736376186",
        "check_date": "2024-03-16",
        "name": "JNTU Metallurgical",
        "office": "educational_institution",
        "lat": 17.4958404,
        "lon": 78.3919287,
        "workforce_capacity": null
      },
      "geometry": {
        "type": "Point",
        "coordinates": [
          78.3919287,
          17.4958404
        ]
      },
      "id": "node/11736376186"
    },
    {
      "type": "Feature",
      "properties": {
        "@id": "node/11736376187",
        "check_date": "2024-03-16",
        "name": "CRC",
        "office": "educational_institution",
        "opening_hours": "Mo-Sa 09:30-17:00",
        "lat": 17.4960469,
        "lon": 78.3921532,
        "workforce_capacity": null
      },
      "geometry": {
        "type": "Point",
        "coordinates": [
          78.3921532,
          17.4960469
        ]
      },
      "id": "node/11736376187"
    },
    {
      "type": "Feature",
      "properties": {
        "@id": "node/11736376189",
        "check_date": "2026-04-08",
        "name": "JNTU MECHANIC DEPARTMENT",
        "office": "educational_institution",
        "lat": 17.4944511,
        "lon": 78.3911096,
        "workforce_capacity": null
      },
      "geometry": {
        "type": "Point",
        "coordinates": [
          78.3911096,
          17.4944511
        ]
      },
      "id": "node/11736376189"
    },
    {
      "type": "Feature",
      "properties": {
        "@id": "node/11736376195",
        "check_date": "2026-04-08",
        "internet_access": "wlan",
        "internet_access:fee": "no",
        "name": "JNTU SPANDANA",
        "office": "educational_institution",
        "wheelchair": "yes",
        "lat": 17.4945308,
        "lon": 78.392016,
        "workforce_capacity": null
      },
      "geometry": {
        "type": "Point",
        "coordinates": [
          78.392016,
          17.4945308
        ]
      },
      "id": "node/11736376195"
    },
    {
      "type": "Feature",
      "properties": {
        "@id": "node/11736376197",
        "check_date": "2024-03-16",
        "internet_access": "wlan",
        "internet_access:fee": "customers",
        "name": "JNTU administrator Building",
        "office": "government",
        "opening_hours": "Mo-Fr 10:00-17:00",
        "wheelchair": "no",
        "lat": 17.4968948,
        "lon": 78.3926754,
        "workforce_capacity": null
      },
      "geometry": {
        "type": "Point",
        "coordinates": [
          78.3926754,
          17.4968948
        ]
      },
      "id": "node/11736376197"
    },
    {
      "type": "Feature",
      "properties": {
        "@id": "node/11736380219",
        "check_date": "2024-03-16",
        "name": "Jntu Metallurgical Building",
        "office": "educational_institution",
        "lat": 17.4954678,
        "lon": 78.3915,
        "workforce_capacity": null
      },
      "geometry": {
        "type": "Point",
        "coordinates": [
          78.3915,
          17.4954678
        ]
      },
      "id": "node/11736380219"
    },
    {
      "type": "Feature",
      "properties": {
        "@id": "node/11736385865",
        "check_date": "2026-04-08",
        "name": "Jntu Metallurgy",
        "office": "educational_institution",
        "lat": 17.4957945,
        "lon": 78.3919007,
        "workforce_capacity": null
      },
      "geometry": {
        "type": "Point",
        "coordinates": [
          78.3919007,
          17.4957945
        ]
      },
      "id": "node/11736385865"
    },
    {
      "type": "Feature",
      "properties": {
        "@id": "node/11736385867",
        "check_date": "2026-04-08",
        "internet_access": "wlan",
        "internet_access:fee": "customers",
        "name": "Jntu Spandana Block",
        "office": "educational_institution",
        "payment:cards": "no",
        "payment:cash": "yes",
        "payment:credit_cards": "no",
        "payment:debit_cards": "no",
        "wheelchair": "yes",
        "lat": 17.4945706,
        "lon": 78.3920456,
        "workforce_capacity": null
      },
      "geometry": {
        "type": "Point",
        "coordinates": [
          78.3920456,
          17.4945706
        ]
      },
      "id": "node/11736385867"
    },
    {
      "type": "Feature",
      "properties": {
        "@id": "node/11736399513",
        "check_date": "2026-04-08",
        "name": "JNTU DEPARTMENT EEE BLOCK",
        "office": "educational_institution",
        "lat": 17.4950285,
        "lon": 78.3911099,
        "workforce_capacity": null
      },
      "geometry": {
        "type": "Point",
        "coordinates": [
          78.3911099,
          17.4950285
        ]
      },
      "id": "node/11736399513"
    },
    {
      "type": "Feature",
      "properties": {
        "@id": "node/11736399514",
        "check_date": "2024-03-16",
        "internet_access": "wlan",
        "internet_access:fee": "no",
        "name": "JNTU CIVIL DEPARTMENT BLOCK",
        "office": "educational_institution",
        "payment:cards": "no",
        "payment:cash": "yes",
        "payment:credit_cards": "no",
        "payment:debit_cards": "no",
        "wheelchair": "yes",
        "lat": 17.4951545,
        "lon": 78.3904337,
        "workforce_capacity": null
      },
      "geometry": {
        "type": "Point",
        "coordinates": [
          78.3904337,
          17.4951545
        ]
      },
      "id": "node/11736399514"
    },
    {
      "type": "Feature",
      "properties": {
        "@id": "node/11736399516",
        "check_date": "2026-04-08",
        "internet_access": "wlan",
        "internet_access:fee": "no",
        "name": "JNTU IST BUILDING",
        "office": "educational_institution",
        "lat": 17.4953165,
        "lon": 78.3928873,
        "workforce_capacity": null
      },
      "geometry": {
        "type": "Point",
        "coordinates": [
          78.3928873,
          17.4953165
        ]
      },
      "id": "node/11736399516"
    },
    {
      "type": "Feature",
      "properties": {
        "@id": "node/11736399718",
        "addr:city": "Hyderabad",
        "addr:district": "Hyderabad",
        "addr:housenumber": "514",
        "addr:postcode": "500072",
        "addr:street": "manjeera trnity",
        "check_date": "2024-03-16",
        "description": "Build your online business with the top ecommerce website builder trusted by hundreds. Whether you need a food delivery website, SaaS ecommerce platform, or scalable ecommerce shop, we offer custom ecommerce development services tailored to your goals. Pr",
        "name": "Manjeera trinity corporate",
        "office": "company",
        "opening_hours": "Mo-Su 09:00-21:00",
        "operator": "mcartify",
        "payment:mastercard": "yes",
        "phone": "9390683154",
        "lat": 17.489259,
        "lon": 78.3926692,
        "workforce_capacity": null
      },
      "geometry": {
        "type": "Point",
        "coordinates": [
          78.3926692,
          17.489259
        ]
      },
      "id": "node/11736399718"
    },
    {
      "type": "Feature",
      "properties": {
        "@id": "node/11736399722",
        "addr:housename": "JNTU CAMPUS",
        "addr:street": "JNTU Road",
        "check_date": "2024-03-16",
        "internet_access": "wlan",
        "internet_access:fee": "no",
        "name": "CSE block",
        "office": "educational_institution",
        "wheelchair": "yes",
        "lat": 17.4931679,
        "lon": 78.3923882,
        "workforce_capacity": null
      },
      "geometry": {
        "type": "Point",
        "coordinates": [
          78.3923882,
          17.4931679
        ]
      },
      "id": "node/11736399722"
    },
    {
      "type": "Feature",
      "properties": {
        "@id": "node/11736399723",
        "check_date": "2024-03-16",
        "name": "ECE block",
        "office": "educational_institution",
        "lat": 17.4935628,
        "lon": 78.3925762,
        "workforce_capacity": null
      },
      "geometry": {
        "type": "Point",
        "coordinates": [
          78.3925762,
          17.4935628
        ]
      },
      "id": "node/11736399723"
    },
    {
      "type": "Feature",
      "properties": {
        "@id": "node/11736399724",
        "check_date": "2024-03-16",
        "name": "J I hub",
        "office": "educational_institution",
        "lat": 17.4933427,
        "lon": 78.3932063,
        "workforce_capacity": null
      },
      "geometry": {
        "type": "Point",
        "coordinates": [
          78.3932063,
          17.4933427
        ]
      },
      "id": "node/11736399724"
    },
    {
      "type": "Feature",
      "properties": {
        "@id": "node/11736399726",
        "check_date": "2024-03-16",
        "name": "BBA block",
        "office": "educational_institution",
        "lat": 17.496021,
        "lon": 78.3935469,
        "workforce_capacity": null
      },
      "geometry": {
        "type": "Point",
        "coordinates": [
          78.3935469,
          17.496021
        ]
      },
      "id": "node/11736399726"
    },
    {
      "type": "Feature",
      "properties": {
        "@id": "node/11736399727",
        "check_date": "2024-03-16",
        "name": "JNTUH administrative block",
        "office": "educational_institution",
        "lat": 17.4965757,
        "lon": 78.3924755,
        "workforce_capacity": null
      },
      "geometry": {
        "type": "Point",
        "coordinates": [
          78.3924755,
          17.4965757
        ]
      },
      "id": "node/11736399727"
    },
    {
      "type": "Feature",
      "properties": {
        "@id": "node/11736399728",
        "check_date": "2026-04-08",
        "name": "JNTUH Examination",
        "office": "educational_institution",
        "lat": 17.4959177,
        "lon": 78.3922315,
        "workforce_capacity": null
      },
      "geometry": {
        "type": "Point",
        "coordinates": [
          78.3922315,
          17.4959177
        ]
      },
      "id": "node/11736399728"
    },
    {
      "type": "Feature",
      "properties": {
        "@id": "node/11736399729",
        "check_date": "2026-04-08",
        "name": "Chemical engineering block",
        "office": "educational_institution",
        "lat": 17.4957335,
        "lon": 78.3920553,
        "workforce_capacity": null
      },
      "geometry": {
        "type": "Point",
        "coordinates": [
          78.3920553,
          17.4957335
        ]
      },
      "id": "node/11736399729"
    },
    {
      "type": "Feature",
      "properties": {
        "@id": "node/11736402181",
        "check_date": "2024-03-16",
        "name": "K. Hari Babu",
        "office": "lawyer",
        "phone": "+91 99481 08151",
        "lat": 17.4954494,
        "lon": 78.3955704,
        "workforce_capacity": null
      },
      "geometry": {
        "type": "Point",
        "coordinates": [
          78.3955704,
          17.4954494
        ]
      },
      "id": "node/11736402181"
    },
    {
      "type": "Feature",
      "properties": {
        "@id": "node/11736410871",
        "check_date": "2024-03-16",
        "name": "Crc",
        "office": "educational_institution",
        "lat": 17.4931196,
        "lon": 78.3912723,
        "workforce_capacity": null
      },
      "geometry": {
        "type": "Point",
        "coordinates": [
          78.3912723,
          17.4931196
        ]
      },
      "id": "node/11736410871"
    },
    {
      "type": "Feature",
      "properties": {
        "@id": "node/11736410876",
        "check_date": "2024-03-16",
        "internet_access": "no",
        "name": "Ece Dept",
        "office": "educational_institution",
        "payment:cards": "no",
        "payment:cash": "yes",
        "payment:credit_cards": "no",
        "payment:debit_cards": "no",
        "wheelchair": "yes",
        "lat": 17.4936834,
        "lon": 78.3924405,
        "workforce_capacity": null
      },
      "geometry": {
        "type": "Point",
        "coordinates": [
          78.3924405,
          17.4936834
        ]
      },
      "id": "node/11736410876"
    },
    {
      "type": "Feature",
      "properties": {
        "@id": "node/11736410877",
        "air_conditioning": "yes",
        "building:levels": "4",
        "check_date": "2024-03-16",
        "internet_access": "no",
        "name": "Administration Block",
        "office": "educational_institution",
        "payment:cash": "yes",
        "payment:credit_cards": "yes",
        "payment:debit_cards": "yes",
        "wheelchair": "yes",
        "lat": 17.4965261,
        "lon": 78.3923325,
        "workforce_capacity": null
      },
      "geometry": {
        "type": "Point",
        "coordinates": [
          78.3923325,
          17.4965261
        ]
      },
      "id": "node/11736410877"
    },
    {
      "type": "Feature",
      "properties": {
        "@id": "node/11747869743",
        "check_date": "2026-04-08",
        "internet_access": "wlan",
        "internet_access:fee": "no",
        "name": "SIT Campus",
        "office": "educational_institution",
        "lat": 17.4952666,
        "lon": 78.3928855,
        "workforce_capacity": null
      },
      "geometry": {
        "type": "Point",
        "coordinates": [
          78.3928855,
          17.4952666
        ]
      },
      "id": "node/11747869743"
    },
    {
      "type": "Feature",
      "properties": {
        "@id": "node/11747869744",
        "check_date": "2026-04-08",
        "description": "Mapping around eee block",
        "email": "g03160251@gmail.com",
        "internet_access": "wlan",
        "internet_access:fee": "customers",
        "name": "EEE block",
        "name:en": "EEE block",
        "name:hi": "EEE block",
        "name:mr": "EEE block",
        "office": "yes",
        "opening_hours": "Mo-Sa 09:30-17:00",
        "operator": "Srikanth",
        "payment:cards": "no",
        "payment:cash": "yes",
        "payment:credit_cards": "no",
        "payment:debit_cards": "no",
        "wheelchair": "yes",
        "lat": 17.4950098,
        "lon": 78.391273,
        "workforce_capacity": null
      },
      "geometry": {
        "type": "Point",
        "coordinates": [
          78.391273,
          17.4950098
        ]
      },
      "id": "node/11747869744"
    },
    {
      "type": "Feature",
      "properties": {
        "@id": "node/11747869745",
        "check_date": "2024-03-16",
        "name": "JNTU Civil Eng Block",
        "office": "educational_institution",
        "lat": 17.4948555,
        "lon": 78.3904566,
        "workforce_capacity": null
      },
      "geometry": {
        "type": "Point",
        "coordinates": [
          78.3904566,
          17.4948555
        ]
      },
      "id": "node/11747869745"
    },
    {
      "type": "Feature",
      "properties": {
        "@id": "node/11747869746",
        "check_date": "2024-03-16",
        "name": "Department Of Metallurgical Engineering",
        "office": "educational_institution",
        "lat": 17.4952111,
        "lon": 78.3905271,
        "workforce_capacity": null
      },
      "geometry": {
        "type": "Point",
        "coordinates": [
          78.3905271,
          17.4952111
        ]
      },
      "id": "node/11747869746"
    },
    {
      "type": "Feature",
      "properties": {
        "@id": "node/11770988855",
        "check_date": "2024-03-29",
        "name": "Regional Passport Office",
        "office": "government",
        "lat": 17.4392991,
        "lon": 78.498283,
        "workforce_capacity": null
      },
      "geometry": {
        "type": "Point",
        "coordinates": [
          78.498283,
          17.4392991
        ]
      },
      "id": "node/11770988855"
    },
    {
      "type": "Feature",
      "properties": {
        "@id": "node/11786750100",
        "name": "Ilabs Building",
        "office": "yes",
        "lat": 17.4322309,
        "lon": 78.3875648,
        "workforce_capacity": null
      },
      "geometry": {
        "type": "Point",
        "coordinates": [
          78.3875648,
          17.4322309
        ]
      },
      "id": "node/11786750100"
    },
    {
      "type": "Feature",
      "properties": {
        "@id": "node/11993252069",
        "addr:street": "Saroor Nagar Mini Tank Bund Road",
        "name": "iON Digital Zone, iDZ L.B.Nagar",
        "office": "company",
        "lat": 17.3443332,
        "lon": 78.549101,
        "workforce_capacity": null
      },
      "geometry": {
        "type": "Point",
        "coordinates": [
          78.549101,
          17.3443332
        ]
      },
      "id": "node/11993252069"
    },
    {
      "type": "Feature",
      "properties": {
        "@id": "node/11993260572",
        "addr:housenumber": "32/A",
        "addr:street": "Bairamalguda Main Road",
        "name": "iON Digital Zone, iDZ Karmanghat",
        "office": "company",
        "lat": 17.3439132,
        "lon": 78.5366913,
        "workforce_capacity": null
      },
      "geometry": {
        "type": "Point",
        "coordinates": [
          78.5366913,
          17.3439132
        ]
      },
      "id": "node/11993260572"
    },
    {
      "type": "Feature",
      "properties": {
        "@id": "node/11993260573",
        "addr:housenumber": "1-5-909/1",
        "addr:street": "Father Balaiah Nagar",
        "name": "iON Digital Zone, Old Alwal",
        "office": "company",
        "lat": 17.5068152,
        "lon": 78.4976776,
        "workforce_capacity": null
      },
      "geometry": {
        "type": "Point",
        "coordinates": [
          78.4976776,
          17.5068152
        ]
      },
      "id": "node/11993260573"
    },
    {
      "type": "Feature",
      "properties": {
        "@id": "node/12073102254",
        "addr:city": "Hyderabad",
        "addr:district": "Telangana",
        "addr:housenumber": "Himalaya D-4",
        "addr:postcode": "500032",
        "addr:street": "Research Street",
        "name": "Lab of Spatial Informatics (LSI)",
        "office": "educational_institution",
        "opening_hours": "24/7",
        "website": "https://lsi.iiit.ac.in/",
        "lat": 17.4458385,
        "lon": 78.3489129,
        "workforce_capacity": null
      },
      "geometry": {
        "type": "Point",
        "coordinates": [
          78.3489129,
          17.4458385
        ]
      },
      "id": "node/12073102254"
    },
    {
      "type": "Feature",
      "properties": {
        "@id": "node/12162777066",
        "contact:email": "tgapwu@gmail.com",
        "name": "Telangana four wheeler driver's association and Telangana gig and platform workers union",
        "office": "association",
        "phone": "+919642424799",
        "lat": 17.3926922,
        "lon": 78.5190346,
        "workforce_capacity": null
      },
      "geometry": {
        "type": "Point",
        "coordinates": [
          78.5190346,
          17.3926922
        ]
      },
      "id": "node/12162777066"
    },
    {
      "type": "Feature",
      "properties": {
        "@id": "node/12171344880",
        "addr:country": "IN",
        "addr:housename": "Taj Deccan Hotel",
        "addr:postcode": "500 034",
        "addr:street": "Road Number 1",
        "addr:unit": "2nd Floor",
        "consulate": "consulate_general",
        "contact:website": "https://www.gov.uk/world/organisations/british-deputy-high-commission-hyderabad",
        "country": "GB",
        "diplomatic": "consulate",
        "emergency:phone": "+91 40 6666 9147",
        "name": "British Deputy High Commission",
        "name:en": "British Deputy High Commission",
        "name:hi": "ब्रिटिश उप उच्चायोग हैदराबाद",
        "name:tr": "Birleşik Krallık Yüksek Kurulu Vekilliği",
        "nohousenumber": "yes",
        "office": "diplomatic",
        "opening_hours": "Mo-Th 08:30-16:30; Fr 08:30-13:30; PH off",
        "target": "IN",
        "wikidata": "Q59290204",
        "lat": 17.4180939,
        "lon": 78.4509391,
        "workforce_capacity": null
      },
      "geometry": {
        "type": "Point",
        "coordinates": [
          78.4509391,
          17.4180939
        ]
      },
      "id": "node/12171344880"
    },
    {
      "type": "Feature",
      "properties": {
        "@id": "node/12385809957",
        "addr:city": "Hyderabad",
        "addr:country": "IN",
        "addr:district": "Hyderabad",
        "addr:floor": "3",
        "addr:housenumber": "Awfis",
        "addr:postcode": "500082",
        "addr:street": "Oyster Complex",
        "contact:email": "dev@sharkify.ai",
        "contact:phone": "8712228651",
        "contact:website": "https://sharkify.in",
        "description": "Sharkify Insurance, a broker for Care Insurance, delivers personalized insurance solutions, ensuring secure and affordable coverage for individuals and businesses with a customer-first approach.",
        "name": "Sharkify Insurance",
        "office": "insurance",
        "opening_hours": "Mo-Sa 09:00-20:00",
        "start_date": "2023",
        "lat": 17.4293852,
        "lon": 78.4560056,
        "workforce_capacity": null
      },
      "geometry": {
        "type": "Point",
        "coordinates": [
          78.4560056,
          17.4293852
        ]
      },
      "id": "node/12385809957"
    },
    {
      "type": "Feature",
      "properties": {
        "@id": "node/12596325985",
        "name": "fiitjee miyapur",
        "office": "educational_institution",
        "lat": 17.4936791,
        "lon": 78.3485959,
        "workforce_capacity": null
      },
      "geometry": {
        "type": "Point",
        "coordinates": [
          78.3485959,
          17.4936791
        ]
      },
      "id": "node/12596325985"
    },
    {
      "type": "Feature",
      "properties": {
        "@id": "node/12596611501",
        "addr:housenumber": "H.No.2-2-18/2/A",
        "addr:postcode": "500007",
        "addr:street": "Lane B",
        "email": "anveshirc@gmail.com",
        "name": "Anveshi Research Centre for Women's Studies",
        "office": "ngo",
        "opening_hours": "Tu-Su 09:00-18:00",
        "phone": "040 27157431",
        "website": "https://www.anveshi.org.in/",
        "lat": 17.403787,
        "lon": 78.5186634,
        "workforce_capacity": null
      },
      "geometry": {
        "type": "Point",
        "coordinates": [
          78.5186634,
          17.403787
        ]
      },
      "id": "node/12596611501"
    },
    {
      "type": "Feature",
      "properties": {
        "@id": "node/12695878024",
        "addr:city": "Hyderabad",
        "addr:district": "Hyderabad",
        "addr:housenumber": "3-195/5, H.No: 8",
        "addr:postcode": "500038",
        "addr:street": "Vengal Rao Nagar Road",
        "description": "One of the Best Schools In Hyderabad",
        "name": "Nalanda Educational Institutions",
        "office": "educational_institution",
        "phone": "04023813997",
        "website": "https://www.onlenalanda.com/",
        "lat": 17.4428816,
        "lon": 78.4367402,
        "workforce_capacity": null
      },
      "geometry": {
        "type": "Point",
        "coordinates": [
          78.4367402,
          17.4428816
        ]
      },
      "id": "node/12695878024"
    },
    {
      "type": "Feature",
      "properties": {
        "@id": "node/12696032007",
        "addr:city": "Hyderabad",
        "addr:district": "Hyderabad",
        "addr:housenumber": "No. 4 , 2nd floor, Shiva Apartment,",
        "addr:postcode": "500016",
        "addr:street": "SAP St Ameerpet",
        "name": "Suresh IT Academy",
        "office": "educational_institution",
        "phone": "+91 9000027824",
        "website": "https://sureshitacademy.com/",
        "lat": 17.4372344,
        "lon": 78.4449812,
        "workforce_capacity": null
      },
      "geometry": {
        "type": "Point",
        "coordinates": [
          78.4449812,
          17.4372344
        ]
      },
      "id": "node/12696032007"
    },
    {
      "type": "Feature",
      "properties": {
        "@id": "node/12761777005",
        "addr:city": "Mehdipatnam, Hyderabad",
        "addr:district": "Hyderabad",
        "addr:housenumber": "10-3-2/A",
        "addr:postcode": "500028",
        "addr:street": "Asifnagar Road",
        "name": "VIP's International School",
        "office": "educational_institution",
        "opening_hours": "Mo-Su 09:00-21:00",
        "phone": "+919246493131",
        "website": "https://vipinternationalschool.com/",
        "lat": 17.3937684,
        "lon": 78.4441177,
        "workforce_capacity": null
      },
      "geometry": {
        "type": "Point",
        "coordinates": [
          78.4441177,
          17.3937684
        ]
      },
      "id": "node/12761777005"
    },
    {
      "type": "Feature",
      "properties": {
        "@id": "node/12848215562",
        "name": "intouch ops",
        "office": "company",
        "lat": 17.4022507,
        "lon": 78.5459107,
        "workforce_capacity": null
      },
      "geometry": {
        "type": "Point",
        "coordinates": [
          78.5459107,
          17.4022507
        ]
      },
      "id": "node/12848215562"
    },
    {
      "type": "Feature",
      "properties": {
        "@id": "node/12848231739",
        "name": "Cyient corporate office",
        "office": "company",
        "lat": 17.4023866,
        "lon": 78.5458769,
        "workforce_capacity": null
      },
      "geometry": {
        "type": "Point",
        "coordinates": [
          78.5458769,
          17.4023866
        ]
      },
      "id": "node/12848231739"
    },
    {
      "type": "Feature",
      "properties": {
        "@id": "node/12848239604",
        "name": "24/7 corporate office",
        "office": "company",
        "lat": 17.402308,
        "lon": 78.5460188,
        "workforce_capacity": null
      },
      "geometry": {
        "type": "Point",
        "coordinates": [
          78.5460188,
          17.402308
        ]
      },
      "id": "node/12848239604"
    },
    {
      "type": "Feature",
      "properties": {
        "@id": "node/12848296874",
        "name": "accenture",
        "office": "company",
        "lat": 17.4178866,
        "lon": 78.3463211,
        "workforce_capacity": null
      },
      "geometry": {
        "type": "Point",
        "coordinates": [
          78.3463211,
          17.4178866
        ]
      },
      "id": "node/12848296874"
    },
    {
      "type": "Feature",
      "properties": {
        "@id": "node/12848301524",
        "name": "Accenture",
        "office": "company",
        "lat": 17.4184187,
        "lon": 78.3478202,
        "workforce_capacity": null
      },
      "geometry": {
        "type": "Point",
        "coordinates": [
          78.3478202,
          17.4184187
        ]
      },
      "id": "node/12848301524"
    },
    {
      "type": "Feature",
      "properties": {
        "@id": "node/12848304977",
        "name": "Uber",
        "office": "company",
        "lat": 17.417449,
        "lon": 78.3462912,
        "workforce_capacity": null
      },
      "geometry": {
        "type": "Point",
        "coordinates": [
          78.3462912,
          17.417449
        ]
      },
      "id": "node/12848304977"
    },
    {
      "type": "Feature",
      "properties": {
        "@id": "node/12852053076",
        "name": "Amazon Developement center",
        "office": "company",
        "lat": 17.4202017,
        "lon": 78.3456934,
        "workforce_capacity": null
      },
      "geometry": {
        "type": "Point",
        "coordinates": [
          78.3456934,
          17.4202017
        ]
      },
      "id": "node/12852053076"
    },
    {
      "type": "Feature",
      "properties": {
        "@id": "node/12852236433",
        "name": "Ave Maria International School",
        "office": "educational_institution",
        "lat": 17.4000145,
        "lon": 78.5439561,
        "workforce_capacity": null
      },
      "geometry": {
        "type": "Point",
        "coordinates": [
          78.5439561,
          17.4000145
        ]
      },
      "id": "node/12852236433"
    },
    {
      "type": "Feature",
      "properties": {
        "@id": "node/12854573912",
        "government": "tax",
        "name": "Mandal Revenue office",
        "office": "government",
        "lat": 17.3870148,
        "lon": 78.516635,
        "workforce_capacity": null
      },
      "geometry": {
        "type": "Point",
        "coordinates": [
          78.516635,
          17.3870148
        ]
      },
      "id": "node/12854573912"
    },
    {
      "type": "Feature",
      "properties": {
        "@id": "node/12896161101",
        "addr:housenumber": "Skyview 10",
        "addr:postcode": "500081",
        "addr:street": "Hi Tech City Main Road",
        "internet_access": "wlan",
        "name": "Facebook India",
        "office": "company",
        "opening_hours": "Mo-Fr 09:00-18:00",
        "website": "http://www.meta.com/help",
        "lat": 17.4324633,
        "lon": 78.3754773,
        "workforce_capacity": null
      },
      "geometry": {
        "type": "Point",
        "coordinates": [
          78.3754773,
          17.4324633
        ]
      },
      "id": "node/12896161101"
    },
    {
      "type": "Feature",
      "properties": {
        "@id": "node/12972336035",
        "addr:city": "Hyderabad, Telangana",
        "addr:housenumber": "2a115",
        "addr:postcode": "500084",
        "addr:street": "Hitec City - Kondapur Main Road",
        "name": "Vindago Innovations",
        "office": "company",
        "website": "https://www.vindago.in/",
        "lat": 17.4580709,
        "lon": 78.3683872,
        "workforce_capacity": null
      },
      "geometry": {
        "type": "Point",
        "coordinates": [
          78.3683872,
          17.4580709
        ]
      },
      "id": "node/12972336035"
    },
    {
      "type": "Feature",
      "properties": {
        "@id": "node/13021184118",
        "name": "Accenture Services Private Limited",
        "office": "it",
        "lat": 17.4190919,
        "lon": 78.3482425,
        "workforce_capacity": null
      },
      "geometry": {
        "type": "Point",
        "coordinates": [
          78.3482425,
          17.4190919
        ]
      },
      "id": "node/13021184118"
    },
    {
      "type": "Feature",
      "properties": {
        "@id": "node/13078068652",
        "addr:city": "Hyderabad",
        "addr:district": "Hyderabad",
        "addr:housenumber": "1st Floor, TOWER-1, Phoenix Equinox, adjacent to IKEA",
        "addr:postcode": "500032",
        "addr:street": "Gachibowli",
        "name": "Paltech",
        "office": "company",
        "opening_hours": "Mo-Fr 09:00-17:00",
        "lat": 17.4364734,
        "lon": 78.3735921,
        "workforce_capacity": null
      },
      "geometry": {
        "type": "Point",
        "coordinates": [
          78.3735921,
          17.4364734
        ]
      },
      "id": "node/13078068652"
    },
    {
      "type": "Feature",
      "properties": {
        "@id": "node/13169287113",
        "addr:city": "Hyderabad",
        "addr:district": "Hyderabad",
        "addr:housenumber": "Nilgiri Block, ADITYA ENCLAVE, 602, Kumar Basti, Ameerpet, Hyderabad, Telangana 500016",
        "addr:postcode": "500016",
        "addr:street": "Satyam Theatre road",
        "name": "Skill Kshetra",
        "office": "educational_institution",
        "opening_hours": "24/7",
        "phone": "8309337961",
        "website": "https://skillkshetra.in/",
        "lat": 17.4366762,
        "lon": 78.4446863,
        "workforce_capacity": null
      },
      "geometry": {
        "type": "Point",
        "coordinates": [
          78.4446863,
          17.4366762
        ]
      },
      "id": "node/13169287113"
    },
    {
      "type": "Feature",
      "properties": {
        "@id": "node/13208170222",
        "check_date": "2025-10-11",
        "name": "Supergas",
        "office": "energy_supplier",
        "lat": 17.4600882,
        "lon": 78.4325338,
        "workforce_capacity": null
      },
      "geometry": {
        "type": "Point",
        "coordinates": [
          78.4325338,
          17.4600882
        ]
      },
      "id": "node/13208170222"
    },
    {
      "type": "Feature",
      "properties": {
        "@id": "node/13208170223",
        "brand": "Muthoot Finance",
        "brand:wikidata": "Q6943861",
        "check_date": "2025-10-11",
        "name": "Muthoot Finance",
        "office": "financial",
        "lat": 17.4583051,
        "lon": 78.4326186,
        "workforce_capacity": null
      },
      "geometry": {
        "type": "Point",
        "coordinates": [
          78.4326186,
          17.4583051
        ]
      },
      "id": "node/13208170223"
    },
    {
      "type": "Feature",
      "properties": {
        "@id": "node/13227657218",
        "check_date": "2025-10-11",
        "name": "Telangana Remote Sensing And Application Center",
        "office": "government",
        "lat": 17.4079663,
        "lon": 78.4600206,
        "workforce_capacity": null
      },
      "geometry": {
        "type": "Point",
        "coordinates": [
          78.4600206,
          17.4079663
        ]
      },
      "id": "node/13227657218"
    },
    {
      "type": "Feature",
      "properties": {
        "@id": "node/13273737319",
        "name": "Politikos",
        "office": "newspaper",
        "lat": 17.426637,
        "lon": 78.4327989,
        "workforce_capacity": null
      },
      "geometry": {
        "type": "Point",
        "coordinates": [
          78.4327989,
          17.426637
        ]
      },
      "id": "node/13273737319"
    },
    {
      "type": "Feature",
      "properties": {
        "@id": "node/13415039501",
        "addr:street": "Padma Rao Nagar Road",
        "name": "MeeSeva Musheerabad",
        "office": "government",
        "opening_hours": "Mo-Su 09:00-19:00",
        "lat": 17.4208565,
        "lon": 78.5018763,
        "workforce_capacity": null
      },
      "geometry": {
        "type": "Point",
        "coordinates": [
          78.5018763,
          17.4208565
        ]
      },
      "id": "node/13415039501"
    },
    {
      "type": "Feature",
      "properties": {
        "@id": "node/13436938786",
        "name": "A.V College of Arts Science, Commerence",
        "office": "educational_institution",
        "lat": 17.4088379,
        "lon": 78.4798419,
        "workforce_capacity": null
      },
      "geometry": {
        "type": "Point",
        "coordinates": [
          78.4798419,
          17.4088379
        ]
      },
      "id": "node/13436938786"
    },
    {
      "type": "Feature",
      "properties": {
        "@id": "node/13436947500",
        "name": "Surabhi Vidya Layam High School",
        "office": "educational_institution",
        "lat": 17.5108402,
        "lon": 78.4208861,
        "workforce_capacity": null
      },
      "geometry": {
        "type": "Point",
        "coordinates": [
          78.4208861,
          17.5108402
        ]
      },
      "id": "node/13436947500"
    },
    {
      "type": "Feature",
      "properties": {
        "@id": "node/13436947536",
        "addr:city": "Hyderabad",
        "addr:district": "Rangareddy",
        "addr:postcode": "500091",
        "brand": "Muthoot Finance",
        "brand:wikidata": "Q6943861",
        "name": "Muthoot Finance",
        "office": "financial",
        "lat": 17.365019,
        "lon": 78.3956317,
        "workforce_capacity": null
      },
      "geometry": {
        "type": "Point",
        "coordinates": [
          78.3956317,
          17.365019
        ]
      },
      "id": "node/13436947536"
    },
    {
      "type": "Feature",
      "properties": {
        "@id": "node/13436972404",
        "name": "Bapuji High School",
        "office": "educational_institution",
        "lat": 17.5117495,
        "lon": 78.4208338,
        "workforce_capacity": null
      },
      "geometry": {
        "type": "Point",
        "coordinates": [
          78.4208338,
          17.5117495
        ]
      },
      "id": "node/13436972404"
    },
    {
      "type": "Feature",
      "properties": {
        "@id": "node/13436972413",
        "name": "Chaitanya Vidya Niketan High School",
        "office": "educational_institution",
        "lat": 17.511414,
        "lon": 78.422974,
        "workforce_capacity": null
      },
      "geometry": {
        "type": "Point",
        "coordinates": [
          78.422974,
          17.511414
        ]
      },
      "id": "node/13436972413"
    },
    {
      "type": "Feature",
      "properties": {
        "@id": "node/13436972478",
        "name": "sreenidhi Global School",
        "office": "educational_institution",
        "lat": 17.5183959,
        "lon": 78.4278582,
        "workforce_capacity": null
      },
      "geometry": {
        "type": "Point",
        "coordinates": [
          78.4278582,
          17.5183959
        ]
      },
      "id": "node/13436972478"
    },
    {
      "type": "Feature",
      "properties": {
        "@id": "node/13437146138",
        "name": "Chaitanya Vidya Niketan High School",
        "office": "educational_institution",
        "lat": 17.5084323,
        "lon": 78.4297142,
        "workforce_capacity": null
      },
      "geometry": {
        "type": "Point",
        "coordinates": [
          78.4297142,
          17.5084323
        ]
      },
      "id": "node/13437146138"
    },
    {
      "type": "Feature",
      "properties": {
        "@id": "node/13437146139",
        "name": "Nagarjuna High School",
        "office": "educational_institution",
        "lat": 17.5101847,
        "lon": 78.4286538,
        "workforce_capacity": null
      },
      "geometry": {
        "type": "Point",
        "coordinates": [
          78.4286538,
          17.5101847
        ]
      },
      "id": "node/13437146139"
    },
    {
      "type": "Feature",
      "properties": {
        "@id": "node/13437146140",
        "name": "Navodaya High School",
        "office": "educational_institution",
        "lat": 17.5101969,
        "lon": 78.426025,
        "workforce_capacity": null
      },
      "geometry": {
        "type": "Point",
        "coordinates": [
          78.426025,
          17.5101969
        ]
      },
      "id": "node/13437146140"
    },
    {
      "type": "Feature",
      "properties": {
        "@id": "node/13437146142",
        "name": "Deeksha Model School",
        "office": "educational_institution",
        "lat": 17.5088639,
        "lon": 78.4263153,
        "workforce_capacity": null
      },
      "geometry": {
        "type": "Point",
        "coordinates": [
          78.4263153,
          17.5088639
        ]
      },
      "id": "node/13437146142"
    },
    {
      "type": "Feature",
      "properties": {
        "@id": "node/13437146148",
        "name": "Sri Sai Vidya niketan High School",
        "office": "educational_institution",
        "lat": 17.509546,
        "lon": 78.4293489,
        "workforce_capacity": null
      },
      "geometry": {
        "type": "Point",
        "coordinates": [
          78.4293489,
          17.509546
        ]
      },
      "id": "node/13437146148"
    },
    {
      "type": "Feature",
      "properties": {
        "@id": "node/13437156175",
        "name": "pallavi school",
        "office": "educational_institution",
        "lat": 17.4847148,
        "lon": 78.4160677,
        "workforce_capacity": null
      },
      "geometry": {
        "type": "Point",
        "coordinates": [
          78.4160677,
          17.4847148
        ]
      },
      "id": "node/13437156175"
    },
    {
      "type": "Feature",
      "properties": {
        "@id": "node/13437156176",
        "name": "genus international school",
        "office": "educational_institution",
        "lat": 17.4845996,
        "lon": 78.4170375,
        "workforce_capacity": null
      },
      "geometry": {
        "type": "Point",
        "coordinates": [
          78.4170375,
          17.4845996
        ]
      },
      "id": "node/13437156176"
    },
    {
      "type": "Feature",
      "properties": {
        "@id": "node/13437156177",
        "name": "sri chatanyana kalshala",
        "office": "educational_institution",
        "lat": 17.4849734,
        "lon": 78.416739,
        "workforce_capacity": null
      },
      "geometry": {
        "type": "Point",
        "coordinates": [
          78.416739,
          17.4849734
        ]
      },
      "id": "node/13437156177"
    },
    {
      "type": "Feature",
      "properties": {
        "@id": "node/13476420501",
        "addr:street": "Financial district",
        "name": "Mass Mutual Building",
        "office": "company",
        "lat": 17.4233379,
        "lon": 78.3454003,
        "workforce_capacity": null
      },
      "geometry": {
        "type": "Point",
        "coordinates": [
          78.3454003,
          17.4233379
        ]
      },
      "id": "node/13476420501"
    },
    {
      "type": "Feature",
      "properties": {
        "@id": "node/13476420601",
        "addr:street": "Nanakramguda road",
        "name": "First Source",
        "office": "company",
        "lat": 17.4235962,
        "lon": 78.344663,
        "workforce_capacity": null
      },
      "geometry": {
        "type": "Point",
        "coordinates": [
          78.344663,
          17.4235962
        ]
      },
      "id": "node/13476420601"
    },
    {
      "type": "Feature",
      "properties": {
        "@id": "node/13531355141",
        "check_date": "2026-02-07",
        "name": "Synopsis",
        "office": "company",
        "lat": 17.4583226,
        "lon": 78.3725248,
        "workforce_capacity": null
      },
      "geometry": {
        "type": "Point",
        "coordinates": [
          78.3725248,
          17.4583226
        ]
      },
      "id": "node/13531355141"
    },
    {
      "type": "Feature",
      "properties": {
        "@id": "node/13531355142",
        "check_date": "2026-02-07",
        "name": "Vatika",
        "office": "company",
        "lat": 17.4584896,
        "lon": 78.3724902,
        "workforce_capacity": null
      },
      "geometry": {
        "type": "Point",
        "coordinates": [
          78.3724902,
          17.4584896
        ]
      },
      "id": "node/13531355142"
    },
    {
      "type": "Feature",
      "properties": {
        "@id": "node/13531355143",
        "check_date": "2026-02-07",
        "name": "Broadridge",
        "office": "company",
        "lat": 17.4581781,
        "lon": 78.3732421,
        "workforce_capacity": null
      },
      "geometry": {
        "type": "Point",
        "coordinates": [
          78.3732421,
          17.4581781
        ]
      },
      "id": "node/13531355143"
    },
    {
      "type": "Feature",
      "properties": {
        "@id": "node/13545320662",
        "addr:city": "Hyderabad",
        "addr:district": "Telangana",
        "addr:postcode": "500032",
        "addr:street": "Old Bombay Road",
        "check_date": "2026-06-30",
        "internet_access": "wlan",
        "level": "2",
        "name": "Centre for Quantum Science & Technology",
        "office": "research",
        "short_name": "CQST",
        "website": "https://cqst.iiit.ac.in/",
        "lat": 17.4455917,
        "lon": 78.349991,
        "workforce_capacity": null
      },
      "geometry": {
        "type": "Point",
        "coordinates": [
          78.349991,
          17.4455917
        ]
      },
      "id": "node/13545320662"
    },
    {
      "type": "Feature",
      "properties": {
        "@id": "node/13611060532",
        "addr:city": "Hyderabad",
        "addr:district": "RangaReddy",
        "addr:housenumber": "Nanakramguda",
        "addr:postcode": "500032",
        "addr:street": "Road No 2",
        "name": "google office",
        "office": "company",
        "lat": 17.4174696,
        "lon": 78.3436014,
        "workforce_capacity": null
      },
      "geometry": {
        "type": "Point",
        "coordinates": [
          78.3436014,
          17.4174696
        ]
      },
      "id": "node/13611060532"
    },
    {
      "type": "Feature",
      "properties": {
        "@id": "node/13614017002",
        "addr:postcode": "500081",
        "addr:street": "Capital Park Road",
        "name": "PrimEra Medical Technologies ( Corporate Office )",
        "office": "company",
        "opening_hours": "24/7",
        "lat": 17.4467376,
        "lon": 78.386358,
        "workforce_capacity": null
      },
      "geometry": {
        "type": "Point",
        "coordinates": [
          78.386358,
          17.4467376
        ]
      },
      "id": "node/13614017002"
    },
    {
      "type": "Feature",
      "properties": {
        "@id": "node/13637905412",
        "name": "Drogo Drones",
        "office": "company",
        "lat": 17.4494268,
        "lon": 78.3920286,
        "workforce_capacity": null
      },
      "geometry": {
        "type": "Point",
        "coordinates": [
          78.3920286,
          17.4494268
        ]
      },
      "id": "node/13637905412"
    },
    {
      "type": "Feature",
      "properties": {
        "@id": "node/13673464694",
        "name": "Briliant Grammer high school",
        "office": "educational_institution",
        "lat": 17.3726928,
        "lon": 78.4697224,
        "workforce_capacity": null
      },
      "geometry": {
        "type": "Point",
        "coordinates": [
          78.4697224,
          17.3726928
        ]
      },
      "id": "node/13673464694"
    },
    {
      "type": "Feature",
      "properties": {
        "@id": "node/13673559625",
        "name": "Bonfire insitute of design",
        "office": "educational_institution",
        "lat": 17.4052511,
        "lon": 78.4765636,
        "workforce_capacity": null
      },
      "geometry": {
        "type": "Point",
        "coordinates": [
          78.4765636,
          17.4052511
        ]
      },
      "id": "node/13673559625"
    },
    {
      "type": "Feature",
      "properties": {
        "@id": "node/13673773631",
        "name": "School",
        "office": "educational_institution",
        "lat": 17.371773,
        "lon": 78.4699488,
        "workforce_capacity": null
      },
      "geometry": {
        "type": "Point",
        "coordinates": [
          78.4699488,
          17.371773
        ]
      },
      "id": "node/13673773631"
    },
    {
      "type": "Feature",
      "properties": {
        "@id": "node/13702819101",
        "addr:postcode": "500081",
        "addr:street": "Huda Techno Enclave road",
        "email": "sales@gowra.in",
        "name": "Gowra Fountainhead",
        "office": "company",
        "opening_hours": "Mo-Sa 09:00-18:00",
        "phone": "073309 99305",
        "website": "https://www.gowraventures.com/",
        "lat": 17.443798,
        "lon": 78.3830878,
        "workforce_capacity": null
      },
      "geometry": {
        "type": "Point",
        "coordinates": [
          78.3830878,
          17.443798
        ]
      },
      "id": "node/13702819101"
    },
    {
      "type": "Feature",
      "properties": {
        "@id": "node/13706969792",
        "name": "ICL Fincorp Secunderabad",
        "office": "financial",
        "lat": 17.4420941,
        "lon": 78.4877661,
        "workforce_capacity": null
      },
      "geometry": {
        "type": "Point",
        "coordinates": [
          78.4877661,
          17.4420941
        ]
      },
      "id": "node/13706969792"
    },
    {
      "type": "Feature",
      "properties": {
        "@id": "node/13715414723",
        "check_date": "2026-04-08",
        "internet_access": "wlan",
        "internet_access:fee": "customers",
        "name": "Educational Institution",
        "office": "educational_institution",
        "payment:cash": "yes",
        "payment:credit_cards": "yes",
        "payment:debit_cards": "yes",
        "wheelchair": "yes",
        "lat": 17.4932817,
        "lon": 78.3923079,
        "workforce_capacity": null
      },
      "geometry": {
        "type": "Point",
        "coordinates": [
          78.3923079,
          17.4932817
        ]
      },
      "id": "node/13715414723"
    },
    {
      "type": "Feature",
      "properties": {
        "@id": "node/13715420618",
        "air_conditioning": "no",
        "building:levels": "5 floor building",
        "check_date": "2026-04-08",
        "description": "Centre for environment department at JNTUH",
        "internet_access": "wlan",
        "internet_access:fee": "no",
        "name": "SIT",
        "office": "educational_institution",
        "opening_hours": "Mo-Sa 10:00-13:00,14:00-17:00; Su off",
        "payment:cards": "no",
        "payment:cash": "yes",
        "payment:credit_cards": "no",
        "payment:debit_cards": "no",
        "smoking": "no",
        "wheelchair": "yes",
        "lat": 17.4953023,
        "lon": 78.3929214,
        "workforce_capacity": null
      },
      "geometry": {
        "type": "Point",
        "coordinates": [
          78.3929214,
          17.4953023
        ]
      },
      "id": "node/13715420618"
    },
    {
      "type": "Feature",
      "properties": {
        "@id": "node/13715435997",
        "check_date": "2026-04-08",
        "name": "Golden Jubilee Building",
        "office": "educational_institution",
        "lat": 17.4935076,
        "lon": 78.3901468,
        "workforce_capacity": null
      },
      "geometry": {
        "type": "Point",
        "coordinates": [
          78.3901468,
          17.4935076
        ]
      },
      "id": "node/13715435997"
    },
    {
      "type": "Feature",
      "properties": {
        "@id": "node/13715437722",
        "check_date": "2026-04-08",
        "name": "Examination branch",
        "office": "educational_institution",
        "opening_hours": "Mo-Fr 10:00-16:00",
        "lat": 17.4946463,
        "lon": 78.3914761,
        "workforce_capacity": null
      },
      "geometry": {
        "type": "Point",
        "coordinates": [
          78.3914761,
          17.4946463
        ]
      },
      "id": "node/13715437722"
    },
    {
      "type": "Feature",
      "properties": {
        "@id": "node/13715437723",
        "check_date": "2026-04-08",
        "name": "Advanced structural engineering lab",
        "office": "educational_institution",
        "lat": 17.4947354,
        "lon": 78.3906556,
        "workforce_capacity": null
      },
      "geometry": {
        "type": "Point",
        "coordinates": [
          78.3906556,
          17.4947354
        ]
      },
      "id": "node/13715437723"
    },
    {
      "type": "Feature",
      "properties": {
        "@id": "node/13715437725",
        "check_date": "2026-04-08",
        "name": "Golden jubilee building",
        "office": "educational_institution",
        "lat": 17.4935323,
        "lon": 78.3901694,
        "workforce_capacity": null
      },
      "geometry": {
        "type": "Point",
        "coordinates": [
          78.3901694,
          17.4935323
        ]
      },
      "id": "node/13715437725"
    },
    {
      "type": "Feature",
      "properties": {
        "@id": "node/13715437726",
        "check_date": "2026-04-08",
        "name": "Golden jubilee building",
        "office": "educational_institution",
        "lat": 17.4935308,
        "lon": 78.3901706,
        "workforce_capacity": null
      },
      "geometry": {
        "type": "Point",
        "coordinates": [
          78.3901706,
          17.4935308
        ]
      },
      "id": "node/13715437726"
    },
    {
      "type": "Feature",
      "properties": {
        "@id": "node/13715437730",
        "check_date": "2026-04-08",
        "name": "TG EAMCET OFFICE",
        "office": "educational_institution",
        "lat": 17.4940487,
        "lon": 78.3933232,
        "workforce_capacity": null
      },
      "geometry": {
        "type": "Point",
        "coordinates": [
          78.3933232,
          17.4940487
        ]
      },
      "id": "node/13715437730"
    },
    {
      "type": "Feature",
      "properties": {
        "@id": "node/13715437731",
        "check_date": "2026-04-08",
        "name": "PG EAPCET office",
        "office": "educational_institution",
        "lat": 17.4940487,
        "lon": 78.3933232,
        "workforce_capacity": null
      },
      "geometry": {
        "type": "Point",
        "coordinates": [
          78.3933232,
          17.4940487
        ]
      },
      "id": "node/13715437731"
    },
    {
      "type": "Feature",
      "properties": {
        "@id": "node/13715448259",
        "addr:housenumber": "main building",
        "addr:postcode": "500085",
        "addr:street": "JNTU",
        "air_conditioning": "no",
        "baby_feeding": "no",
        "building:levels": "1",
        "check_date": "2026-04-08",
        "description": "Mapping around the library",
        "email": "g03160251@gmail.com",
        "height": "60 meters",
        "internet_access": "no",
        "internet_access:fee": "no",
        "internet_access:ssid": "Jntuh Library",
        "mobile": "+91 85209 86073",
        "name": "Library",
        "name:en": "Library",
        "name:hi": "Library",
        "name:mr": "Library",
        "office": "educational_institution",
        "operator": "Srikanth",
        "payment:cash": "yes",
        "payment:credit_cards": "yes",
        "payment:debit_cards": "yes",
        "phone": "+91 85209 86073",
        "smoking": "no",
        "wheelchair": "yes",
        "wikimedia_commons": "www.jntuh.com",
        "lat": 17.4951325,
        "lon": 78.3918895,
        "workforce_capacity": null
      },
      "geometry": {
        "type": "Point",
        "coordinates": [
          78.3918895,
          17.4951325
        ]
      },
      "id": "node/13715448259"
    },
    {
      "type": "Feature",
      "properties": {
        "@id": "node/13715452778",
        "addr:city": "Hyderabad",
        "addr:housenumber": "ist building",
        "check_date": "2026-04-08",
        "name": "Sit building",
        "office": "educational_institution",
        "lat": 17.4953301,
        "lon": 78.3928676,
        "workforce_capacity": null
      },
      "geometry": {
        "type": "Point",
        "coordinates": [
          78.3928676,
          17.4953301
        ]
      },
      "id": "node/13715452778"
    },
    {
      "type": "Feature",
      "properties": {
        "@id": "node/13715452779",
        "check_date": "2026-04-08",
        "name": "Directorate Of University Alumni Affairs",
        "office": "educational_institution",
        "lat": 17.4957269,
        "lon": 78.3928396,
        "workforce_capacity": null
      },
      "geometry": {
        "type": "Point",
        "coordinates": [
          78.3928396,
          17.4957269
        ]
      },
      "id": "node/13715452779"
    },
    {
      "type": "Feature",
      "properties": {
        "@id": "node/13715452780",
        "check_date": "2026-04-08",
        "name": "Academic Section",
        "office": "educational_institution",
        "lat": 17.4954966,
        "lon": 78.3931398,
        "workforce_capacity": null
      },
      "geometry": {
        "type": "Point",
        "coordinates": [
          78.3931398,
          17.4954966
        ]
      },
      "id": "node/13715452780"
    },
    {
      "type": "Feature",
      "properties": {
        "@id": "node/13715452787",
        "check_date": "2026-04-08",
        "name": "Ugc, BBA/MBA DEPARTMENT",
        "office": "educational_institution",
        "lat": 17.495916,
        "lon": 78.3934459,
        "workforce_capacity": null
      },
      "geometry": {
        "type": "Point",
        "coordinates": [
          78.3934459,
          17.495916
        ]
      },
      "id": "node/13715452787"
    },
    {
      "type": "Feature",
      "properties": {
        "@id": "node/13715452788",
        "check_date": "2026-04-08",
        "name": "University Library",
        "office": "educational_institution",
        "lat": 17.4954499,
        "lon": 78.3915837,
        "workforce_capacity": null
      },
      "geometry": {
        "type": "Point",
        "coordinates": [
          78.3915837,
          17.4954499
        ]
      },
      "id": "node/13715452788"
    },
    {
      "type": "Feature",
      "properties": {
        "@id": "node/13715452789",
        "check_date": "2026-04-08",
        "name": "Exam Branch",
        "office": "educational_institution",
        "lat": 17.4959304,
        "lon": 78.3923558,
        "workforce_capacity": null
      },
      "geometry": {
        "type": "Point",
        "coordinates": [
          78.3923558,
          17.4959304
        ]
      },
      "id": "node/13715452789"
    },
    {
      "type": "Feature",
      "properties": {
        "@id": "node/13715452792",
        "check_date": "2026-04-08",
        "name": "Jntu Administration Block",
        "office": "educational_institution",
        "lat": 17.4964163,
        "lon": 78.3924223,
        "workforce_capacity": null
      },
      "geometry": {
        "type": "Point",
        "coordinates": [
          78.3924223,
          17.4964163
        ]
      },
      "id": "node/13715452792"
    },
    {
      "type": "Feature",
      "properties": {
        "@id": "node/13715452793",
        "check_date": "2026-04-08",
        "name": "Metallurgy Department",
        "office": "educational_institution",
        "lat": 17.4957773,
        "lon": 78.3920724,
        "workforce_capacity": null
      },
      "geometry": {
        "type": "Point",
        "coordinates": [
          78.3920724,
          17.4957773
        ]
      },
      "id": "node/13715452793"
    },
    {
      "type": "Feature",
      "properties": {
        "@id": "node/13715452794",
        "check_date": "2026-04-08",
        "name": "Chemical Engineering Departments Jntu",
        "office": "educational_institution",
        "lat": 17.4958751,
        "lon": 78.3917197,
        "workforce_capacity": null
      },
      "geometry": {
        "type": "Point",
        "coordinates": [
          78.3917197,
          17.4958751
        ]
      },
      "id": "node/13715452794"
    },
    {
      "type": "Feature",
      "properties": {
        "@id": "node/13715452795",
        "check_date": "2026-04-08",
        "name": "Eee Department",
        "office": "educational_institution",
        "lat": 17.4950591,
        "lon": 78.3912163,
        "workforce_capacity": null
      },
      "geometry": {
        "type": "Point",
        "coordinates": [
          78.3912163,
          17.4950591
        ]
      },
      "id": "node/13715452795"
    },
    {
      "type": "Feature",
      "properties": {
        "@id": "node/13715452796",
        "check_date": "2026-04-08",
        "name": "Civil Engineering Department",
        "office": "educational_institution",
        "lat": 17.4950776,
        "lon": 78.3905119,
        "workforce_capacity": null
      },
      "geometry": {
        "type": "Point",
        "coordinates": [
          78.3905119,
          17.4950776
        ]
      },
      "id": "node/13715452796"
    },
    {
      "type": "Feature",
      "properties": {
        "@id": "node/13715452797",
        "check_date": "2026-04-08",
        "name": "Mechanical Engineering Departments",
        "office": "educational_institution",
        "lat": 17.4946309,
        "lon": 78.3907979,
        "workforce_capacity": null
      },
      "geometry": {
        "type": "Point",
        "coordinates": [
          78.3907979,
          17.4946309
        ]
      },
      "id": "node/13715452797"
    },
    {
      "type": "Feature",
      "properties": {
        "@id": "node/13715452800",
        "check_date": "2026-04-08",
        "name": "Ece Department",
        "office": "educational_institution",
        "lat": 17.4937961,
        "lon": 78.392617,
        "workforce_capacity": null
      },
      "geometry": {
        "type": "Point",
        "coordinates": [
          78.392617,
          17.4937961
        ]
      },
      "id": "node/13715452800"
    },
    {
      "type": "Feature",
      "properties": {
        "@id": "node/13715457334",
        "check_date": "2026-04-08",
        "name": "Jntuh Civil",
        "office": "educational_institution",
        "lat": 17.4951002,
        "lon": 78.3904508,
        "workforce_capacity": null
      },
      "geometry": {
        "type": "Point",
        "coordinates": [
          78.3904508,
          17.4951002
        ]
      },
      "id": "node/13715457334"
    },
    {
      "type": "Feature",
      "properties": {
        "@id": "node/13715467224",
        "check_date": "2026-04-08",
        "name": "JNTUH institution",
        "office": "educational_institution",
        "lat": 17.4963877,
        "lon": 78.3917099,
        "workforce_capacity": null
      },
      "geometry": {
        "type": "Point",
        "coordinates": [
          78.3917099,
          17.4963877
        ]
      },
      "id": "node/13715467224"
    },
    {
      "type": "Feature",
      "properties": {
        "@id": "node/13715467225",
        "check_date": "2026-04-08",
        "name": "JNTUH Examination Branch",
        "office": "educational_institution",
        "lat": 17.4961184,
        "lon": 78.3920909,
        "workforce_capacity": null
      },
      "geometry": {
        "type": "Point",
        "coordinates": [
          78.3920909,
          17.4961184
        ]
      },
      "id": "node/13715467225"
    },
    {
      "type": "Feature",
      "properties": {
        "@id": "node/13715467227",
        "check_date": "2026-04-08",
        "name": "JNTUH Mett Dept.",
        "office": "educational_institution",
        "lat": 17.4957697,
        "lon": 78.3919659,
        "workforce_capacity": null
      },
      "geometry": {
        "type": "Point",
        "coordinates": [
          78.3919659,
          17.4957697
        ]
      },
      "id": "node/13715467227"
    },
    {
      "type": "Feature",
      "properties": {
        "@id": "node/13715467228",
        "check_date": "2026-04-08",
        "name": "JNTUH Science Block",
        "office": "educational_institution",
        "lat": 17.4947329,
        "lon": 78.3923886,
        "workforce_capacity": null
      },
      "geometry": {
        "type": "Point",
        "coordinates": [
          78.3923886,
          17.4947329
        ]
      },
      "id": "node/13715467228"
    },
    {
      "type": "Feature",
      "properties": {
        "@id": "node/13715467230",
        "check_date": "2026-04-08",
        "name": "JNTUH New Examination Branch",
        "office": "educational_institution",
        "lat": 17.4947419,
        "lon": 78.3918409,
        "workforce_capacity": null
      },
      "geometry": {
        "type": "Point",
        "coordinates": [
          78.3918409,
          17.4947419
        ]
      },
      "id": "node/13715467230"
    },
    {
      "type": "Feature",
      "properties": {
        "@id": "node/13823323010",
        "addr:city": "Hyderabad",
        "addr:district": "Ranga Reddy",
        "addr:housenumber": "CWS One Building",
        "addr:postcode": "500084",
        "addr:street": "Gachibowli - Miyapur Highway",
        "name": "Tax Garden",
        "office": "tax_advisor",
        "opening_hours": "Mo-Su 10:00-22:00",
        "phone": "9849408801",
        "website": "https://taxgarden.in",
        "lat": 17.4643598,
        "lon": 78.3680197,
        "workforce_capacity": null
      },
      "geometry": {
        "type": "Point",
        "coordinates": [
          78.3680197,
          17.4643598
        ]
      },
      "id": "node/13823323010"
    },
    {
      "type": "Feature",
      "properties": {
        "@id": "node/13849668773",
        "addr:city": "Hyderabad",
        "addr:district": "Telangana",
        "addr:postcode": "500032",
        "addr:street": "IIIT Hyderabad",
        "level": "4",
        "name": "Software Engineering Research Centre",
        "office": "research",
        "opening_hours": "24/7",
        "website": "https://serc.iiit.ac.in/",
        "wheelchair": "yes",
        "lat": 17.4457587,
        "lon": 78.3487339,
        "workforce_capacity": null
      },
      "geometry": {
        "type": "Point",
        "coordinates": [
          78.3487339,
          17.4457587
        ]
      },
      "id": "node/13849668773"
    },
    {
      "type": "Feature",
      "properties": {
        "@id": "node/13951297565",
        "addr:city": "Hyderabad",
        "addr:district": "Telangana",
        "addr:housenumber": "Inside IIIT-H Campus",
        "addr:postcode": "500032",
        "addr:street": "Research Street",
        "name": "Precog",
        "office": "research",
        "opening_hours": "24/7",
        "website": "https://precog.iiit.ac.in/",
        "lat": 17.4457517,
        "lon": 78.3488803,
        "workforce_capacity": null
      },
      "geometry": {
        "type": "Point",
        "coordinates": [
          78.3488803,
          17.4457517
        ]
      },
      "id": "node/13951297565"
    },
    {
      "type": "Feature",
      "properties": {
        "@id": "node/13954859457",
        "name": "Queens Plaza",
        "office": "yes",
        "lat": 17.4428266,
        "lon": 78.4757793,
        "workforce_capacity": null
      },
      "geometry": {
        "type": "Point",
        "coordinates": [
          78.4757793,
          17.4428266
        ]
      },
      "id": "node/13954859457"
    },
    {
      "type": "Feature",
      "properties": {
        "@id": "node/13965391452",
        "check_date": "2026-06-25",
        "name": "Trendset Onyx",
        "office": "company",
        "lat": 17.4274208,
        "lon": 78.3292585,
        "workforce_capacity": null
      },
      "geometry": {
        "type": "Point",
        "coordinates": [
          78.3292585,
          17.4274208
        ]
      },
      "id": "node/13965391452"
    },
    {
      "type": "Feature",
      "properties": {
        "@id": "node/14022778141",
        "check_date": "2026-06-25",
        "name": "Microsoft",
        "office": "company",
        "lat": 17.4268642,
        "lon": 78.3406956,
        "workforce_capacity": null
      },
      "geometry": {
        "type": "Point",
        "coordinates": [
          78.3406956,
          17.4268642
        ]
      },
      "id": "node/14022778141"
    },
    {
      "type": "Feature",
      "properties": {
        "@id": "node/14028668980",
        "addr:city": "Hyderabad",
        "addr:district": "Hyderabad",
        "addr:housenumber": "Block-A1",
        "addr:postcode": "500054",
        "addr:street": "Bhoomi Reddy Nagar",
        "mobile": "8120405318",
        "name": "Signal Booster HYD",
        "office": "telecommunication_company",
        "opening_hours": "Mo-Sa 10:00-19:00",
        "website": "https://signalboosterhyd.in/",
        "lat": 17.5001,
        "lon": 78.4591914,
        "workforce_capacity": null
      },
      "geometry": {
        "type": "Point",
        "coordinates": [
          78.4591914,
          17.5001
        ]
      },
      "id": "node/14028668980"
    },
    {
      "type": "Feature",
      "properties": {
        "@id": "node/14065542877",
        "name": "Directorate Of Public Health And FW, Telangana",
        "office": "yes",
        "lat": 17.387374,
        "lon": 78.488498,
        "workforce_capacity": null
      },
      "geometry": {
        "type": "Point",
        "coordinates": [
          78.488498,
          17.387374
        ]
      },
      "id": "node/14065542877"
    },
    {
      "type": "Feature",
      "properties": {
        "@id": "node/14065542878",
        "name": "Office Of The Commisionerate Of Health And Family Welfare, Telangana",
        "office": "yes",
        "lat": 17.388088,
        "lon": 78.4880364,
        "workforce_capacity": null
      },
      "geometry": {
        "type": "Point",
        "coordinates": [
          78.4880364,
          17.388088
        ]
      },
      "id": "node/14065542878"
    },
    {
      "type": "Feature",
      "properties": {
        "@id": "node/14065542880",
        "name": "Directorate Of Medical Education, Telangana",
        "office": "yes",
        "lat": 17.3875214,
        "lon": 78.488668,
        "workforce_capacity": null
      },
      "geometry": {
        "type": "Point",
        "coordinates": [
          78.488668,
          17.3875214
        ]
      },
      "id": "node/14065542880"
    },
    {
      "type": "Feature",
      "properties": {
        "@id": "node/14130010961",
        "addr:city": "Rahwali",
        "addr:district": "Gujranwala",
        "addr:postcode": "52280",
        "name": "DevLogix",
        "office": "it",
        "opening_hours": "Mo-Fr 9:00 AM to 7:00 PM",
        "phone": "+923320005121",
        "website": "https://devlogix.com.pk/",
        "lat": 17.4044987,
        "lon": 78.4647626,
        "workforce_capacity": null
      },
      "geometry": {
        "type": "Point",
        "coordinates": [
          78.4647626,
          17.4044987
        ]
      },
      "id": "node/14130010961"
    }
  ],
  "schema_note": "workforce_capacity is null when the OpenStreetMap feature has no capacity tag; no staffing estimate is inferred."
}
